dataset,example_id,budget,budget_tokens,source_tokens,chunk_count,chunk_token_mean,chunk_token_stdev,chunk_token_cv,chunk_token_min,chunk_token_max,chunk_token_max_min_ratio,chunk_token_gini,baseline,challenger,baseline_supporting_fact_recall,challenger_supporting_fact_recall,delta_supporting_fact_recall,baseline_complete_support_rate,challenger_complete_support_rate,delta_complete_support_rate,baseline_supporting_title_recall,challenger_supporting_title_recall,delta_supporting_title_recall,baseline_answer_token_recall,challenger_answer_token_recall,delta_answer_token_recall,baseline_used_tokens,challenger_used_tokens,baseline_budget_utilization,challenger_budget_utilization,heterogeneity_bucket,length_bucket,joint_bucket
hotpotqa,5a8b57f25542995d1e6f1371,30%,334,1114,7,159.14285714285714,19.179070224958185,0.12051480392702629,121.0,178.0,1.4710743801652892,0.06488843293152091,budget-top-k,knapsack-redundancy,0.7727272727272727,0.7727272727272727,0.0,0.0,0.0,0.0,0.0,0.0,0.0,0.0,0.0,0.0,299.0,299.0,0.8952095808383234,0.8952095808383234,low,low,low_hetero/low_length
hotpotqa,5a8b57f25542995d1e6f1371,40%,445,1114,7,159.14285714285714,19.179070224958185,0.12051480392702629,121.0,178.0,1.4710743801652892,0.06488843293152091,budget-top-k,knapsack-redundancy,0.7727272727272727,0.7727272727272727,0.0,0.0,0.0,0.0,0.0,0.0,0.0,0.0,0.0,0.0,444.0,444.0,0.9977528089887641,0.9977528089887641,low,low,low_hetero/low_length
hotpotqa,5a8b57f25542995d1e6f1371,50%,557,1114,7,159.14285714285714,19.179070224958185,0.12051480392702629,121.0,178.0,1.4710743801652892,0.06488843293152091,budget-top-k,knapsack-redundancy,0.7727272727272727,0.7727272727272727,0.0,0.0,0.0,0.0,0.0,0.0,0.0,0.0,0.0,0.0,473.0,473.0,0.8491921005385996,0.8491921005385996,low,low,low_hetero/low_length
hotpotqa,5a8c7595554299585d9e36b6,30%,366,1221,8,152.625,55.33745905803771,0.3625713943196574,16.0,210.0,13.125,0.17127354627354618,budget-top-k,knapsack-redundancy,0.4841269841269842,0.4841269841269842,0.0,0.0,0.0,0.0,0.0,0.0,0.0,0.0,0.0,0.0,352.0,352.0,0.9617486338797814,0.9617486338797814,high,medium,high_hetero/medium_length
hotpotqa,5a8c7595554299585d9e36b6,40%,488,1221,8,152.625,55.33745905803771,0.3625713943196574,16.0,210.0,13.125,0.17127354627354618,budget-top-k,knapsack-redundancy,0.5026455026455027,0.5026455026455027,0.0,0.0,0.0,0.0,0.0,0.0,0.0,0.0,0.0,0.0,482.0,482.0,0.9877049180327869,0.9877049180327869,high,medium,high_hetero/medium_length
hotpotqa,5a8c7595554299585d9e36b6,50%,610,1221,8,152.625,55.33745905803771,0.3625713943196574,16.0,210.0,13.125,0.17127354627354618,budget-top-k,knapsack-redundancy,0.5634920634920635,0.5634920634920635,0.0,0.0,0.0,0.0,0.0,0.0,0.0,0.0,0.0,0.0,526.0,526.0,0.8622950819672132,0.8622950819672132,high,medium,high_hetero/medium_length
hotpotqa,5a85ea095542994775f606a8,30%,441,1473,9,163.66666666666666,38.032150142273636,0.23237566278374933,102.0,212.0,2.0784313725490198,0.13110055065248538,budget-top-k,knapsack-redundancy,0.6213333333333333,0.6213333333333333,0.0,0.0,0.0,0.0,0.0,0.0,0.0,1.0,1.0,0.0,428.0,428.0,0.9705215419501134,0.9705215419501134,medium,high,medium_hetero/high_length
hotpotqa,5a85ea095542994775f606a8,40%,589,1473,9,163.66666666666666,38.032150142273636,0.23237566278374933,102.0,212.0,2.0784313725490198,0.13110055065248538,budget-top-k,knapsack-redundancy,0.5751111111111111,0.6213333333333333,0.046222222222222165,0.0,0.0,0.0,0.0,0.0,0.0,1.0,1.0,0.0,512.0,530.0,0.8692699490662139,0.8998302207130731,medium,high,medium_hetero/high_length
hotpotqa,5a85ea095542994775f606a8,50%,736,1473,9,163.66666666666666,38.032150142273636,0.23237566278374933,102.0,212.0,2.0784313725490198,0.13110055065248538,budget-top-k,knapsack-redundancy,0.6413333333333333,0.6213333333333333,-0.020000000000000018,0.0,0.0,0.0,0.0,0.0,0.0,1.0,1.0,0.0,636.0,716.0,0.8641304347826086,0.9728260869565217,medium,high,medium_hetero/high_length
hotpotqa,5adbf0a255429947ff17385a,30%,290,968,7,138.28571428571428,34.8618263832449,0.25209998417635776,86.0,188.0,2.186046511627907,0.14285714285714302,budget-top-k,knapsack-redundancy,1.0,1.0,0.0,1.0,1.0,0.0,0.0,0.0,0.0,0.0,0.0,0.0,240.0,240.0,0.8275862068965517,0.8275862068965517,medium,low,medium_hetero/low_length
hotpotqa,5adbf0a255429947ff17385a,40%,387,968,7,138.28571428571428,34.8618263832449,0.25209998417635776,86.0,188.0,2.186046511627907,0.14285714285714302,budget-top-k,knapsack-redundancy,1.0,1.0,0.0,1.0,1.0,0.0,0.0,0.0,0.0,1.0,0.0,-1.0,318.0,368.0,0.8217054263565892,0.9509043927648578,medium,low,medium_hetero/low_length
hotpotqa,5adbf0a255429947ff17385a,50%,484,968,7,138.28571428571428,34.8618263832449,0.25209998417635776,86.0,188.0,2.186046511627907,0.14285714285714302,budget-top-k,knapsack-redundancy,1.0,1.0,0.0,1.0,1.0,0.0,0.0,0.0,0.0,1.0,1.0,0.0,416.0,416.0,0.859504132231405,0.859504132231405,medium,low,medium_hetero/low_length
hotpotqa,5a8e3ea95542995a26add48d,30%,374,1249,9,138.77777777777777,27.97529774552216,0.20158341049615647,103.0,189.0,1.8349514563106797,0.11386887287607861,budget-top-k,knapsack-redundancy,1.0,1.0,0.0,1.0,1.0,0.0,0.5,0.5,0.0,1.0,1.0,0.0,328.0,328.0,0.8770053475935828,0.8770053475935828,low,medium,low_hetero/medium_length
hotpotqa,5a8e3ea95542995a26add48d,40%,499,1249,9,138.77777777777777,27.97529774552216,0.20158341049615647,103.0,189.0,1.8349514563106797,0.11386887287607861,budget-top-k,knapsack-redundancy,1.0,1.0,0.0,1.0,1.0,0.0,0.5,0.5,0.0,1.0,1.0,0.0,393.0,452.0,0.7875751503006012,0.905811623246493,low,medium,low_hetero/medium_length
hotpotqa,5a8e3ea95542995a26add48d,50%,624,1249,9,138.77777777777777,27.97529774552216,0.20158341049615647,103.0,189.0,1.8349514563106797,0.11386887287607861,budget-top-k,knapsack-redundancy,1.0,1.0,0.0,1.0,1.0,0.0,0.5,0.5,0.0,1.0,1.0,0.0,502.0,607.0,0.8044871794871795,0.9727564102564102,low,medium,low_hetero/medium_length
hotpotqa,5abd94525542992ac4f382d2,30%,386,1287,8,160.875,18.448831263795547,0.11467804981380293,135.0,203.0,1.5037037037037038,0.05856643356643354,budget-top-k,knapsack-redundancy,0.9583333333333333,0.9583333333333333,0.0,0.0,0.0,0.0,0.0,0.0,0.0,1.0,1.0,0.0,314.0,314.0,0.8134715025906736,0.8134715025906736,low,medium,low_hetero/medium_length
hotpotqa,5abd94525542992ac4f382d2,40%,514,1287,8,160.875,18.448831263795547,0.11467804981380293,135.0,203.0,1.5037037037037038,0.05856643356643354,budget-top-k,knapsack-redundancy,1.0,1.0,0.0,1.0,1.0,0.0,0.0,0.0,0.0,1.0,1.0,0.0,482.0,482.0,0.9377431906614786,0.9377431906614786,low,medium,low_hetero/medium_length
hotpotqa,5abd94525542992ac4f382d2,50%,643,1287,8,160.875,18.448831263795547,0.11467804981380293,135.0,203.0,1.5037037037037038,0.05856643356643354,budget-top-k,knapsack-redundancy,1.0,1.0,0.0,1.0,1.0,0.0,0.0,0.0,0.0,1.0,1.0,0.0,635.0,635.0,0.9875583203732504,0.9875583203732504,low,medium,low_hetero/medium_length
hotpotqa,5a85b2d95542997b5ce40028,30%,534,1782,13,137.07692307692307,57.46364943089814,0.4192073190806262,25.0,218.0,8.72,0.2340499007165675,budget-top-k,knapsack-redundancy,0.6111111111111112,1.0,0.38888888888888884,0.0,1.0,1.0,0.0,0.5,0.5,1.0,1.0,0.0,499.0,519.0,0.9344569288389513,0.9719101123595506,high,high,high_hetero/high_length
hotpotqa,5a85b2d95542997b5ce40028,40%,712,1782,13,137.07692307692307,57.46364943089814,0.4192073190806262,25.0,218.0,8.72,0.2340499007165675,budget-top-k,knapsack-redundancy,1.0,1.0,0.0,1.0,1.0,0.0,0.5,0.5,0.0,1.0,1.0,0.0,708.0,709.0,0.9943820224719101,0.9957865168539326,high,high,high_hetero/high_length
hotpotqa,5a85b2d95542997b5ce40028,50%,891,1782,13,137.07692307692307,57.46364943089814,0.4192073190806262,25.0,218.0,8.72,0.2340499007165675,budget-top-k,knapsack-redundancy,1.0,1.0,0.0,1.0,1.0,0.0,0.5,0.5,0.0,1.0,1.0,0.0,877.0,877.0,0.9842873176206509,0.9842873176206509,high,high,high_hetero/high_length
hotpotqa,5a87ab905542996e4f3088c1,30%,849,2833,19,149.10526315789474,48.663067955334306,0.3263672047833928,41.0,220.0,5.365853658536586,0.178795028517287,budget-top-k,knapsack-redundancy,0.875,1.0,0.125,0.0,1.0,1.0,0.0,0.5,0.5,0.0,1.0,1.0,839.0,827.0,0.9882214369846879,0.9740871613663133,high,high,high_hetero/high_length
hotpotqa,5a87ab905542996e4f3088c1,40%,1133,2833,19,149.10526315789474,48.663067955334306,0.3263672047833928,41.0,220.0,5.365853658536586,0.178795028517287,budget-top-k,knapsack-redundancy,0.875,1.0,0.125,0.0,1.0,1.0,0.0,0.5,0.5,0.0,1.0,1.0,1099.0,1128.0,0.969991173874669,0.9955869373345102,high,high,high_hetero/high_length
hotpotqa,5a87ab905542996e4f3088c1,50%,1416,2833,19,149.10526315789474,48.663067955334306,0.3263672047833928,41.0,220.0,5.365853658536586,0.178795028517287,budget-top-k,knapsack-redundancy,0.875,1.0,0.125,0.0,1.0,1.0,0.0,0.5,0.5,0.0,1.0,1.0,1406.0,1390.0,0.9929378531073446,0.981638418079096,high,high,high_hetero/high_length
hotpotqa,5a7bbb64554299042af8f7cc,30%,382,1275,8,159.375,27.161266078737935,0.1704236302979635,111.0,213.0,1.9189189189189189,0.09049019607843145,budget-top-k,knapsack-redundancy,1.0,1.0,0.0,1.0,1.0,0.0,0.5,0.5,0.0,1.0,1.0,0.0,377.0,377.0,0.9869109947643979,0.9869109947643979,low,medium,low_hetero/medium_length
hotpotqa,5a7bbb64554299042af8f7cc,40%,510,1275,8,159.375,27.161266078737935,0.1704236302979635,111.0,213.0,1.9189189189189189,0.09049019607843145,budget-top-k,knapsack-redundancy,1.0,0.75,-0.25,1.0,0.0,-1.0,0.5,0.5,0.0,1.0,1.0,0.0,488.0,454.0,0.9568627450980393,0.8901960784313725,low,medium,low_hetero/medium_length
hotpotqa,5a7bbb64554299042af8f7cc,50%,637,1275,8,159.375,27.161266078737935,0.1704236302979635,111.0,213.0,1.9189189189189189,0.09049019607843145,budget-top-k,knapsack-redundancy,1.0,1.0,0.0,1.0,1.0,0.0,0.5,0.5,0.0,1.0,1.0,0.0,628.0,628.0,0.9858712715855573,0.9858712715855573,low,medium,low_hetero/medium_length
hotpotqa,5a8db19d5542994ba4e3dd00,30%,390,1301,8,162.625,41.35800255089697,0.25431515788407055,102.0,216.0,2.1176470588235294,0.1434473481936971,budget-top-k,knapsack-redundancy,0.6666666666666666,0.6666666666666666,0.0,0.0,0.0,0.0,0.0,0.0,0.0,0.0,0.0,0.0,296.0,296.0,0.7589743589743589,0.7589743589743589,medium,medium,medium_hetero/medium_length
hotpotqa,5a8db19d5542994ba4e3dd00,40%,520,1301,8,162.625,41.35800255089697,0.25431515788407055,102.0,216.0,2.1176470588235294,0.1434473481936971,budget-top-k,knapsack-redundancy,1.0,1.0,0.0,1.0,1.0,0.0,0.0,0.0,0.0,0.0,0.0,0.0,497.0,497.0,0.9557692307692308,0.9557692307692308,medium,medium,medium_hetero/medium_length
hotpotqa,5a8db19d5542994ba4e3dd00,50%,650,1301,8,162.625,41.35800255089697,0.25431515788407055,102.0,216.0,2.1176470588235294,0.1434473481936971,budget-top-k,knapsack-redundancy,1.0,1.0,0.0,1.0,1.0,0.0,0.0,0.0,0.0,0.0,0.0,0.0,599.0,599.0,0.9215384615384615,0.9215384615384615,medium,medium,medium_hetero/medium_length
hotpotqa,5a7166395542994082a3e814,30%,482,1607,11,146.0909090909091,31.601077500198528,0.21631104698331288,72.0,179.0,2.486111111111111,0.11393335973298635,budget-top-k,knapsack-redundancy,1.0,0.8333333333333334,-0.16666666666666663,1.0,0.0,-1.0,0.5,0.5,0.0,1.0,0.5,-0.5,385.0,478.0,0.7987551867219918,0.991701244813278,low,high,low_hetero/high_length
hotpotqa,5a7166395542994082a3e814,40%,642,1607,11,146.0909090909091,31.601077500198528,0.21631104698331288,72.0,179.0,2.486111111111111,0.11393335973298635,budget-top-k,knapsack-redundancy,1.0,1.0,0.0,1.0,1.0,0.0,0.5,0.5,0.0,1.0,1.0,0.0,555.0,615.0,0.8644859813084113,0.9579439252336449,low,high,low_hetero/high_length
hotpotqa,5a7166395542994082a3e814,50%,803,1607,11,146.0909090909091,31.601077500198528,0.21631104698331288,72.0,179.0,2.486111111111111,0.11393335973298635,budget-top-k,knapsack-redundancy,1.0,1.0,0.0,1.0,1.0,0.0,0.5,0.5,0.0,1.0,1.0,0.0,785.0,785.0,0.9775840597758406,0.9775840597758406,low,high,low_hetero/high_length
hotpotqa,5a877e5d5542993e715abf7d,30%,354,1182,9,131.33333333333334,35.21994384499278,0.2681721612562902,77.0,193.0,2.5064935064935066,0.1489001692047376,budget-top-k,knapsack-redundancy,1.0,1.0,0.0,1.0,1.0,0.0,0.5,0.5,0.0,1.0,1.0,0.0,330.0,330.0,0.9322033898305084,0.9322033898305084,medium,medium,medium_hetero/medium_length
hotpotqa,5a877e5d5542993e715abf7d,40%,472,1182,9,131.33333333333334,35.21994384499278,0.2681721612562902,77.0,193.0,2.5064935064935066,0.1489001692047376,budget-top-k,knapsack-redundancy,1.0,1.0,0.0,1.0,1.0,0.0,0.5,0.5,0.0,1.0,1.0,0.0,458.0,458.0,0.9703389830508474,0.9703389830508474,medium,medium,medium_hetero/medium_length
hotpotqa,5a877e5d5542993e715abf7d,50%,591,1182,9,131.33333333333334,35.21994384499278,0.2681721612562902,77.0,193.0,2.5064935064935066,0.1489001692047376,budget-top-k,knapsack-redundancy,1.0,1.0,0.0,1.0,1.0,0.0,0.5,0.5,0.0,1.0,1.0,0.0,523.0,535.0,0.8849407783417935,0.9052453468697124,medium,medium,medium_hetero/medium_length
hotpotqa,5ab3b0bf5542992ade7c6e39,30%,429,1430,10,143.0,47.954144763513405,0.3353436696749189,63.0,218.0,3.4603174603174605,0.19006993006993,budget-top-k,knapsack-redundancy,1.0,1.0,0.0,1.0,1.0,0.0,0.0,0.0,0.0,0.0,0.0,0.0,424.0,424.0,0.9883449883449883,0.9883449883449883,high,high,high_hetero/high_length
hotpotqa,5ab3b0bf5542992ade7c6e39,40%,572,1430,10,143.0,47.954144763513405,0.3353436696749189,63.0,218.0,3.4603174603174605,0.19006993006993,budget-top-k,knapsack-redundancy,1.0,1.0,0.0,1.0,1.0,0.0,0.0,0.0,0.0,0.0,0.0,0.0,567.0,567.0,0.9912587412587412,0.9912587412587412,high,high,high_hetero/high_length
hotpotqa,5ab3b0bf5542992ade7c6e39,50%,715,1430,10,143.0,47.954144763513405,0.3353436696749189,63.0,218.0,3.4603174603174605,0.19006993006993,budget-top-k,knapsack-redundancy,1.0,1.0,0.0,1.0,1.0,0.0,0.0,0.0,0.0,0.0,0.0,0.0,671.0,679.0,0.9384615384615385,0.9496503496503497,high,high,high_hetero/high_length
hotpotqa,5ab56e32554299637185c594,30%,784,2614,17,153.76470588235293,42.98772658187684,0.2795682294919305,58.0,217.0,3.7413793103448274,0.15252711643188266,budget-top-k,knapsack-redundancy,1.0,0.6875,-0.3125,1.0,0.0,-1.0,0.0,0.0,0.0,1.0,1.0,0.0,732.0,771.0,0.9336734693877551,0.9834183673469388,medium,high,medium_hetero/high_length
hotpotqa,5ab56e32554299637185c594,40%,1045,2614,17,153.76470588235293,42.98772658187684,0.2795682294919305,58.0,217.0,3.7413793103448274,0.15252711643188266,budget-top-k,knapsack-redundancy,1.0,1.0,0.0,1.0,1.0,0.0,0.0,0.0,0.0,1.0,1.0,0.0,988.0,988.0,0.9454545454545454,0.9454545454545454,medium,high,medium_hetero/high_length
hotpotqa,5ab56e32554299637185c594,50%,1307,2614,17,153.76470588235293,42.98772658187684,0.2795682294919305,58.0,217.0,3.7413793103448274,0.15252711643188266,budget-top-k,knapsack-redundancy,1.0,1.0,0.0,1.0,1.0,0.0,0.0,0.0,0.0,1.0,1.0,0.0,1271.0,1271.0,0.9724560061208876,0.9724560061208876,medium,high,medium_hetero/high_length
hotpotqa,5ab6d09255429954757d337d,30%,273,912,5,182.4,25.016794358990122,0.13715347784534057,153.0,218.0,1.4248366013071896,0.07587719298245621,budget-top-k,knapsack-redundancy,0.3269884952031495,0.3269884952031495,0.0,0.0,0.0,0.0,0.0,0.0,0.0,0.0,0.0,0.0,174.0,174.0,0.6373626373626373,0.6373626373626373,low,low,low_hetero/low_length
hotpotqa,5ab6d09255429954757d337d,40%,364,912,5,182.4,25.016794358990122,0.13715347784534057,153.0,218.0,1.4248366013071896,0.07587719298245621,budget-top-k,knapsack-redundancy,0.3465963383404043,0.3465963383404043,0.0,0.0,0.0,0.0,0.0,0.0,0.0,0.0,0.0,0.0,327.0,327.0,0.8983516483516484,0.8983516483516484,low,low,low_hetero/low_length
hotpotqa,5ab6d09255429954757d337d,50%,456,912,5,182.4,25.016794358990122,0.13715347784534057,153.0,218.0,1.4248366013071896,0.07587719298245621,budget-top-k,knapsack-redundancy,0.3465963383404043,0.3465963383404043,0.0,0.0,0.0,0.0,0.0,0.0,0.0,0.0,0.0,0.0,327.0,327.0,0.7171052631578947,0.7171052631578947,low,low,low_hetero/low_length
hotpotqa,5a75e05c55429976ec32bc5f,30%,444,1480,10,148.0,45.31666360181429,0.3061936729852317,83.0,213.0,2.566265060240964,0.17405405405405405,budget-top-k,knapsack-redundancy,0.8,1.0,0.19999999999999996,0.0,1.0,1.0,0.0,0.5,0.5,0.0,0.0,0.0,372.0,405.0,0.8378378378378378,0.9121621621621622,high,high,high_hetero/high_length
hotpotqa,5a75e05c55429976ec32bc5f,40%,592,1480,10,148.0,45.31666360181429,0.3061936729852317,83.0,213.0,2.566265060240964,0.17405405405405405,budget-top-k,knapsack-redundancy,0.8,1.0,0.19999999999999996,0.0,1.0,1.0,0.0,0.5,0.5,0.0,0.0,0.0,571.0,570.0,0.964527027027027,0.9628378378378378,high,high,high_hetero/high_length
hotpotqa,5a75e05c55429976ec32bc5f,50%,740,1480,10,148.0,45.31666360181429,0.3061936729852317,83.0,213.0,2.566265060240964,0.17405405405405405,budget-top-k,knapsack-redundancy,0.8,1.0,0.19999999999999996,0.0,1.0,1.0,0.0,0.5,0.5,0.0,0.0,0.0,719.0,718.0,0.9716216216216216,0.9702702702702702,high,high,high_hetero/high_length
hotpotqa,5ab3e45655429976abd1bcd4,30%,369,1233,9,137.0,21.354156504062622,0.15586975550410673,102.0,170.0,1.6666666666666667,0.08867261422005934,budget-top-k,knapsack-redundancy,1.0,1.0,0.0,1.0,1.0,0.0,0.0,0.0,0.0,1.0,1.0,0.0,362.0,362.0,0.981029810298103,0.981029810298103,low,medium,low_hetero/medium_length
hotpotqa,5ab3e45655429976abd1bcd4,40%,493,1233,9,137.0,21.354156504062622,0.15586975550410673,102.0,170.0,1.6666666666666667,0.08867261422005934,budget-top-k,knapsack-redundancy,1.0,1.0,0.0,1.0,1.0,0.0,0.0,0.0,0.0,1.0,1.0,0.0,464.0,464.0,0.9411764705882353,0.9411764705882353,low,medium,low_hetero/medium_length
hotpotqa,5ab3e45655429976abd1bcd4,50%,616,1233,9,137.0,21.354156504062622,0.15586975550410673,102.0,170.0,1.6666666666666667,0.08867261422005934,budget-top-k,knapsack-redundancy,1.0,1.0,0.0,1.0,1.0,0.0,0.0,0.0,0.0,1.0,1.0,0.0,532.0,608.0,0.8636363636363636,0.987012987012987,low,medium,low_hetero/medium_length
hotpotqa,5ab29c24554299449642c932,30%,398,1327,9,147.44444444444446,32.15279877609105,0.218067210990821,104.0,202.0,1.9423076923076923,0.11856317508163783,budget-top-k,knapsack-redundancy,0.7222222222222222,0.7222222222222222,0.0,0.0,0.0,0.0,0.0,0.0,0.0,0.0,0.0,0.0,353.0,353.0,0.8869346733668342,0.8869346733668342,low,medium,low_hetero/medium_length
hotpotqa,5ab29c24554299449642c932,40%,530,1327,9,147.44444444444446,32.15279877609105,0.218067210990821,104.0,202.0,1.9423076923076923,0.11856317508163783,budget-top-k,knapsack-redundancy,0.7777777777777778,1.0,0.2222222222222222,0.0,1.0,1.0,0.0,0.0,0.0,0.0,0.0,0.0,506.0,489.0,0.9547169811320755,0.9226415094339623,low,medium,low_hetero/medium_length
hotpotqa,5ab29c24554299449642c932,50%,663,1327,9,147.44444444444446,32.15279877609105,0.218067210990821,104.0,202.0,1.9423076923076923,0.11856317508163783,budget-top-k,knapsack-redundancy,0.7777777777777778,0.7777777777777778,0.0,0.0,0.0,0.0,0.0,0.0,0.0,0.0,0.0,0.0,659.0,659.0,0.9939668174962293,0.9939668174962293,low,medium,low_hetero/medium_length
hotpotqa,5ae0d4c9554299603e418468,30%,476,1587,12,132.25,37.3432836442289,0.28236887443651343,42.0,184.0,4.380952380952381,0.15317160260449492,budget-top-k,knapsack-redundancy,0.7083333333333334,0.7083333333333334,0.0,0.0,0.0,0.0,0.5,0.5,0.0,0.0,0.0,0.0,476.0,476.0,1.0,1.0,medium,high,medium_hetero/high_length
hotpotqa,5ae0d4c9554299603e418468,40%,634,1587,12,132.25,37.3432836442289,0.28236887443651343,42.0,184.0,4.380952380952381,0.15317160260449492,budget-top-k,knapsack-redundancy,0.7083333333333334,0.7083333333333334,0.0,0.0,0.0,0.0,0.5,0.5,0.0,0.0,0.0,0.0,598.0,585.0,0.943217665615142,0.9227129337539433,medium,high,medium_hetero/high_length
hotpotqa,5ae0d4c9554299603e418468,50%,793,1587,12,132.25,37.3432836442289,0.28236887443651343,42.0,184.0,4.380952380952381,0.15317160260449492,budget-top-k,knapsack-redundancy,0.7083333333333334,0.7083333333333334,0.0,0.0,0.0,0.0,0.5,0.5,0.0,0.0,0.0,0.0,749.0,749.0,0.9445145018915511,0.9445145018915511,medium,high,medium_hetero/high_length
hotpotqa,5a8133725542995ce29dcbdb,30%,273,910,5,182.0,46.776062254106,0.25701133106651647,101.0,219.0,2.1683168316831685,0.13054945054945066,budget-top-k,knapsack-redundancy,0.6666666666666666,0.6666666666666666,0.0,0.0,0.0,0.0,0.0,0.0,0.0,0.75,0.75,0.0,258.0,258.0,0.945054945054945,0.945054945054945,medium,low,medium_hetero/low_length
hotpotqa,5a8133725542995ce29dcbdb,40%,364,910,5,182.0,46.776062254106,0.25701133106651647,101.0,219.0,2.1683168316831685,0.13054945054945066,budget-top-k,knapsack-redundancy,0.6666666666666666,0.6666666666666666,0.0,0.0,0.0,0.0,0.0,0.0,0.0,0.75,0.75,0.0,258.0,258.0,0.7087912087912088,0.7087912087912088,medium,low,medium_hetero/low_length
hotpotqa,5a8133725542995ce29dcbdb,50%,455,910,5,182.0,46.776062254106,0.25701133106651647,101.0,219.0,2.1683168316831685,0.13054945054945066,budget-top-k,knapsack-redundancy,0.6481481481481481,0.6481481481481481,0.0,0.0,0.0,0.0,0.0,0.0,0.0,0.75,0.75,0.0,376.0,376.0,0.8263736263736263,0.8263736263736263,medium,low,medium_hetero/low_length
hotpotqa,5ae7a8175542993210983ed8,30%,349,1165,7,166.42857142857142,42.26061030881439,0.25392641387270454,96.0,219.0,2.28125,0.1402820355610055,budget-top-k,knapsack-redundancy,1.0,1.0,0.0,1.0,1.0,0.0,0.0,0.0,0.0,1.0,1.0,0.0,311.0,311.0,0.8911174785100286,0.8911174785100286,medium,medium,medium_hetero/medium_length
hotpotqa,5ae7a8175542993210983ed8,40%,466,1165,7,166.42857142857142,42.26061030881439,0.25392641387270454,96.0,219.0,2.28125,0.1402820355610055,budget-top-k,knapsack-redundancy,0.9166666666666666,1.0,0.08333333333333337,0.0,1.0,1.0,0.0,0.0,0.0,1.0,1.0,0.0,390.0,458.0,0.8369098712446352,0.9828326180257511,medium,medium,medium_hetero/medium_length
hotpotqa,5ae7a8175542993210983ed8,50%,582,1165,7,166.42857142857142,42.26061030881439,0.25392641387270454,96.0,219.0,2.28125,0.1402820355610055,budget-top-k,knapsack-redundancy,1.0,1.0,0.0,1.0,1.0,0.0,0.0,0.0,0.0,1.0,1.0,0.0,511.0,511.0,0.8780068728522337,0.8780068728522337,medium,medium,medium_hetero/medium_length
hotpotqa,5ae6050f55429929b0807a5e,30%,448,1495,9,166.11111111111111,40.80153712911764,0.24562798271709615,72.0,220.0,3.0555555555555554,0.1299145299145299,budget-top-k,knapsack-redundancy,0.6538461538461539,0.6538461538461539,0.0,0.0,0.0,0.0,0.0,0.0,0.0,0.0,0.0,0.0,441.0,441.0,0.984375,0.984375,medium,high,medium_hetero/high_length
hotpotqa,5ae6050f55429929b0807a5e,40%,598,1495,9,166.11111111111111,40.80153712911764,0.24562798271709615,72.0,220.0,3.0555555555555554,0.1299145299145299,budget-top-k,knapsack-redundancy,0.7692307692307692,0.7692307692307692,0.0,0.0,0.0,0.0,0.0,0.0,0.0,1.0,1.0,0.0,546.0,546.0,0.9130434782608695,0.9130434782608695,medium,high,medium_hetero/high_length
hotpotqa,5ae6050f55429929b0807a5e,50%,747,1495,9,166.11111111111111,40.80153712911764,0.24562798271709615,72.0,220.0,3.0555555555555554,0.1299145299145299,budget-top-k,knapsack-redundancy,0.7692307692307692,0.7692307692307692,0.0,0.0,0.0,0.0,0.0,0.0,0.0,1.0,1.0,0.0,738.0,738.0,0.9879518072289156,0.9879518072289156,medium,high,medium_hetero/high_length
hotpotqa,5adddccd5542997dc7907069,30%,498,1660,12,138.33333333333334,45.1226723006911,0.3261879925351164,71.0,220.0,3.0985915492957745,0.1837349397590362,budget-top-k,knapsack-redundancy,0.6845238095238095,0.6845238095238095,0.0,0.0,0.0,0.0,0.0,0.0,0.0,0.0,0.0,0.0,484.0,484.0,0.9718875502008032,0.9718875502008032,high,high,high_hetero/high_length
hotpotqa,5adddccd5542997dc7907069,40%,664,1660,12,138.33333333333334,45.1226723006911,0.3261879925351164,71.0,220.0,3.0985915492957745,0.1837349397590362,budget-top-k,knapsack-redundancy,0.6845238095238095,0.7113095238095237,0.02678571428571419,0.0,0.0,0.0,0.0,0.0,0.0,0.0,0.0,0.0,622.0,656.0,0.9367469879518072,0.9879518072289156,high,high,high_hetero/high_length
hotpotqa,5adddccd5542997dc7907069,50%,830,1660,12,138.33333333333334,45.1226723006911,0.3261879925351164,71.0,220.0,3.0985915492957745,0.1837349397590362,budget-top-k,knapsack-redundancy,0.7023809523809523,1.0,0.29761904761904767,0.0,1.0,1.0,0.0,0.5,0.5,0.0,1.0,1.0,772.0,816.0,0.9301204819277108,0.983132530120482,high,high,high_hetero/high_length
hotpotqa,5ae2070a5542994d89d5b313,30%,300,1003,6,167.16666666666666,55.89697865021169,0.33437873569418763,83.0,219.0,2.63855421686747,0.17165171153207037,budget-top-k,knapsack-redundancy,0.5882352941176471,0.5882352941176471,0.0,0.0,0.0,0.0,0.0,0.0,0.0,1.0,1.0,0.0,285.0,285.0,0.95,0.95,high,low,high_hetero/low_length
hotpotqa,5ae2070a5542994d89d5b313,40%,401,1003,6,167.16666666666666,55.89697865021169,0.33437873569418763,83.0,219.0,2.63855421686747,0.17165171153207037,budget-top-k,knapsack-redundancy,1.0,1.0,0.0,1.0,1.0,0.0,0.0,0.0,0.0,1.0,1.0,0.0,380.0,380.0,0.9476309226932669,0.9476309226932669,high,low,high_hetero/low_length
hotpotqa,5ae2070a5542994d89d5b313,50%,501,1003,6,167.16666666666666,55.89697865021169,0.33437873569418763,83.0,219.0,2.63855421686747,0.17165171153207037,budget-top-k,knapsack-redundancy,0.7352941176470589,0.7352941176470589,0.0,0.0,0.0,0.0,0.0,0.0,0.0,1.0,1.0,0.0,495.0,495.0,0.9880239520958084,0.9880239520958084,high,low,high_hetero/low_length
hotpotqa,5ae22b8d554299234fd0440f,30%,354,1183,7,169.0,23.372755812820067,0.13830033025337318,138.0,210.0,1.5217391304347827,0.0777683854606932,budget-top-k,knapsack-redundancy,0.85,0.85,0.0,0.0,0.0,0.0,0.0,0.0,0.0,1.0,1.0,0.0,348.0,348.0,0.9830508474576272,0.9830508474576272,low,medium,low_hetero/medium_length
hotpotqa,5ae22b8d554299234fd0440f,40%,473,1183,7,169.0,23.372755812820067,0.13830033025337318,138.0,210.0,1.5217391304347827,0.0777683854606932,budget-top-k,knapsack-redundancy,0.8833333333333333,0.8833333333333333,0.0,0.0,0.0,0.0,0.0,0.0,0.0,1.0,1.0,0.0,370.0,370.0,0.7822410147991543,0.7822410147991543,low,medium,low_hetero/medium_length
hotpotqa,5ae22b8d554299234fd0440f,50%,591,1183,7,169.0,23.372755812820067,0.13830033025337318,138.0,210.0,1.5217391304347827,0.0777683854606932,budget-top-k,knapsack-redundancy,0.8833333333333333,0.8833333333333333,0.0,0.0,0.0,0.0,0.0,0.0,0.0,1.0,1.0,0.0,508.0,508.0,0.8595600676818951,0.8595600676818951,low,medium,low_hetero/medium_length
hotpotqa,5a722b8655429971e9dc9329,30%,321,1072,8,134.0,48.64411577981452,0.3630157894016009,10.0,172.0,17.2,0.1609141791044777,budget-top-k,knapsack-redundancy,1.0,1.0,0.0,1.0,1.0,0.0,0.0,0.0,0.0,1.0,1.0,0.0,320.0,320.0,0.9968847352024922,0.9968847352024922,high,low,high_hetero/low_length
hotpotqa,5a722b8655429971e9dc9329,40%,428,1072,8,134.0,48.64411577981452,0.3630157894016009,10.0,172.0,17.2,0.1609141791044777,budget-top-k,knapsack-redundancy,1.0,0.72,-0.28,1.0,0.0,-1.0,0.0,0.0,0.0,1.0,0.6666666666666666,-0.33333333333333337,330.0,425.0,0.7710280373831776,0.9929906542056075,high,low,high_hetero/low_length
hotpotqa,5a722b8655429971e9dc9329,50%,536,1072,8,134.0,48.64411577981452,0.3630157894016009,10.0,172.0,17.2,0.1609141791044777,budget-top-k,knapsack-redundancy,1.0,1.0,0.0,1.0,1.0,0.0,0.0,0.0,0.0,1.0,1.0,0.0,481.0,481.0,0.8973880597014925,0.8973880597014925,high,low,high_hetero/low_length
hotpotqa,5adf37a95542995ec70e8f97,30%,505,1685,12,140.41666666666666,39.69563018211898,0.2826988499616782,50.0,200.0,4.0,0.15534124629080126,budget-top-k,knapsack-redundancy,0.6818181818181819,0.7272727272727273,0.045454545454545414,0.0,0.0,0.0,0.5,0.5,0.0,0.0,0.0,0.0,478.0,501.0,0.9465346534653465,0.9920792079207921,medium,high,medium_hetero/high_length
hotpotqa,5adf37a95542995ec70e8f97,40%,674,1685,12,140.41666666666666,39.69563018211898,0.2826988499616782,50.0,200.0,4.0,0.15534124629080126,budget-top-k,knapsack-redundancy,0.6818181818181819,0.7272727272727273,0.045454545454545414,0.0,0.0,0.0,0.5,0.5,0.0,0.0,0.0,0.0,628.0,649.0,0.9317507418397626,0.9629080118694362,medium,high,medium_hetero/high_length
hotpotqa,5adf37a95542995ec70e8f97,50%,842,1685,12,140.41666666666666,39.69563018211898,0.2826988499616782,50.0,200.0,4.0,0.15534124629080126,budget-top-k,knapsack-redundancy,0.6818181818181819,0.7272727272727273,0.045454545454545414,0.0,0.0,0.0,0.5,0.5,0.0,0.0,0.0,0.0,795.0,816.0,0.9441805225653207,0.9691211401425178,medium,high,medium_hetero/high_length
hotpotqa,5abd259d55429924427fcf1a,30%,104,347,2,173.5,10.5,0.06051873198847262,163.0,184.0,1.1288343558282208,0.030259365994236287,budget-top-k,knapsack-redundancy,0.0,0.0,0.0,0.0,0.0,0.0,0.0,0.0,0.0,0.0,0.0,0.0,0.0,0.0,0.0,0.0,low,low,low_hetero/low_length
hotpotqa,5abd259d55429924427fcf1a,40%,138,347,2,173.5,10.5,0.06051873198847262,163.0,184.0,1.1288343558282208,0.030259365994236287,budget-top-k,knapsack-redundancy,0.0,0.0,0.0,0.0,0.0,0.0,0.0,0.0,0.0,0.0,0.0,0.0,0.0,0.0,0.0,0.0,low,low,low_hetero/low_length
hotpotqa,5abd259d55429924427fcf1a,50%,173,347,2,173.5,10.5,0.06051873198847262,163.0,184.0,1.1288343558282208,0.030259365994236287,budget-top-k,knapsack-redundancy,0.5714285714285714,0.5714285714285714,0.0,0.0,0.0,0.0,0.5,0.5,0.0,0.0,0.0,0.0,163.0,163.0,0.9421965317919075,0.9421965317919075,low,low,low_hetero/low_length
hotpotqa,5a828c8355429966c78a6a50,30%,350,1169,8,146.125,33.62453531277421,0.23010802609255235,106.0,204.0,1.9245283018867925,0.1288494439692045,budget-top-k,knapsack-redundancy,0.6083333333333333,0.6083333333333333,0.0,0.0,0.0,0.0,0.5,0.5,0.0,1.0,1.0,0.0,334.0,334.0,0.9542857142857143,0.9542857142857143,medium,medium,medium_hetero/medium_length
hotpotqa,5a828c8355429966c78a6a50,40%,467,1169,8,146.125,33.62453531277421,0.23010802609255235,106.0,204.0,1.9245283018867925,0.1288494439692045,budget-top-k,knapsack-redundancy,0.6083333333333333,0.6083333333333333,0.0,0.0,0.0,0.0,0.5,0.5,0.0,1.0,1.0,0.0,440.0,440.0,0.9421841541755889,0.9421841541755889,medium,medium,medium_hetero/medium_length
hotpotqa,5a828c8355429966c78a6a50,50%,584,1169,8,146.125,33.62453531277421,0.23010802609255235,106.0,204.0,1.9245283018867925,0.1288494439692045,budget-top-k,knapsack-redundancy,0.75,0.75,0.0,0.0,0.0,0.0,0.5,0.5,0.0,1.0,1.0,0.0,557.0,557.0,0.9537671232876712,0.9537671232876712,medium,medium,medium_hetero/medium_length
hotpotqa,5a8a3e745542996c9b8d5e70,30%,345,1151,9,128.0,42.611944074141675,0.33290581307923184,31.0,177.0,5.709677419354839,0.17669753086419737,budget-top-k,knapsack-redundancy,1.0,1.0,0.0,1.0,1.0,0.0,0.0,0.0,0.0,1.0,1.0,0.0,306.0,306.0,0.8869565217391304,0.8869565217391304,high,low,high_hetero/low_length
hotpotqa,5a8a3e745542996c9b8d5e70,40%,460,1151,9,128.0,42.611944074141675,0.33290581307923184,31.0,177.0,5.709677419354839,0.17669753086419737,budget-top-k,knapsack-redundancy,1.0,1.0,0.0,1.0,1.0,0.0,0.0,0.0,0.0,1.0,1.0,0.0,452.0,424.0,0.9826086956521739,0.9217391304347826,high,low,high_hetero/low_length
hotpotqa,5a8a3e745542996c9b8d5e70,50%,575,1151,9,128.0,42.611944074141675,0.33290581307923184,31.0,177.0,5.709677419354839,0.17669753086419737,budget-top-k,knapsack-redundancy,1.0,1.0,0.0,1.0,1.0,0.0,0.0,0.0,0.0,1.0,1.0,0.0,570.0,573.0,0.991304347826087,0.9965217391304347,high,low,high_hetero/low_length
hotpotqa,5ac23ff0554299636651994d,30%,407,1359,9,151.0,34.96347300318497,0.23154617882903955,110.0,212.0,1.9272727272727272,0.12868939579756344,budget-top-k,knapsack-redundancy,0.7,0.7,0.0,0.0,0.0,0.0,0.0,0.0,0.0,0.0,0.0,0.0,331.0,331.0,0.8132678132678133,0.8132678132678133,medium,medium,medium_hetero/medium_length
hotpotqa,5ac23ff0554299636651994d,40%,543,1359,9,151.0,34.96347300318497,0.23154617882903955,110.0,212.0,1.9272727272727272,0.12868939579756344,budget-top-k,knapsack-redundancy,0.7,0.7,0.0,0.0,0.0,0.0,0.0,0.0,0.0,0.0,0.0,0.0,476.0,476.0,0.8766114180478821,0.8766114180478821,medium,medium,medium_hetero/medium_length
hotpotqa,5ac23ff0554299636651994d,50%,679,1359,9,151.0,34.96347300318497,0.23154617882903955,110.0,212.0,1.9272727272727272,0.12868939579756344,budget-top-k,knapsack-redundancy,0.7,0.7,0.0,0.0,0.0,0.0,0.0,0.0,0.0,0.0,0.0,0.0,586.0,586.0,0.8630338733431517,0.8630338733431517,medium,medium,medium_hetero/medium_length
hotpotqa,5ae4a3265542995ad6573de5,30%,332,1107,7,158.14285714285714,35.874497792118774,0.22684867619225965,100.0,214.0,2.14,0.12285456187895227,budget-top-k,knapsack-redundancy,0.75,0.75,0.0,0.0,0.0,0.0,0.0,0.0,0.0,0.0,0.0,0.0,302.0,302.0,0.9096385542168675,0.9096385542168675,low,low,low_hetero/low_length
hotpotqa,5ae4a3265542995ad6573de5,40%,442,1107,7,158.14285714285714,35.874497792118774,0.22684867619225965,100.0,214.0,2.14,0.12285456187895227,budget-top-k,knapsack-redundancy,0.9375,0.9375,0.0,0.0,0.0,0.0,0.0,0.0,0.0,1.0,1.0,0.0,344.0,344.0,0.7782805429864253,0.7782805429864253,low,low,low_hetero/low_length
hotpotqa,5ae4a3265542995ad6573de5,50%,553,1107,7,158.14285714285714,35.874497792118774,0.22684867619225965,100.0,214.0,2.14,0.12285456187895227,budget-top-k,knapsack-redundancy,0.9375,0.9375,0.0,0.0,0.0,0.0,0.0,0.0,0.0,1.0,1.0,0.0,488.0,488.0,0.8824593128390597,0.8824593128390597,low,low,low_hetero/low_length
hotpotqa,5ae0361155429925eb1afc2c,30%,366,1223,8,152.875,38.95329735721997,0.25480488868173323,94.0,207.0,2.202127659574468,0.14319296811120186,budget-top-k,knapsack-redundancy,0.7521008403361344,0.7521008403361344,0.0,0.0,0.0,0.0,0.0,0.0,0.0,0.5,0.5,0.0,355.0,355.0,0.9699453551912568,0.9699453551912568,medium,medium,medium_hetero/medium_length
hotpotqa,5ae0361155429925eb1afc2c,40%,489,1223,8,152.875,38.95329735721997,0.25480488868173323,94.0,207.0,2.202127659574468,0.14319296811120186,budget-top-k,knapsack-redundancy,0.9285714285714286,0.9285714285714286,0.0,0.0,0.0,0.0,0.0,0.0,0.0,1.0,1.0,0.0,467.0,467.0,0.9550102249488752,0.9550102249488752,medium,medium,medium_hetero/medium_length
hotpotqa,5ae0361155429925eb1afc2c,50%,611,1223,8,152.875,38.95329735721997,0.25480488868173323,94.0,207.0,2.202127659574468,0.14319296811120186,budget-top-k,knapsack-redundancy,0.9285714285714286,0.8529411764705883,-0.07563025210084029,0.0,0.0,0.0,0.0,0.5,0.5,1.0,0.5,-0.5,543.0,599.0,0.8887070376432079,0.9803600654664485,medium,medium,medium_hetero/medium_length
hotpotqa,5abc0a5d5542993f40c73c64,30%,483,1610,11,146.36363636363637,33.431810456707595,0.2284160962880643,67.0,184.0,2.746268656716418,0.118351214003388,budget-top-k,knapsack-redundancy,1.0,1.0,0.0,1.0,1.0,0.0,1.0,1.0,0.0,1.0,1.0,0.0,431.0,453.0,0.8923395445134575,0.937888198757764,medium,high,medium_hetero/high_length
hotpotqa,5abc0a5d5542993f40c73c64,40%,644,1610,11,146.36363636363637,33.431810456707595,0.2284160962880643,67.0,184.0,2.746268656716418,0.118351214003388,budget-top-k,knapsack-redundancy,1.0,1.0,0.0,1.0,1.0,0.0,1.0,1.0,0.0,1.0,1.0,0.0,596.0,617.0,0.9254658385093167,0.9580745341614907,medium,high,medium_hetero/high_length
hotpotqa,5abc0a5d5542993f40c73c64,50%,805,1610,11,146.36363636363637,33.431810456707595,0.2284160962880643,67.0,184.0,2.746268656716418,0.118351214003388,budget-top-k,knapsack-redundancy,1.0,1.0,0.0,1.0,1.0,0.0,1.0,1.0,0.0,1.0,1.0,0.0,747.0,800.0,0.9279503105590062,0.9937888198757764,medium,high,medium_hetero/high_length
hotpotqa,5a7cc50e554299452d57ba3e,30%,415,1385,10,138.4,29.052366512902182,0.209915943012299,74.0,167.0,2.2567567567567566,0.1101156069364162,budget-top-k,knapsack-redundancy,1.0,1.0,0.0,1.0,1.0,0.0,0.0,0.0,0.0,1.0,1.0,0.0,406.0,406.0,0.9783132530120482,0.9783132530120482,low,medium,low_hetero/medium_length
hotpotqa,5a7cc50e554299452d57ba3e,40%,554,1385,10,138.4,29.052366512902182,0.209915943012299,74.0,167.0,2.2567567567567566,0.1101156069364162,budget-top-k,knapsack-redundancy,1.0,1.0,0.0,1.0,1.0,0.0,0.0,0.0,0.0,1.0,1.0,0.0,526.0,526.0,0.9494584837545126,0.9494584837545126,low,medium,low_hetero/medium_length
hotpotqa,5a7cc50e554299452d57ba3e,50%,692,1385,10,138.4,29.052366512902182,0.209915943012299,74.0,167.0,2.2567567567567566,0.1101156069364162,budget-top-k,knapsack-redundancy,1.0,1.0,0.0,1.0,1.0,0.0,0.0,0.0,0.0,1.0,1.0,0.0,671.0,671.0,0.9696531791907514,0.9696531791907514,low,medium,low_hetero/medium_length
hotpotqa,5abf63f15542997ec76fd3ea,30%,554,1849,13,142.23076923076923,41.52136400263186,0.29192954680054856,64.0,192.0,3.0,0.1543453841993594,budget-top-k,knapsack-redundancy,0.6904761904761905,0.6011904761904762,-0.0892857142857143,0.0,0.0,0.0,1.0,1.0,0.0,1.0,0.0,-1.0,501.0,549.0,0.9043321299638989,0.9909747292418772,medium,high,medium_hetero/high_length
hotpotqa,5abf63f15542997ec76fd3ea,40%,739,1849,13,142.23076923076923,41.52136400263186,0.29192954680054856,64.0,192.0,3.0,0.1543453841993594,budget-top-k,knapsack-redundancy,0.7142857142857143,0.6904761904761905,-0.023809523809523836,0.0,0.0,0.0,1.0,1.0,0.0,1.0,1.0,0.0,693.0,733.0,0.9377537212449256,0.9918809201623816,medium,high,medium_hetero/high_length
hotpotqa,5abf63f15542997ec76fd3ea,50%,924,1849,13,142.23076923076923,41.52136400263186,0.29192954680054856,64.0,192.0,3.0,0.1543453841993594,budget-top-k,knapsack-redundancy,0.7142857142857143,1.0,0.2857142857142857,0.0,1.0,1.0,1.0,1.0,0.0,1.0,1.0,0.0,918.0,920.0,0.9935064935064936,0.9956709956709957,medium,high,medium_hetero/high_length
hotpotqa,5a8ef2a75542995a26add583,30%,371,1239,9,137.66666666666666,36.609045633862436,0.2659252709481533,72.0,183.0,2.5416666666666665,0.14850686037126715,budget-top-k,knapsack-redundancy,1.0,1.0,0.0,1.0,1.0,0.0,0.5,0.5,0.0,0.0,0.0,0.0,322.0,322.0,0.8679245283018868,0.8679245283018868,medium,medium,medium_hetero/medium_length
hotpotqa,5a8ef2a75542995a26add583,40%,495,1239,9,137.66666666666666,36.609045633862436,0.2659252709481533,72.0,183.0,2.5416666666666665,0.14850686037126715,budget-top-k,knapsack-redundancy,1.0,1.0,0.0,1.0,1.0,0.0,0.5,0.5,0.0,0.0,0.0,0.0,405.0,476.0,0.8181818181818182,0.9616161616161616,medium,medium,medium_hetero/medium_length
hotpotqa,5a8ef2a75542995a26add583,50%,619,1239,9,137.66666666666666,36.609045633862436,0.2659252709481533,72.0,183.0,2.5416666666666665,0.14850686037126715,budget-top-k,knapsack-redundancy,1.0,1.0,0.0,1.0,1.0,0.0,0.5,0.5,0.0,0.0,0.0,0.0,559.0,559.0,0.9030694668820679,0.9030694668820679,medium,medium,medium_hetero/medium_length
hotpotqa,5a80721b554299485f5985ef,30%,288,960,6,160.0,35.702474237322356,0.22314046398326473,97.0,208.0,2.1443298969072164,0.12222222222222223,budget-top-k,knapsack-redundancy,0.5909090909090909,0.5909090909090909,0.0,0.0,0.0,0.0,0.0,0.0,0.0,1.0,1.0,0.0,250.0,250.0,0.8680555555555556,0.8680555555555556,low,low,low_hetero/low_length
hotpotqa,5a80721b554299485f5985ef,40%,384,960,6,160.0,35.702474237322356,0.22314046398326473,97.0,208.0,2.1443298969072164,0.12222222222222223,budget-top-k,knapsack-redundancy,1.0,1.0,0.0,1.0,1.0,0.0,0.5,0.5,0.0,1.0,1.0,0.0,314.0,314.0,0.8177083333333334,0.8177083333333334,low,low,low_hetero/low_length
hotpotqa,5a80721b554299485f5985ef,50%,480,960,6,160.0,35.702474237322356,0.22314046398326473,97.0,208.0,2.1443298969072164,0.12222222222222223,budget-top-k,knapsack-redundancy,1.0,1.0,0.0,1.0,1.0,0.0,0.5,0.5,0.0,1.0,1.0,0.0,411.0,411.0,0.85625,0.85625,low,low,low_hetero/low_length
hotpotqa,5ab51dae5542991779162d82,30%,414,1381,9,153.44444444444446,27.76132846289405,0.18092103994644926,107.0,217.0,2.02803738317757,0.09011183522407262,budget-top-k,knapsack-redundancy,1.0,1.0,0.0,1.0,1.0,0.0,0.0,0.0,0.0,1.0,1.0,0.0,408.0,408.0,0.9855072463768116,0.9855072463768116,low,medium,low_hetero/medium_length
hotpotqa,5ab51dae5542991779162d82,40%,552,1381,9,153.44444444444446,27.76132846289405,0.18092103994644926,107.0,217.0,2.02803738317757,0.09011183522407262,budget-top-k,knapsack-redundancy,1.0,1.0,0.0,1.0,1.0,0.0,0.0,0.0,0.0,1.0,1.0,0.0,537.0,537.0,0.9728260869565217,0.9728260869565217,low,medium,low_hetero/medium_length
hotpotqa,5ab51dae5542991779162d82,50%,690,1381,9,153.44444444444446,27.76132846289405,0.18092103994644926,107.0,217.0,2.02803738317757,0.09011183522407262,budget-top-k,knapsack-redundancy,1.0,1.0,0.0,1.0,1.0,0.0,0.0,0.0,0.0,1.0,1.0,0.0,690.0,690.0,1.0,1.0,low,medium,low_hetero/medium_length
hotpotqa,5a7571135542992d0ec05f98,30%,385,1286,10,128.6,34.81436485130814,0.27071823368046766,53.0,171.0,3.2264150943396226,0.1469673405909797,budget-top-k,knapsack-redundancy,1.0,1.0,0.0,1.0,1.0,0.0,0.5,0.5,0.0,1.0,1.0,0.0,341.0,341.0,0.8857142857142857,0.8857142857142857,medium,medium,medium_hetero/medium_length
hotpotqa,5a7571135542992d0ec05f98,40%,514,1286,10,128.6,34.81436485130814,0.27071823368046766,53.0,171.0,3.2264150943396226,0.1469673405909797,budget-top-k,knapsack-redundancy,1.0,1.0,0.0,1.0,1.0,0.0,0.5,0.5,0.0,1.0,1.0,0.0,494.0,494.0,0.9610894941634242,0.9610894941634242,medium,medium,medium_hetero/medium_length
hotpotqa,5a7571135542992d0ec05f98,50%,643,1286,10,128.6,34.81436485130814,0.27071823368046766,53.0,171.0,3.2264150943396226,0.1469673405909797,budget-top-k,knapsack-redundancy,1.0,1.0,0.0,1.0,1.0,0.0,0.5,0.5,0.0,1.0,1.0,0.0,620.0,620.0,0.9642301710730948,0.9642301710730948,medium,medium,medium_hetero/medium_length
hotpotqa,5a7a0e1e5542990783324e1a,30%,492,1641,12,136.75,53.56168562196924,0.39167594604730704,18.0,205.0,11.38888888888889,0.21150721105017278,budget-top-k,knapsack-redundancy,1.0,0.9444444444444445,-0.05555555555555547,1.0,0.0,-1.0,0.0,0.0,0.0,1.0,1.0,0.0,473.0,483.0,0.9613821138211383,0.9817073170731707,high,high,high_hetero/high_length
hotpotqa,5a7a0e1e5542990783324e1a,40%,656,1641,12,136.75,53.56168562196924,0.39167594604730704,18.0,205.0,11.38888888888889,0.21150721105017278,budget-top-k,knapsack-redundancy,1.0,1.0,0.0,1.0,1.0,0.0,0.0,0.0,0.0,1.0,1.0,0.0,632.0,638.0,0.9634146341463414,0.9725609756097561,high,high,high_hetero/high_length
hotpotqa,5a7a0e1e5542990783324e1a,50%,820,1641,12,136.75,53.56168562196924,0.39167594604730704,18.0,205.0,11.38888888888889,0.21150721105017278,budget-top-k,knapsack-redundancy,1.0,1.0,0.0,1.0,1.0,0.0,0.0,0.0,0.0,1.0,1.0,0.0,818.0,797.0,0.9975609756097561,0.9719512195121951,high,high,high_hetero/high_length
hotpotqa,5a74106b55429979e288289e,30%,347,1158,8,144.75,53.99479141546895,0.3730210115058304,18.0,191.0,10.61111111111111,0.1843696027633852,budget-top-k,knapsack-redundancy,0.6176470588235294,0.6176470588235294,0.0,0.0,0.0,0.0,0.5,0.5,0.0,0.0,0.0,0.0,311.0,311.0,0.8962536023054755,0.8962536023054755,high,low,high_hetero/low_length
hotpotqa,5a74106b55429979e288289e,40%,463,1158,8,144.75,53.99479141546895,0.3730210115058304,18.0,191.0,10.61111111111111,0.1843696027633852,budget-top-k,knapsack-redundancy,0.6470588235294118,0.6470588235294118,0.0,0.0,0.0,0.0,0.5,0.5,0.0,0.0,0.0,0.0,457.0,457.0,0.9870410367170627,0.9870410367170627,high,low,high_hetero/low_length
hotpotqa,5a74106b55429979e288289e,50%,579,1158,8,144.75,53.99479141546895,0.3730210115058304,18.0,191.0,10.61111111111111,0.1843696027633852,budget-top-k,knapsack-redundancy,0.6176470588235294,0.6176470588235294,0.0,0.0,0.0,0.0,0.5,0.5,0.0,0.0,0.0,0.0,502.0,502.0,0.8670120898100173,0.8670120898100173,high,low,high_hetero/low_length
hotpotqa,5a79311755429970f5fffe67,30%,518,1728,13,132.84615384615384,28.93718968292467,0.21782482100638145,74.0,171.0,2.310810810810811,0.11946015767671825,budget-top-k,knapsack-redundancy,0.7105263157894737,0.7368421052631579,0.02631578947368418,0.0,0.0,0.0,0.5,0.5,0.0,0.0,0.0,0.0,470.0,498.0,0.9073359073359073,0.9613899613899614,low,high,low_hetero/high_length
hotpotqa,5a79311755429970f5fffe67,40%,691,1728,13,132.84615384615384,28.93718968292467,0.21782482100638145,74.0,171.0,2.310810810810811,0.11946015767671825,budget-top-k,knapsack-redundancy,0.7105263157894737,0.7368421052631579,0.02631578947368418,0.0,0.0,0.0,0.5,0.5,0.0,0.0,0.0,0.0,619.0,669.0,0.8958031837916064,0.9681620839363242,low,high,low_hetero/high_length
hotpotqa,5a79311755429970f5fffe67,50%,864,1728,13,132.84615384615384,28.93718968292467,0.21782482100638145,74.0,171.0,2.310810810810811,0.11946015767671825,budget-top-k,knapsack-redundancy,0.7368421052631579,0.7368421052631579,0.0,0.0,0.0,0.0,0.5,0.5,0.0,0.0,0.0,0.0,818.0,863.0,0.9467592592592593,0.9988425925925926,low,high,low_hetero/high_length
hotpotqa,5ab2d3df554299194fa9352c,30%,570,1900,15,126.8,39.432981119869694,0.3109856555194771,34.0,191.0,5.617647058823529,0.17287066246056781,budget-top-k,knapsack-redundancy,1.0,1.0,0.0,1.0,1.0,0.0,1.0,1.0,0.0,1.0,1.0,0.0,547.0,568.0,0.9596491228070175,0.9964912280701754,high,high,high_hetero/high_length
hotpotqa,5ab2d3df554299194fa9352c,40%,760,1900,15,126.8,39.432981119869694,0.3109856555194771,34.0,191.0,5.617647058823529,0.17287066246056781,budget-top-k,knapsack-redundancy,1.0,1.0,0.0,1.0,1.0,0.0,1.0,1.0,0.0,1.0,1.0,0.0,745.0,752.0,0.9802631578947368,0.9894736842105263,high,high,high_hetero/high_length
hotpotqa,5ab2d3df554299194fa9352c,50%,950,1900,15,126.8,39.432981119869694,0.3109856555194771,34.0,191.0,5.617647058823529,0.17287066246056781,budget-top-k,knapsack-redundancy,1.0,1.0,0.0,1.0,1.0,0.0,1.0,1.0,0.0,1.0,1.0,0.0,936.0,950.0,0.9852631578947368,1.0,high,high,high_hetero/high_length
hotpotqa,5a760ab65542994ccc918697,30%,755,2518,18,140.0,47.095647357266465,0.3363974811233319,5.0,203.0,40.6,0.16141975308641965,budget-top-k,knapsack-redundancy,0.9166666666666666,1.0,0.08333333333333337,0.0,1.0,1.0,0.5,1.0,0.5,1.0,1.0,0.0,661.0,746.0,0.8754966887417218,0.9880794701986755,high,high,high_hetero/high_length
hotpotqa,5a760ab65542994ccc918697,40%,1007,2518,18,140.0,47.095647357266465,0.3363974811233319,5.0,203.0,40.6,0.16141975308641965,budget-top-k,knapsack-redundancy,1.0,1.0,0.0,1.0,1.0,0.0,1.0,1.0,0.0,1.0,1.0,0.0,1005.0,970.0,0.9980139026812314,0.9632571996027806,high,high,high_hetero/high_length
hotpotqa,5a760ab65542994ccc918697,50%,1259,2518,18,140.0,47.095647357266465,0.3363974811233319,5.0,203.0,40.6,0.16141975308641965,budget-top-k,knapsack-redundancy,1.0,1.0,0.0,1.0,1.0,0.0,1.0,1.0,0.0,1.0,1.0,0.0,1178.0,1259.0,0.9356632247815727,1.0,high,high,high_hetero/high_length
hotpotqa,5a7d54165542995f4f402256,30%,316,1054,6,175.66666666666666,49.59390643572611,0.2823182529547976,79.0,217.0,2.7468354430379747,0.14547754585705253,budget-top-k,knapsack-redundancy,1.0,1.0,0.0,1.0,1.0,0.0,0.0,0.0,0.0,1.0,1.0,0.0,267.0,267.0,0.8449367088607594,0.8449367088607594,medium,low,medium_hetero/low_length
hotpotqa,5a7d54165542995f4f402256,40%,421,1054,6,175.66666666666666,49.59390643572611,0.2823182529547976,79.0,217.0,2.7468354430379747,0.14547754585705253,budget-top-k,knapsack-redundancy,1.0,1.0,0.0,1.0,1.0,0.0,0.0,0.0,0.0,1.0,1.0,0.0,413.0,413.0,0.9809976247030879,0.9809976247030879,medium,low,medium_hetero/low_length
hotpotqa,5a7d54165542995f4f402256,50%,527,1054,6,175.66666666666666,49.59390643572611,0.2823182529547976,79.0,217.0,2.7468354430379747,0.14547754585705253,budget-top-k,knapsack-redundancy,1.0,1.0,0.0,1.0,1.0,0.0,0.0,0.0,0.0,1.0,1.0,0.0,413.0,413.0,0.7836812144212524,0.7836812144212524,medium,low,medium_hetero/low_length
hotpotqa,5ab859a955429934fafe6d7b,30%,700,2336,15,155.6,45.729348708825206,0.2938904158664859,31.0,212.0,6.838709677419355,0.14858611825192813,budget-top-k,knapsack-redundancy,1.0,0.8333333333333334,-0.16666666666666663,1.0,0.0,-1.0,1.0,0.5,-0.5,1.0,1.0,0.0,679.0,696.0,0.97,0.9942857142857143,medium,high,medium_hetero/high_length
hotpotqa,5ab859a955429934fafe6d7b,40%,934,2336,15,155.6,45.729348708825206,0.2938904158664859,31.0,212.0,6.838709677419355,0.14858611825192813,budget-top-k,knapsack-redundancy,1.0,1.0,0.0,1.0,1.0,0.0,1.0,1.0,0.0,1.0,1.0,0.0,922.0,925.0,0.987152034261242,0.9903640256959315,medium,high,medium_hetero/high_length
hotpotqa,5ab859a955429934fafe6d7b,50%,1168,2336,15,155.6,45.729348708825206,0.2938904158664859,31.0,212.0,6.838709677419355,0.14858611825192813,budget-top-k,knapsack-redundancy,1.0,1.0,0.0,1.0,1.0,0.0,1.0,1.0,0.0,1.0,1.0,0.0,1168.0,1168.0,1.0,1.0,medium,high,medium_hetero/high_length
hotpotqa,5add61d65542995b365fab21,30%,610,2034,15,135.6,32.71248487453478,0.24124251382400283,76.0,188.0,2.473684210526316,0.13575876761717476,budget-top-k,knapsack-redundancy,0.5869565217391304,0.5869565217391304,0.0,0.0,0.0,0.0,0.5,0.5,0.0,0.14285714285714285,0.14285714285714285,0.0,601.0,601.0,0.9852459016393442,0.9852459016393442,medium,high,medium_hetero/high_length
hotpotqa,5add61d65542995b365fab21,40%,813,2034,15,135.6,32.71248487453478,0.24124251382400283,76.0,188.0,2.473684210526316,0.13575876761717476,budget-top-k,knapsack-redundancy,0.5869565217391304,1.0,0.4130434782608696,0.0,1.0,1.0,0.5,1.0,0.5,0.14285714285714285,1.0,0.8571428571428572,759.0,781.0,0.933579335793358,0.9606396063960639,medium,high,medium_hetero/high_length
hotpotqa,5add61d65542995b365fab21,50%,1017,2034,15,135.6,32.71248487453478,0.24124251382400283,76.0,188.0,2.473684210526316,0.13575876761717476,budget-top-k,knapsack-redundancy,1.0,0.5869565217391304,-0.4130434782608696,1.0,0.0,-1.0,1.0,0.5,-0.5,1.0,0.14285714285714285,-0.8571428571428572,1005.0,1010.0,0.9882005899705014,0.9931170108161259,medium,high,medium_hetero/high_length
hotpotqa,5a8e068b5542995085b37384,30%,391,1304,9,144.88888888888889,30.599362536731398,0.2111919193486063,88.0,191.0,2.1704545454545454,0.11963190184049077,budget-top-k,knapsack-redundancy,0.9166666666666667,0.9166666666666667,0.0,0.0,0.0,0.0,0.0,0.0,0.0,0.0,0.0,0.0,378.0,378.0,0.9667519181585678,0.9667519181585678,low,medium,low_hetero/medium_length
hotpotqa,5a8e068b5542995085b37384,40%,521,1304,9,144.88888888888889,30.599362536731398,0.2111919193486063,88.0,191.0,2.1704545454545454,0.11963190184049077,budget-top-k,knapsack-redundancy,0.9166666666666667,0.9166666666666667,0.0,0.0,0.0,0.0,0.0,0.0,0.0,0.0,0.0,0.0,466.0,466.0,0.8944337811900192,0.8944337811900192,low,medium,low_hetero/medium_length
hotpotqa,5a8e068b5542995085b37384,50%,652,1304,9,144.88888888888889,30.599362536731398,0.2111919193486063,88.0,191.0,2.1704545454545454,0.11963190184049077,budget-top-k,knapsack-redundancy,0.9166666666666667,0.9166666666666667,0.0,0.0,0.0,0.0,0.0,0.0,0.0,0.0,0.0,0.0,620.0,620.0,0.950920245398773,0.950920245398773,low,medium,low_hetero/medium_length
hotpotqa,5abbf698554299114383a0b5,30%,451,1506,10,150.6,38.24970588122215,0.2539821107650873,84.0,197.0,2.3452380952380953,0.14156706507304118,budget-top-k,knapsack-redundancy,0.75,0.75,0.0,0.0,0.0,0.0,0.5,0.5,0.0,1.0,1.0,0.0,445.0,445.0,0.9866962305986696,0.9866962305986696,medium,high,medium_hetero/high_length
hotpotqa,5abbf698554299114383a0b5,40%,602,1506,10,150.6,38.24970588122215,0.2539821107650873,84.0,197.0,2.3452380952380953,0.14156706507304118,budget-top-k,knapsack-redundancy,0.975,0.975,0.0,0.0,0.0,0.0,1.0,1.0,0.0,1.0,1.0,0.0,554.0,554.0,0.920265780730897,0.920265780730897,medium,high,medium_hetero/high_length
hotpotqa,5abbf698554299114383a0b5,50%,753,1506,10,150.6,38.24970588122215,0.2539821107650873,84.0,197.0,2.3452380952380953,0.14156706507304118,budget-top-k,knapsack-redundancy,1.0,1.0,0.0,1.0,1.0,0.0,1.0,1.0,0.0,1.0,1.0,0.0,726.0,726.0,0.9641434262948207,0.9641434262948207,medium,high,medium_hetero/high_length
hotpotqa,5a8e1027554299653c1aa15f,30%,359,1199,8,149.875,25.339877170183758,0.1690734089753712,116.0,197.0,1.6982758620689655,0.09226438698915773,budget-top-k,knapsack-redundancy,0.9696969696969697,0.9696969696969697,0.0,0.0,0.0,0.0,0.0,0.0,0.0,1.0,1.0,0.0,271.0,271.0,0.754874651810585,0.754874651810585,low,medium,low_hetero/medium_length
hotpotqa,5a8e1027554299653c1aa15f,40%,479,1199,8,149.875,25.339877170183758,0.1690734089753712,116.0,197.0,1.6982758620689655,0.09226438698915773,budget-top-k,knapsack-redundancy,1.0,1.0,0.0,1.0,1.0,0.0,0.0,0.0,0.0,1.0,1.0,0.0,468.0,468.0,0.9770354906054279,0.9770354906054279,low,medium,low_hetero/medium_length
hotpotqa,5a8e1027554299653c1aa15f,50%,599,1199,8,149.875,25.339877170183758,0.1690734089753712,116.0,197.0,1.6982758620689655,0.09226438698915773,budget-top-k,knapsack-redundancy,1.0,1.0,0.0,1.0,1.0,0.0,0.0,0.0,0.0,1.0,1.0,0.0,590.0,590.0,0.9849749582637729,0.9849749582637729,low,medium,low_hetero/medium_length
hotpotqa,5ab84bf555429916710eb01f,30%,375,1250,8,156.25,22.493054483551138,0.1439555486947273,123.0,192.0,1.5609756097560976,0.0795999999999999,budget-top-k,knapsack-redundancy,1.0,1.0,0.0,1.0,1.0,0.0,0.0,0.0,0.0,0.0,0.0,0.0,358.0,358.0,0.9546666666666667,0.9546666666666667,low,medium,low_hetero/medium_length
hotpotqa,5ab84bf555429916710eb01f,40%,500,1250,8,156.25,22.493054483551138,0.1439555486947273,123.0,192.0,1.5609756097560976,0.0795999999999999,budget-top-k,knapsack-redundancy,1.0,1.0,0.0,1.0,1.0,0.0,0.0,0.0,0.0,0.0,0.0,0.0,499.0,499.0,0.998,0.998,low,medium,low_hetero/medium_length
hotpotqa,5ab84bf555429916710eb01f,50%,625,1250,8,156.25,22.493054483551138,0.1439555486947273,123.0,192.0,1.5609756097560976,0.0795999999999999,budget-top-k,knapsack-redundancy,1.0,0.75,-0.25,1.0,0.0,-1.0,0.0,0.0,0.0,0.0,0.0,0.0,506.0,606.0,0.8096,0.9696,low,medium,low_hetero/medium_length
hotpotqa,5a77724455429972597f153e,30%,366,1221,8,152.625,37.798602818093684,0.24765669332084314,102.0,204.0,2.0,0.14015151515151514,budget-top-k,knapsack-redundancy,0.25,0.25,0.0,0.0,0.0,0.0,0.0,0.0,0.0,0.0,0.0,0.0,306.0,306.0,0.8360655737704918,0.8360655737704918,medium,medium,medium_hetero/medium_length
hotpotqa,5a77724455429972597f153e,40%,488,1221,8,152.625,37.798602818093684,0.24765669332084314,102.0,204.0,2.0,0.14015151515151514,budget-top-k,knapsack-redundancy,0.625,0.625,0.0,0.0,0.0,0.0,0.0,0.0,0.0,1.0,1.0,0.0,488.0,488.0,1.0,1.0,medium,medium,medium_hetero/medium_length
hotpotqa,5a77724455429972597f153e,50%,610,1221,8,152.625,37.798602818093684,0.24765669332084314,102.0,204.0,2.0,0.14015151515151514,budget-top-k,knapsack-redundancy,0.625,0.8333333333333333,0.20833333333333326,0.0,0.0,0.0,0.0,0.0,0.0,1.0,1.0,0.0,590.0,601.0,0.9672131147540983,0.9852459016393442,medium,medium,medium_hetero/medium_length
hotpotqa,5a87c13f5542996e4f30890c,30%,403,1345,10,134.5,42.14795368698224,0.3133676854050724,62.0,198.0,3.193548387096774,0.17836431226765792,budget-top-k,knapsack-redundancy,1.0,0.5714285714285714,-0.4285714285714286,1.0,0.0,-1.0,0.5,0.0,-0.5,1.0,1.0,0.0,336.0,401.0,0.8337468982630273,0.9950372208436724,high,medium,high_hetero/medium_length
hotpotqa,5a87c13f5542996e4f30890c,40%,538,1345,10,134.5,42.14795368698224,0.3133676854050724,62.0,198.0,3.193548387096774,0.17836431226765792,budget-top-k,knapsack-redundancy,1.0,1.0,0.0,1.0,1.0,0.0,0.5,0.5,0.0,1.0,1.0,0.0,483.0,483.0,0.8977695167286245,0.8977695167286245,high,medium,high_hetero/medium_length
hotpotqa,5a87c13f5542996e4f30890c,50%,672,1345,10,134.5,42.14795368698224,0.3133676854050724,62.0,198.0,3.193548387096774,0.17836431226765792,budget-top-k,knapsack-redundancy,1.0,1.0,0.0,1.0,1.0,0.0,0.5,0.5,0.0,1.0,1.0,0.0,620.0,620.0,0.9226190476190477,0.9226190476190477,high,medium,high_hetero/medium_length
hotpotqa,5ab96ab755429970cfb8eacd,30%,389,1298,10,129.8,27.20588171701112,0.20959847239607948,96.0,178.0,1.8541666666666667,0.11771956856702603,budget-top-k,knapsack-redundancy,0.6608391608391608,0.7185314685314685,0.05769230769230771,0.0,0.0,0.0,0.0,0.0,0.0,0.0,0.0,0.0,325.0,357.0,0.8354755784061697,0.9177377892030848,low,medium,low_hetero/medium_length
hotpotqa,5ab96ab755429970cfb8eacd,40%,519,1298,10,129.8,27.20588171701112,0.20959847239607948,96.0,178.0,1.8541666666666667,0.11771956856702603,budget-top-k,knapsack-redundancy,0.6608391608391608,0.8409090909090909,0.1800699300699301,0.0,0.0,0.0,0.0,0.5,0.5,0.0,0.0,0.0,436.0,489.0,0.8400770712909441,0.9421965317919075,low,medium,low_hetero/medium_length
hotpotqa,5ab96ab755429970cfb8eacd,50%,649,1298,10,129.8,27.20588171701112,0.20959847239607948,96.0,178.0,1.8541666666666667,0.11771956856702603,budget-top-k,knapsack-redundancy,0.8409090909090909,0.7377622377622377,-0.10314685314685323,0.0,0.0,0.0,0.5,0.0,-0.5,0.0,0.0,0.0,568.0,642.0,0.8751926040061633,0.9892141756548536,low,medium,low_hetero/medium_length
hotpotqa,5a8a43eb5542996c9b8d5e82,30%,495,1653,11,150.27272727272728,46.04956007901785,0.3064399037321212,80.0,219.0,2.7375,0.17257878237914537,budget-top-k,knapsack-redundancy,0.75,1.0,0.25,0.0,1.0,1.0,0.0,0.5,0.5,1.0,1.0,0.0,425.0,478.0,0.8585858585858586,0.9656565656565657,high,high,high_hetero/high_length
hotpotqa,5a8a43eb5542996c9b8d5e82,40%,661,1653,11,150.27272727272728,46.04956007901785,0.3064399037321212,80.0,219.0,2.7375,0.17257878237914537,budget-top-k,knapsack-redundancy,0.75,1.0,0.25,0.0,1.0,1.0,0.0,0.5,0.5,1.0,1.0,0.0,631.0,590.0,0.9546142208774584,0.8925869894099848,high,high,high_hetero/high_length
hotpotqa,5a8a43eb5542996c9b8d5e82,50%,826,1653,11,150.27272727272728,46.04956007901785,0.3064399037321212,80.0,219.0,2.7375,0.17257878237914537,budget-top-k,knapsack-redundancy,1.0,1.0,0.0,1.0,1.0,0.0,0.5,0.5,0.0,1.0,1.0,0.0,811.0,796.0,0.9818401937046005,0.9636803874092009,high,high,high_hetero/high_length
hotpotqa,5ae73acb5542991e8301cc07,30%,378,1261,8,157.625,33.84500517063042,0.21471851020225485,104.0,206.0,1.9807692307692308,0.11964710547184776,budget-top-k,knapsack-redundancy,0.625,0.625,0.0,0.0,0.0,0.0,0.5,0.5,0.0,1.0,1.0,0.0,358.0,358.0,0.9470899470899471,0.9470899470899471,low,medium,low_hetero/medium_length
hotpotqa,5ae73acb5542991e8301cc07,40%,504,1261,8,157.625,33.84500517063042,0.21471851020225485,104.0,206.0,1.9807692307692308,0.11964710547184776,budget-top-k,knapsack-redundancy,0.625,0.625,0.0,0.0,0.0,0.0,0.5,0.5,0.0,1.0,1.0,0.0,462.0,462.0,0.9166666666666666,0.9166666666666666,low,medium,low_hetero/medium_length
hotpotqa,5ae73acb5542991e8301cc07,50%,630,1261,8,157.625,33.84500517063042,0.21471851020225485,104.0,206.0,1.9807692307692308,0.11964710547184776,budget-top-k,knapsack-redundancy,0.625,0.625,0.0,0.0,0.0,0.0,0.5,0.5,0.0,1.0,1.0,0.0,622.0,622.0,0.9873015873015873,0.9873015873015873,low,medium,low_hetero/medium_length
hotpotqa,5a7320565542991f9a20c61d,30%,414,1380,10,138.1,49.159841334162174,0.35597278301348423,33.0,207.0,6.2727272727272725,0.19587255611875443,budget-top-k,knapsack-redundancy,0.7857142857142857,0.7857142857142857,0.0,0.0,0.0,0.0,0.5,0.5,0.0,1.0,1.0,0.0,361.0,361.0,0.8719806763285024,0.8719806763285024,high,medium,high_hetero/medium_length
hotpotqa,5a7320565542991f9a20c61d,40%,552,1380,10,138.1,49.159841334162174,0.35597278301348423,33.0,207.0,6.2727272727272725,0.19587255611875443,budget-top-k,knapsack-redundancy,0.7857142857142857,0.7857142857142857,0.0,0.0,0.0,0.0,0.5,0.5,0.0,1.0,1.0,0.0,483.0,502.0,0.875,0.9094202898550725,high,medium,high_hetero/medium_length
hotpotqa,5a7320565542991f9a20c61d,50%,690,1380,10,138.1,49.159841334162174,0.35597278301348423,33.0,207.0,6.2727272727272725,0.19587255611875443,budget-top-k,knapsack-redundancy,0.7857142857142857,0.7857142857142857,0.0,0.0,0.0,0.0,0.5,0.5,0.0,1.0,1.0,0.0,624.0,673.0,0.9043478260869565,0.9753623188405797,high,medium,high_hetero/medium_length
hotpotqa,5ae32e125542991a06ce9946,30%,383,1278,10,127.8,57.95653543820576,0.4534940175133471,23.0,207.0,9.0,0.25461658841940515,budget-top-k,knapsack-redundancy,0.26495726495726496,0.7307692307692308,0.4658119658119659,0.0,0.0,0.0,0.0,0.5,0.5,0.0,0.0,0.0,380.0,367.0,0.9921671018276762,0.95822454308094,high,medium,high_hetero/medium_length
hotpotqa,5ae32e125542991a06ce9946,40%,511,1278,10,127.8,57.95653543820576,0.4534940175133471,23.0,207.0,9.0,0.25461658841940515,budget-top-k,knapsack-redundancy,0.5641025641025641,0.7307692307692308,0.16666666666666674,0.0,0.0,0.0,0.0,0.5,0.5,0.0,0.0,0.0,500.0,494.0,0.9784735812133072,0.9667318982387475,high,medium,high_hetero/medium_length
hotpotqa,5ae32e125542991a06ce9946,50%,639,1278,10,127.8,57.95653543820576,0.4534940175133471,23.0,207.0,9.0,0.25461658841940515,budget-top-k,knapsack-redundancy,0.5641025641025641,1.0,0.4358974358974359,0.0,1.0,1.0,0.0,1.0,1.0,0.0,0.0,0.0,627.0,610.0,0.9812206572769953,0.9546165884194053,high,medium,high_hetero/medium_length
hotpotqa,5adc53f75542996e6852530a,30%,304,1015,7,145.0,27.57327899045948,0.19016054476178954,107.0,185.0,1.7289719626168225,0.10668543279380716,budget-top-k,knapsack-redundancy,0.2711038961038961,0.2711038961038961,0.0,0.0,0.0,0.0,0.0,0.0,0.0,1.0,1.0,0.0,287.0,287.0,0.944078947368421,0.944078947368421,low,low,low_hetero/low_length
hotpotqa,5adc53f75542996e6852530a,40%,406,1015,7,145.0,27.57327899045948,0.19016054476178954,107.0,185.0,1.7289719626168225,0.10668543279380716,budget-top-k,knapsack-redundancy,0.2711038961038961,0.2711038961038961,0.0,0.0,0.0,0.0,0.0,0.0,0.0,1.0,1.0,0.0,287.0,287.0,0.7068965517241379,0.7068965517241379,low,low,low_hetero/low_length
hotpotqa,5adc53f75542996e6852530a,50%,507,1015,7,145.0,27.57327899045948,0.19016054476178954,107.0,185.0,1.7289719626168225,0.10668543279380716,budget-top-k,knapsack-redundancy,0.625,0.625,0.0,0.0,0.0,0.0,0.0,0.0,0.0,1.0,1.0,0.0,424.0,424.0,0.8362919132149902,0.8362919132149902,low,low,low_hetero/low_length
hotpotqa,5a8b20335542996c9b8d5fb3,30%,504,1682,10,168.2,47.50326304581613,0.28242130229379386,50.0,209.0,4.18,0.1398335315101069,budget-top-k,knapsack-redundancy,1.0,1.0,0.0,1.0,1.0,0.0,0.5,0.5,0.0,1.0,1.0,0.0,455.0,455.0,0.9027777777777778,0.9027777777777778,medium,high,medium_hetero/high_length
hotpotqa,5a8b20335542996c9b8d5fb3,40%,672,1682,10,168.2,47.50326304581613,0.28242130229379386,50.0,209.0,4.18,0.1398335315101069,budget-top-k,knapsack-redundancy,1.0,1.0,0.0,1.0,1.0,0.0,0.5,0.5,0.0,1.0,1.0,0.0,664.0,671.0,0.9880952380952381,0.9985119047619048,medium,high,medium_hetero/high_length
hotpotqa,5a8b20335542996c9b8d5fb3,50%,841,1682,10,168.2,47.50326304581613,0.28242130229379386,50.0,209.0,4.18,0.1398335315101069,budget-top-k,knapsack-redundancy,1.0,1.0,0.0,1.0,1.0,0.0,0.5,0.5,0.0,1.0,1.0,0.0,808.0,808.0,0.9607609988109393,0.9607609988109393,medium,high,medium_hetero/high_length
hotpotqa,5a85fb085542994775f606de,30%,385,1285,8,160.625,46.151753758660135,0.28732609343912924,106.0,214.0,2.018867924528302,0.15476653696498044,budget-top-k,knapsack-redundancy,0.5450980392156862,0.5450980392156862,0.0,0.0,0.0,0.0,0.0,0.0,0.0,0.0,0.0,0.0,323.0,323.0,0.8389610389610389,0.8389610389610389,medium,medium,medium_hetero/medium_length
hotpotqa,5a85fb085542994775f606de,40%,514,1285,8,160.625,46.151753758660135,0.28732609343912924,106.0,214.0,2.018867924528302,0.15476653696498044,budget-top-k,knapsack-redundancy,0.7098039215686275,0.7372549019607844,0.027450980392156876,0.0,0.0,0.0,0.0,0.0,0.0,1.0,0.0,-1.0,422.0,455.0,0.8210116731517509,0.8852140077821011,medium,medium,medium_hetero/medium_length
hotpotqa,5a85fb085542994775f606de,50%,642,1285,8,160.625,46.151753758660135,0.28732609343912924,106.0,214.0,2.018867924528302,0.15476653696498044,budget-top-k,knapsack-redundancy,1.0,1.0,0.0,1.0,1.0,0.0,0.5,0.5,0.0,1.0,1.0,0.0,619.0,626.0,0.9641744548286605,0.9750778816199377,medium,medium,medium_hetero/medium_length
hotpotqa,5a7be2595542997c3ec972ac,30%,322,1074,7,153.57142857142858,41.979100728328895,0.2733522838123742,92.0,204.0,2.217391304347826,0.15255813953488384,budget-top-k,knapsack-redundancy,1.0,1.0,0.0,1.0,1.0,0.0,0.5,0.5,0.0,1.0,1.0,0.0,280.0,280.0,0.8695652173913043,0.8695652173913043,medium,low,medium_hetero/low_length
hotpotqa,5a7be2595542997c3ec972ac,40%,429,1074,7,153.57142857142858,41.979100728328895,0.2733522838123742,92.0,204.0,2.217391304347826,0.15255813953488384,budget-top-k,knapsack-redundancy,0.5952380952380952,1.0,0.40476190476190477,0.0,1.0,1.0,0.0,0.5,0.5,0.6666666666666666,1.0,0.33333333333333337,392.0,379.0,0.9137529137529138,0.8834498834498834,medium,low,medium_hetero/low_length
hotpotqa,5a7be2595542997c3ec972ac,50%,537,1074,7,153.57142857142858,41.979100728328895,0.2733522838123742,92.0,204.0,2.217391304347826,0.15255813953488384,budget-top-k,knapsack-redundancy,1.0,1.0,0.0,1.0,1.0,0.0,0.5,0.5,0.0,1.0,1.0,0.0,484.0,537.0,0.9013035381750466,1.0,medium,low,medium_hetero/low_length
hotpotqa,5a77152355429966f1a36c2e,30%,229,766,5,153.2,32.7621733100843,0.21385230620159468,108.0,199.0,1.8425925925925926,0.11958224543080953,budget-top-k,knapsack-redundancy,0.7777777777777778,0.7777777777777778,0.0,0.0,0.0,0.0,0.5,0.5,0.0,0.0,0.0,0.0,108.0,108.0,0.47161572052401746,0.47161572052401746,low,low,low_hetero/low_length
hotpotqa,5a77152355429966f1a36c2e,40%,306,766,5,153.2,32.7621733100843,0.21385230620159468,108.0,199.0,1.8425925925925926,0.11958224543080953,budget-top-k,knapsack-redundancy,1.0,1.0,0.0,1.0,1.0,0.0,0.5,0.5,0.0,0.0,0.0,0.0,280.0,280.0,0.9150326797385621,0.9150326797385621,low,low,low_hetero/low_length
hotpotqa,5a77152355429966f1a36c2e,50%,383,766,5,153.2,32.7621733100843,0.21385230620159468,108.0,199.0,1.8425925925925926,0.11958224543080953,budget-top-k,knapsack-redundancy,1.0,1.0,0.0,1.0,1.0,0.0,0.5,0.5,0.0,0.0,0.0,0.0,280.0,280.0,0.7310704960835509,0.7310704960835509,low,low,low_hetero/low_length
hotpotqa,5a8f4c8d554299458435d5a3,30%,305,1017,6,169.5,26.443335644354704,0.15600787990769738,136.0,218.0,1.6029411764705883,0.08538184201901,budget-top-k,knapsack-redundancy,0.7692307692307692,0.7692307692307692,0.0,0.0,0.0,0.0,0.0,0.0,0.0,0.0,0.0,0.0,218.0,218.0,0.7147540983606557,0.7147540983606557,low,low,low_hetero/low_length
hotpotqa,5a8f4c8d554299458435d5a3,40%,406,1017,6,169.5,26.443335644354704,0.15600787990769738,136.0,218.0,1.6029411764705883,0.08538184201901,budget-top-k,knapsack-redundancy,0.8076923076923077,0.8076923076923077,0.0,0.0,0.0,0.0,0.0,0.0,0.0,0.0,0.0,0.0,400.0,400.0,0.9852216748768473,0.9852216748768473,low,low,low_hetero/low_length
hotpotqa,5a8f4c8d554299458435d5a3,50%,508,1017,6,169.5,26.443335644354704,0.15600787990769738,136.0,218.0,1.6029411764705883,0.08538184201901,budget-top-k,knapsack-redundancy,0.8076923076923077,0.8076923076923077,0.0,0.0,0.0,0.0,0.0,0.0,0.0,0.0,0.0,0.0,400.0,400.0,0.7874015748031497,0.7874015748031497,low,low,low_hetero/low_length
hotpotqa,5a80840f554299485f59863b,30%,413,1378,8,172.25,31.01914731258743,0.18008213243882398,126.0,211.0,1.6746031746031746,0.10068940493468803,budget-top-k,knapsack-redundancy,1.0,1.0,0.0,1.0,1.0,0.0,0.0,0.0,0.0,1.0,1.0,0.0,384.0,384.0,0.9297820823244553,0.9297820823244553,low,medium,low_hetero/medium_length
hotpotqa,5a80840f554299485f59863b,40%,551,1378,8,172.25,31.01914731258743,0.18008213243882398,126.0,211.0,1.6746031746031746,0.10068940493468803,budget-top-k,knapsack-redundancy,1.0,1.0,0.0,1.0,1.0,0.0,0.0,0.0,0.0,1.0,1.0,0.0,536.0,536.0,0.9727767695099818,0.9727767695099818,low,medium,low_hetero/medium_length
hotpotqa,5a80840f554299485f59863b,50%,689,1378,8,172.25,31.01914731258743,0.18008213243882398,126.0,211.0,1.6746031746031746,0.10068940493468803,budget-top-k,knapsack-redundancy,1.0,1.0,0.0,1.0,1.0,0.0,0.0,0.0,0.0,1.0,1.0,0.0,662.0,662.0,0.9608127721335269,0.9608127721335269,low,medium,low_hetero/medium_length
hotpotqa,5a8361b65542992ef85e22a0,30%,569,1899,14,135.64285714285714,63.14790703788453,0.4655453915378533,15.0,217.0,14.466666666666667,0.2591213420597307,budget-top-k,knapsack-redundancy,1.0,1.0,0.0,1.0,1.0,0.0,0.5,0.5,0.0,1.0,1.0,0.0,567.0,567.0,0.9964850615114236,0.9964850615114236,high,high,high_hetero/high_length
hotpotqa,5a8361b65542992ef85e22a0,40%,759,1899,14,135.64285714285714,63.14790703788453,0.4655453915378533,15.0,217.0,14.466666666666667,0.2591213420597307,budget-top-k,knapsack-redundancy,1.0,1.0,0.0,1.0,1.0,0.0,0.5,0.5,0.0,1.0,1.0,0.0,738.0,745.0,0.9723320158102767,0.9815546772068511,high,high,high_hetero/high_length
hotpotqa,5a8361b65542992ef85e22a0,50%,949,1899,14,135.64285714285714,63.14790703788453,0.4655453915378533,15.0,217.0,14.466666666666667,0.2591213420597307,budget-top-k,knapsack-redundancy,1.0,1.0,0.0,1.0,1.0,0.0,0.5,0.5,0.0,1.0,1.0,0.0,940.0,945.0,0.9905163329820864,0.9957850368809273,high,high,high_hetero/high_length
hotpotqa,5ae7ba7a5542993210983f12,30%,575,1919,13,147.53846153846155,36.48100746039566,0.24726438841769735,76.0,217.0,2.8552631578947367,0.1379642255554665,budget-top-k,knapsack-redundancy,0.9,0.9,0.0,0.0,0.0,0.0,0.5,0.5,0.0,1.0,1.0,0.0,571.0,571.0,0.9930434782608696,0.9930434782608696,medium,high,medium_hetero/high_length
hotpotqa,5ae7ba7a5542993210983f12,40%,767,1919,13,147.53846153846155,36.48100746039566,0.24726438841769735,76.0,217.0,2.8552631578947367,0.1379642255554665,budget-top-k,knapsack-redundancy,0.9,0.9,0.0,0.0,0.0,0.0,0.5,0.5,0.0,1.0,1.0,0.0,717.0,717.0,0.9348109517601043,0.9348109517601043,medium,high,medium_hetero/high_length
hotpotqa,5ae7ba7a5542993210983f12,50%,959,1919,13,147.53846153846155,36.48100746039566,0.24726438841769735,76.0,217.0,2.8552631578947367,0.1379642255554665,budget-top-k,knapsack-redundancy,0.9,0.9,0.0,0.0,0.0,0.0,0.5,0.5,0.0,1.0,1.0,0.0,889.0,936.0,0.927007299270073,0.9760166840458812,medium,high,medium_hetero/high_length
hotpotqa,5ac2acff55429921a00ab02b,30%,378,1263,7,180.42857142857142,39.27870067263697,0.21769667831231895,89.0,217.0,2.438202247191011,0.10225087659766996,budget-top-k,knapsack-redundancy,0.5714285714285714,0.5714285714285714,0.0,0.0,0.0,0.0,0.0,0.0,0.0,0.0,0.0,0.0,282.0,282.0,0.746031746031746,0.746031746031746,low,medium,low_hetero/medium_length
hotpotqa,5ac2acff55429921a00ab02b,40%,505,1263,7,180.42857142857142,39.27870067263697,0.21769667831231895,89.0,217.0,2.438202247191011,0.10225087659766996,budget-top-k,knapsack-redundancy,0.5714285714285714,0.5714285714285714,0.0,0.0,0.0,0.0,0.0,0.0,0.0,0.0,0.0,0.0,479.0,479.0,0.9485148514851485,0.9485148514851485,low,medium,low_hetero/medium_length
hotpotqa,5ac2acff55429921a00ab02b,50%,631,1263,7,180.42857142857142,39.27870067263697,0.21769667831231895,89.0,217.0,2.438202247191011,0.10225087659766996,budget-top-k,knapsack-redundancy,0.5952380952380952,0.5952380952380952,0.0,0.0,0.0,0.0,0.0,0.0,0.0,0.0,0.0,0.0,607.0,607.0,0.9619651347068146,0.9619651347068146,low,medium,low_hetero/medium_length
hotpotqa,5aba7cfe554299232ef4a2fd,30%,357,1192,9,132.44444444444446,39.25164146917542,0.29636306478404256,47.0,180.0,3.8297872340425534,0.1614466815809097,budget-top-k,knapsack-redundancy,0.65,0.65,0.0,0.0,0.0,0.0,0.0,0.0,0.0,0.5,0.5,0.0,354.0,354.0,0.9915966386554622,0.9915966386554622,medium,medium,medium_hetero/medium_length
hotpotqa,5aba7cfe554299232ef4a2fd,40%,476,1192,9,132.44444444444446,39.25164146917542,0.29636306478404256,47.0,180.0,3.8297872340425534,0.1614466815809097,budget-top-k,knapsack-redundancy,1.0,1.0,0.0,1.0,1.0,0.0,0.5,0.5,0.0,1.0,1.0,0.0,469.0,469.0,0.9852941176470589,0.9852941176470589,medium,medium,medium_hetero/medium_length
hotpotqa,5aba7cfe554299232ef4a2fd,50%,596,1192,9,132.44444444444446,39.25164146917542,0.29636306478404256,47.0,180.0,3.8297872340425534,0.1614466815809097,budget-top-k,knapsack-redundancy,0.65,1.0,0.35,0.0,1.0,1.0,0.0,0.5,0.5,0.5,1.0,0.5,534.0,593.0,0.8959731543624161,0.9949664429530202,medium,medium,medium_hetero/medium_length
hotpotqa,5ae5aba0554299546bf82f17,30%,389,1299,9,144.33333333333334,28.6705423736629,0.19864117118011246,97.0,189.0,1.9484536082474226,0.10623556581986149,budget-top-k,knapsack-redundancy,0.7380952380952381,0.6428571428571428,-0.09523809523809534,0.0,0.0,0.0,0.0,0.0,0.0,1.0,1.0,0.0,293.0,338.0,0.7532133676092545,0.8688946015424165,low,medium,low_hetero/medium_length
hotpotqa,5ae5aba0554299546bf82f17,40%,519,1299,9,144.33333333333334,28.6705423736629,0.19864117118011246,97.0,189.0,1.9484536082474226,0.10623556581986149,budget-top-k,knapsack-redundancy,0.7380952380952381,0.7380952380952381,0.0,0.0,0.0,0.0,0.0,0.0,0.0,1.0,1.0,0.0,487.0,487.0,0.9383429672447013,0.9383429672447013,low,medium,low_hetero/medium_length
hotpotqa,5ae5aba0554299546bf82f17,50%,649,1299,9,144.33333333333334,28.6705423736629,0.19864117118011246,97.0,189.0,1.9484536082474226,0.10623556581986149,budget-top-k,knapsack-redundancy,0.7380952380952381,1.0,0.26190476190476186,0.0,1.0,1.0,0.0,0.0,0.0,1.0,1.0,0.0,631.0,642.0,0.9722650231124808,0.9892141756548536,low,medium,low_hetero/medium_length
hotpotqa,5ae1f4cb554299234fd0436d,30%,290,967,7,138.14285714285714,39.13138518021626,0.2832675245724032,90.0,199.0,2.2111111111111112,0.1592554291623578,budget-top-k,knapsack-redundancy,0.6,0.6,0.0,0.0,0.0,0.0,0.5,0.5,0.0,0.0,0.0,0.0,246.0,246.0,0.8482758620689655,0.8482758620689655,medium,low,medium_hetero/low_length
hotpotqa,5ae1f4cb554299234fd0436d,40%,386,967,7,138.14285714285714,39.13138518021626,0.2832675245724032,90.0,199.0,2.2111111111111112,0.1592554291623578,budget-top-k,knapsack-redundancy,0.65,0.65,0.0,0.0,0.0,0.0,0.5,0.5,0.0,0.0,0.0,0.0,356.0,356.0,0.9222797927461139,0.9222797927461139,medium,low,medium_hetero/low_length
hotpotqa,5ae1f4cb554299234fd0436d,50%,483,967,7,138.14285714285714,39.13138518021626,0.2832675245724032,90.0,199.0,2.2111111111111112,0.1592554291623578,budget-top-k,knapsack-redundancy,0.6,0.6,0.0,0.0,0.0,0.0,0.5,0.5,0.0,0.0,0.0,0.0,420.0,420.0,0.8695652173913043,0.8695652173913043,medium,low,medium_hetero/low_length
hotpotqa,5ae7e1fc55429952e35ea9cc,30%,403,1346,9,149.55555555555554,29.563908594061523,0.1976784378503371,104.0,197.0,1.8942307692307692,0.11226679874525347,budget-top-k,knapsack-redundancy,0.9285714285714286,0.9285714285714286,0.0,0.0,0.0,0.0,0.5,0.5,0.0,1.0,1.0,0.0,382.0,361.0,0.9478908188585607,0.8957816377171216,low,medium,low_hetero/medium_length
hotpotqa,5ae7e1fc55429952e35ea9cc,40%,538,1346,9,149.55555555555554,29.563908594061523,0.1976784378503371,104.0,197.0,1.8942307692307692,0.11226679874525347,budget-top-k,knapsack-redundancy,1.0,0.9285714285714286,-0.0714285714285714,1.0,0.0,-1.0,0.5,0.5,0.0,1.0,1.0,0.0,441.0,528.0,0.8197026022304833,0.9814126394052045,low,medium,low_hetero/medium_length
hotpotqa,5ae7e1fc55429952e35ea9cc,50%,673,1346,9,149.55555555555554,29.563908594061523,0.1976784378503371,104.0,197.0,1.8942307692307692,0.11226679874525347,budget-top-k,knapsack-redundancy,1.0,0.9285714285714286,-0.0714285714285714,1.0,0.0,-1.0,0.5,0.5,0.0,1.0,1.0,0.0,608.0,653.0,0.9034175334323923,0.9702823179791976,low,medium,low_hetero/medium_length
hotpotqa,5ae37c765542992f92d822d4,30%,450,1501,10,150.0,35.9722114972099,0.23981474331473265,90.0,210.0,2.3333333333333335,0.12986666666666657,budget-top-k,knapsack-redundancy,0.6764705882352942,0.6764705882352942,0.0,0.0,0.0,0.0,0.0,0.0,0.0,1.0,1.0,0.0,443.0,443.0,0.9844444444444445,0.9844444444444445,medium,high,medium_hetero/high_length
hotpotqa,5ae37c765542992f92d822d4,40%,600,1501,10,150.0,35.9722114972099,0.23981474331473265,90.0,210.0,2.3333333333333335,0.12986666666666657,budget-top-k,knapsack-redundancy,0.6764705882352942,0.6764705882352942,0.0,0.0,0.0,0.0,0.0,0.0,0.0,1.0,1.0,0.0,598.0,598.0,0.9966666666666667,0.9966666666666667,medium,high,medium_hetero/high_length
hotpotqa,5ae37c765542992f92d822d4,50%,750,1501,10,150.0,35.9722114972099,0.23981474331473265,90.0,210.0,2.3333333333333335,0.12986666666666657,budget-top-k,knapsack-redundancy,0.6764705882352942,0.6764705882352942,0.0,0.0,0.0,0.0,0.0,0.0,0.0,1.0,1.0,0.0,688.0,688.0,0.9173333333333333,0.9173333333333333,medium,high,medium_hetero/high_length
hotpotqa,5ae33c4d5542992f92d82262,30%,290,968,6,161.33333333333334,42.59368758656877,0.26401046024732705,86.0,213.0,2.4767441860465116,0.14497245179063345,budget-top-k,knapsack-redundancy,0.5050505050505051,0.5050505050505051,0.0,0.0,0.0,0.0,0.5,0.5,0.0,0.3333333333333333,0.3333333333333333,0.0,229.0,229.0,0.7896551724137931,0.7896551724137931,medium,low,medium_hetero/low_length
hotpotqa,5ae33c4d5542992f92d82262,40%,387,968,6,161.33333333333334,42.59368758656877,0.26401046024732705,86.0,213.0,2.4767441860465116,0.14497245179063345,budget-top-k,knapsack-redundancy,1.0,1.0,0.0,1.0,1.0,0.0,0.5,0.5,0.0,1.0,1.0,0.0,350.0,350.0,0.9043927648578811,0.9043927648578811,medium,low,medium_hetero/low_length
hotpotqa,5ae33c4d5542992f92d82262,50%,484,968,6,161.33333333333334,42.59368758656877,0.26401046024732705,86.0,213.0,2.4767441860465116,0.14497245179063345,budget-top-k,knapsack-redundancy,1.0,1.0,0.0,1.0,1.0,0.0,0.5,0.5,0.0,1.0,1.0,0.0,436.0,436.0,0.9008264462809917,0.9008264462809917,medium,low,medium_hetero/low_length
hotpotqa,5a77cb335542997042120b3a,30%,239,799,5,159.8,44.042706547168514,0.2756114302075626,101.0,213.0,2.108910891089109,0.15168961201501885,budget-top-k,knapsack-redundancy,0.8159340659340659,0.8159340659340659,0.0,0.0,0.0,0.0,0.0,0.0,0.0,1.0,1.0,0.0,208.0,208.0,0.8702928870292888,0.8702928870292888,medium,low,medium_hetero/low_length
hotpotqa,5a77cb335542997042120b3a,40%,319,799,5,159.8,44.042706547168514,0.2756114302075626,101.0,213.0,2.108910891089109,0.15168961201501885,budget-top-k,knapsack-redundancy,1.0,1.0,0.0,1.0,1.0,0.0,0.5,0.5,0.0,1.0,1.0,0.0,309.0,309.0,0.9686520376175548,0.9686520376175548,medium,low,medium_hetero/low_length
hotpotqa,5a77cb335542997042120b3a,50%,399,799,5,159.8,44.042706547168514,0.2756114302075626,101.0,213.0,2.108910891089109,0.15168961201501885,budget-top-k,knapsack-redundancy,1.0,1.0,0.0,1.0,1.0,0.0,0.5,0.5,0.0,1.0,1.0,0.0,309.0,309.0,0.7744360902255639,0.7744360902255639,medium,low,medium_hetero/low_length
hotpotqa,5a8979f4554299669944a52e,30%,303,1012,8,126.5,44.505617622947334,0.3518230642130224,35.0,188.0,5.371428571428571,0.18972332015810278,budget-top-k,knapsack-redundancy,0.6764705882352942,0.6764705882352942,0.0,0.0,0.0,0.0,0.5,0.5,0.0,0.0,0.0,0.0,266.0,266.0,0.8778877887788779,0.8778877887788779,high,low,high_hetero/low_length
hotpotqa,5a8979f4554299669944a52e,40%,404,1012,8,126.5,44.505617622947334,0.3518230642130224,35.0,188.0,5.371428571428571,0.18972332015810278,budget-top-k,knapsack-redundancy,0.7352941176470589,0.7352941176470589,0.0,0.0,0.0,0.0,0.5,0.5,0.0,0.0,0.0,0.0,391.0,391.0,0.9678217821782178,0.9678217821782178,high,low,high_hetero/low_length
hotpotqa,5a8979f4554299669944a52e,50%,506,1012,8,126.5,44.505617622947334,0.3518230642130224,35.0,188.0,5.371428571428571,0.18972332015810278,budget-top-k,knapsack-redundancy,0.6764705882352942,0.7352941176470589,0.05882352941176472,0.0,0.0,0.0,0.5,0.5,0.0,0.0,0.0,0.0,454.0,481.0,0.8972332015810277,0.950592885375494,high,low,high_hetero/low_length
hotpotqa,5a713ea95542994082a3e6e4,30%,435,1453,9,161.44444444444446,34.24782592000423,0.21213381505852585,106.0,207.0,1.9528301886792452,0.12005811730519222,budget-top-k,knapsack-redundancy,0.712121212121212,0.712121212121212,0.0,0.0,0.0,0.0,0.0,0.0,0.0,0.0,0.0,0.0,398.0,398.0,0.9149425287356322,0.9149425287356322,low,high,low_hetero/high_length
hotpotqa,5a713ea95542994082a3e6e4,40%,581,1453,9,161.44444444444446,34.24782592000423,0.21213381505852585,106.0,207.0,1.9528301886792452,0.12005811730519222,budget-top-k,knapsack-redundancy,0.712121212121212,0.712121212121212,0.0,0.0,0.0,0.0,0.0,0.0,0.0,0.0,0.0,0.0,560.0,560.0,0.963855421686747,0.963855421686747,low,high,low_hetero/high_length
hotpotqa,5a713ea95542994082a3e6e4,50%,726,1453,9,161.44444444444446,34.24782592000423,0.21213381505852585,106.0,207.0,1.9528301886792452,0.12005811730519222,budget-top-k,knapsack-redundancy,1.0,1.0,0.0,1.0,1.0,0.0,0.5,0.5,0.0,1.0,1.0,0.0,666.0,666.0,0.9173553719008265,0.9173553719008265,low,high,low_hetero/high_length
hotpotqa,5a78bd9b554299078472774a,30%,397,1325,9,147.33333333333334,53.78971401051816,0.3650885566324762,27.0,193.0,7.148148148148148,0.17429193899782125,budget-top-k,knapsack-redundancy,1.0,1.0,0.0,1.0,1.0,0.0,0.0,0.0,0.0,1.0,1.0,0.0,378.0,378.0,0.9521410579345088,0.9521410579345088,high,medium,high_hetero/medium_length
hotpotqa,5a78bd9b554299078472774a,40%,530,1325,9,147.33333333333334,53.78971401051816,0.3650885566324762,27.0,193.0,7.148148148148148,0.17429193899782125,budget-top-k,knapsack-redundancy,1.0,1.0,0.0,1.0,1.0,0.0,0.0,0.0,0.0,1.0,1.0,0.0,479.0,479.0,0.9037735849056604,0.9037735849056604,high,medium,high_hetero/medium_length
hotpotqa,5a78bd9b554299078472774a,50%,662,1325,9,147.33333333333334,53.78971401051816,0.3650885566324762,27.0,193.0,7.148148148148148,0.17429193899782125,budget-top-k,knapsack-redundancy,1.0,1.0,0.0,1.0,1.0,0.0,0.0,0.0,0.0,1.0,1.0,0.0,649.0,649.0,0.9803625377643505,0.9803625377643505,high,medium,high_hetero/medium_length
hotpotqa,5a7625e8554299109176e66a,30%,306,1021,6,170.16666666666666,41.074796273248744,0.24137980180165766,105.0,218.0,2.0761904761904764,0.13401893568396983,budget-top-k,knapsack-redundancy,1.0,1.0,0.0,1.0,1.0,0.0,0.0,0.0,0.0,0.0,0.0,0.0,265.0,265.0,0.8660130718954249,0.8660130718954249,medium,low,medium_hetero/low_length
hotpotqa,5a7625e8554299109176e66a,40%,408,1021,6,170.16666666666666,41.074796273248744,0.24137980180165766,105.0,218.0,2.0761904761904764,0.13401893568396983,budget-top-k,knapsack-redundancy,1.0,1.0,0.0,1.0,1.0,0.0,0.0,0.0,0.0,0.0,0.0,0.0,360.0,360.0,0.8823529411764706,0.8823529411764706,medium,low,medium_hetero/low_length
hotpotqa,5a7625e8554299109176e66a,50%,510,1021,6,170.16666666666666,41.074796273248744,0.24137980180165766,105.0,218.0,2.0761904761904764,0.13401893568396983,budget-top-k,knapsack-redundancy,1.0,1.0,0.0,1.0,1.0,0.0,0.0,0.0,0.0,0.0,0.0,0.0,465.0,465.0,0.9117647058823529,0.9117647058823529,medium,low,medium_hetero/low_length
hotpotqa,5ae2dd2055429928c423950d,30%,354,1180,9,131.22222222222223,46.51111641981177,0.3544454257225283,58.0,211.0,3.6379310344827585,0.19700818515382434,budget-top-k,knapsack-redundancy,1.0,0.9166666666666667,-0.08333333333333326,1.0,0.0,-1.0,0.0,0.0,0.0,1.0,0.0,-1.0,308.0,338.0,0.8700564971751412,0.9548022598870056,high,medium,high_hetero/medium_length
hotpotqa,5ae2dd2055429928c423950d,40%,472,1180,9,131.22222222222223,46.51111641981177,0.3544454257225283,58.0,211.0,3.6379310344827585,0.19700818515382434,budget-top-k,knapsack-redundancy,1.0,1.0,0.0,1.0,1.0,0.0,0.0,0.0,0.0,1.0,1.0,0.0,441.0,441.0,0.934322033898305,0.934322033898305,high,medium,high_hetero/medium_length
hotpotqa,5ae2dd2055429928c423950d,50%,590,1180,9,131.22222222222223,46.51111641981177,0.3544454257225283,58.0,211.0,3.6379310344827585,0.19700818515382434,budget-top-k,knapsack-redundancy,1.0,1.0,0.0,1.0,1.0,0.0,0.0,0.0,0.0,1.0,1.0,0.0,567.0,567.0,0.9610169491525423,0.9610169491525423,high,medium,high_hetero/medium_length
hotpotqa,5abdf12255429976d4830a2f,30%,399,1333,9,148.22222222222223,48.95298828190568,0.3302675371342962,68.0,210.0,3.088235294117647,0.18557387972680317,budget-top-k,knapsack-redundancy,0.8,0.75,-0.050000000000000044,0.0,0.0,0.0,0.0,0.0,0.0,1.0,1.0,0.0,358.0,387.0,0.8972431077694235,0.9699248120300752,high,medium,high_hetero/medium_length
hotpotqa,5abdf12255429976d4830a2f,40%,533,1333,9,148.22222222222223,48.95298828190568,0.3302675371342962,68.0,210.0,3.088235294117647,0.18557387972680317,budget-top-k,knapsack-redundancy,0.8,0.8,0.0,0.0,0.0,0.0,0.0,0.0,0.0,1.0,1.0,0.0,502.0,502.0,0.9418386491557224,0.9418386491557224,high,medium,high_hetero/medium_length
hotpotqa,5abdf12255429976d4830a2f,50%,666,1333,9,148.22222222222223,48.95298828190568,0.3302675371342962,68.0,210.0,3.088235294117647,0.18557387972680317,budget-top-k,knapsack-redundancy,1.0,1.0,0.0,1.0,1.0,0.0,0.5,0.5,0.0,1.0,1.0,0.0,641.0,641.0,0.9624624624624625,0.9624624624624625,high,medium,high_hetero/medium_length
hotpotqa,5a88658955429938390d3f47,30%,560,1867,12,155.75,47.625492123441624,0.30578165087281944,36.0,219.0,6.083333333333333,0.16234171571250222,budget-top-k,knapsack-redundancy,0.5458937198067633,0.5445134575569358,-0.0013802622498274575,0.0,0.0,0.0,0.5,0.5,0.0,0.0,0.0,0.0,543.0,558.0,0.9696428571428571,0.9964285714285714,high,high,high_hetero/high_length
hotpotqa,5a88658955429938390d3f47,40%,746,1867,12,155.75,47.625492123441624,0.30578165087281944,36.0,219.0,6.083333333333333,0.16234171571250222,budget-top-k,knapsack-redundancy,0.5748792270531401,0.5748792270531401,0.0,0.0,0.0,0.0,0.5,0.5,0.0,0.0,0.0,0.0,726.0,735.0,0.9731903485254692,0.985254691689008,high,high,high_hetero/high_length
hotpotqa,5a88658955429938390d3f47,50%,933,1867,12,155.75,47.625492123441624,0.30578165087281944,36.0,219.0,6.083333333333333,0.16234171571250222,budget-top-k,knapsack-redundancy,0.5748792270531401,0.5748792270531401,0.0,0.0,0.0,0.0,0.5,0.5,0.0,0.0,0.0,0.0,883.0,933.0,0.9464094319399786,1.0,high,high,high_hetero/high_length
hotpotqa,5a86ebac55429960ec39b6d6,30%,337,1126,7,160.85714285714286,33.4041424780502,0.2076634079452499,121.0,216.0,1.7851239669421488,0.1154529307282417,budget-top-k,knapsack-redundancy,1.0,1.0,0.0,1.0,1.0,0.0,0.0,0.0,0.0,1.0,1.0,0.0,329.0,329.0,0.9762611275964391,0.9762611275964391,low,low,low_hetero/low_length
hotpotqa,5a86ebac55429960ec39b6d6,40%,450,1126,7,160.85714285714286,33.4041424780502,0.2076634079452499,121.0,216.0,1.7851239669421488,0.1154529307282417,budget-top-k,knapsack-redundancy,1.0,1.0,0.0,1.0,1.0,0.0,0.0,0.0,0.0,1.0,1.0,0.0,450.0,450.0,1.0,1.0,low,low,low_hetero/low_length
hotpotqa,5a86ebac55429960ec39b6d6,50%,563,1126,7,160.85714285714286,33.4041424780502,0.2076634079452499,121.0,216.0,1.7851239669421488,0.1154529307282417,budget-top-k,knapsack-redundancy,1.0,1.0,0.0,1.0,1.0,0.0,0.0,0.0,0.0,1.0,1.0,0.0,522.0,522.0,0.9271758436944938,0.9271758436944938,low,low,low_hetero/low_length
hotpotqa,5aba5d2e55429901930fa799,30%,472,1575,11,143.1818181818182,47.214824678499944,0.3297543310879361,37.0,213.0,5.756756756756757,0.18158730158730174,budget-top-k,knapsack-redundancy,1.0,0.8222222222222223,-0.1777777777777777,1.0,0.0,-1.0,0.5,0.0,-0.5,1.0,1.0,0.0,419.0,467.0,0.8877118644067796,0.989406779661017,high,high,high_hetero/high_length
hotpotqa,5aba5d2e55429901930fa799,40%,630,1575,11,143.1818181818182,47.214824678499944,0.3297543310879361,37.0,213.0,5.756756756756757,0.18158730158730174,budget-top-k,knapsack-redundancy,1.0,1.0,0.0,1.0,1.0,0.0,0.5,0.5,0.0,1.0,1.0,0.0,575.0,575.0,0.9126984126984127,0.9126984126984127,high,high,high_hetero/high_length
hotpotqa,5aba5d2e55429901930fa799,50%,787,1575,11,143.1818181818182,47.214824678499944,0.3297543310879361,37.0,213.0,5.756756756756757,0.18158730158730174,budget-top-k,knapsack-redundancy,1.0,0.8666666666666667,-0.1333333333333333,1.0,0.0,-1.0,0.5,0.0,-0.5,1.0,1.0,0.0,773.0,787.0,0.9822109275730623,1.0,high,high,high_hetero/high_length
hotpotqa,5ae5736e5542990ba0bbb2b3,30%,457,1526,11,138.72727272727272,28.578729881730094,0.20600657188665206,105.0,196.0,1.8666666666666667,0.11318956273084724,budget-top-k,knapsack-redundancy,0.85,0.85,0.0,0.0,0.0,0.0,0.5,0.5,0.0,0.0,0.0,0.0,389.0,389.0,0.8512035010940919,0.8512035010940919,low,high,low_hetero/high_length
hotpotqa,5ae5736e5542990ba0bbb2b3,40%,610,1526,11,138.72727272727272,28.578729881730094,0.20600657188665206,105.0,196.0,1.8666666666666667,0.11318956273084724,budget-top-k,knapsack-redundancy,1.0,1.0,0.0,1.0,1.0,0.0,1.0,1.0,0.0,1.0,1.0,0.0,542.0,542.0,0.8885245901639345,0.8885245901639345,low,high,low_hetero/high_length
hotpotqa,5ae5736e5542990ba0bbb2b3,50%,763,1526,11,138.72727272727272,28.578729881730094,0.20600657188665206,105.0,196.0,1.8666666666666667,0.11318956273084724,budget-top-k,knapsack-redundancy,1.0,1.0,0.0,1.0,1.0,0.0,1.0,1.0,0.0,1.0,1.0,0.0,696.0,696.0,0.9121887287024901,0.9121887287024901,low,high,low_hetero/high_length
hotpotqa,5ae005b555429942ec259bec,30%,309,1032,6,172.0,52.491269115285576,0.30518179718189287,61.0,217.0,3.557377049180328,0.1492248062015502,budget-top-k,knapsack-redundancy,0.6666666666666666,0.6666666666666666,0.0,0.0,0.0,0.0,0.0,0.0,0.0,0.0,0.0,0.0,242.0,242.0,0.7831715210355987,0.7831715210355987,high,low,high_hetero/low_length
hotpotqa,5ae005b555429942ec259bec,40%,412,1032,6,172.0,52.491269115285576,0.30518179718189287,61.0,217.0,3.557377049180328,0.1492248062015502,budget-top-k,knapsack-redundancy,0.6666666666666666,0.6666666666666666,0.0,0.0,0.0,0.0,0.0,0.0,0.0,0.0,0.0,0.0,383.0,407.0,0.9296116504854369,0.9878640776699029,high,low,high_hetero/low_length
hotpotqa,5ae005b555429942ec259bec,50%,516,1032,6,172.0,52.491269115285576,0.30518179718189287,61.0,217.0,3.557377049180328,0.1492248062015502,budget-top-k,knapsack-redundancy,0.6666666666666666,0.6666666666666666,0.0,0.0,0.0,0.0,0.0,0.0,0.0,0.0,0.0,0.0,444.0,444.0,0.8604651162790697,0.8604651162790697,high,low,high_hetero/low_length
hotpotqa,5a7759fc5542993569682d60,30%,329,1097,8,137.125,36.39518340385167,0.2654161050417624,79.0,198.0,2.5063291139240507,0.15075205104831357,budget-top-k,knapsack-redundancy,1.0,0.8333333333333333,-0.16666666666666674,1.0,0.0,-1.0,0.0,0.0,0.0,1.0,1.0,0.0,297.0,323.0,0.9027355623100304,0.9817629179331308,medium,low,medium_hetero/low_length
hotpotqa,5a7759fc5542993569682d60,40%,438,1097,8,137.125,36.39518340385167,0.2654161050417624,79.0,198.0,2.5063291139240507,0.15075205104831357,budget-top-k,knapsack-redundancy,1.0,1.0,0.0,1.0,1.0,0.0,0.0,0.0,0.0,1.0,1.0,0.0,376.0,376.0,0.8584474885844748,0.8584474885844748,medium,low,medium_hetero/low_length
hotpotqa,5a7759fc5542993569682d60,50%,548,1097,8,137.125,36.39518340385167,0.2654161050417624,79.0,198.0,2.5063291139240507,0.15075205104831357,budget-top-k,knapsack-redundancy,1.0,1.0,0.0,1.0,1.0,0.0,0.0,0.0,0.0,1.0,1.0,0.0,534.0,534.0,0.9744525547445255,0.9744525547445255,medium,low,medium_hetero/low_length
hotpotqa,5a835478554299123d8c20ed,30%,246,820,5,164.0,25.58906016249913,0.15603085464938493,134.0,208.0,1.5522388059701493,0.08536585365853666,budget-top-k,knapsack-redundancy,0.5454545454545454,0.5454545454545454,0.0,0.0,0.0,0.0,0.0,0.0,0.0,1.0,1.0,0.0,174.0,174.0,0.7073170731707317,0.7073170731707317,low,low,low_hetero/low_length
hotpotqa,5a835478554299123d8c20ed,40%,328,820,5,164.0,25.58906016249913,0.15603085464938493,134.0,208.0,1.5522388059701493,0.08536585365853666,budget-top-k,knapsack-redundancy,0.5681818181818181,0.5681818181818181,0.0,0.0,0.0,0.0,0.0,0.0,0.0,1.0,1.0,0.0,321.0,321.0,0.9786585365853658,0.9786585365853658,low,low,low_hetero/low_length
hotpotqa,5a835478554299123d8c20ed,50%,410,820,5,164.0,25.58906016249913,0.15603085464938493,134.0,208.0,1.5522388059701493,0.08536585365853666,budget-top-k,knapsack-redundancy,0.5681818181818181,1.0,0.4318181818181819,0.0,1.0,1.0,0.0,0.0,0.0,1.0,1.0,0.0,321.0,382.0,0.7829268292682927,0.9317073170731708,low,low,low_hetero/low_length
hotpotqa,5aba749055429901930fa7d8,30%,232,776,6,129.33333333333334,45.49236810230432,0.3517451141930746,60.0,175.0,2.9166666666666665,0.18513745704467355,budget-top-k,knapsack-redundancy,0.75,0.7,-0.050000000000000044,0.0,0.0,0.0,0.0,0.5,0.5,1.0,1.0,0.0,175.0,222.0,0.7543103448275862,0.9568965517241379,high,low,high_hetero/low_length
hotpotqa,5aba749055429901930fa7d8,40%,310,776,6,129.33333333333334,45.49236810230432,0.3517451141930746,60.0,175.0,2.9166666666666665,0.18513745704467355,budget-top-k,knapsack-redundancy,1.0,1.0,0.0,1.0,1.0,0.0,0.5,0.5,0.0,1.0,1.0,0.0,308.0,308.0,0.9935483870967742,0.9935483870967742,high,low,high_hetero/low_length
hotpotqa,5aba749055429901930fa7d8,50%,388,776,6,129.33333333333334,45.49236810230432,0.3517451141930746,60.0,175.0,2.9166666666666665,0.18513745704467355,budget-top-k,knapsack-redundancy,1.0,1.0,0.0,1.0,1.0,0.0,0.5,0.5,0.0,1.0,1.0,0.0,308.0,308.0,0.7938144329896907,0.7938144329896907,high,low,high_hetero/low_length
hotpotqa,5abfb3425542990832d3a1c0,30%,314,1047,7,149.57142857142858,44.464615604054494,0.29728014252949514,69.0,207.0,3.0,0.1618228953472507,budget-top-k,knapsack-redundancy,0.8461538461538461,0.8461538461538461,0.0,0.0,0.0,0.0,0.5,0.5,0.0,1.0,1.0,0.0,276.0,276.0,0.8789808917197452,0.8789808917197452,medium,low,medium_hetero/low_length
hotpotqa,5abfb3425542990832d3a1c0,40%,418,1047,7,149.57142857142858,44.464615604054494,0.29728014252949514,69.0,207.0,3.0,0.1618228953472507,budget-top-k,knapsack-redundancy,0.8461538461538461,0.8461538461538461,0.0,0.0,0.0,0.0,0.5,0.5,0.0,1.0,1.0,0.0,397.0,397.0,0.9497607655502392,0.9497607655502392,medium,low,medium_hetero/low_length
hotpotqa,5abfb3425542990832d3a1c0,50%,523,1047,7,149.57142857142858,44.464615604054494,0.29728014252949514,69.0,207.0,3.0,0.1618228953472507,budget-top-k,knapsack-redundancy,0.8846153846153846,1.0,0.11538461538461542,0.0,1.0,1.0,0.5,1.0,0.5,1.0,1.0,0.0,425.0,482.0,0.8126195028680688,0.9216061185468452,medium,low,medium_hetero/low_length
hotpotqa,5ac3165c5542995ef918c10a,30%,241,806,5,161.2,17.127755252805315,0.10625158345412727,144.0,188.0,1.3055555555555556,0.058064516129032295,budget-top-k,knapsack-redundancy,1.0,1.0,0.0,1.0,1.0,0.0,0.0,0.0,0.0,1.0,1.0,0.0,144.0,144.0,0.5975103734439834,0.5975103734439834,low,low,low_hetero/low_length
hotpotqa,5ac3165c5542995ef918c10a,40%,322,806,5,161.2,17.127755252805315,0.10625158345412727,144.0,188.0,1.3055555555555556,0.058064516129032295,budget-top-k,knapsack-redundancy,1.0,1.0,0.0,1.0,1.0,0.0,0.0,0.0,0.0,1.0,1.0,0.0,288.0,288.0,0.8944099378881988,0.8944099378881988,low,low,low_hetero/low_length
hotpotqa,5ac3165c5542995ef918c10a,50%,403,806,5,161.2,17.127755252805315,0.10625158345412727,144.0,188.0,1.3055555555555556,0.058064516129032295,budget-top-k,knapsack-redundancy,1.0,1.0,0.0,1.0,1.0,0.0,0.0,0.0,0.0,1.0,1.0,0.0,288.0,288.0,0.7146401985111662,0.7146401985111662,low,low,low_hetero/low_length
hotpotqa,5ae53b545542990ba0bbb23c,30%,220,736,5,147.2,46.07559006675878,0.31301351947526346,59.0,188.0,3.1864406779661016,0.15597826086956523,budget-top-k,knapsack-redundancy,1.0,1.0,0.0,1.0,1.0,0.0,0.0,0.0,0.0,1.0,1.0,0.0,207.0,207.0,0.9409090909090909,0.9409090909090909,high,low,high_hetero/low_length
hotpotqa,5ae53b545542990ba0bbb23c,40%,294,736,5,147.2,46.07559006675878,0.31301351947526346,59.0,188.0,3.1864406779661016,0.15597826086956523,budget-top-k,knapsack-redundancy,1.0,1.0,0.0,1.0,1.0,0.0,0.0,0.0,0.0,1.0,1.0,0.0,207.0,207.0,0.7040816326530612,0.7040816326530612,high,low,high_hetero/low_length
hotpotqa,5ae53b545542990ba0bbb23c,50%,368,736,5,147.2,46.07559006675878,0.31301351947526346,59.0,188.0,3.1864406779661016,0.15597826086956523,budget-top-k,knapsack-redundancy,1.0,1.0,0.0,1.0,1.0,0.0,0.0,0.0,0.0,1.0,1.0,0.0,336.0,336.0,0.9130434782608695,0.9130434782608695,high,low,high_hetero/low_length
hotpotqa,5ae224da554299234fd043ee,30%,312,1042,7,149.0,46.0403549694644,0.3089956709360027,45.0,196.0,4.355555555555555,0.15258183810436932,budget-top-k,knapsack-redundancy,1.0,1.0,0.0,1.0,1.0,0.0,0.0,0.0,0.0,1.0,1.0,0.0,310.0,310.0,0.9935897435897436,0.9935897435897436,high,low,high_hetero/low_length
hotpotqa,5ae224da554299234fd043ee,40%,416,1042,7,149.0,46.0403549694644,0.3089956709360027,45.0,196.0,4.355555555555555,0.15258183810436932,budget-top-k,knapsack-redundancy,1.0,1.0,0.0,1.0,1.0,0.0,0.0,0.0,0.0,1.0,1.0,0.0,355.0,355.0,0.8533653846153846,0.8533653846153846,high,low,high_hetero/low_length
hotpotqa,5ae224da554299234fd043ee,50%,521,1042,7,149.0,46.0403549694644,0.3089956709360027,45.0,196.0,4.355555555555555,0.15258183810436932,budget-top-k,knapsack-redundancy,1.0,1.0,0.0,1.0,1.0,0.0,0.0,0.0,0.0,1.0,1.0,0.0,478.0,478.0,0.9174664107485605,0.9174664107485605,high,low,high_hetero/low_length
hotpotqa,5ae2b770554299495565db0f,30%,290,967,5,193.4,21.019990485249988,0.10868661057523261,164.0,219.0,1.3353658536585367,0.05915201654601865,budget-top-k,knapsack-redundancy,0.7388888888888889,0.7388888888888889,0.0,0.0,0.0,0.0,0.0,0.0,0.0,0.5,0.5,0.0,185.0,185.0,0.6379310344827587,0.6379310344827587,low,low,low_hetero/low_length
hotpotqa,5ae2b770554299495565db0f,40%,386,967,5,193.4,21.019990485249988,0.10868661057523261,164.0,219.0,1.3353658536585367,0.05915201654601865,budget-top-k,knapsack-redundancy,1.0,1.0,0.0,1.0,1.0,0.0,0.0,0.0,0.0,1.0,1.0,0.0,349.0,349.0,0.9041450777202072,0.9041450777202072,low,low,low_hetero/low_length
hotpotqa,5ae2b770554299495565db0f,50%,483,967,5,193.4,21.019990485249988,0.10868661057523261,164.0,219.0,1.3353658536585367,0.05915201654601865,budget-top-k,knapsack-redundancy,1.0,1.0,0.0,1.0,1.0,0.0,0.0,0.0,0.0,1.0,1.0,0.0,349.0,349.0,0.722567287784679,0.722567287784679,low,low,low_hetero/low_length
hotpotqa,5a80b3a9554299485f5986cc,30%,352,1176,8,147.0,46.63421490708298,0.3172395571910407,65.0,211.0,3.246153846153846,0.17113095238095233,budget-top-k,knapsack-redundancy,1.0,0.75,-0.25,1.0,0.0,-1.0,0.0,0.0,0.0,1.0,1.0,0.0,352.0,328.0,1.0,0.9318181818181818,high,medium,high_hetero/medium_length
hotpotqa,5a80b3a9554299485f5986cc,40%,470,1176,8,147.0,46.63421490708298,0.3172395571910407,65.0,211.0,3.246153846153846,0.17113095238095233,budget-top-k,knapsack-redundancy,1.0,1.0,0.0,1.0,1.0,0.0,0.0,0.0,0.0,1.0,1.0,0.0,433.0,433.0,0.9212765957446809,0.9212765957446809,high,medium,high_hetero/medium_length
hotpotqa,5a80b3a9554299485f5986cc,50%,588,1176,8,147.0,46.63421490708298,0.3172395571910407,65.0,211.0,3.246153846153846,0.17113095238095233,budget-top-k,knapsack-redundancy,1.0,1.0,0.0,1.0,1.0,0.0,0.0,0.0,0.0,1.0,1.0,0.0,498.0,498.0,0.8469387755102041,0.8469387755102041,high,medium,high_hetero/medium_length
hotpotqa,5a8e0a005542995085b373a1,30%,463,1546,10,154.6,55.64746175702896,0.3599447720377035,12.0,217.0,18.083333333333332,0.18227684346701145,budget-top-k,knapsack-redundancy,1.0,1.0,0.0,1.0,1.0,0.0,0.0,0.0,0.0,1.0,1.0,0.0,420.0,420.0,0.9071274298056156,0.9071274298056156,high,high,high_hetero/high_length
hotpotqa,5a8e0a005542995085b373a1,40%,618,1546,10,154.6,55.64746175702896,0.3599447720377035,12.0,217.0,18.083333333333332,0.18227684346701145,budget-top-k,knapsack-redundancy,1.0,1.0,0.0,1.0,1.0,0.0,0.0,0.0,0.0,1.0,1.0,0.0,568.0,568.0,0.919093851132686,0.919093851132686,high,high,high_hetero/high_length
hotpotqa,5a8e0a005542995085b373a1,50%,773,1546,10,154.6,55.64746175702896,0.3599447720377035,12.0,217.0,18.083333333333332,0.18227684346701145,budget-top-k,knapsack-redundancy,1.0,1.0,0.0,1.0,1.0,0.0,0.0,0.0,0.0,1.0,1.0,0.0,689.0,689.0,0.8913324708926261,0.8913324708926261,high,high,high_hetero/high_length
hotpotqa,5ac1b8ee5542994d76dccedc,30%,560,1869,13,143.69230769230768,32.42360160174071,0.225646049690915,77.0,191.0,2.4805194805194803,0.12666776478339647,budget-top-k,knapsack-redundancy,1.0,1.0,0.0,1.0,1.0,0.0,0.0,0.0,0.0,1.0,1.0,0.0,552.0,552.0,0.9857142857142858,0.9857142857142858,low,high,low_hetero/high_length
hotpotqa,5ac1b8ee5542994d76dccedc,40%,747,1869,13,143.69230769230768,32.42360160174071,0.225646049690915,77.0,191.0,2.4805194805194803,0.12666776478339647,budget-top-k,knapsack-redundancy,1.0,1.0,0.0,1.0,1.0,0.0,0.0,0.0,0.0,1.0,1.0,0.0,737.0,737.0,0.9866131191432396,0.9866131191432396,low,high,low_hetero/high_length
hotpotqa,5ac1b8ee5542994d76dccedc,50%,934,1869,13,143.69230769230768,32.42360160174071,0.225646049690915,77.0,191.0,2.4805194805194803,0.12666776478339647,budget-top-k,knapsack-redundancy,1.0,1.0,0.0,1.0,1.0,0.0,0.0,0.0,0.0,1.0,1.0,0.0,928.0,922.0,0.9935760171306209,0.987152034261242,low,high,low_hetero/high_length
hotpotqa,5adccd795542990d50227d2c,30%,340,1134,7,162.0,30.350335371176,0.18734774920479014,122.0,210.0,1.721311475409836,0.09826152683295541,budget-top-k,knapsack-redundancy,0.7666666666666666,0.7666666666666666,0.0,0.0,0.0,0.0,0.0,0.0,0.0,0.0,0.0,0.0,332.0,332.0,0.9764705882352941,0.9764705882352941,low,low,low_hetero/low_length
hotpotqa,5adccd795542990d50227d2c,40%,453,1134,7,162.0,30.350335371176,0.18734774920479014,122.0,210.0,1.721311475409836,0.09826152683295541,budget-top-k,knapsack-redundancy,1.0,1.0,0.0,1.0,1.0,0.0,0.0,0.0,0.0,1.0,1.0,0.0,415.0,415.0,0.9161147902869757,0.9161147902869757,low,low,low_hetero/low_length
hotpotqa,5adccd795542990d50227d2c,50%,567,1134,7,162.0,30.350335371176,0.18734774920479014,122.0,210.0,1.721311475409836,0.09826152683295541,budget-top-k,knapsack-redundancy,1.0,1.0,0.0,1.0,1.0,0.0,0.0,0.0,0.0,1.0,1.0,0.0,537.0,537.0,0.9470899470899471,0.9470899470899471,low,low,low_hetero/low_length
hotpotqa,5a84c4135542994c784dda31,30%,195,652,4,163.0,19.300259065618782,0.11840649733508456,149.0,196.0,1.3154362416107384,0.05674846625766872,budget-top-k,knapsack-redundancy,0.4943181818181818,0.4943181818181818,0.0,0.0,0.0,0.0,0.0,0.0,0.0,0.0,0.0,0.0,149.0,149.0,0.764102564102564,0.764102564102564,low,low,low_hetero/low_length
hotpotqa,5a84c4135542994c784dda31,40%,260,652,4,163.0,19.300259065618782,0.11840649733508456,149.0,196.0,1.3154362416107384,0.05674846625766872,budget-top-k,knapsack-redundancy,1.0,1.0,0.0,1.0,1.0,0.0,0.0,0.0,0.0,1.0,1.0,0.0,196.0,196.0,0.7538461538461538,0.7538461538461538,low,low,low_hetero/low_length
hotpotqa,5a84c4135542994c784dda31,50%,326,652,4,163.0,19.300259065618782,0.11840649733508456,149.0,196.0,1.3154362416107384,0.05674846625766872,budget-top-k,knapsack-redundancy,1.0,1.0,0.0,1.0,1.0,0.0,0.0,0.0,0.0,1.0,1.0,0.0,196.0,196.0,0.6012269938650306,0.6012269938650306,low,low,low_hetero/low_length
hotpotqa,5a85eed75542996432c5713b,30%,372,1243,8,155.375,37.27243451936028,0.23988694783176367,86.0,207.0,2.4069767441860463,0.13183829444891382,budget-top-k,knapsack-redundancy,0.5,1.0,0.5,0.0,1.0,1.0,0.5,0.5,0.0,0.0,1.0,1.0,308.0,349.0,0.8279569892473119,0.9381720430107527,medium,medium,medium_hetero/medium_length
hotpotqa,5a85eed75542996432c5713b,40%,497,1243,8,155.375,37.27243451936028,0.23988694783176367,86.0,207.0,2.4069767441860463,0.13183829444891382,budget-top-k,knapsack-redundancy,1.0,1.0,0.0,1.0,1.0,0.0,0.5,0.5,0.0,1.0,1.0,0.0,458.0,458.0,0.9215291750503019,0.9215291750503019,medium,medium,medium_hetero/medium_length
hotpotqa,5a85eed75542996432c5713b,50%,621,1243,8,155.375,37.27243451936028,0.23988694783176367,86.0,207.0,2.4069767441860463,0.13183829444891382,budget-top-k,knapsack-redundancy,1.0,1.0,0.0,1.0,1.0,0.0,0.5,0.5,0.0,1.0,1.0,0.0,619.0,619.0,0.9967793880837359,0.9967793880837359,medium,medium,medium_hetero/medium_length
hotpotqa,5a774e9c55429972597f14f3,30%,439,1465,11,133.1818181818182,38.98675341893398,0.2927333021216886,46.0,207.0,4.5,0.15761712690040341,budget-top-k,knapsack-redundancy,0.5833333333333334,0.5833333333333334,0.0,0.0,0.0,0.0,0.0,0.0,0.0,1.0,1.0,0.0,408.0,408.0,0.929384965831435,0.929384965831435,medium,high,medium_hetero/high_length
hotpotqa,5a774e9c55429972597f14f3,40%,586,1465,11,133.1818181818182,38.98675341893398,0.2927333021216886,46.0,207.0,4.5,0.15761712690040341,budget-top-k,knapsack-redundancy,0.5833333333333334,0.5833333333333334,0.0,0.0,0.0,0.0,0.0,0.5,0.5,1.0,1.0,0.0,559.0,585.0,0.9539249146757679,0.9982935153583617,medium,high,medium_hetero/high_length
hotpotqa,5a774e9c55429972597f14f3,50%,732,1465,11,133.1818181818182,38.98675341893398,0.2927333021216886,46.0,207.0,4.5,0.15761712690040341,budget-top-k,knapsack-redundancy,0.5833333333333334,0.5833333333333334,0.0,0.0,0.0,0.0,0.0,0.0,0.0,1.0,1.0,0.0,690.0,690.0,0.9426229508196722,0.9426229508196722,medium,high,medium_hetero/high_length
hotpotqa,5ae738f75542991bbc9761c4,30%,593,1979,13,152.23076923076923,43.483248491899545,0.28564033875426686,60.0,219.0,3.65,0.15742216348583216,budget-top-k,knapsack-redundancy,1.0,0.925,-0.07499999999999996,1.0,0.0,-1.0,0.0,0.0,0.0,0.0,0.0,0.0,571.0,593.0,0.9629005059021922,1.0,medium,high,medium_hetero/high_length
hotpotqa,5ae738f75542991bbc9761c4,40%,791,1979,13,152.23076923076923,43.483248491899545,0.28564033875426686,60.0,219.0,3.65,0.15742216348583216,budget-top-k,knapsack-redundancy,1.0,1.0,0.0,1.0,1.0,0.0,0.0,0.0,0.0,0.0,0.0,0.0,788.0,788.0,0.9962073324905183,0.9962073324905183,medium,high,medium_hetero/high_length
hotpotqa,5ae738f75542991bbc9761c4,50%,989,1979,13,152.23076923076923,43.483248491899545,0.28564033875426686,60.0,219.0,3.65,0.15742216348583216,budget-top-k,knapsack-redundancy,1.0,1.0,0.0,1.0,1.0,0.0,0.0,0.0,0.0,0.0,0.0,0.0,961.0,961.0,0.9716885743174924,0.9716885743174924,medium,high,medium_hetero/high_length
hotpotqa,5ac32b565542995ef918c154,30%,395,1317,8,164.625,33.08677039240911,0.20098265993870376,129.0,220.0,1.7054263565891472,0.1105732725892179,budget-top-k,knapsack-redundancy,0.75,0.75,0.0,0.0,0.0,0.0,0.0,0.0,0.0,0.0,0.0,0.0,351.0,351.0,0.8886075949367088,0.8886075949367088,low,medium,low_hetero/medium_length
hotpotqa,5ac32b565542995ef918c154,40%,526,1317,8,164.625,33.08677039240911,0.20098265993870376,129.0,220.0,1.7054263565891472,0.1105732725892179,budget-top-k,knapsack-redundancy,0.7777777777777778,1.0,0.2222222222222222,0.0,1.0,1.0,0.0,0.5,0.5,0.0,1.0,1.0,427.0,480.0,0.811787072243346,0.9125475285171103,low,medium,low_hetero/medium_length
hotpotqa,5ac32b565542995ef918c154,50%,658,1317,8,164.625,33.08677039240911,0.20098265993870376,129.0,220.0,1.7054263565891472,0.1105732725892179,budget-top-k,knapsack-redundancy,0.7777777777777778,1.0,0.2222222222222222,0.0,1.0,1.0,0.0,0.5,0.5,0.0,1.0,1.0,571.0,622.0,0.8677811550151976,0.9452887537993921,low,medium,low_hetero/medium_length
hotpotqa,5abc8d75554299700f9d7900,30%,416,1388,9,154.22222222222223,25.69815288553625,0.166630674329846,126.0,204.0,1.619047619047619,0.09029779058597498,budget-top-k,knapsack-redundancy,0.925,1.0,0.07499999999999996,0.0,1.0,1.0,0.0,0.5,0.5,1.0,1.0,0.0,304.0,411.0,0.7307692307692307,0.9879807692307693,low,medium,low_hetero/medium_length
hotpotqa,5abc8d75554299700f9d7900,40%,555,1388,9,154.22222222222223,25.69815288553625,0.166630674329846,126.0,204.0,1.619047619047619,0.09029779058597498,budget-top-k,knapsack-redundancy,1.0,1.0,0.0,1.0,1.0,0.0,0.5,0.5,0.0,1.0,1.0,0.0,430.0,549.0,0.7747747747747747,0.9891891891891892,low,medium,low_hetero/medium_length
hotpotqa,5abc8d75554299700f9d7900,50%,694,1388,9,154.22222222222223,25.69815288553625,0.166630674329846,126.0,204.0,1.619047619047619,0.09029779058597498,budget-top-k,knapsack-redundancy,1.0,1.0,0.0,1.0,1.0,0.0,0.5,0.5,0.0,1.0,1.0,0.0,591.0,591.0,0.8515850144092219,0.8515850144092219,low,medium,low_hetero/medium_length
hotpotqa,5a8bb29b554299240d9c2089,30%,357,1192,9,132.55555555555554,46.385129588194324,0.34992972866198574,61.0,216.0,3.540983606557377,0.18962466238241582,budget-top-k,knapsack-redundancy,1.0,1.0,0.0,1.0,1.0,0.0,0.5,0.5,0.0,1.0,1.0,0.0,357.0,357.0,1.0,1.0,high,medium,high_hetero/medium_length
hotpotqa,5a8bb29b554299240d9c2089,40%,476,1192,9,132.55555555555554,46.385129588194324,0.34992972866198574,61.0,216.0,3.540983606557377,0.18962466238241582,budget-top-k,knapsack-redundancy,1.0,1.0,0.0,1.0,1.0,0.0,0.5,0.5,0.0,1.0,1.0,0.0,465.0,465.0,0.976890756302521,0.976890756302521,high,medium,high_hetero/medium_length
hotpotqa,5a8bb29b554299240d9c2089,50%,596,1192,9,132.55555555555554,46.385129588194324,0.34992972866198574,61.0,216.0,3.540983606557377,0.18962466238241582,budget-top-k,knapsack-redundancy,1.0,1.0,0.0,1.0,1.0,0.0,0.5,0.5,0.0,1.0,1.0,0.0,559.0,559.0,0.9379194630872483,0.9379194630872483,high,medium,high_hetero/medium_length
hotpotqa,5ab659e355429954757d324e,30%,402,1341,9,149.0,35.839146815241634,0.24053118667947404,84.0,191.0,2.2738095238095237,0.13422818791946312,budget-top-k,knapsack-redundancy,0.5882352941176471,1.0,0.4117647058823529,0.0,1.0,1.0,0.0,0.0,0.0,0.0,0.0,0.0,329.0,382.0,0.818407960199005,0.9502487562189055,medium,medium,medium_hetero/medium_length
hotpotqa,5ab659e355429954757d324e,40%,536,1341,9,149.0,35.839146815241634,0.24053118667947404,84.0,191.0,2.2738095238095237,0.13422818791946312,budget-top-k,knapsack-redundancy,0.5882352941176471,0.6176470588235294,0.02941176470588236,0.0,0.0,0.0,0.0,0.0,0.0,0.0,0.0,0.0,517.0,527.0,0.9645522388059702,0.9832089552238806,medium,medium,medium_hetero/medium_length
hotpotqa,5ab659e355429954757d324e,50%,670,1341,9,149.0,35.839146815241634,0.24053118667947404,84.0,191.0,2.2738095238095237,0.13422818791946312,budget-top-k,knapsack-redundancy,0.6176470588235294,0.6176470588235294,0.0,0.0,0.0,0.0,0.0,0.0,0.0,0.0,0.0,0.0,631.0,631.0,0.9417910447761194,0.9417910447761194,medium,medium,medium_hetero/medium_length
hotpotqa,5a8b8b3155429949d91db5d7,30%,328,1094,8,136.75,22.65915929596683,0.16569769137818524,87.0,160.0,1.839080459770115,0.08752285191956122,budget-top-k,knapsack-redundancy,0.85,0.85,0.0,0.0,0.0,0.0,0.0,0.0,0.0,1.0,1.0,0.0,244.0,244.0,0.7439024390243902,0.7439024390243902,low,low,low_hetero/low_length
hotpotqa,5a8b8b3155429949d91db5d7,40%,437,1094,8,136.75,22.65915929596683,0.16569769137818524,87.0,160.0,1.839080459770115,0.08752285191956122,budget-top-k,knapsack-redundancy,1.0,1.0,0.0,1.0,1.0,0.0,0.0,0.0,0.0,1.0,1.0,0.0,397.0,397.0,0.9084668192219679,0.9084668192219679,low,low,low_hetero/low_length
hotpotqa,5a8b8b3155429949d91db5d7,50%,547,1094,8,136.75,22.65915929596683,0.16569769137818524,87.0,160.0,1.839080459770115,0.08752285191956122,budget-top-k,knapsack-redundancy,1.0,1.0,0.0,1.0,1.0,0.0,0.0,0.0,0.0,1.0,1.0,0.0,531.0,531.0,0.9707495429616088,0.9707495429616088,low,low,low_hetero/low_length
hotpotqa,5ae7eaf65542994a481bbe1d,30%,459,1530,10,153.1,39.434629451790215,0.2575743269222091,88.0,215.0,2.4431818181818183,0.1457217504898758,budget-top-k,knapsack-redundancy,1.0,1.0,0.0,1.0,1.0,0.0,0.5,0.5,0.0,1.0,1.0,0.0,449.0,449.0,0.9782135076252724,0.9782135076252724,medium,high,medium_hetero/high_length
hotpotqa,5ae7eaf65542994a481bbe1d,40%,612,1530,10,153.1,39.434629451790215,0.2575743269222091,88.0,215.0,2.4431818181818183,0.1457217504898758,budget-top-k,knapsack-redundancy,1.0,1.0,0.0,1.0,1.0,0.0,0.5,0.5,0.0,1.0,1.0,0.0,603.0,608.0,0.9852941176470589,0.9934640522875817,medium,high,medium_hetero/high_length
hotpotqa,5ae7eaf65542994a481bbe1d,50%,765,1530,10,153.1,39.434629451790215,0.2575743269222091,88.0,215.0,2.4431818181818183,0.1457217504898758,budget-top-k,knapsack-redundancy,1.0,1.0,0.0,1.0,1.0,0.0,0.5,0.5,0.0,1.0,1.0,0.0,762.0,762.0,0.996078431372549,0.996078431372549,medium,high,medium_hetero/high_length
hotpotqa,5a8c4c625542995e66a475a1,30%,273,911,6,151.83333333333334,50.61757490130171,0.3333759049482,79.0,217.0,2.7468354430379747,0.18532747896084878,budget-top-k,knapsack-redundancy,0.6111111111111112,0.6111111111111112,0.0,0.0,0.0,0.0,0.0,0.0,0.0,0.0,0.0,0.0,272.0,272.0,0.9963369963369964,0.9963369963369964,high,low,high_hetero/low_length
hotpotqa,5a8c4c625542995e66a475a1,40%,364,911,6,151.83333333333334,50.61757490130171,0.3333759049482,79.0,217.0,2.7468354430379747,0.18532747896084878,budget-top-k,knapsack-redundancy,0.6111111111111112,0.6111111111111112,0.0,0.0,0.0,0.0,0.0,0.0,0.0,0.0,0.0,0.0,364.0,364.0,1.0,1.0,high,low,high_hetero/low_length
hotpotqa,5a8c4c625542995e66a475a1,50%,455,911,6,151.83333333333334,50.61757490130171,0.3333759049482,79.0,217.0,2.7468354430379747,0.18532747896084878,budget-top-k,knapsack-redundancy,0.6111111111111112,1.0,0.38888888888888884,0.0,1.0,1.0,0.0,0.5,0.5,0.0,1.0,1.0,410.0,440.0,0.9010989010989011,0.967032967032967,high,low,high_hetero/low_length
hotpotqa,5a818387554299260e20a291,30%,436,1455,9,161.88888888888889,37.81076990736442,0.23356000629120094,69.0,209.0,3.028985507246377,0.11789826889346444,budget-top-k,knapsack-redundancy,1.0,1.0,0.0,1.0,1.0,0.0,0.0,0.0,0.0,1.0,1.0,0.0,400.0,425.0,0.9174311926605505,0.9747706422018348,medium,high,medium_hetero/high_length
hotpotqa,5a818387554299260e20a291,40%,582,1455,9,161.88888888888889,37.81076990736442,0.23356000629120094,69.0,209.0,3.028985507246377,0.11789826889346444,budget-top-k,knapsack-redundancy,1.0,1.0,0.0,1.0,1.0,0.0,0.0,0.0,0.0,1.0,1.0,0.0,565.0,565.0,0.9707903780068728,0.9707903780068728,medium,high,medium_hetero/high_length
hotpotqa,5a818387554299260e20a291,50%,727,1455,9,161.88888888888889,37.81076990736442,0.23356000629120094,69.0,209.0,3.028985507246377,0.11789826889346444,budget-top-k,knapsack-redundancy,1.0,1.0,0.0,1.0,1.0,0.0,0.0,0.0,0.0,1.0,1.0,0.0,658.0,717.0,0.9050894085281981,0.9862448418156808,medium,high,medium_hetero/high_length
hotpotqa,5ab978855542996be2020512,30%,400,1335,9,148.33333333333334,44.69153536558498,0.3012912496556291,68.0,213.0,3.1323529411764706,0.16978776529338324,budget-top-k,knapsack-redundancy,0.6083333333333334,0.6083333333333334,0.0,0.0,0.0,0.0,0.0,0.0,0.0,1.0,1.0,0.0,386.0,386.0,0.965,0.965,high,medium,high_hetero/medium_length
hotpotqa,5ab978855542996be2020512,40%,534,1335,9,148.33333333333334,44.69153536558498,0.3012912496556291,68.0,213.0,3.1323529411764706,0.16978776529338324,budget-top-k,knapsack-redundancy,0.6083333333333334,1.0,0.3916666666666666,0.0,1.0,1.0,0.0,0.5,0.5,1.0,1.0,0.0,531.0,504.0,0.9943820224719101,0.9438202247191011,high,medium,high_hetero/medium_length
hotpotqa,5ab978855542996be2020512,50%,667,1335,9,148.33333333333334,44.69153536558498,0.3012912496556291,68.0,213.0,3.1323529411764706,0.16978776529338324,budget-top-k,knapsack-redundancy,0.6083333333333334,1.0,0.3916666666666666,0.0,1.0,1.0,0.0,0.5,0.5,1.0,1.0,0.0,599.0,613.0,0.8980509745127436,0.9190404797601199,high,medium,high_hetero/medium_length
hotpotqa,5ae63dad55429929b0807afe,30%,337,1124,7,160.57142857142858,45.56583037714976,0.28377296498224935,86.0,219.0,2.546511627906977,0.1555668530757499,budget-top-k,knapsack-redundancy,1.0,1.0,0.0,1.0,1.0,0.0,0.0,0.0,0.0,1.0,1.0,0.0,294.0,294.0,0.8724035608308606,0.8724035608308606,medium,low,medium_hetero/low_length
hotpotqa,5ae63dad55429929b0807afe,40%,449,1124,7,160.57142857142858,45.56583037714976,0.28377296498224935,86.0,219.0,2.546511627906977,0.1555668530757499,budget-top-k,knapsack-redundancy,1.0,1.0,0.0,1.0,1.0,0.0,0.0,0.0,0.0,1.0,1.0,0.0,373.0,399.0,0.8307349665924276,0.888641425389755,medium,low,medium_hetero/low_length
hotpotqa,5ae63dad55429929b0807afe,50%,562,1124,7,160.57142857142858,45.56583037714976,0.28377296498224935,86.0,219.0,2.546511627906977,0.1555668530757499,budget-top-k,knapsack-redundancy,1.0,1.0,0.0,1.0,1.0,0.0,0.0,0.0,0.0,1.0,1.0,0.0,545.0,545.0,0.9697508896797153,0.9697508896797153,medium,low,medium_hetero/low_length
hotpotqa,5a7a455c5542994f819ef1a7,30%,307,1024,7,146.28571428571428,51.35510625804906,0.3510602966858823,46.0,204.0,4.434782608695652,0.19140625,budget-top-k,knapsack-redundancy,1.0,1.0,0.0,1.0,1.0,0.0,0.0,0.0,0.0,1.0,1.0,0.0,250.0,250.0,0.8143322475570033,0.8143322475570033,high,low,high_hetero/low_length
hotpotqa,5a7a455c5542994f819ef1a7,40%,409,1024,7,146.28571428571428,51.35510625804906,0.3510602966858823,46.0,204.0,4.434782608695652,0.19140625,budget-top-k,knapsack-redundancy,1.0,1.0,0.0,1.0,1.0,0.0,0.0,0.0,0.0,1.0,1.0,0.0,371.0,371.0,0.9070904645476773,0.9070904645476773,high,low,high_hetero/low_length
hotpotqa,5a7a455c5542994f819ef1a7,50%,512,1024,7,146.28571428571428,51.35510625804906,0.3510602966858823,46.0,204.0,4.434782608695652,0.19140625,budget-top-k,knapsack-redundancy,1.0,1.0,0.0,1.0,1.0,0.0,0.0,0.0,0.0,1.0,1.0,0.0,499.0,499.0,0.974609375,0.974609375,high,low,high_hetero/low_length
hotpotqa,5a7dcc775542990b8f503ab5,30%,343,1144,7,163.42857142857142,22.518926280272037,0.13779063283383242,124.0,197.0,1.5887096774193548,0.07417582417582413,budget-top-k,knapsack-redundancy,0.8055555555555555,0.8055555555555555,0.0,0.0,0.0,0.0,0.0,0.0,0.0,1.0,1.0,0.0,315.0,315.0,0.9183673469387755,0.9183673469387755,low,low,low_hetero/low_length
hotpotqa,5a7dcc775542990b8f503ab5,40%,457,1144,7,163.42857142857142,22.518926280272037,0.13779063283383242,124.0,197.0,1.5887096774193548,0.07417582417582413,budget-top-k,knapsack-redundancy,1.0,1.0,0.0,1.0,1.0,0.0,0.5,0.5,0.0,1.0,1.0,0.0,439.0,439.0,0.9606126914660832,0.9606126914660832,low,low,low_hetero/low_length
hotpotqa,5a7dcc775542990b8f503ab5,50%,572,1144,7,163.42857142857142,22.518926280272037,0.13779063283383242,124.0,197.0,1.5887096774193548,0.07417582417582413,budget-top-k,knapsack-redundancy,1.0,1.0,0.0,1.0,1.0,0.0,0.5,0.5,0.0,1.0,1.0,0.0,439.0,439.0,0.7674825174825175,0.7674825174825175,low,low,low_hetero/low_length
hotpotqa,5a887bc0554299206df2b2b6,30%,361,1204,8,150.5,32.08971797944008,0.21322071747136268,104.0,214.0,2.0576923076923075,0.11482558139534893,budget-top-k,knapsack-redundancy,1.0,1.0,0.0,1.0,1.0,0.0,0.5,0.5,0.0,0.0,0.0,0.0,289.0,289.0,0.8005540166204986,0.8005540166204986,low,medium,low_hetero/medium_length
hotpotqa,5a887bc0554299206df2b2b6,40%,481,1204,8,150.5,32.08971797944008,0.21322071747136268,104.0,214.0,2.0576923076923075,0.11482558139534893,budget-top-k,knapsack-redundancy,1.0,1.0,0.0,1.0,1.0,0.0,0.5,0.5,0.0,0.0,0.0,0.0,419.0,419.0,0.8711018711018711,0.8711018711018711,low,medium,low_hetero/medium_length
hotpotqa,5a887bc0554299206df2b2b6,50%,602,1204,8,150.5,32.08971797944008,0.21322071747136268,104.0,214.0,2.0576923076923075,0.11482558139534893,budget-top-k,knapsack-redundancy,1.0,1.0,0.0,1.0,1.0,0.0,0.5,0.5,0.0,0.0,0.0,0.0,557.0,557.0,0.925249169435216,0.925249169435216,low,medium,low_hetero/medium_length
hotpotqa,5a83880e554299123d8c214e,30%,333,1112,8,139.125,31.888232547446087,0.2292056247794867,84.0,194.0,2.3095238095238093,0.12522461814914654,budget-top-k,knapsack-redundancy,0.7348484848484849,0.7348484848484849,0.0,0.0,0.0,0.0,0.0,0.0,0.0,1.0,1.0,0.0,299.0,299.0,0.8978978978978979,0.8978978978978979,medium,low,medium_hetero/low_length
hotpotqa,5a83880e554299123d8c214e,40%,444,1112,8,139.125,31.888232547446087,0.2292056247794867,84.0,194.0,2.3095238095238093,0.12522461814914654,budget-top-k,knapsack-redundancy,0.7575757575757576,0.7575757575757576,0.0,0.0,0.0,0.0,0.0,0.0,0.0,1.0,1.0,0.0,429.0,429.0,0.9662162162162162,0.9662162162162162,medium,low,medium_hetero/low_length
hotpotqa,5a83880e554299123d8c214e,50%,556,1112,8,139.125,31.888232547446087,0.2292056247794867,84.0,194.0,2.3095238095238093,0.12522461814914654,budget-top-k,knapsack-redundancy,1.0,1.0,0.0,1.0,1.0,0.0,0.5,0.5,0.0,1.0,1.0,0.0,513.0,513.0,0.9226618705035972,0.9226618705035972,medium,low,medium_hetero/low_length
hotpotqa,5a879adb5542996e4f30887f,30%,380,1267,8,158.5,44.24646878565565,0.27915753177069813,65.0,204.0,3.1384615384615384,0.14649053627760256,budget-top-k,knapsack-redundancy,0.6538461538461539,0.09615384615384616,-0.5576923076923077,0.0,0.0,0.0,0.0,0.0,0.0,0.0,0.0,0.0,377.0,352.0,0.9921052631578947,0.9263157894736842,medium,medium,medium_hetero/medium_length
hotpotqa,5a879adb5542996e4f30887f,40%,506,1267,8,158.5,44.24646878565565,0.27915753177069813,65.0,204.0,3.1384615384615384,0.14649053627760256,budget-top-k,knapsack-redundancy,0.6538461538461539,0.6538461538461539,0.0,0.0,0.0,0.0,0.0,0.0,0.0,0.0,0.0,0.0,490.0,490.0,0.9683794466403162,0.9683794466403162,medium,medium,medium_hetero/medium_length
hotpotqa,5a879adb5542996e4f30887f,50%,633,1267,8,158.5,44.24646878565565,0.27915753177069813,65.0,204.0,3.1384615384615384,0.14649053627760256,budget-top-k,knapsack-redundancy,0.7307692307692308,0.7307692307692308,0.0,0.0,0.0,0.0,0.0,0.0,0.0,0.6666666666666666,0.6666666666666666,0.0,610.0,610.0,0.9636650868878357,0.9636650868878357,medium,medium,medium_hetero/medium_length
hotpotqa,5add11935542994734353827,30%,314,1049,7,149.85714285714286,36.49433839232981,0.24352752025386906,98.0,194.0,1.9795918367346939,0.1370012256570885,budget-top-k,knapsack-redundancy,0.7,0.7,0.0,0.0,0.0,0.0,0.0,0.0,0.0,1.0,1.0,0.0,298.0,298.0,0.9490445859872612,0.9490445859872612,medium,low,medium_hetero/low_length
hotpotqa,5add11935542994734353827,40%,419,1049,7,149.85714285714286,36.49433839232981,0.24352752025386906,98.0,194.0,1.9795918367346939,0.1370012256570885,budget-top-k,knapsack-redundancy,1.0,1.0,0.0,1.0,1.0,0.0,0.0,0.0,0.0,1.0,1.0,0.0,366.0,366.0,0.8735083532219571,0.8735083532219571,medium,low,medium_hetero/low_length
hotpotqa,5add11935542994734353827,50%,524,1049,7,149.85714285714286,36.49433839232981,0.24352752025386906,98.0,194.0,1.9795918367346939,0.1370012256570885,budget-top-k,knapsack-redundancy,1.0,1.0,0.0,1.0,1.0,0.0,0.0,0.0,0.0,1.0,1.0,0.0,519.0,519.0,0.9904580152671756,0.9904580152671756,medium,low,medium_hetero/low_length
hotpotqa,5a8c5569554299240d9c2126,30%,340,1135,8,141.875,46.90265850674138,0.33059142559817717,46.0,207.0,4.5,0.17698237885462564,budget-top-k,knapsack-redundancy,1.0,1.0,0.0,1.0,1.0,0.0,0.5,0.5,0.0,0.0,0.0,0.0,301.0,301.0,0.8852941176470588,0.8852941176470588,high,low,high_hetero/low_length
hotpotqa,5a8c5569554299240d9c2126,40%,454,1135,8,141.875,46.90265850674138,0.33059142559817717,46.0,207.0,4.5,0.17698237885462564,budget-top-k,knapsack-redundancy,1.0,1.0,0.0,1.0,1.0,0.0,0.5,0.5,0.0,0.0,0.0,0.0,412.0,412.0,0.9074889867841409,0.9074889867841409,high,low,high_hetero/low_length
hotpotqa,5a8c5569554299240d9c2126,50%,567,1135,8,141.875,46.90265850674138,0.33059142559817717,46.0,207.0,4.5,0.17698237885462564,budget-top-k,knapsack-redundancy,1.0,1.0,0.0,1.0,1.0,0.0,0.5,0.5,0.0,0.0,0.0,0.0,508.0,508.0,0.8959435626102292,0.8959435626102292,high,low,high_hetero/low_length
hotpotqa,5a75f0ea5542994ccc91866c,30%,363,1213,8,151.625,35.1743425667062,0.23198247364686694,86.0,205.0,2.383720930232558,0.12912201154163228,budget-top-k,knapsack-redundancy,1.0,1.0,0.0,1.0,1.0,0.0,0.5,0.5,0.0,0.0,0.0,0.0,287.0,287.0,0.790633608815427,0.790633608815427,medium,medium,medium_hetero/medium_length
hotpotqa,5a75f0ea5542994ccc91866c,40%,485,1213,8,151.625,35.1743425667062,0.23198247364686694,86.0,205.0,2.383720930232558,0.12912201154163228,budget-top-k,knapsack-redundancy,1.0,1.0,0.0,1.0,1.0,0.0,0.5,0.5,0.0,0.0,0.0,0.0,428.0,428.0,0.8824742268041237,0.8824742268041237,medium,medium,medium_hetero/medium_length
hotpotqa,5a75f0ea5542994ccc91866c,50%,606,1213,8,151.625,35.1743425667062,0.23198247364686694,86.0,205.0,2.383720930232558,0.12912201154163228,budget-top-k,knapsack-redundancy,1.0,1.0,0.0,1.0,1.0,0.0,0.5,0.5,0.0,0.0,0.0,0.0,558.0,558.0,0.9207920792079208,0.9207920792079208,medium,medium,medium_hetero/medium_length
hotpotqa,5a89f5815542993b751ca9c5,30%,268,895,6,149.16666666666666,36.38413879090112,0.2439160142406779,74.0,190.0,2.5675675675675675,0.12234636871508364,budget-top-k,knapsack-redundancy,0.875,0.875,0.0,0.0,0.0,0.0,0.0,0.0,0.0,1.0,1.0,0.0,244.0,244.0,0.9104477611940298,0.9104477611940298,medium,low,medium_hetero/low_length
hotpotqa,5a89f5815542993b751ca9c5,40%,358,895,6,149.16666666666666,36.38413879090112,0.2439160142406779,74.0,190.0,2.5675675675675675,0.12234636871508364,budget-top-k,knapsack-redundancy,0.9375,0.9375,0.0,0.0,0.0,0.0,0.0,0.0,0.0,1.0,1.0,0.0,333.0,333.0,0.9301675977653632,0.9301675977653632,medium,low,medium_hetero/low_length
hotpotqa,5a89f5815542993b751ca9c5,50%,447,895,6,149.16666666666666,36.38413879090112,0.2439160142406779,74.0,190.0,2.5675675675675675,0.12234636871508364,budget-top-k,knapsack-redundancy,0.9375,0.9375,0.0,0.0,0.0,0.0,0.0,0.0,0.0,1.0,1.0,0.0,407.0,407.0,0.9105145413870246,0.9105145413870246,medium,low,medium_hetero/low_length
hotpotqa,5a8d5fc6554299585d9e37c6,30%,311,1039,6,173.16666666666666,36.025068432350764,0.20803696881049527,117.0,205.0,1.7521367521367521,0.10731472569778622,budget-top-k,knapsack-redundancy,0.75,0.75,0.0,0.0,0.0,0.0,0.5,0.5,0.0,1.0,1.0,0.0,305.0,305.0,0.9807073954983923,0.9807073954983923,low,low,low_hetero/low_length
hotpotqa,5a8d5fc6554299585d9e37c6,40%,415,1039,6,173.16666666666666,36.025068432350764,0.20803696881049527,117.0,205.0,1.7521367521367521,0.10731472569778622,budget-top-k,knapsack-redundancy,0.7261904761904763,0.7261904761904763,0.0,0.0,0.0,0.0,0.5,0.5,0.0,1.0,1.0,0.0,319.0,319.0,0.7686746987951807,0.7686746987951807,low,low,low_hetero/low_length
hotpotqa,5a8d5fc6554299585d9e37c6,50%,519,1039,6,173.16666666666666,36.025068432350764,0.20803696881049527,117.0,205.0,1.7521367521367521,0.10731472569778622,budget-top-k,knapsack-redundancy,0.75,0.75,0.0,0.0,0.0,0.0,0.5,0.5,0.0,1.0,1.0,0.0,507.0,507.0,0.976878612716763,0.976878612716763,low,low,low_hetero/low_length
hotpotqa,5ac120c55542992a796dedfc,30%,323,1077,6,179.5,19.414341777836988,0.10815789291274087,147.0,208.0,1.4149659863945578,0.06019808108944602,budget-top-k,knapsack-redundancy,0.7794117647058824,0.7794117647058824,0.0,0.0,0.0,0.0,0.0,0.0,0.0,0.0,0.0,0.0,312.0,312.0,0.9659442724458205,0.9659442724458205,low,low,low_hetero/low_length
hotpotqa,5ac120c55542992a796dedfc,40%,430,1077,6,179.5,19.414341777836988,0.10815789291274087,147.0,208.0,1.4149659863945578,0.06019808108944602,budget-top-k,knapsack-redundancy,1.0,1.0,0.0,1.0,1.0,0.0,0.0,0.0,0.0,1.0,1.0,0.0,353.0,353.0,0.8209302325581396,0.8209302325581396,low,low,low_hetero/low_length
hotpotqa,5ac120c55542992a796dedfc,50%,538,1077,6,179.5,19.414341777836988,0.10815789291274087,147.0,208.0,1.4149659863945578,0.06019808108944602,budget-top-k,knapsack-redundancy,1.0,1.0,0.0,1.0,1.0,0.0,0.0,0.0,0.0,1.0,1.0,0.0,500.0,500.0,0.929368029739777,0.929368029739777,low,low,low_hetero/low_length
hotpotqa,5ab7c1a955429928e1fe38c8,30%,354,1180,8,147.5,31.9100297712177,0.21633918488961154,93.0,190.0,2.043010752688172,0.11949152542372876,budget-top-k,knapsack-redundancy,1.0,0.5539452495974234,-0.4460547504025766,1.0,0.0,-1.0,0.0,0.0,0.0,1.0,0.0,-1.0,294.0,350.0,0.8305084745762712,0.9887005649717514,low,medium,low_hetero/medium_length
hotpotqa,5ab7c1a955429928e1fe38c8,40%,472,1180,8,147.5,31.9100297712177,0.21633918488961154,93.0,190.0,2.043010752688172,0.11949152542372876,budget-top-k,knapsack-redundancy,1.0,1.0,0.0,1.0,1.0,0.0,0.0,0.0,0.0,1.0,1.0,0.0,444.0,444.0,0.940677966101695,0.940677966101695,low,medium,low_hetero/medium_length
hotpotqa,5ab7c1a955429928e1fe38c8,50%,590,1180,8,147.5,31.9100297712177,0.21633918488961154,93.0,190.0,2.043010752688172,0.11949152542372876,budget-top-k,knapsack-redundancy,1.0,1.0,0.0,1.0,1.0,0.0,0.0,0.0,0.0,1.0,1.0,0.0,537.0,537.0,0.9101694915254237,0.9101694915254237,low,medium,low_hetero/medium_length
hotpotqa,5abd01205542992ac4f3819b,30%,274,916,6,152.66666666666666,22.253588973966025,0.14576586664169885,116.0,190.0,1.6379310344827587,0.07896652110625912,budget-top-k,knapsack-redundancy,0.8333333333333333,0.8333333333333333,0.0,0.0,0.0,0.0,0.0,0.0,0.0,1.0,1.0,0.0,274.0,274.0,1.0,1.0,low,low,low_hetero/low_length
hotpotqa,5abd01205542992ac4f3819b,40%,366,916,6,152.66666666666666,22.253588973966025,0.14576586664169885,116.0,190.0,1.6379310344827587,0.07896652110625912,budget-top-k,knapsack-redundancy,1.0,1.0,0.0,1.0,1.0,0.0,0.0,0.0,0.0,1.0,1.0,0.0,320.0,320.0,0.8743169398907104,0.8743169398907104,low,low,low_hetero/low_length
hotpotqa,5abd01205542992ac4f3819b,50%,458,916,6,152.66666666666666,22.253588973966025,0.14576586664169885,116.0,190.0,1.6379310344827587,0.07896652110625912,budget-top-k,knapsack-redundancy,1.0,1.0,0.0,1.0,1.0,0.0,0.0,0.0,0.0,1.0,1.0,0.0,436.0,436.0,0.9519650655021834,0.9519650655021834,low,low,low_hetero/low_length
hotpotqa,5ab69c25554299110f219a39,30%,450,1502,9,166.88888888888889,26.66851845422257,0.15979804666311795,121.0,215.0,1.7768595041322315,0.08995413522710449,budget-top-k,knapsack-redundancy,1.0,1.0,0.0,1.0,1.0,0.0,1.0,1.0,0.0,1.0,1.0,0.0,448.0,448.0,0.9955555555555555,0.9955555555555555,low,high,low_hetero/high_length
hotpotqa,5ab69c25554299110f219a39,40%,600,1502,9,166.88888888888889,26.66851845422257,0.15979804666311795,121.0,215.0,1.7768595041322315,0.08995413522710449,budget-top-k,knapsack-redundancy,1.0,1.0,0.0,1.0,1.0,0.0,1.0,1.0,0.0,1.0,1.0,0.0,470.0,589.0,0.7833333333333333,0.9816666666666667,low,high,low_hetero/high_length
hotpotqa,5ab69c25554299110f219a39,50%,751,1502,9,166.88888888888889,26.66851845422257,0.15979804666311795,121.0,215.0,1.7768595041322315,0.08995413522710449,budget-top-k,knapsack-redundancy,1.0,1.0,0.0,1.0,1.0,0.0,1.0,1.0,0.0,1.0,1.0,0.0,685.0,685.0,0.9121171770972037,0.9121171770972037,low,high,low_hetero/high_length
hotpotqa,5a7b12a355429927d897bf2a,30%,344,1148,8,143.5,37.41323295306087,0.26071939340112105,68.0,197.0,2.8970588235294117,0.14351045296167242,budget-top-k,knapsack-redundancy,0.7142857142857143,0.7142857142857143,0.0,0.0,0.0,0.0,0.0,0.0,0.0,0.5,0.5,0.0,335.0,335.0,0.9738372093023255,0.9738372093023255,medium,low,medium_hetero/low_length
hotpotqa,5a7b12a355429927d897bf2a,40%,459,1148,8,143.5,37.41323295306087,0.26071939340112105,68.0,197.0,2.8970588235294117,0.14351045296167242,budget-top-k,knapsack-redundancy,0.7142857142857143,0.7142857142857143,0.0,0.0,0.0,0.0,0.0,0.0,0.0,0.5,0.5,0.0,448.0,457.0,0.9760348583877996,0.9956427015250545,medium,low,medium_hetero/low_length
hotpotqa,5a7b12a355429927d897bf2a,50%,574,1148,8,143.5,37.41323295306087,0.26071939340112105,68.0,197.0,2.8970588235294117,0.14351045296167242,budget-top-k,knapsack-redundancy,0.7142857142857143,0.7142857142857143,0.0,0.0,0.0,0.0,0.0,0.0,0.0,0.5,0.5,0.0,518.0,525.0,0.9024390243902439,0.9146341463414634,medium,low,medium_hetero/low_length
hotpotqa,5ae0006755429925eb1afbd3,30%,360,1203,9,133.66666666666666,41.87016970482817,0.31324316487402626,55.0,183.0,3.327272727272727,0.17345525076198398,budget-top-k,knapsack-redundancy,0.7575757575757575,0.7575757575757575,0.0,0.0,0.0,0.0,0.5,0.5,0.0,1.0,1.0,0.0,359.0,359.0,0.9972222222222222,0.9972222222222222,high,medium,high_hetero/medium_length
hotpotqa,5ae0006755429925eb1afbd3,40%,481,1203,9,133.66666666666666,41.87016970482817,0.31324316487402626,55.0,183.0,3.327272727272727,0.17345525076198398,budget-top-k,knapsack-redundancy,1.0,0.787878787878788,-0.21212121212121204,1.0,0.0,-1.0,0.5,0.5,0.0,1.0,1.0,0.0,458.0,469.0,0.9521829521829522,0.975051975051975,high,medium,high_hetero/medium_length
hotpotqa,5ae0006755429925eb1afbd3,50%,601,1203,9,133.66666666666666,41.87016970482817,0.31324316487402626,55.0,183.0,3.327272727272727,0.17345525076198398,budget-top-k,knapsack-redundancy,1.0,1.0,0.0,1.0,1.0,0.0,0.5,0.5,0.0,1.0,1.0,0.0,584.0,597.0,0.9717138103161398,0.9933444259567388,high,medium,high_hetero/medium_length
hotpotqa,5ae305df5542992decbdcdc3,30%,441,1472,10,147.2,26.167919290612314,0.1777711908329641,109.0,204.0,1.871559633027523,0.0970108695652172,budget-top-k,knapsack-redundancy,1.0,1.0,0.0,1.0,1.0,0.0,1.0,1.0,0.0,1.0,1.0,0.0,430.0,430.0,0.9750566893424036,0.9750566893424036,low,high,low_hetero/high_length
hotpotqa,5ae305df5542992decbdcdc3,40%,588,1472,10,147.2,26.167919290612314,0.1777711908329641,109.0,204.0,1.871559633027523,0.0970108695652172,budget-top-k,knapsack-redundancy,1.0,1.0,0.0,1.0,1.0,0.0,1.0,1.0,0.0,1.0,1.0,0.0,556.0,556.0,0.9455782312925171,0.9455782312925171,low,high,low_hetero/high_length
hotpotqa,5ae305df5542992decbdcdc3,50%,736,1472,10,147.2,26.167919290612314,0.1777711908329641,109.0,204.0,1.871559633027523,0.0970108695652172,budget-top-k,knapsack-redundancy,1.0,1.0,0.0,1.0,1.0,0.0,1.0,1.0,0.0,1.0,1.0,0.0,695.0,695.0,0.9442934782608695,0.9442934782608695,low,high,low_hetero/high_length
hotpotqa,5a8574945542997b5ce3fffb,30%,276,921,6,153.5,38.48268008684773,0.25070149893711874,98.0,201.0,2.0510204081632653,0.1395222584147664,budget-top-k,knapsack-redundancy,1.0,1.0,0.0,1.0,1.0,0.0,0.5,0.5,0.0,1.0,1.0,0.0,260.0,260.0,0.9420289855072463,0.9420289855072463,medium,low,medium_hetero/low_length
hotpotqa,5a8574945542997b5ce3fffb,40%,368,921,6,153.5,38.48268008684773,0.25070149893711874,98.0,201.0,2.0510204081632653,0.1395222584147664,budget-top-k,knapsack-redundancy,1.0,1.0,0.0,1.0,1.0,0.0,0.5,0.5,0.0,1.0,1.0,0.0,358.0,358.0,0.9728260869565217,0.9728260869565217,medium,low,medium_hetero/low_length
hotpotqa,5a8574945542997b5ce3fffb,50%,460,921,6,153.5,38.48268008684773,0.25070149893711874,98.0,201.0,2.0510204081632653,0.1395222584147664,budget-top-k,knapsack-redundancy,1.0,1.0,0.0,1.0,1.0,0.0,0.5,0.5,0.0,1.0,1.0,0.0,436.0,436.0,0.9478260869565217,0.9478260869565217,medium,low,medium_hetero/low_length
hotpotqa,5a7332935542991f9a20c67d,30%,397,1325,9,147.22222222222223,25.041200618082627,0.17009117400961785,110.0,195.0,1.7727272727272727,0.09224318658280928,budget-top-k,knapsack-redundancy,0.8157894736842105,0.8157894736842105,0.0,0.0,0.0,0.0,0.5,0.5,0.0,1.0,1.0,0.0,391.0,391.0,0.9848866498740554,0.9848866498740554,low,medium,low_hetero/medium_length
hotpotqa,5a7332935542991f9a20c67d,40%,530,1325,9,147.22222222222223,25.041200618082627,0.17009117400961785,110.0,195.0,1.7727272727272727,0.09224318658280928,budget-top-k,knapsack-redundancy,0.8157894736842105,0.8157894736842105,0.0,0.0,0.0,0.0,0.5,0.5,0.0,1.0,1.0,0.0,512.0,512.0,0.9660377358490566,0.9660377358490566,low,medium,low_hetero/medium_length
hotpotqa,5a7332935542991f9a20c67d,50%,662,1325,9,147.22222222222223,25.041200618082627,0.17009117400961785,110.0,195.0,1.7727272727272727,0.09224318658280928,budget-top-k,knapsack-redundancy,0.8157894736842105,0.8157894736842105,0.0,0.0,0.0,0.0,0.5,0.5,0.0,1.0,1.0,0.0,659.0,659.0,0.9954682779456193,0.9954682779456193,low,medium,low_hetero/medium_length
hotpotqa,5a80071f5542992bc0c4a684,30%,445,1485,11,135.0,41.17589762779368,0.305006649094768,66.0,218.0,3.303030303030303,0.1694520967248241,budget-top-k,knapsack-redundancy,1.0,1.0,0.0,1.0,1.0,0.0,0.5,0.5,0.0,1.0,1.0,0.0,442.0,442.0,0.9932584269662922,0.9932584269662922,high,high,high_hetero/high_length
hotpotqa,5a80071f5542992bc0c4a684,40%,594,1485,11,135.0,41.17589762779368,0.305006649094768,66.0,218.0,3.303030303030303,0.1694520967248241,budget-top-k,knapsack-redundancy,1.0,1.0,0.0,1.0,1.0,0.0,0.5,0.5,0.0,1.0,1.0,0.0,588.0,590.0,0.98989898989899,0.9932659932659933,high,high,high_hetero/high_length
hotpotqa,5a80071f5542992bc0c4a684,50%,742,1485,11,135.0,41.17589762779368,0.305006649094768,66.0,218.0,3.303030303030303,0.1694520967248241,budget-top-k,knapsack-redundancy,1.0,1.0,0.0,1.0,1.0,0.0,0.5,1.0,0.5,1.0,1.0,0.0,724.0,716.0,0.9757412398921833,0.9649595687331537,high,high,high_hetero/high_length
hotpotqa,5ae73c065542991e8301cc18,30%,546,1822,13,140.15384615384616,42.29538282465385,0.30177825286525795,44.0,187.0,4.25,0.16482310225449637,budget-top-k,knapsack-redundancy,1.0,0.8333333333333333,-0.16666666666666674,1.0,0.0,-1.0,1.0,0.5,-0.5,1.0,0.0,-1.0,541.0,527.0,0.9908424908424909,0.9652014652014652,high,high,high_hetero/high_length
hotpotqa,5ae73c065542991e8301cc18,40%,728,1822,13,140.15384615384616,42.29538282465385,0.30177825286525795,44.0,187.0,4.25,0.16482310225449637,budget-top-k,knapsack-redundancy,1.0,1.0,0.0,1.0,1.0,0.0,1.0,1.0,0.0,1.0,1.0,0.0,707.0,693.0,0.9711538461538461,0.9519230769230769,high,high,high_hetero/high_length
hotpotqa,5ae73c065542991e8301cc18,50%,911,1822,13,140.15384615384616,42.29538282465385,0.30177825286525795,44.0,187.0,4.25,0.16482310225449637,budget-top-k,knapsack-redundancy,1.0,1.0,0.0,1.0,1.0,0.0,1.0,1.0,0.0,1.0,1.0,0.0,909.0,909.0,0.9978046103183315,0.9978046103183315,high,high,high_hetero/high_length
hotpotqa,5a87d8215542994775f60800,30%,314,1048,6,174.66666666666666,20.221001184137467,0.11576909074887863,151.0,200.0,1.3245033112582782,0.06393129770992356,budget-top-k,knapsack-redundancy,0.7944444444444445,0.7638888888888888,-0.03055555555555567,0.0,0.0,0.0,0.0,0.0,0.0,1.0,0.0,-1.0,182.0,304.0,0.5796178343949044,0.9681528662420382,low,low,low_hetero/low_length
hotpotqa,5a87d8215542994775f60800,40%,419,1048,6,174.66666666666666,20.221001184137467,0.11576909074887863,151.0,200.0,1.3245033112582782,0.06393129770992356,budget-top-k,knapsack-redundancy,1.0,1.0,0.0,1.0,1.0,0.0,0.0,0.0,0.0,1.0,1.0,0.0,333.0,333.0,0.7947494033412887,0.7947494033412887,low,low,low_hetero/low_length
hotpotqa,5a87d8215542994775f60800,50%,524,1048,6,174.66666666666666,20.221001184137467,0.11576909074887863,151.0,200.0,1.3245033112582782,0.06393129770992356,budget-top-k,knapsack-redundancy,1.0,1.0,0.0,1.0,1.0,0.0,0.0,0.0,0.0,1.0,1.0,0.0,486.0,486.0,0.9274809160305344,0.9274809160305344,low,low,low_hetero/low_length
hotpotqa,5ac2ffbd554299677310267b,30%,486,1620,10,162.0,42.02142310774351,0.2593915006650834,82.0,218.0,2.658536585365854,0.14481481481481473,budget-top-k,knapsack-redundancy,1.0,1.0,0.0,1.0,1.0,0.0,0.5,0.5,0.0,1.0,1.0,0.0,441.0,441.0,0.9074074074074074,0.9074074074074074,medium,high,medium_hetero/high_length
hotpotqa,5ac2ffbd554299677310267b,40%,648,1620,10,162.0,42.02142310774351,0.2593915006650834,82.0,218.0,2.658536585365854,0.14481481481481473,budget-top-k,knapsack-redundancy,0.7272727272727273,1.0,0.2727272727272727,0.0,1.0,1.0,0.0,0.5,0.5,0.5,1.0,0.5,575.0,589.0,0.8873456790123457,0.9089506172839507,medium,high,medium_hetero/high_length
hotpotqa,5ac2ffbd554299677310267b,50%,810,1620,10,162.0,42.02142310774351,0.2593915006650834,82.0,218.0,2.658536585365854,0.14481481481481473,budget-top-k,knapsack-redundancy,1.0,1.0,0.0,1.0,1.0,0.0,0.5,0.5,0.0,1.0,1.0,0.0,805.0,805.0,0.9938271604938271,0.9938271604938271,medium,high,medium_hetero/high_length
hotpotqa,5a7c960655429935c91b5244,30%,438,1463,10,146.3,30.46653902234384,0.20824701997500916,108.0,215.0,1.9907407407407407,0.11298701298701297,budget-top-k,knapsack-redundancy,1.0,1.0,0.0,1.0,1.0,0.0,1.0,1.0,0.0,1.0,1.0,0.0,377.0,377.0,0.860730593607306,0.860730593607306,low,high,low_hetero/high_length
hotpotqa,5a7c960655429935c91b5244,40%,585,1463,10,146.3,30.46653902234384,0.20824701997500916,108.0,215.0,1.9907407407407407,0.11298701298701297,budget-top-k,knapsack-redundancy,1.0,1.0,0.0,1.0,1.0,0.0,1.0,1.0,0.0,1.0,1.0,0.0,480.0,555.0,0.8205128205128205,0.9487179487179487,low,high,low_hetero/high_length
hotpotqa,5a7c960655429935c91b5244,50%,731,1463,10,146.3,30.46653902234384,0.20824701997500916,108.0,215.0,1.9907407407407407,0.11298701298701297,budget-top-k,knapsack-redundancy,1.0,1.0,0.0,1.0,1.0,0.0,1.0,1.0,0.0,1.0,1.0,0.0,700.0,700.0,0.957592339261286,0.957592339261286,low,high,low_hetero/high_length
hotpotqa,5a7d61775542991319bc93b9,30%,417,1393,11,126.63636363636364,43.273491207924444,0.34171457522409826,52.0,193.0,3.7115384615384617,0.1942178424590486,budget-top-k,knapsack-redundancy,0.625,0.1736111111111111,-0.4513888888888889,0.0,0.0,0.0,0.5,0.0,-0.5,0.5,0.0,-0.5,370.0,414.0,0.8872901678657075,0.9928057553956835,high,medium,high_hetero/medium_length
hotpotqa,5a7d61775542991319bc93b9,40%,557,1393,11,126.63636363636364,43.273491207924444,0.34171457522409826,52.0,193.0,3.7115384615384617,0.1942178424590486,budget-top-k,knapsack-redundancy,0.625,0.78125,0.15625,0.0,0.0,0.0,0.5,0.5,0.0,0.5,0.5,0.0,512.0,550.0,0.9192100538599641,0.9874326750448833,high,medium,high_hetero/medium_length
hotpotqa,5a7d61775542991319bc93b9,50%,696,1393,11,126.63636363636364,43.273491207924444,0.34171457522409826,52.0,193.0,3.7115384615384617,0.1942178424590486,budget-top-k,knapsack-redundancy,0.78125,0.78125,0.0,0.0,0.0,0.0,0.5,0.5,0.0,0.5,0.5,0.0,692.0,692.0,0.9942528735632183,0.9942528735632183,high,medium,high_hetero/medium_length
hotpotqa,5ac1c6805542994ab5c67e11,30%,560,1867,14,133.35714285714286,44.9072172736778,0.3367439966960306,15.0,215.0,14.333333333333334,0.17227790955696687,budget-top-k,knapsack-redundancy,0.7857142857142857,1.0,0.2142857142857143,0.0,1.0,1.0,0.0,0.5,0.5,0.5,1.0,0.5,512.0,516.0,0.9142857142857143,0.9214285714285714,high,high,high_hetero/high_length
hotpotqa,5ac1c6805542994ab5c67e11,40%,746,1867,14,133.35714285714286,44.9072172736778,0.3367439966960306,15.0,215.0,14.333333333333334,0.17227790955696687,budget-top-k,knapsack-redundancy,1.0,0.8095238095238095,-0.19047619047619047,1.0,0.0,-1.0,0.5,0.0,-0.5,1.0,0.625,-0.375,656.0,744.0,0.8793565683646113,0.9973190348525469,high,high,high_hetero/high_length
hotpotqa,5ac1c6805542994ab5c67e11,50%,933,1867,14,133.35714285714286,44.9072172736778,0.3367439966960306,15.0,215.0,14.333333333333334,0.17227790955696687,budget-top-k,knapsack-redundancy,1.0,1.0,0.0,1.0,1.0,0.0,0.5,0.5,0.0,1.0,1.0,0.0,920.0,932.0,0.9860664523043944,0.9989281886387996,high,high,high_hetero/high_length
hotpotqa,5a7a230e5542996a35c170ee,30%,292,976,6,162.66666666666666,37.057013131419836,0.22780950695544983,96.0,200.0,2.0833333333333335,0.12329234972677594,budget-top-k,knapsack-redundancy,0.6875,0.5055555555555555,-0.18194444444444446,0.0,0.0,0.0,0.0,0.0,0.0,0.0,0.0,0.0,200.0,273.0,0.684931506849315,0.934931506849315,low,low,low_hetero/low_length
hotpotqa,5a7a230e5542996a35c170ee,40%,390,976,6,162.66666666666666,37.057013131419836,0.22780950695544983,96.0,200.0,2.0833333333333335,0.12329234972677594,budget-top-k,knapsack-redundancy,0.6875,0.6875,0.0,0.0,0.0,0.0,0.0,0.0,0.0,0.0,0.0,0.0,377.0,377.0,0.9666666666666667,0.9666666666666667,low,low,low_hetero/low_length
hotpotqa,5a7a230e5542996a35c170ee,50%,488,976,6,162.66666666666666,37.057013131419836,0.22780950695544983,96.0,200.0,2.0833333333333335,0.12329234972677594,budget-top-k,knapsack-redundancy,0.7083333333333334,0.7083333333333334,0.0,0.0,0.0,0.0,0.0,0.0,0.0,0.0,0.0,0.0,473.0,473.0,0.9692622950819673,0.9692622950819673,low,low,low_hetero/low_length
hotpotqa,5ae4627d5542991a06ce9a4d,30%,320,1067,8,133.375,37.96688524227396,0.2846626822288582,75.0,187.0,2.493333333333333,0.15756794751640113,budget-top-k,knapsack-redundancy,0.1328976034858388,0.1328976034858388,0.0,0.0,0.0,0.0,0.0,0.0,0.0,0.0,0.0,0.0,288.0,288.0,0.9,0.9,medium,low,medium_hetero/low_length
hotpotqa,5ae4627d5542991a06ce9a4d,40%,426,1067,8,133.375,37.96688524227396,0.2846626822288582,75.0,187.0,2.493333333333333,0.15756794751640113,budget-top-k,knapsack-redundancy,0.30005941770647654,0.1328976034858388,-0.16716181422063775,0.0,0.0,0.0,0.0,0.0,0.0,0.0,0.0,0.0,426.0,374.0,1.0,0.8779342723004695,medium,low,medium_hetero/low_length
hotpotqa,5ae4627d5542991a06ce9a4d,50%,533,1067,8,133.375,37.96688524227396,0.2846626822288582,75.0,187.0,2.493333333333333,0.15756794751640113,budget-top-k,knapsack-redundancy,0.6221033868092691,0.5918003565062389,-0.030303030303030276,0.0,0.0,0.0,0.0,0.0,0.0,0.0,0.0,0.0,507.0,530.0,0.9512195121951219,0.9943714821763602,medium,low,medium_hetero/low_length
hotpotqa,5ac2d1d755429921a00ab053,30%,384,1282,9,142.44444444444446,49.91127931108494,0.3503911964116727,46.0,209.0,4.543478260869565,0.1946611197781245,budget-top-k,knapsack-redundancy,1.0,1.0,0.0,1.0,1.0,0.0,0.5,0.5,0.0,1.0,1.0,0.0,363.0,363.0,0.9453125,0.9453125,high,medium,high_hetero/medium_length
hotpotqa,5ac2d1d755429921a00ab053,40%,512,1282,9,142.44444444444446,49.91127931108494,0.3503911964116727,46.0,209.0,4.543478260869565,0.1946611197781245,budget-top-k,knapsack-redundancy,1.0,1.0,0.0,1.0,1.0,0.0,0.5,0.5,0.0,1.0,1.0,0.0,463.0,463.0,0.904296875,0.904296875,high,medium,high_hetero/medium_length
hotpotqa,5ac2d1d755429921a00ab053,50%,641,1282,9,142.44444444444446,49.91127931108494,0.3503911964116727,46.0,209.0,4.543478260869565,0.1946611197781245,budget-top-k,knapsack-redundancy,1.0,1.0,0.0,1.0,1.0,0.0,0.5,0.5,0.0,1.0,1.0,0.0,604.0,604.0,0.9422776911076443,0.9422776911076443,high,medium,high_hetero/medium_length
hotpotqa,5ab4e3065542990594ba9cb4,30%,486,1622,12,135.16666666666666,37.10982200023181,0.27454862145670883,47.0,185.0,3.9361702127659575,0.14919852034525283,budget-top-k,knapsack-redundancy,1.0,1.0,0.0,1.0,1.0,0.0,0.5,0.5,0.0,1.0,1.0,0.0,473.0,473.0,0.9732510288065843,0.9732510288065843,medium,high,medium_hetero/high_length
hotpotqa,5ab4e3065542990594ba9cb4,40%,648,1622,12,135.16666666666666,37.10982200023181,0.27454862145670883,47.0,185.0,3.9361702127659575,0.14919852034525283,budget-top-k,knapsack-redundancy,1.0,1.0,0.0,1.0,1.0,0.0,0.5,0.5,0.0,1.0,1.0,0.0,642.0,642.0,0.9907407407407407,0.9907407407407407,medium,high,medium_hetero/high_length
hotpotqa,5ab4e3065542990594ba9cb4,50%,811,1622,12,135.16666666666666,37.10982200023181,0.27454862145670883,47.0,185.0,3.9361702127659575,0.14919852034525283,budget-top-k,knapsack-redundancy,1.0,1.0,0.0,1.0,1.0,0.0,0.5,0.5,0.0,1.0,1.0,0.0,756.0,781.0,0.9321824907521579,0.9630086313193588,medium,high,medium_hetero/high_length
hotpotqa,5ac298f9554299657fa28fc9,30%,301,1004,7,143.42857142857142,38.78459614278823,0.2704105308760136,78.0,190.0,2.4358974358974357,0.14797951052931135,budget-top-k,knapsack-redundancy,0.8333333333333333,0.8333333333333333,0.0,0.0,0.0,0.0,0.5,0.5,0.0,1.0,1.0,0.0,296.0,296.0,0.9833887043189369,0.9833887043189369,medium,low,medium_hetero/low_length
hotpotqa,5ac298f9554299657fa28fc9,40%,401,1004,7,143.42857142857142,38.78459614278823,0.2704105308760136,78.0,190.0,2.4358974358974357,0.14797951052931135,budget-top-k,knapsack-redundancy,1.0,1.0,0.0,1.0,1.0,0.0,1.0,1.0,0.0,1.0,1.0,0.0,374.0,374.0,0.9326683291770573,0.9326683291770573,medium,low,medium_hetero/low_length
hotpotqa,5ac298f9554299657fa28fc9,50%,502,1004,7,143.42857142857142,38.78459614278823,0.2704105308760136,78.0,190.0,2.4358974358974357,0.14797951052931135,budget-top-k,knapsack-redundancy,1.0,1.0,0.0,1.0,1.0,0.0,1.0,1.0,0.0,1.0,1.0,0.0,474.0,474.0,0.9442231075697212,0.9442231075697212,medium,low,medium_hetero/low_length
hotpotqa,5ab6a2be554299710c8d1f08,30%,277,924,6,154.0,40.18706259482024,0.26095495191441714,86.0,218.0,2.5348837209302326,0.14213564213564212,budget-top-k,knapsack-redundancy,0.6428571428571428,0.6428571428571428,0.0,0.0,0.0,0.0,0.0,0.0,0.0,1.0,1.0,0.0,218.0,218.0,0.7870036101083032,0.7870036101083032,medium,low,medium_hetero/low_length
hotpotqa,5ab6a2be554299710c8d1f08,40%,369,924,6,154.0,40.18706259482024,0.26095495191441714,86.0,218.0,2.5348837209302326,0.14213564213564212,budget-top-k,knapsack-redundancy,0.7142857142857143,0.7142857142857143,0.0,0.0,0.0,0.0,0.0,0.0,0.0,1.0,1.0,0.0,358.0,358.0,0.9701897018970189,0.9701897018970189,medium,low,medium_hetero/low_length
hotpotqa,5ab6a2be554299710c8d1f08,50%,462,924,6,154.0,40.18706259482024,0.26095495191441714,86.0,218.0,2.5348837209302326,0.14213564213564212,budget-top-k,knapsack-redundancy,1.0,0.7142857142857143,-0.2857142857142857,1.0,0.0,-1.0,0.0,0.0,0.0,1.0,1.0,0.0,387.0,444.0,0.8376623376623377,0.961038961038961,medium,low,medium_hetero/low_length
hotpotqa,5a738d27554299623ed4abf3,30%,439,1466,10,146.6,47.808367468467274,0.3261143756375667,66.0,217.0,3.287878787878788,0.1849931787175989,budget-top-k,knapsack-redundancy,0.7083333333333334,0.6666666666666666,-0.04166666666666674,0.0,0.0,0.0,0.5,0.5,0.0,1.0,1.0,0.0,401.0,433.0,0.9134396355353075,0.9863325740318907,high,high,high_hetero/high_length
hotpotqa,5a738d27554299623ed4abf3,40%,586,1466,10,146.6,47.808367468467274,0.3261143756375667,66.0,217.0,3.287878787878788,0.1849931787175989,budget-top-k,knapsack-redundancy,0.7083333333333334,1.0,0.29166666666666663,0.0,1.0,1.0,0.5,1.0,0.5,1.0,1.0,0.0,568.0,571.0,0.9692832764505119,0.9744027303754266,high,high,high_hetero/high_length
hotpotqa,5a738d27554299623ed4abf3,50%,733,1466,10,146.6,47.808367468467274,0.3261143756375667,66.0,217.0,3.287878787878788,0.1849931787175989,budget-top-k,knapsack-redundancy,1.0,1.0,0.0,1.0,1.0,0.0,1.0,1.0,0.0,1.0,1.0,0.0,706.0,728.0,0.9631650750341064,0.9931787175989086,high,high,high_hetero/high_length
hotpotqa,5ab2a186554299295394677b,30%,466,1555,10,155.5,45.67986427300326,0.2937611850353907,62.0,211.0,3.403225806451613,0.15877813504823135,budget-top-k,knapsack-redundancy,1.0,1.0,0.0,1.0,1.0,0.0,0.0,0.0,0.0,0.0,0.0,0.0,465.0,465.0,0.9978540772532188,0.9978540772532188,medium,high,medium_hetero/high_length
hotpotqa,5ab2a186554299295394677b,40%,622,1555,10,155.5,45.67986427300326,0.2937611850353907,62.0,211.0,3.403225806451613,0.15877813504823135,budget-top-k,knapsack-redundancy,1.0,1.0,0.0,1.0,1.0,0.0,0.0,0.0,0.0,0.0,0.0,0.0,562.0,575.0,0.9035369774919614,0.9244372990353698,medium,high,medium_hetero/high_length
hotpotqa,5ab2a186554299295394677b,50%,777,1555,10,155.5,45.67986427300326,0.2937611850353907,62.0,211.0,3.403225806451613,0.15877813504823135,budget-top-k,knapsack-redundancy,1.0,1.0,0.0,1.0,1.0,0.0,0.0,0.0,0.0,0.0,0.0,0.0,745.0,758.0,0.9588159588159588,0.9755469755469756,medium,high,medium_hetero/high_length
hotpotqa,5a8704f8554299211dda2ba4,30%,424,1414,9,157.11111111111111,42.03555226615903,0.26755302008163456,110.0,216.0,1.9636363636363636,0.1475719000471476,budget-top-k,knapsack-redundancy,0.8333333333333334,0.5666666666666667,-0.2666666666666667,0.0,0.0,0.0,0.0,0.5,0.5,1.0,0.5,-0.5,327.0,417.0,0.7712264150943396,0.9834905660377359,medium,high,medium_hetero/high_length
hotpotqa,5a8704f8554299211dda2ba4,40%,565,1414,9,157.11111111111111,42.03555226615903,0.26755302008163456,110.0,216.0,1.9636363636363636,0.1475719000471476,budget-top-k,knapsack-redundancy,0.8333333333333334,0.5666666666666667,-0.2666666666666667,0.0,0.0,0.0,0.5,0.5,0.0,1.0,0.5,-0.5,537.0,556.0,0.9504424778761061,0.984070796460177,medium,high,medium_hetero/high_length
hotpotqa,5a8704f8554299211dda2ba4,50%,707,1414,9,157.11111111111111,42.03555226615903,0.26755302008163456,110.0,216.0,1.9636363636363636,0.1475719000471476,budget-top-k,knapsack-redundancy,0.8333333333333334,1.0,0.16666666666666663,0.0,1.0,1.0,0.5,0.5,0.0,1.0,1.0,0.0,647.0,633.0,0.9151343705799151,0.8953323903818954,medium,high,medium_hetero/high_length
hotpotqa,5ab5ed505542997d4ad1f255,30%,340,1134,7,162.0,16.6390246966925,0.102710028991929,136.0,194.0,1.4264705882352942,0.05517762660619807,budget-top-k,knapsack-redundancy,1.0,1.0,0.0,1.0,1.0,0.0,0.0,0.0,0.0,1.0,1.0,0.0,298.0,298.0,0.8764705882352941,0.8764705882352941,low,low,low_hetero/low_length
hotpotqa,5ab5ed505542997d4ad1f255,40%,453,1134,7,162.0,16.6390246966925,0.102710028991929,136.0,194.0,1.4264705882352942,0.05517762660619807,budget-top-k,knapsack-redundancy,1.0,1.0,0.0,1.0,1.0,0.0,0.0,0.0,0.0,1.0,1.0,0.0,447.0,447.0,0.9867549668874173,0.9867549668874173,low,low,low_hetero/low_length
hotpotqa,5ab5ed505542997d4ad1f255,50%,567,1134,7,162.0,16.6390246966925,0.102710028991929,136.0,194.0,1.4264705882352942,0.05517762660619807,budget-top-k,knapsack-redundancy,1.0,1.0,0.0,1.0,1.0,0.0,0.0,0.0,0.0,1.0,1.0,0.0,447.0,447.0,0.7883597883597884,0.7883597883597884,low,low,low_hetero/low_length
hotpotqa,5a77c1505542997042120b1b,30%,385,1284,8,160.5,34.08812109811862,0.21238704734030292,91.0,201.0,2.208791208791209,0.1166277258566979,budget-top-k,knapsack-redundancy,1.0,1.0,0.0,1.0,1.0,0.0,0.0,0.0,0.0,1.0,1.0,0.0,378.0,378.0,0.9818181818181818,0.9818181818181818,low,medium,low_hetero/medium_length
hotpotqa,5a77c1505542997042120b1b,40%,513,1284,8,160.5,34.08812109811862,0.21238704734030292,91.0,201.0,2.208791208791209,0.1166277258566979,budget-top-k,knapsack-redundancy,0.9761904761904763,0.9761904761904763,0.0,0.0,0.0,0.0,0.0,0.0,0.0,1.0,1.0,0.0,485.0,485.0,0.9454191033138402,0.9454191033138402,low,medium,low_hetero/medium_length
hotpotqa,5a77c1505542997042120b1b,50%,642,1284,8,160.5,34.08812109811862,0.21238704734030292,91.0,201.0,2.208791208791209,0.1166277258566979,budget-top-k,knapsack-redundancy,1.0,1.0,0.0,1.0,1.0,0.0,0.0,0.0,0.0,1.0,1.0,0.0,579.0,626.0,0.9018691588785047,0.9750778816199377,low,medium,low_hetero/medium_length
hotpotqa,5a88d745554299206df2b378,30%,259,865,5,173.0,41.376321731154405,0.239169489775459,100.0,218.0,2.18,0.128092485549133,budget-top-k,knapsack-redundancy,0.6875,0.6875,0.0,0.0,0.0,0.0,0.0,0.0,0.0,0.0,0.0,0.0,207.0,207.0,0.7992277992277992,0.7992277992277992,medium,low,medium_hetero/low_length
hotpotqa,5a88d745554299206df2b378,40%,346,865,5,173.0,41.376321731154405,0.239169489775459,100.0,218.0,2.18,0.128092485549133,budget-top-k,knapsack-redundancy,0.6875,0.6153846153846154,-0.07211538461538458,0.0,0.0,0.0,0.0,0.0,0.0,0.0,1.0,1.0,307.0,340.0,0.8872832369942196,0.9826589595375722,medium,low,medium_hetero/low_length
hotpotqa,5a88d745554299206df2b378,50%,432,865,5,173.0,41.376321731154405,0.239169489775459,100.0,218.0,2.18,0.128092485549133,budget-top-k,knapsack-redundancy,1.0,1.0,0.0,1.0,1.0,0.0,0.0,0.0,0.0,1.0,1.0,0.0,373.0,373.0,0.8634259259259259,0.8634259259259259,medium,low,medium_hetero/low_length
hotpotqa,5ae748d1554299572ea547b0,30%,597,1993,13,153.30769230769232,35.1641964227703,0.22937007200000697,90.0,220.0,2.4444444444444446,0.12389517156200558,budget-top-k,knapsack-redundancy,0.8571428571428571,0.8571428571428571,0.0,0.0,0.0,0.0,0.5,0.5,0.0,0.0,0.0,0.0,550.0,550.0,0.9212730318257957,0.9212730318257957,medium,high,medium_hetero/high_length
hotpotqa,5ae748d1554299572ea547b0,40%,797,1993,13,153.30769230769232,35.1641964227703,0.22937007200000697,90.0,220.0,2.4444444444444446,0.12389517156200558,budget-top-k,knapsack-redundancy,1.0,0.8571428571428571,-0.1428571428571429,1.0,0.0,-1.0,1.0,0.5,-0.5,0.0,0.0,0.0,738.0,784.0,0.9259723964868256,0.9836888331242158,medium,high,medium_hetero/high_length
hotpotqa,5ae748d1554299572ea547b0,50%,996,1993,13,153.30769230769232,35.1641964227703,0.22937007200000697,90.0,220.0,2.4444444444444446,0.12389517156200558,budget-top-k,knapsack-redundancy,1.0,0.873015873015873,-0.12698412698412698,1.0,0.0,-1.0,1.0,0.5,-0.5,0.0,0.0,0.0,972.0,981.0,0.9759036144578314,0.9849397590361446,medium,high,medium_hetero/high_length
hotpotqa,5a7a8a9c554299042af8f666,30%,324,1081,7,154.42857142857142,27.096953665664774,0.1754659349302992,93.0,180.0,1.935483870967742,0.08669221620192946,budget-top-k,knapsack-redundancy,0.9285714285714286,0.9285714285714286,0.0,0.0,0.0,0.0,0.5,0.5,0.0,1.0,1.0,0.0,304.0,304.0,0.9382716049382716,0.9382716049382716,low,low,low_hetero/low_length
hotpotqa,5a7a8a9c554299042af8f666,40%,432,1081,7,154.42857142857142,27.096953665664774,0.1754659349302992,93.0,180.0,1.935483870967742,0.08669221620192946,budget-top-k,knapsack-redundancy,1.0,1.0,0.0,1.0,1.0,0.0,0.5,0.5,0.0,1.0,1.0,0.0,418.0,418.0,0.9675925925925926,0.9675925925925926,low,low,low_hetero/low_length
hotpotqa,5a7a8a9c554299042af8f666,50%,540,1081,7,154.42857142857142,27.096953665664774,0.1754659349302992,93.0,180.0,1.935483870967742,0.08669221620192946,budget-top-k,knapsack-redundancy,1.0,1.0,0.0,1.0,1.0,0.0,0.5,0.5,0.0,1.0,1.0,0.0,472.0,472.0,0.8740740740740741,0.8740740740740741,low,low,low_hetero/low_length
hotpotqa,5adffe7155429906c02daa9e,30%,356,1188,8,148.5,32.615180514600866,0.21963084521616744,98.0,198.0,2.020408163265306,0.12289562289562284,budget-top-k,knapsack-redundancy,1.0,1.0,0.0,1.0,1.0,0.0,0.5,0.5,0.0,1.0,1.0,0.0,283.0,283.0,0.7949438202247191,0.7949438202247191,low,medium,low_hetero/medium_length
hotpotqa,5adffe7155429906c02daa9e,40%,475,1188,8,148.5,32.615180514600866,0.21963084521616744,98.0,198.0,2.020408163265306,0.12289562289562284,budget-top-k,knapsack-redundancy,1.0,1.0,0.0,1.0,1.0,0.0,0.5,0.5,0.0,1.0,1.0,0.0,416.0,416.0,0.8757894736842106,0.8757894736842106,low,medium,low_hetero/medium_length
hotpotqa,5adffe7155429906c02daa9e,50%,594,1188,8,148.5,32.615180514600866,0.21963084521616744,98.0,198.0,2.020408163265306,0.12289562289562284,budget-top-k,knapsack-redundancy,1.0,1.0,0.0,1.0,1.0,0.0,0.5,0.5,0.0,1.0,1.0,0.0,585.0,585.0,0.9848484848484849,0.9848484848484849,low,medium,low_hetero/medium_length
hotpotqa,5ab642845542995eadeeff8e,30%,302,1007,7,143.85714285714286,53.93760567658198,0.3749386690527049,52.0,218.0,4.1923076923076925,0.21052631578947367,budget-top-k,knapsack-redundancy,0.7777777777777778,0.7777777777777778,0.0,0.0,0.0,0.0,0.0,0.0,0.0,0.0,0.0,0.0,270.0,270.0,0.8940397350993378,0.8940397350993378,high,low,high_hetero/low_length
hotpotqa,5ab642845542995eadeeff8e,40%,402,1007,7,143.85714285714286,53.93760567658198,0.3749386690527049,52.0,218.0,4.1923076923076925,0.21052631578947367,budget-top-k,knapsack-redundancy,1.0,1.0,0.0,1.0,1.0,0.0,0.0,0.0,0.0,0.0,0.0,0.0,390.0,390.0,0.9701492537313433,0.9701492537313433,high,low,high_hetero/low_length
hotpotqa,5ab642845542995eadeeff8e,50%,503,1007,7,143.85714285714286,53.93760567658198,0.3749386690527049,52.0,218.0,4.1923076923076925,0.21052631578947367,budget-top-k,knapsack-redundancy,0.7777777777777778,1.0,0.2222222222222222,0.0,1.0,1.0,0.0,0.0,0.0,0.0,0.0,0.0,474.0,495.0,0.9423459244532804,0.9840954274353877,high,low,high_hetero/low_length
hotpotqa,5a906a685542990a9849362e,30%,453,1511,10,151.1,50.59930829566744,0.33487298673505916,53.0,215.0,4.056603773584905,0.1882859033752482,budget-top-k,knapsack-redundancy,1.0,1.0,0.0,1.0,1.0,0.0,1.0,1.0,0.0,1.0,1.0,0.0,441.0,441.0,0.9735099337748344,0.9735099337748344,high,high,high_hetero/high_length
hotpotqa,5a906a685542990a9849362e,40%,604,1511,10,151.1,50.59930829566744,0.33487298673505916,53.0,215.0,4.056603773584905,0.1882859033752482,budget-top-k,knapsack-redundancy,0.8076923076923077,1.0,0.1923076923076923,0.0,1.0,1.0,0.5,1.0,0.5,1.0,1.0,0.0,556.0,590.0,0.9205298013245033,0.9768211920529801,high,high,high_hetero/high_length
hotpotqa,5a906a685542990a9849362e,50%,755,1511,10,151.1,50.59930829566744,0.33487298673505916,53.0,215.0,4.056603773584905,0.1882859033752482,budget-top-k,knapsack-redundancy,0.8076923076923077,1.0,0.1923076923076923,0.0,1.0,1.0,0.5,1.0,0.5,1.0,1.0,0.0,705.0,751.0,0.9337748344370861,0.9947019867549669,high,high,high_hetero/high_length
hotpotqa,5a7633ad5542992db9473741,30%,460,1534,11,139.45454545454547,47.02294147321484,0.33719188800871136,45.0,212.0,4.711111111111111,0.18430721820552343,budget-top-k,knapsack-redundancy,0.90625,0.90625,0.0,0.0,0.0,0.0,0.5,0.5,0.0,1.0,1.0,0.0,434.0,434.0,0.9434782608695652,0.9434782608695652,high,high,high_hetero/high_length
hotpotqa,5a7633ad5542992db9473741,40%,613,1534,11,139.45454545454547,47.02294147321484,0.33719188800871136,45.0,212.0,4.711111111111111,0.18430721820552343,budget-top-k,knapsack-redundancy,0.90625,0.90625,0.0,0.0,0.0,0.0,0.5,0.5,0.0,1.0,1.0,0.0,579.0,579.0,0.9445350734094616,0.9445350734094616,high,high,high_hetero/high_length
hotpotqa,5a7633ad5542992db9473741,50%,767,1534,11,139.45454545454547,47.02294147321484,0.33719188800871136,45.0,212.0,4.711111111111111,0.18430721820552343,budget-top-k,knapsack-redundancy,0.90625,0.90625,0.0,0.0,0.0,0.0,0.5,0.5,0.0,1.0,1.0,0.0,725.0,725.0,0.9452411994784876,0.9452411994784876,high,high,high_hetero/high_length
hotpotqa,5a74ce9655429974ef308c6c,30%,434,1449,10,145.0,38.462969204157915,0.2652618565803994,75.0,204.0,2.72,0.14262068965517227,budget-top-k,knapsack-redundancy,0.5555555555555556,0.5555555555555556,0.0,0.0,0.0,0.0,0.0,0.0,0.0,1.0,1.0,0.0,421.0,430.0,0.9700460829493087,0.9907834101382489,medium,high,medium_hetero/high_length
hotpotqa,5a74ce9655429974ef308c6c,40%,579,1449,10,145.0,38.462969204157915,0.2652618565803994,75.0,204.0,2.72,0.14262068965517227,budget-top-k,knapsack-redundancy,0.5555555555555556,1.0,0.4444444444444444,0.0,1.0,1.0,0.0,0.0,0.0,1.0,1.0,0.0,496.0,548.0,0.8566493955094991,0.9464594127806563,medium,high,medium_hetero/high_length
hotpotqa,5a74ce9655429974ef308c6c,50%,724,1449,10,145.0,38.462969204157915,0.2652618565803994,75.0,204.0,2.72,0.14262068965517227,budget-top-k,knapsack-redundancy,1.0,1.0,0.0,1.0,1.0,0.0,0.0,0.0,0.0,1.0,1.0,0.0,700.0,716.0,0.9668508287292817,0.988950276243094,medium,high,medium_hetero/high_length
hotpotqa,5a713a5a5542994082a3e6a9,30%,495,1653,11,150.27272727272728,20.131797142787505,0.1339684020391183,113.0,199.0,1.761061946902655,0.06918550294230874,budget-top-k,knapsack-redundancy,0.9333333333333332,0.9333333333333332,0.0,0.0,0.0,0.0,0.0,0.0,0.0,0.5,0.5,0.0,449.0,449.0,0.907070707070707,0.907070707070707,low,high,low_hetero/high_length
hotpotqa,5a713a5a5542994082a3e6a9,40%,661,1653,11,150.27272727272728,20.131797142787505,0.1339684020391183,113.0,199.0,1.761061946902655,0.06918550294230874,budget-top-k,knapsack-redundancy,0.9666666666666667,0.9666666666666667,0.0,0.0,0.0,0.0,0.0,0.0,0.0,1.0,1.0,0.0,610.0,610.0,0.9228441754916793,0.9228441754916793,low,high,low_hetero/high_length
hotpotqa,5a713a5a5542994082a3e6a9,50%,826,1653,11,150.27272727272728,20.131797142787505,0.1339684020391183,113.0,199.0,1.761061946902655,0.06918550294230874,budget-top-k,knapsack-redundancy,0.9666666666666667,0.9666666666666667,0.0,0.0,0.0,0.0,0.0,0.0,0.0,1.0,1.0,0.0,762.0,762.0,0.9225181598062954,0.9225181598062954,low,high,low_hetero/high_length
hotpotqa,5ab341f755429969a97a8114,30%,481,1606,13,123.53846153846153,38.711189764947186,0.31335334180841434,29.0,168.0,5.793103448275862,0.16811955168119552,budget-top-k,knapsack-redundancy,0.6111111111111112,0.6111111111111112,0.0,0.0,0.0,0.0,0.5,0.5,0.0,0.0,0.0,0.0,432.0,479.0,0.8981288981288982,0.9958419958419958,high,high,high_hetero/high_length
hotpotqa,5ab341f755429969a97a8114,40%,642,1606,13,123.53846153846153,38.711189764947186,0.31335334180841434,29.0,168.0,5.793103448275862,0.16811955168119552,budget-top-k,knapsack-redundancy,0.6111111111111112,0.6111111111111112,0.0,0.0,0.0,0.0,0.5,0.5,0.0,0.0,0.0,0.0,633.0,640.0,0.985981308411215,0.9968847352024922,high,high,high_hetero/high_length
hotpotqa,5ab341f755429969a97a8114,50%,803,1606,13,123.53846153846153,38.711189764947186,0.31335334180841434,29.0,168.0,5.793103448275862,0.16811955168119552,budget-top-k,knapsack-redundancy,1.0,0.6111111111111112,-0.38888888888888884,1.0,0.0,-1.0,1.0,0.5,-0.5,0.0,0.0,0.0,777.0,787.0,0.9676214196762142,0.9800747198007472,high,high,high_hetero/high_length
hotpotqa,5a8325b35542990548d0b18f,30%,299,998,6,166.33333333333334,51.46735750831675,0.3094229910319644,58.0,217.0,3.7413793103448274,0.15163660654642608,budget-top-k,knapsack-redundancy,1.0,1.0,0.0,1.0,1.0,0.0,0.5,0.5,0.0,1.0,1.0,0.0,253.0,253.0,0.8461538461538461,0.8461538461538461,high,low,high_hetero/low_length
hotpotqa,5a8325b35542990548d0b18f,40%,399,998,6,166.33333333333334,51.46735750831675,0.3094229910319644,58.0,217.0,3.7413793103448274,0.15163660654642608,budget-top-k,knapsack-redundancy,0.8055555555555556,0.8055555555555556,0.0,0.0,0.0,0.0,0.0,0.0,0.0,1.0,1.0,0.0,363.0,363.0,0.9097744360902256,0.9097744360902256,high,low,high_hetero/low_length
hotpotqa,5a8325b35542990548d0b18f,50%,499,998,6,166.33333333333334,51.46735750831675,0.3094229910319644,58.0,217.0,3.7413793103448274,0.15163660654642608,budget-top-k,knapsack-redundancy,1.0,1.0,0.0,1.0,1.0,0.0,0.5,0.5,0.0,1.0,1.0,0.0,421.0,421.0,0.843687374749499,0.843687374749499,high,low,high_hetero/low_length
hotpotqa,5ab9374b554299131ca422c6,30%,430,1435,10,143.5,38.882515350733165,0.2709582951270604,83.0,197.0,2.3734939759036147,0.1531010452961672,budget-top-k,knapsack-redundancy,1.0,0.5909090909090909,-0.40909090909090906,1.0,0.0,-1.0,0.5,0.5,0.0,1.0,1.0,0.0,362.0,404.0,0.8418604651162791,0.9395348837209302,medium,high,medium_hetero/high_length
hotpotqa,5ab9374b554299131ca422c6,40%,574,1435,10,143.5,38.882515350733165,0.2709582951270604,83.0,197.0,2.3734939759036147,0.1531010452961672,budget-top-k,knapsack-redundancy,1.0,1.0,0.0,1.0,1.0,0.0,0.5,0.5,0.0,1.0,1.0,0.0,534.0,555.0,0.9303135888501742,0.9668989547038328,medium,high,medium_hetero/high_length
hotpotqa,5ab9374b554299131ca422c6,50%,717,1435,10,143.5,38.882515350733165,0.2709582951270604,83.0,197.0,2.3734939759036147,0.1531010452961672,budget-top-k,knapsack-redundancy,1.0,1.0,0.0,1.0,1.0,0.0,0.5,0.5,0.0,1.0,1.0,0.0,666.0,687.0,0.9288702928870293,0.9581589958158996,medium,high,medium_hetero/high_length
hotpotqa,5ae52c0f5542992663a4f12e,30%,390,1300,10,130.0,31.80565987367657,0.2446589221052044,71.0,173.0,2.436619718309859,0.13384615384615373,budget-top-k,knapsack-redundancy,0.8125,0.8125,0.0,0.0,0.0,0.0,0.5,0.5,0.0,1.0,1.0,0.0,341.0,341.0,0.8743589743589744,0.8743589743589744,medium,medium,medium_hetero/medium_length
hotpotqa,5ae52c0f5542992663a4f12e,40%,520,1300,10,130.0,31.80565987367657,0.2446589221052044,71.0,173.0,2.436619718309859,0.13384615384615373,budget-top-k,knapsack-redundancy,0.8125,0.8125,0.0,0.0,0.0,0.0,0.5,0.5,0.0,1.0,1.0,0.0,501.0,501.0,0.9634615384615385,0.9634615384615385,medium,medium,medium_hetero/medium_length
hotpotqa,5ae52c0f5542992663a4f12e,50%,650,1300,10,130.0,31.80565987367657,0.2446589221052044,71.0,173.0,2.436619718309859,0.13384615384615373,budget-top-k,knapsack-redundancy,0.8125,0.8125,0.0,0.0,0.0,0.0,0.5,0.5,0.0,1.0,1.0,0.0,642.0,642.0,0.9876923076923076,0.9876923076923076,medium,medium,medium_hetero/medium_length
hotpotqa,5adbfbd555429947ff173893,30%,370,1235,7,176.42857142857142,33.053450837165215,0.18734749462360853,101.0,213.0,2.108910891089109,0.09045691150954305,budget-top-k,knapsack-redundancy,1.0,1.0,0.0,1.0,1.0,0.0,0.5,0.5,0.0,1.0,1.0,0.0,366.0,366.0,0.9891891891891892,0.9891891891891892,low,medium,low_hetero/medium_length
hotpotqa,5adbfbd555429947ff173893,40%,494,1235,7,176.42857142857142,33.053450837165215,0.18734749462360853,101.0,213.0,2.108910891089109,0.09045691150954305,budget-top-k,knapsack-redundancy,0.75,0.8055555555555555,0.05555555555555547,0.0,0.0,0.0,0.0,0.0,0.0,0.6666666666666666,0.6666666666666666,0.0,408.0,484.0,0.8259109311740891,0.979757085020243,low,medium,low_hetero/medium_length
hotpotqa,5adbfbd555429947ff173893,50%,617,1235,7,176.42857142857142,33.053450837165215,0.18734749462360853,101.0,213.0,2.108910891089109,0.09045691150954305,budget-top-k,knapsack-redundancy,0.7777777777777778,0.7777777777777778,0.0,0.0,0.0,0.0,0.0,0.0,0.0,0.6666666666666666,0.6666666666666666,0.0,596.0,596.0,0.965964343598055,0.965964343598055,low,medium,low_hetero/medium_length
hotpotqa,5ab7f0015542992aa3b8c88b,30%,493,1646,11,149.63636363636363,39.36835999371883,0.2630935358024953,91.0,207.0,2.2747252747252746,0.14934275930630747,budget-top-k,knapsack-redundancy,0.75,0.2722222222222222,-0.4777777777777778,0.0,0.0,0.0,0.0,0.0,0.0,1.0,0.0,-1.0,468.0,458.0,0.949290060851927,0.9290060851926978,medium,high,medium_hetero/high_length
hotpotqa,5ab7f0015542992aa3b8c88b,40%,658,1646,11,149.63636363636363,39.36835999371883,0.2630935358024953,91.0,207.0,2.2747252747252746,0.14934275930630747,budget-top-k,knapsack-redundancy,0.75,0.37777777777777777,-0.37222222222222223,0.0,0.0,0.0,0.0,0.0,0.0,1.0,0.0,-1.0,559.0,656.0,0.8495440729483282,0.9969604863221885,medium,high,medium_hetero/high_length
hotpotqa,5ab7f0015542992aa3b8c88b,50%,823,1646,11,149.63636363636363,39.36835999371883,0.2630935358024953,91.0,207.0,2.2747252747252746,0.14934275930630747,budget-top-k,knapsack-redundancy,0.85,0.8,-0.04999999999999993,0.0,0.0,0.0,0.0,0.0,0.0,1.0,1.0,0.0,757.0,814.0,0.9198055893074119,0.9890643985419199,medium,high,medium_hetero/high_length
hotpotqa,5ac547525542993e66e822a3,30%,542,1808,12,150.66666666666666,43.13608955645171,0.28630147935698036,84.0,219.0,2.607142857142857,0.16150442477876115,budget-top-k,knapsack-redundancy,0.13492822966507179,0.1283492822966507,-0.006578947368421073,0.0,0.0,0.0,0.0,0.0,0.0,0.0,0.0,0.0,530.0,530.0,0.977859778597786,0.977859778597786,medium,high,medium_hetero/high_length
hotpotqa,5ac547525542993e66e822a3,40%,723,1808,12,150.66666666666666,43.13608955645171,0.28630147935698036,84.0,219.0,2.607142857142857,0.16150442477876115,budget-top-k,knapsack-redundancy,0.13492822966507179,0.5568181818181819,0.4218899521531101,0.0,0.0,0.0,0.0,0.5,0.5,0.0,1.0,1.0,651.0,723.0,0.9004149377593361,1.0,medium,high,medium_hetero/high_length
hotpotqa,5ac547525542993e66e822a3,50%,904,1808,12,150.66666666666666,43.13608955645171,0.28630147935698036,84.0,219.0,2.607142857142857,0.16150442477876115,budget-top-k,knapsack-redundancy,0.14808612440191388,0.5568181818181819,0.408732057416268,0.0,0.0,0.0,0.0,0.5,0.5,0.0,1.0,1.0,854.0,891.0,0.9446902654867256,0.9856194690265486,medium,high,medium_hetero/high_length
hotpotqa,5a7cbf8c554299452d57b9f4,30%,522,1742,11,158.36363636363637,34.71513352801295,0.21921152055576487,87.0,210.0,2.413793103448276,0.12055109070034442,budget-top-k,knapsack-redundancy,1.0,1.0,0.0,1.0,1.0,0.0,1.0,1.0,0.0,1.0,1.0,0.0,484.0,484.0,0.9272030651340997,0.9272030651340997,low,high,low_hetero/high_length
hotpotqa,5a7cbf8c554299452d57b9f4,40%,696,1742,11,158.36363636363637,34.71513352801295,0.21921152055576487,87.0,210.0,2.413793103448276,0.12055109070034442,budget-top-k,knapsack-redundancy,1.0,1.0,0.0,1.0,1.0,0.0,1.0,1.0,0.0,1.0,1.0,0.0,667.0,667.0,0.9583333333333334,0.9583333333333334,low,high,low_hetero/high_length
hotpotqa,5a7cbf8c554299452d57b9f4,50%,871,1742,11,158.36363636363637,34.71513352801295,0.21921152055576487,87.0,210.0,2.413793103448276,0.12055109070034442,budget-top-k,knapsack-redundancy,1.0,1.0,0.0,1.0,1.0,0.0,1.0,1.0,0.0,1.0,1.0,0.0,808.0,808.0,0.9276693455797933,0.9276693455797933,low,high,low_hetero/high_length
hotpotqa,5a7ddc5a5542995f4f4022da,30%,314,1047,6,174.5,24.27447218787671,0.1391087231396946,131.0,207.0,1.5801526717557253,0.07656797198344467,budget-top-k,knapsack-redundancy,0.875,0.875,0.0,0.0,0.0,0.0,0.0,0.0,0.0,1.0,1.0,0.0,302.0,302.0,0.9617834394904459,0.9617834394904459,low,low,low_hetero/low_length
hotpotqa,5a7ddc5a5542995f4f4022da,40%,418,1047,6,174.5,24.27447218787671,0.1391087231396946,131.0,207.0,1.5801526717557253,0.07656797198344467,budget-top-k,knapsack-redundancy,1.0,1.0,0.0,1.0,1.0,0.0,0.0,0.0,0.0,1.0,1.0,0.0,359.0,359.0,0.8588516746411483,0.8588516746411483,low,low,low_hetero/low_length
hotpotqa,5a7ddc5a5542995f4f4022da,50%,523,1047,6,174.5,24.27447218787671,0.1391087231396946,131.0,207.0,1.5801526717557253,0.07656797198344467,budget-top-k,knapsack-redundancy,1.0,1.0,0.0,1.0,1.0,0.0,0.0,0.0,0.0,1.0,1.0,0.0,520.0,520.0,0.994263862332696,0.994263862332696,low,low,low_hetero/low_length
hotpotqa,5a7a1cd85542990783324e65,30%,399,1332,9,148.0,39.94440581052065,0.2698946338548692,97.0,219.0,2.2577319587628866,0.1516516516516515,budget-top-k,knapsack-redundancy,1.0,0.9444444444444444,-0.05555555555555558,1.0,0.0,-1.0,0.5,0.0,-0.5,1.0,1.0,0.0,330.0,391.0,0.8270676691729323,0.9799498746867168,medium,medium,medium_hetero/medium_length
hotpotqa,5a7a1cd85542990783324e65,40%,532,1332,9,148.0,39.94440581052065,0.2698946338548692,97.0,219.0,2.2577319587628866,0.1516516516516515,budget-top-k,knapsack-redundancy,1.0,1.0,0.0,1.0,1.0,0.0,0.5,0.5,0.0,1.0,1.0,0.0,475.0,530.0,0.8928571428571429,0.9962406015037594,medium,medium,medium_hetero/medium_length
hotpotqa,5a7a1cd85542990783324e65,50%,666,1332,9,148.0,39.94440581052065,0.2698946338548692,97.0,219.0,2.2577319587628866,0.1516516516516515,budget-top-k,knapsack-redundancy,1.0,1.0,0.0,1.0,1.0,0.0,0.5,0.5,0.0,1.0,1.0,0.0,578.0,637.0,0.8678678678678678,0.9564564564564565,medium,medium,medium_hetero/medium_length
hotpotqa,5ae0a59a55429945ae9593e2,30%,405,1353,10,135.3,44.66329589271262,0.33010566070001934,36.0,219.0,6.083333333333333,0.17036215816703604,budget-top-k,knapsack-redundancy,0.8333333333333333,0.7222222222222222,-0.11111111111111105,0.0,0.0,0.0,0.5,0.5,0.0,1.0,1.0,0.0,387.0,385.0,0.9555555555555556,0.9506172839506173,high,medium,high_hetero/medium_length
hotpotqa,5ae0a59a55429945ae9593e2,40%,541,1353,10,135.3,44.66329589271262,0.33010566070001934,36.0,219.0,6.083333333333333,0.17036215816703604,budget-top-k,knapsack-redundancy,0.8333333333333333,1.0,0.16666666666666674,0.0,1.0,1.0,0.5,0.5,0.0,1.0,1.0,0.0,510.0,540.0,0.9426987060998152,0.9981515711645101,high,medium,high_hetero/medium_length
hotpotqa,5ae0a59a55429945ae9593e2,50%,676,1353,10,135.3,44.66329589271262,0.33010566070001934,36.0,219.0,6.083333333333333,0.17036215816703604,budget-top-k,knapsack-redundancy,0.8333333333333333,1.0,0.16666666666666674,0.0,1.0,1.0,0.5,0.5,0.0,1.0,1.0,0.0,667.0,665.0,0.9866863905325444,0.9837278106508875,high,medium,high_hetero/medium_length
hotpotqa,5a8b987f5542997f31a41d7a,30%,349,1164,8,145.5,40.5,0.27835051546391754,99.0,212.0,2.1414141414141414,0.15292096219931262,budget-top-k,knapsack-redundancy,0.287828947368421,0.8421052631578947,0.5542763157894737,0.0,0.0,0.0,0.0,0.5,0.5,0.0,1.0,1.0,320.0,342.0,0.9169054441260746,0.9799426934097422,medium,low,medium_hetero/low_length
hotpotqa,5a8b987f5542997f31a41d7a,40%,465,1164,8,145.5,40.5,0.27835051546391754,99.0,212.0,2.1414141414141414,0.15292096219931262,budget-top-k,knapsack-redundancy,0.8947368421052632,0.8947368421052632,0.0,0.0,0.0,0.0,0.5,0.5,0.0,1.0,1.0,0.0,436.0,436.0,0.9376344086021505,0.9376344086021505,medium,low,medium_hetero/low_length
hotpotqa,5a8b987f5542997f31a41d7a,50%,582,1164,8,145.5,40.5,0.27835051546391754,99.0,212.0,2.1414141414141414,0.15292096219931262,budget-top-k,knapsack-redundancy,0.71875,0.71875,0.0,0.0,0.0,0.0,0.0,0.0,0.0,1.0,1.0,0.0,577.0,577.0,0.9914089347079038,0.9914089347079038,medium,low,medium_hetero/low_length
hotpotqa,5a8739a05542994775f607ab,30%,370,1236,9,137.33333333333334,68.37478417597464,0.49787464205806775,43.0,210.0,4.883720930232558,0.2664509169363538,budget-top-k,knapsack-redundancy,1.0,1.0,0.0,1.0,1.0,0.0,0.5,0.5,0.0,1.0,1.0,0.0,369.0,369.0,0.9972972972972973,0.9972972972972973,high,medium,high_hetero/medium_length
hotpotqa,5a8739a05542994775f607ab,40%,494,1236,9,137.33333333333334,68.37478417597464,0.49787464205806775,43.0,210.0,4.883720930232558,0.2664509169363538,budget-top-k,knapsack-redundancy,1.0,1.0,0.0,1.0,1.0,0.0,0.0,0.5,0.5,1.0,1.0,0.0,494.0,456.0,1.0,0.9230769230769231,high,medium,high_hetero/medium_length
hotpotqa,5a8739a05542994775f607ab,50%,618,1236,9,137.33333333333334,68.37478417597464,0.49787464205806775,43.0,210.0,4.883720930232558,0.2664509169363538,budget-top-k,knapsack-redundancy,1.0,1.0,0.0,1.0,1.0,0.0,0.5,0.5,0.0,1.0,1.0,0.0,579.0,583.0,0.9368932038834952,0.9433656957928802,high,medium,high_hetero/medium_length
hotpotqa,5ae67dba55429908198fa5f0,30%,355,1184,8,147.875,31.138551266878167,0.2105734658791423,97.0,179.0,1.8453608247422681,0.11147506339814028,budget-top-k,knapsack-redundancy,1.0,1.0,0.0,1.0,1.0,0.0,0.0,0.0,0.0,0.0,0.0,0.0,334.0,334.0,0.9408450704225352,0.9408450704225352,low,medium,low_hetero/medium_length
hotpotqa,5ae67dba55429908198fa5f0,40%,473,1184,8,147.875,31.138551266878167,0.2105734658791423,97.0,179.0,1.8453608247422681,0.11147506339814028,budget-top-k,knapsack-redundancy,1.0,1.0,0.0,1.0,1.0,0.0,0.0,0.0,0.0,0.0,0.0,0.0,431.0,431.0,0.9112050739957717,0.9112050739957717,low,medium,low_hetero/medium_length
hotpotqa,5ae67dba55429908198fa5f0,50%,592,1184,8,147.875,31.138551266878167,0.2105734658791423,97.0,179.0,1.8453608247422681,0.11147506339814028,budget-top-k,knapsack-redundancy,1.0,1.0,0.0,1.0,1.0,0.0,0.0,0.0,0.0,0.0,0.0,0.0,583.0,583.0,0.9847972972972973,0.9847972972972973,low,medium,low_hetero/medium_length
hotpotqa,5a7b3f4d5542992d025e67bb,30%,331,1105,7,157.85714285714286,40.75161196260855,0.25815500790792745,89.0,215.0,2.4157303370786516,0.14272786037491936,budget-top-k,knapsack-redundancy,1.0,1.0,0.0,1.0,1.0,0.0,0.5,0.5,0.0,1.0,1.0,0.0,287.0,287.0,0.8670694864048338,0.8670694864048338,medium,low,medium_hetero/low_length
hotpotqa,5a7b3f4d5542992d025e67bb,40%,442,1105,7,157.85714285714286,40.75161196260855,0.25815500790792745,89.0,215.0,2.4157303370786516,0.14272786037491936,budget-top-k,knapsack-redundancy,1.0,1.0,0.0,1.0,1.0,0.0,0.5,0.5,0.0,1.0,1.0,0.0,441.0,441.0,0.997737556561086,0.997737556561086,medium,low,medium_hetero/low_length
hotpotqa,5a7b3f4d5542992d025e67bb,50%,552,1105,7,157.85714285714286,40.75161196260855,0.25815500790792745,89.0,215.0,2.4157303370786516,0.14272786037491936,budget-top-k,knapsack-redundancy,1.0,1.0,0.0,1.0,1.0,0.0,0.5,0.5,0.0,1.0,1.0,0.0,474.0,530.0,0.8586956521739131,0.9601449275362319,medium,low,medium_hetero/low_length
hotpotqa,5ae2dfd155429928c423951b,30%,303,1013,6,168.83333333333334,37.653758850286856,0.22302325084079083,114.0,215.0,1.8859649122807018,0.12553471536689687,budget-top-k,knapsack-redundancy,1.0,1.0,0.0,1.0,1.0,0.0,0.0,0.0,0.0,1.0,1.0,0.0,244.0,244.0,0.8052805280528053,0.8052805280528053,low,low,low_hetero/low_length
hotpotqa,5ae2dfd155429928c423951b,40%,405,1013,6,168.83333333333334,37.653758850286856,0.22302325084079083,114.0,215.0,1.8859649122807018,0.12553471536689687,budget-top-k,knapsack-redundancy,1.0,1.0,0.0,1.0,1.0,0.0,0.0,0.0,0.0,1.0,1.0,0.0,339.0,339.0,0.837037037037037,0.837037037037037,low,low,low_hetero/low_length
hotpotqa,5ae2dfd155429928c423951b,50%,506,1013,6,168.83333333333334,37.653758850286856,0.22302325084079083,114.0,215.0,1.8859649122807018,0.12553471536689687,budget-top-k,knapsack-redundancy,1.0,1.0,0.0,1.0,1.0,0.0,0.0,0.0,0.0,1.0,1.0,0.0,453.0,453.0,0.8952569169960475,0.8952569169960475,low,low,low_hetero/low_length
hotpotqa,5ab6ba245542995eadef007f,30%,289,966,7,138.0,32.333087873393275,0.23429773821299474,94.0,187.0,1.9893617021276595,0.13132209405501327,budget-top-k,knapsack-redundancy,0.71875,0.71875,0.0,0.0,0.0,0.0,0.0,0.0,0.0,0.0,0.0,0.0,258.0,258.0,0.8927335640138409,0.8927335640138409,medium,low,medium_hetero/low_length
hotpotqa,5ab6ba245542995eadef007f,40%,386,966,7,138.0,32.333087873393275,0.23429773821299474,94.0,187.0,1.9893617021276595,0.13132209405501327,budget-top-k,knapsack-redundancy,1.0,0.71875,-0.28125,1.0,0.0,-1.0,0.0,0.0,0.0,0.0,0.0,0.0,351.0,385.0,0.9093264248704663,0.9974093264248705,medium,low,medium_hetero/low_length
hotpotqa,5ab6ba245542995eadef007f,50%,483,966,7,138.0,32.333087873393275,0.23429773821299474,94.0,187.0,1.9893617021276595,0.13132209405501327,budget-top-k,knapsack-redundancy,1.0,1.0,0.0,1.0,1.0,0.0,0.0,0.0,0.0,0.0,0.0,0.0,445.0,445.0,0.9213250517598344,0.9213250517598344,medium,low,medium_hetero/low_length
hotpotqa,5ab8854555429934fafe6e0c,30%,311,1037,6,172.83333333333334,42.98223147094881,0.24869179250307893,88.0,220.0,2.5,0.1313082610093217,budget-top-k,knapsack-redundancy,0.6818181818181818,0.6818181818181818,0.0,0.0,0.0,0.0,0.0,0.0,0.0,0.0,0.0,0.0,290.0,290.0,0.932475884244373,0.932475884244373,medium,low,medium_hetero/low_length
hotpotqa,5ab8854555429934fafe6e0c,40%,414,1037,6,172.83333333333334,42.98223147094881,0.24869179250307893,88.0,220.0,2.5,0.1313082610093217,budget-top-k,knapsack-redundancy,1.0,1.0,0.0,1.0,1.0,0.0,0.0,0.0,0.0,1.0,1.0,0.0,395.0,395.0,0.9541062801932367,0.9541062801932367,medium,low,medium_hetero/low_length
hotpotqa,5ab8854555429934fafe6e0c,50%,518,1037,6,172.83333333333334,42.98223147094881,0.24869179250307893,88.0,220.0,2.5,0.1313082610093217,budget-top-k,knapsack-redundancy,1.0,1.0,0.0,1.0,1.0,0.0,0.0,0.0,0.0,1.0,1.0,0.0,483.0,483.0,0.9324324324324325,0.9324324324324325,medium,low,medium_hetero/low_length
hotpotqa,5a8eea4a5542990e94052bb7,30%,410,1369,8,171.125,31.56912059275646,0.18447988659024958,109.0,211.0,1.9357798165137614,0.1001643535427319,budget-top-k,knapsack-redundancy,0.5666666666666667,0.5666666666666667,0.0,0.0,0.0,0.0,0.5,0.5,0.0,0.0,0.0,0.0,360.0,360.0,0.8780487804878049,0.8780487804878049,low,medium,low_hetero/medium_length
hotpotqa,5a8eea4a5542990e94052bb7,40%,547,1369,8,171.125,31.56912059275646,0.18447988659024958,109.0,211.0,1.9357798165137614,0.1001643535427319,budget-top-k,knapsack-redundancy,0.7333333333333334,0.7333333333333334,0.0,0.0,0.0,0.0,0.5,0.5,0.0,0.5,0.5,0.0,533.0,533.0,0.9744058500914077,0.9744058500914077,low,medium,low_hetero/medium_length
hotpotqa,5a8eea4a5542990e94052bb7,50%,684,1369,8,171.125,31.56912059275646,0.18447988659024958,109.0,211.0,1.9357798165137614,0.1001643535427319,budget-top-k,knapsack-redundancy,0.8,0.8,0.0,0.0,0.0,0.0,0.5,0.5,0.0,0.5,0.5,0.0,642.0,642.0,0.9385964912280702,0.9385964912280702,low,medium,low_hetero/medium_length
hotpotqa,5a74c85055429916b0164218,30%,170,568,3,189.33333333333334,4.109609335312651,0.021705683109045693,184.0,194.0,1.0543478260869565,0.011737089201877993,budget-top-k,knapsack-redundancy,0.0,0.0,0.0,0.0,0.0,0.0,0.0,0.0,0.0,0.0,0.0,0.0,0.0,0.0,0.0,0.0,low,low,low_hetero/low_length
hotpotqa,5a74c85055429916b0164218,40%,227,568,3,189.33333333333334,4.109609335312651,0.021705683109045693,184.0,194.0,1.0543478260869565,0.011737089201877993,budget-top-k,knapsack-redundancy,0.0625,0.0625,0.0,0.0,0.0,0.0,0.0,0.0,0.0,0.0,0.0,0.0,194.0,194.0,0.8546255506607929,0.8546255506607929,low,low,low_hetero/low_length
hotpotqa,5a74c85055429916b0164218,50%,284,568,3,189.33333333333334,4.109609335312651,0.021705683109045693,184.0,194.0,1.0543478260869565,0.011737089201877993,budget-top-k,knapsack-redundancy,0.0625,0.0625,0.0,0.0,0.0,0.0,0.0,0.0,0.0,0.0,0.0,0.0,194.0,194.0,0.6830985915492958,0.6830985915492958,low,low,low_hetero/low_length
hotpotqa,5a88dcf9554299206df2b383,30%,359,1199,7,171.28571428571428,30.197986147207544,0.1763018373898689,123.0,212.0,1.7235772357723578,0.10032169665197199,budget-top-k,knapsack-redundancy,1.0,1.0,0.0,1.0,1.0,0.0,0.5,0.5,0.0,1.0,1.0,0.0,331.0,331.0,0.9220055710306406,0.9220055710306406,low,medium,low_hetero/medium_length
hotpotqa,5a88dcf9554299206df2b383,40%,479,1199,7,171.28571428571428,30.197986147207544,0.1763018373898689,123.0,212.0,1.7235772357723578,0.10032169665197199,budget-top-k,knapsack-redundancy,1.0,1.0,0.0,1.0,1.0,0.0,0.5,0.5,0.0,1.0,1.0,0.0,454.0,454.0,0.9478079331941545,0.9478079331941545,low,medium,low_hetero/medium_length
hotpotqa,5a88dcf9554299206df2b383,50%,599,1199,7,171.28571428571428,30.197986147207544,0.1763018373898689,123.0,212.0,1.7235772357723578,0.10032169665197199,budget-top-k,knapsack-redundancy,1.0,1.0,0.0,1.0,1.0,0.0,0.5,0.5,0.0,1.0,1.0,0.0,489.0,489.0,0.8163606010016694,0.8163606010016694,low,medium,low_hetero/medium_length
hotpotqa,5a7625c7554299109176e668,30%,568,1894,13,145.69230769230768,34.68846985423834,0.23809403807027374,71.0,213.0,3.0,0.12565997888067582,budget-top-k,knapsack-redundancy,1.0,0.5869565217391305,-0.4130434782608695,1.0,0.0,-1.0,0.0,0.5,0.5,1.0,0.3333333333333333,-0.6666666666666667,564.0,559.0,0.9929577464788732,0.9841549295774648,medium,high,medium_hetero/high_length
hotpotqa,5a7625c7554299109176e668,40%,757,1894,13,145.69230769230768,34.68846985423834,0.23809403807027374,71.0,213.0,3.0,0.12565997888067582,budget-top-k,knapsack-redundancy,1.0,0.5869565217391305,-0.4130434782608695,1.0,0.0,-1.0,0.5,0.5,0.0,1.0,0.3333333333333333,-0.6666666666666667,734.0,735.0,0.9696169088507266,0.9709379128137384,medium,high,medium_hetero/high_length
hotpotqa,5a7625c7554299109176e668,50%,947,1894,13,145.69230769230768,34.68846985423834,0.23809403807027374,71.0,213.0,3.0,0.12565997888067582,budget-top-k,knapsack-redundancy,1.0,1.0,0.0,1.0,1.0,0.0,0.5,0.5,0.0,1.0,1.0,0.0,934.0,934.0,0.986272439281943,0.986272439281943,medium,high,medium_hetero/high_length
hotpotqa,5ac0d83a554299294b219038,30%,417,1393,10,139.3,37.57672151745014,0.2697539233126356,80.0,212.0,2.65,0.15125628140703506,budget-top-k,knapsack-redundancy,0.7,0.7,0.0,0.0,0.0,0.0,0.0,0.5,0.5,0.0,0.0,0.0,372.0,413.0,0.8920863309352518,0.9904076738609112,medium,medium,medium_hetero/medium_length
hotpotqa,5ac0d83a554299294b219038,40%,557,1393,10,139.3,37.57672151745014,0.2697539233126356,80.0,212.0,2.65,0.15125628140703506,budget-top-k,knapsack-redundancy,0.7,1.0,0.30000000000000004,0.0,1.0,1.0,0.5,1.0,0.5,0.0,1.0,1.0,502.0,504.0,0.9012567324955116,0.9048473967684022,medium,medium,medium_hetero/medium_length
hotpotqa,5ac0d83a554299294b219038,50%,696,1393,10,139.3,37.57672151745014,0.2697539233126356,80.0,212.0,2.65,0.15125628140703506,budget-top-k,knapsack-redundancy,0.7,1.0,0.30000000000000004,0.0,1.0,1.0,0.5,1.0,0.5,0.0,1.0,1.0,625.0,669.0,0.8979885057471264,0.9612068965517241,medium,medium,medium_hetero/medium_length
hotpotqa,5a790d8f554299029c4b5eec,30%,550,1836,12,153.0,49.62190376570949,0.32432616840333,53.0,220.0,4.150943396226415,0.18019244734931017,budget-top-k,knapsack-redundancy,0.78125,0.78125,0.0,0.0,0.0,0.0,0.5,0.5,0.0,1.0,1.0,0.0,464.0,464.0,0.8436363636363636,0.8436363636363636,high,high,high_hetero/high_length
hotpotqa,5a790d8f554299029c4b5eec,40%,734,1836,12,153.0,49.62190376570949,0.32432616840333,53.0,220.0,4.150943396226415,0.18019244734931017,budget-top-k,knapsack-redundancy,0.8125,0.8125,0.0,0.0,0.0,0.0,0.5,0.5,0.0,1.0,1.0,0.0,675.0,724.0,0.9196185286103542,0.9863760217983651,high,high,high_hetero/high_length
hotpotqa,5a790d8f554299029c4b5eec,50%,918,1836,12,153.0,49.62190376570949,0.32432616840333,53.0,220.0,4.150943396226415,0.18019244734931017,budget-top-k,knapsack-redundancy,1.0,0.8125,-0.1875,1.0,0.0,-1.0,1.0,0.5,-0.5,1.0,1.0,0.0,895.0,888.0,0.9749455337690632,0.9673202614379085,high,high,high_hetero/high_length
hotpotqa,5ab2c5e255429916697740ba,30%,462,1542,11,140.1818181818182,51.42482276774724,0.36684374218237326,40.0,209.0,5.225,0.20127343473646975,budget-top-k,knapsack-redundancy,1.0,0.8157894736842105,-0.1842105263157895,1.0,0.0,-1.0,0.5,0.5,0.0,1.0,0.8,-0.19999999999999996,459.0,457.0,0.9935064935064936,0.9891774891774892,high,high,high_hetero/high_length
hotpotqa,5ab2c5e255429916697740ba,40%,616,1542,11,140.1818181818182,51.42482276774724,0.36684374218237326,40.0,209.0,5.225,0.20127343473646975,budget-top-k,knapsack-redundancy,1.0,0.8157894736842105,-0.1842105263157895,1.0,0.0,-1.0,0.5,0.5,0.0,1.0,0.8,-0.19999999999999996,578.0,616.0,0.9383116883116883,1.0,high,high,high_hetero/high_length
hotpotqa,5ab2c5e255429916697740ba,50%,771,1542,11,140.1818181818182,51.42482276774724,0.36684374218237326,40.0,209.0,5.225,0.20127343473646975,budget-top-k,knapsack-redundancy,1.0,0.8421052631578947,-0.1578947368421053,1.0,0.0,-1.0,0.5,0.5,0.0,1.0,0.8,-0.19999999999999996,763.0,751.0,0.9896238651102465,0.9740596627756161,high,high,high_hetero/high_length
hotpotqa,5abcfc365542993a06baf9d6,30%,385,1286,8,160.875,32.82315303257748,0.2040289232794249,95.0,207.0,2.1789473684210527,0.11140248640248651,budget-top-k,knapsack-redundancy,0.34154589371980676,0.8115942028985508,0.470048309178744,0.0,0.0,0.0,0.0,0.0,0.0,0.0,0.0,0.0,328.0,359.0,0.8519480519480519,0.9324675324675324,low,medium,low_hetero/medium_length
hotpotqa,5abcfc365542993a06baf9d6,40%,514,1286,8,160.875,32.82315303257748,0.2040289232794249,95.0,207.0,2.1789473684210527,0.11140248640248651,budget-top-k,knapsack-redundancy,0.39524959742351046,0.39524959742351046,0.0,0.0,0.0,0.0,0.0,0.0,0.0,0.0,0.0,0.0,489.0,489.0,0.9513618677042801,0.9513618677042801,low,medium,low_hetero/medium_length
hotpotqa,5abcfc365542993a06baf9d6,50%,643,1286,8,160.875,32.82315303257748,0.2040289232794249,95.0,207.0,2.1789473684210527,0.11140248640248651,budget-top-k,knapsack-redundancy,0.8405797101449276,0.39524959742351046,-0.44533011272141715,0.0,0.0,0.0,0.0,0.0,0.0,0.0,0.0,0.0,630.0,631.0,0.9797822706065319,0.9813374805598756,low,medium,low_hetero/medium_length
hotpotqa,5a8ee6915542990e94052bad,30%,413,1377,10,137.7,38.57732494613902,0.28015486525881644,79.0,207.0,2.6202531645569622,0.15954974582425563,budget-top-k,knapsack-redundancy,0.8583333333333334,1.0,0.1416666666666666,0.0,1.0,1.0,0.5,1.0,0.5,1.0,1.0,0.0,391.0,384.0,0.9467312348668281,0.9297820823244553,medium,medium,medium_hetero/medium_length
hotpotqa,5a8ee6915542990e94052bad,40%,550,1377,10,137.7,38.57732494613902,0.28015486525881644,79.0,207.0,2.6202531645569622,0.15954974582425563,budget-top-k,knapsack-redundancy,1.0,1.0,0.0,1.0,1.0,0.0,1.0,1.0,0.0,1.0,1.0,0.0,523.0,523.0,0.9509090909090909,0.9509090909090909,medium,medium,medium_hetero/medium_length
hotpotqa,5a8ee6915542990e94052bad,50%,688,1377,10,137.7,38.57732494613902,0.28015486525881644,79.0,207.0,2.6202531645569622,0.15954974582425563,budget-top-k,knapsack-redundancy,1.0,1.0,0.0,1.0,1.0,0.0,1.0,1.0,0.0,1.0,1.0,0.0,682.0,682.0,0.9912790697674418,0.9912790697674418,medium,medium,medium_hetero/medium_length
hotpotqa,5abba4855542993f40c73b68,30%,405,1350,9,150.0,41.03927658015212,0.2735951772010141,73.0,202.0,2.767123287671233,0.15390946502057612,budget-top-k,knapsack-redundancy,0.30952380952380953,0.5416666666666666,0.2321428571428571,0.0,0.0,0.0,0.0,0.0,0.0,0.0,0.0,0.0,363.0,403.0,0.8962962962962963,0.9950617283950617,medium,medium,medium_hetero/medium_length
hotpotqa,5abba4855542993f40c73b68,40%,540,1350,9,150.0,41.03927658015212,0.2735951772010141,73.0,202.0,2.767123287671233,0.15390946502057612,budget-top-k,knapsack-redundancy,0.30952380952380953,1.0,0.6904761904761905,0.0,1.0,1.0,0.0,0.5,0.5,0.0,1.0,1.0,436.0,508.0,0.8074074074074075,0.9407407407407408,medium,medium,medium_hetero/medium_length
hotpotqa,5abba4855542993f40c73b68,50%,675,1350,9,150.0,41.03927658015212,0.2735951772010141,73.0,202.0,2.767123287671233,0.15390946502057612,budget-top-k,knapsack-redundancy,1.0,1.0,0.0,1.0,1.0,0.0,0.5,0.5,0.0,1.0,1.0,0.0,669.0,669.0,0.9911111111111112,0.9911111111111112,medium,medium,medium_hetero/medium_length
hotpotqa,5ae0bae555429906c02dab08,30%,336,1120,7,160.0,26.10965885863478,0.16318536786646737,113.0,187.0,1.654867256637168,0.08724489795918378,budget-top-k,knapsack-redundancy,0.4053030303030303,0.4053030303030303,0.0,0.0,0.0,0.0,0.0,0.0,0.0,0.0,0.0,0.0,312.0,312.0,0.9285714285714286,0.9285714285714286,low,low,low_hetero/low_length
hotpotqa,5ae0bae555429906c02dab08,40%,448,1120,7,160.0,26.10965885863478,0.16318536786646737,113.0,187.0,1.654867256637168,0.08724489795918378,budget-top-k,knapsack-redundancy,0.4053030303030303,0.4053030303030303,0.0,0.0,0.0,0.0,0.0,0.0,0.0,0.0,0.0,0.0,345.0,345.0,0.7700892857142857,0.7700892857142857,low,low,low_hetero/low_length
hotpotqa,5ae0bae555429906c02dab08,50%,560,1120,7,160.0,26.10965885863478,0.16318536786646737,113.0,187.0,1.654867256637168,0.08724489795918378,budget-top-k,knapsack-redundancy,0.4633838383838384,0.4633838383838384,0.0,0.0,0.0,0.0,0.0,0.0,0.0,0.0,0.0,0.0,519.0,519.0,0.9267857142857143,0.9267857142857143,low,low,low_hetero/low_length
hotpotqa,5ab271fe554299449642c8a6,30%,273,911,6,151.83333333333334,31.693409760109784,0.20873815429270987,112.0,195.0,1.7410714285714286,0.11653860226856927,budget-top-k,knapsack-redundancy,1.0,1.0,0.0,1.0,1.0,0.0,1.0,1.0,0.0,1.0,1.0,0.0,259.0,259.0,0.9487179487179487,0.9487179487179487,low,low,low_hetero/low_length
hotpotqa,5ab271fe554299449642c8a6,40%,364,911,6,151.83333333333334,31.693409760109784,0.20873815429270987,112.0,195.0,1.7410714285714286,0.11653860226856927,budget-top-k,knapsack-redundancy,0.5909090909090909,0.5909090909090909,0.0,0.0,0.0,0.0,0.5,0.5,0.0,1.0,1.0,0.0,317.0,317.0,0.8708791208791209,0.8708791208791209,low,low,low_hetero/low_length
hotpotqa,5ab271fe554299449642c8a6,50%,455,911,6,151.83333333333334,31.693409760109784,0.20873815429270987,112.0,195.0,1.7410714285714286,0.11653860226856927,budget-top-k,knapsack-redundancy,1.0,1.0,0.0,1.0,1.0,0.0,1.0,1.0,0.0,1.0,1.0,0.0,454.0,454.0,0.9978021978021978,0.9978021978021978,low,low,low_hetero/low_length
hotpotqa,5a7997a2554299029c4b5f59,30%,456,1520,10,152.0,25.447986167867978,0.16742096163071038,83.0,176.0,2.1204819277108435,0.07999999999999985,budget-top-k,knapsack-redundancy,1.0,1.0,0.0,1.0,1.0,0.0,0.0,0.0,0.0,0.0,0.0,0.0,390.0,390.0,0.8552631578947368,0.8552631578947368,low,high,low_hetero/high_length
hotpotqa,5a7997a2554299029c4b5f59,40%,608,1520,10,152.0,25.447986167867978,0.16742096163071038,83.0,176.0,2.1204819277108435,0.07999999999999985,budget-top-k,knapsack-redundancy,1.0,1.0,0.0,1.0,1.0,0.0,0.0,0.0,0.0,0.0,0.0,0.0,541.0,541.0,0.8898026315789473,0.8898026315789473,low,high,low_hetero/high_length
hotpotqa,5a7997a2554299029c4b5f59,50%,760,1520,10,152.0,25.447986167867978,0.16742096163071038,83.0,176.0,2.1204819277108435,0.07999999999999985,budget-top-k,knapsack-redundancy,1.0,1.0,0.0,1.0,1.0,0.0,0.0,0.0,0.0,0.0,0.0,0.0,716.0,716.0,0.9421052631578948,0.9421052631578948,low,high,low_hetero/high_length
hotpotqa,5add673e5542992ae4cec54d,30%,451,1505,12,125.41666666666667,54.73642652648133,0.43643662346696077,28.0,205.0,7.321428571428571,0.24601328903654496,budget-top-k,knapsack-redundancy,1.0,1.0,0.0,1.0,1.0,0.0,1.0,1.0,0.0,1.0,1.0,0.0,441.0,404.0,0.9778270509977827,0.8957871396895787,high,high,high_hetero/high_length
hotpotqa,5add673e5542992ae4cec54d,40%,602,1505,12,125.41666666666667,54.73642652648133,0.43643662346696077,28.0,205.0,7.321428571428571,0.24601328903654496,budget-top-k,knapsack-redundancy,1.0,1.0,0.0,1.0,1.0,0.0,1.0,1.0,0.0,1.0,1.0,0.0,575.0,575.0,0.9551495016611296,0.9551495016611296,high,high,high_hetero/high_length
hotpotqa,5add673e5542992ae4cec54d,50%,752,1505,12,125.41666666666667,54.73642652648133,0.43643662346696077,28.0,205.0,7.321428571428571,0.24601328903654496,budget-top-k,knapsack-redundancy,1.0,1.0,0.0,1.0,1.0,0.0,1.0,1.0,0.0,1.0,1.0,0.0,749.0,749.0,0.9960106382978723,0.9960106382978723,high,high,high_hetero/high_length
hotpotqa,5ae819ac55429952e35eaa16,30%,352,1174,7,167.71428571428572,36.68676010970359,0.2187455883883519,100.0,218.0,2.18,0.12046726697493315,budget-top-k,knapsack-redundancy,1.0,1.0,0.0,1.0,1.0,0.0,0.5,0.5,0.0,1.0,1.0,0.0,326.0,326.0,0.9261363636363636,0.9261363636363636,low,medium,low_hetero/medium_length
hotpotqa,5ae819ac55429952e35eaa16,40%,469,1174,7,167.71428571428572,36.68676010970359,0.2187455883883519,100.0,218.0,2.18,0.12046726697493315,budget-top-k,knapsack-redundancy,0.95,1.0,0.050000000000000044,0.0,1.0,1.0,0.0,0.5,0.5,1.0,1.0,0.0,410.0,426.0,0.8742004264392325,0.908315565031983,low,medium,low_hetero/medium_length
hotpotqa,5ae819ac55429952e35eaa16,50%,587,1174,7,167.71428571428572,36.68676010970359,0.2187455883883519,100.0,218.0,2.18,0.12046726697493315,budget-top-k,knapsack-redundancy,1.0,1.0,0.0,1.0,1.0,0.0,0.5,0.5,0.0,1.0,1.0,0.0,544.0,544.0,0.9267461669505963,0.9267461669505963,low,medium,low_hetero/medium_length
hotpotqa,5aba65a055429939ce03dcd2,30%,599,1997,14,142.64285714285714,45.67526236199125,0.320207147254821,26.0,206.0,7.923076923076923,0.17129265326561272,budget-top-k,knapsack-redundancy,0.6470588235294118,0.6764705882352942,0.02941176470588236,0.0,0.0,0.0,0.5,0.5,0.0,0.6666666666666666,0.6666666666666666,0.0,585.0,576.0,0.9766277128547579,0.9616026711185309,high,high,high_hetero/high_length
hotpotqa,5aba65a055429939ce03dcd2,40%,798,1997,14,142.64285714285714,45.67526236199125,0.320207147254821,26.0,206.0,7.923076923076923,0.17129265326561272,budget-top-k,knapsack-redundancy,0.6764705882352942,0.6764705882352942,0.0,0.0,0.0,0.0,0.5,0.5,0.0,0.6666666666666666,0.6666666666666666,0.0,782.0,782.0,0.9799498746867168,0.9799498746867168,high,high,high_hetero/high_length
hotpotqa,5aba65a055429939ce03dcd2,50%,998,1997,14,142.64285714285714,45.67526236199125,0.320207147254821,26.0,206.0,7.923076923076923,0.17129265326561272,budget-top-k,knapsack-redundancy,0.6764705882352942,0.6764705882352942,0.0,0.0,0.0,0.0,0.5,0.5,0.0,0.6666666666666666,0.6666666666666666,0.0,992.0,992.0,0.9939879759519038,0.9939879759519038,high,high,high_hetero/high_length
hotpotqa,5a87bada5542994846c1cddc,30%,318,1063,7,152.0,35.4884286976554,0.23347650458983815,92.0,189.0,2.0543478260869565,0.12889366272824931,budget-top-k,knapsack-redundancy,0.5178571428571429,0.5178571428571429,0.0,0.0,0.0,0.0,0.0,0.0,0.0,0.0,0.0,0.0,231.0,231.0,0.7264150943396226,0.7264150943396226,medium,low,medium_hetero/low_length
hotpotqa,5a87bada5542994846c1cddc,40%,425,1063,7,152.0,35.4884286976554,0.23347650458983815,92.0,189.0,2.0543478260869565,0.12889366272824931,budget-top-k,knapsack-redundancy,0.5863095238095238,0.5863095238095238,0.0,0.0,0.0,0.0,0.0,0.0,0.0,0.0,0.0,0.0,419.0,419.0,0.9858823529411764,0.9858823529411764,medium,low,medium_hetero/low_length
hotpotqa,5a87bada5542994846c1cddc,50%,531,1063,7,152.0,35.4884286976554,0.23347650458983815,92.0,189.0,2.0543478260869565,0.12889366272824931,budget-top-k,knapsack-redundancy,0.5863095238095238,1.0,0.41369047619047616,0.0,1.0,1.0,0.0,0.0,0.0,0.0,1.0,1.0,419.0,501.0,0.7890772128060264,0.943502824858757,medium,low,medium_hetero/low_length
hotpotqa,5ae74fc45542997b22f6a6b4,30%,354,1180,8,147.5,44.005681451376255,0.298343603060178,68.0,204.0,3.0,0.16779661016949143,budget-top-k,knapsack-redundancy,1.0,0.75,-0.25,1.0,0.0,-1.0,0.5,0.5,0.0,1.0,0.5,-0.5,329.0,333.0,0.9293785310734464,0.940677966101695,medium,medium,medium_hetero/medium_length
hotpotqa,5ae74fc45542997b22f6a6b4,40%,472,1180,8,147.5,44.005681451376255,0.298343603060178,68.0,204.0,3.0,0.16779661016949143,budget-top-k,knapsack-redundancy,1.0,1.0,0.0,1.0,1.0,0.0,0.5,0.5,0.0,1.0,1.0,0.0,458.0,458.0,0.9703389830508474,0.9703389830508474,medium,medium,medium_hetero/medium_length
hotpotqa,5ae74fc45542997b22f6a6b4,50%,590,1180,8,147.5,44.005681451376255,0.298343603060178,68.0,204.0,3.0,0.16779661016949143,budget-top-k,knapsack-redundancy,1.0,1.0,0.0,1.0,1.0,0.0,0.5,0.5,0.0,1.0,1.0,0.0,533.0,564.0,0.9033898305084745,0.9559322033898305,medium,medium,medium_hetero/medium_length
hotpotqa,5adf65555542992d7e9f9334,30%,418,1396,9,155.11111111111111,39.514960442412594,0.2547526103020869,72.0,215.0,2.986111111111111,0.14024196115886656,budget-top-k,knapsack-redundancy,0.75,0.75,0.0,0.0,0.0,0.0,0.5,0.5,0.0,1.0,1.0,0.0,393.0,393.0,0.9401913875598086,0.9401913875598086,medium,medium,medium_hetero/medium_length
hotpotqa,5adf65555542992d7e9f9334,40%,558,1396,9,155.11111111111111,39.514960442412594,0.2547526103020869,72.0,215.0,2.986111111111111,0.14024196115886656,budget-top-k,knapsack-redundancy,0.7916666666666667,0.7916666666666667,0.0,0.0,0.0,0.0,0.5,0.5,0.0,1.0,1.0,0.0,517.0,517.0,0.9265232974910395,0.9265232974910395,medium,medium,medium_hetero/medium_length
hotpotqa,5adf65555542992d7e9f9334,50%,698,1396,9,155.11111111111111,39.514960442412594,0.2547526103020869,72.0,215.0,2.986111111111111,0.14024196115886656,budget-top-k,knapsack-redundancy,0.7916666666666667,1.0,0.20833333333333326,0.0,1.0,1.0,0.5,1.0,0.5,1.0,1.0,0.0,636.0,666.0,0.9111747851002865,0.9541547277936963,medium,medium,medium_hetero/medium_length
hotpotqa,5ade69e455429975fa854ec5,30%,348,1162,8,145.25,25.897635027160298,0.17829697092709326,113.0,190.0,1.6814159292035398,0.09982788296041312,budget-top-k,knapsack-redundancy,0.5951648351648352,0.5951648351648352,0.0,0.0,0.0,0.0,0.0,0.0,0.0,0.0,0.0,0.0,300.0,300.0,0.8620689655172413,0.8620689655172413,low,low,low_hetero/low_length
hotpotqa,5ade69e455429975fa854ec5,40%,464,1162,8,145.25,25.897635027160298,0.17829697092709326,113.0,190.0,1.6814159292035398,0.09982788296041312,budget-top-k,knapsack-redundancy,0.7665934065934066,0.7665934065934066,0.0,0.0,0.0,0.0,0.5,0.5,0.0,0.0,0.0,0.0,461.0,461.0,0.9935344827586207,0.9935344827586207,low,low,low_hetero/low_length
hotpotqa,5ade69e455429975fa854ec5,50%,581,1162,8,145.25,25.897635027160298,0.17829697092709326,113.0,190.0,1.6814159292035398,0.09982788296041312,budget-top-k,knapsack-redundancy,0.7808791208791208,0.7808791208791208,0.0,0.0,0.0,0.0,0.5,0.5,0.0,0.0,0.0,0.0,574.0,574.0,0.9879518072289156,0.9879518072289156,low,low,low_hetero/low_length
hotpotqa,5ae057fd55429945ae959328,30%,273,910,6,151.66666666666666,53.409320867761984,0.35214936835887023,69.0,213.0,3.0869565217391304,0.1923076923076923,budget-top-k,knapsack-redundancy,0.6875,0.6875,0.0,0.0,0.0,0.0,0.0,0.0,0.0,0.0,0.0,0.0,258.0,258.0,0.945054945054945,0.945054945054945,high,low,high_hetero/low_length
hotpotqa,5ae057fd55429945ae959328,40%,364,910,6,151.66666666666666,53.409320867761984,0.35214936835887023,69.0,213.0,3.0869565217391304,0.1923076923076923,budget-top-k,knapsack-redundancy,0.6875,0.6875,0.0,0.0,0.0,0.0,0.0,0.0,0.0,0.0,0.0,0.0,350.0,350.0,0.9615384615384616,0.9615384615384616,high,low,high_hetero/low_length
hotpotqa,5ae057fd55429945ae959328,50%,455,910,6,151.66666666666666,53.409320867761984,0.35214936835887023,69.0,213.0,3.0869565217391304,0.1923076923076923,budget-top-k,knapsack-redundancy,0.6875,0.6875,0.0,0.0,0.0,0.0,0.0,0.0,0.0,0.0,0.0,0.0,449.0,437.0,0.9868131868131869,0.9604395604395605,high,low,high_hetero/low_length
hotpotqa,5ab28019554299722f9b4d51,30%,470,1567,12,130.58333333333334,46.81249536418906,0.35848752033839737,64.0,191.0,2.984375,0.2020314826632632,budget-top-k,knapsack-redundancy,1.0,0.07894736842105263,-0.9210526315789473,1.0,0.0,-1.0,1.0,0.0,-1.0,1.0,0.0,-1.0,465.0,420.0,0.9893617021276596,0.8936170212765957,high,high,high_hetero/high_length
hotpotqa,5ab28019554299722f9b4d51,40%,626,1567,12,130.58333333333334,46.81249536418906,0.35848752033839737,64.0,191.0,2.984375,0.2020314826632632,budget-top-k,knapsack-redundancy,0.5789473684210527,1.0,0.42105263157894735,0.0,1.0,1.0,0.5,1.0,0.5,1.0,1.0,0.0,580.0,625.0,0.9265175718849841,0.9984025559105432,high,high,high_hetero/high_length
hotpotqa,5ab28019554299722f9b4d51,50%,783,1567,12,130.58333333333334,46.81249536418906,0.35848752033839737,64.0,191.0,2.984375,0.2020314826632632,budget-top-k,knapsack-redundancy,0.5789473684210527,1.0,0.42105263157894735,0.0,1.0,1.0,0.5,1.0,0.5,1.0,1.0,0.0,767.0,782.0,0.979565772669221,0.9987228607918263,high,high,high_hetero/high_length
hotpotqa,5a75f79555429976ec32bcca,30%,758,2529,20,126.45,50.12831036450361,0.396427919054991,32.0,212.0,6.625,0.22382364570976665,budget-top-k,knapsack-redundancy,0.375,0.84375,0.46875,0.0,0.0,0.0,0.0,1.0,1.0,0.5,1.0,0.5,754.0,751.0,0.9947229551451188,0.9907651715039578,high,high,high_hetero/high_length
hotpotqa,5a75f79555429976ec32bcca,40%,1011,2529,20,126.45,50.12831036450361,0.396427919054991,32.0,212.0,6.625,0.22382364570976665,budget-top-k,knapsack-redundancy,0.625,0.875,0.25,0.0,0.0,0.0,0.5,1.0,0.5,1.0,1.0,0.0,1010.0,1003.0,0.9990108803165183,0.9920870425321464,high,high,high_hetero/high_length
hotpotqa,5a75f79555429976ec32bcca,50%,1264,2529,20,126.45,50.12831036450361,0.396427919054991,32.0,212.0,6.625,0.22382364570976665,budget-top-k,knapsack-redundancy,1.0,0.875,-0.125,1.0,0.0,-1.0,1.0,1.0,0.0,1.0,1.0,0.0,1246.0,1238.0,0.9857594936708861,0.9794303797468354,high,high,high_hetero/high_length
hotpotqa,5adef80b5542993a75d263c4,30%,393,1312,9,145.77777777777777,45.10673213557614,0.309421180808068,67.0,214.0,3.1940298507462686,0.1759823848238482,budget-top-k,knapsack-redundancy,0.75,0.75,0.0,0.0,0.0,0.0,0.5,0.5,0.0,0.0,0.0,0.0,388.0,388.0,0.9872773536895675,0.9872773536895675,high,medium,high_hetero/medium_length
hotpotqa,5adef80b5542993a75d263c4,40%,524,1312,9,145.77777777777777,45.10673213557614,0.309421180808068,67.0,214.0,3.1940298507462686,0.1759823848238482,budget-top-k,knapsack-redundancy,1.0,0.75,-0.25,1.0,0.0,-1.0,0.5,0.5,0.0,1.0,0.0,-1.0,517.0,498.0,0.9866412213740458,0.950381679389313,high,medium,high_hetero/medium_length
hotpotqa,5adef80b5542993a75d263c4,50%,656,1312,9,145.77777777777777,45.10673213557614,0.309421180808068,67.0,214.0,3.1940298507462686,0.1759823848238482,budget-top-k,knapsack-redundancy,1.0,0.7916666666666667,-0.20833333333333326,1.0,0.0,-1.0,0.5,0.5,0.0,1.0,0.0,-1.0,627.0,638.0,0.9557926829268293,0.9725609756097561,high,medium,high_hetero/medium_length
hotpotqa,5ae0aaf455429945ae959401,30%,283,946,6,157.66666666666666,29.77508279678758,0.1888483052650375,118.0,216.0,1.8305084745762712,0.09760394644115578,budget-top-k,knapsack-redundancy,0.7941176470588236,0.7941176470588236,0.0,0.0,0.0,0.0,0.0,0.0,0.0,0.75,0.75,0.0,216.0,216.0,0.7632508833922261,0.7632508833922261,low,low,low_hetero/low_length
hotpotqa,5ae0aaf455429945ae959401,40%,378,946,6,157.66666666666666,29.77508279678758,0.1888483052650375,118.0,216.0,1.8305084745762712,0.09760394644115578,budget-top-k,knapsack-redundancy,0.8235294117647058,0.8235294117647058,0.0,0.0,0.0,0.0,0.0,0.0,0.0,1.0,1.0,0.0,377.0,377.0,0.9973544973544973,0.9973544973544973,low,low,low_hetero/low_length
hotpotqa,5ae0aaf455429945ae959401,50%,473,946,6,157.66666666666666,29.77508279678758,0.1888483052650375,118.0,216.0,1.8305084745762712,0.09760394644115578,budget-top-k,knapsack-redundancy,0.8235294117647058,0.8235294117647058,0.0,0.0,0.0,0.0,0.0,0.0,0.0,1.0,1.0,0.0,377.0,377.0,0.7970401691331924,0.7970401691331924,low,low,low_hetero/low_length
hotpotqa,5ab47d765542991751b4d78f,30%,279,931,6,155.16666666666666,36.99737227906268,0.2384363412184491,103.0,216.0,2.0970873786407767,0.13193698532044396,budget-top-k,knapsack-redundancy,0.6428571428571428,0.6428571428571428,0.0,0.0,0.0,0.0,0.0,0.0,0.0,0.0,0.0,0.0,265.0,265.0,0.9498207885304659,0.9498207885304659,medium,low,medium_hetero/low_length
hotpotqa,5ab47d765542991751b4d78f,40%,372,931,6,155.16666666666666,36.99737227906268,0.2384363412184491,103.0,216.0,2.0970873786407767,0.13193698532044396,budget-top-k,knapsack-redundancy,0.6428571428571428,0.6428571428571428,0.0,0.0,0.0,0.0,0.0,0.0,0.0,0.0,0.0,0.0,265.0,265.0,0.7123655913978495,0.7123655913978495,medium,low,medium_hetero/low_length
hotpotqa,5ab47d765542991751b4d78f,50%,465,931,6,155.16666666666666,36.99737227906268,0.2384363412184491,103.0,216.0,2.0970873786407767,0.13193698532044396,budget-top-k,knapsack-redundancy,0.6428571428571428,0.6428571428571428,0.0,0.0,0.0,0.0,0.0,0.0,0.0,0.0,0.0,0.0,423.0,423.0,0.9096774193548387,0.9096774193548387,medium,low,medium_hetero/low_length
hotpotqa,5a7ed2c655429930675135e5,30%,409,1365,10,136.5,49.18993799548847,0.36036584612079464,48.0,201.0,4.1875,0.19597069597069594,budget-top-k,knapsack-redundancy,0.7083333333333334,0.6666666666666666,-0.04166666666666674,0.0,0.0,0.0,0.5,0.5,0.0,1.0,1.0,0.0,394.0,368.0,0.9633251833740831,0.8997555012224939,high,medium,high_hetero/medium_length
hotpotqa,5a7ed2c655429930675135e5,40%,546,1365,10,136.5,49.18993799548847,0.36036584612079464,48.0,201.0,4.1875,0.19597069597069594,budget-top-k,knapsack-redundancy,0.7083333333333334,0.7083333333333334,0.0,0.0,0.0,0.0,0.5,0.5,0.0,1.0,1.0,0.0,530.0,530.0,0.9706959706959707,0.9706959706959707,high,medium,high_hetero/medium_length
hotpotqa,5a7ed2c655429930675135e5,50%,682,1365,10,136.5,49.18993799548847,0.36036584612079464,48.0,201.0,4.1875,0.19597069597069594,budget-top-k,knapsack-redundancy,0.7083333333333334,1.0,0.29166666666666663,0.0,1.0,1.0,0.5,1.0,0.5,1.0,1.0,0.0,643.0,617.0,0.9428152492668622,0.9046920821114369,high,medium,high_hetero/medium_length
hotpotqa,5ac3e0f7554299194317388b,30%,364,1216,9,135.11111111111111,47.11084905587494,0.34868227097275856,37.0,208.0,5.621621621621622,0.1880482456140351,budget-top-k,knapsack-redundancy,0.6657142857142857,0.6,-0.06571428571428573,0.0,0.0,0.0,0.0,0.5,0.5,1.0,1.0,0.0,328.0,317.0,0.9010989010989011,0.8708791208791209,high,medium,high_hetero/medium_length
hotpotqa,5ac3e0f7554299194317388b,40%,486,1216,9,135.11111111111111,47.11084905587494,0.34868227097275856,37.0,208.0,5.621621621621622,0.1880482456140351,budget-top-k,knapsack-redundancy,0.88,0.6,-0.28,0.0,0.0,0.0,0.5,0.5,0.0,1.0,1.0,0.0,451.0,481.0,0.9279835390946503,0.9897119341563786,high,medium,high_hetero/medium_length
hotpotqa,5ac3e0f7554299194317388b,50%,608,1216,9,135.11111111111111,47.11084905587494,0.34868227097275856,37.0,208.0,5.621621621621622,0.1880482456140351,budget-top-k,knapsack-redundancy,0.88,0.62,-0.26,0.0,0.0,0.0,0.5,0.5,0.0,1.0,1.0,0.0,525.0,598.0,0.8634868421052632,0.9835526315789473,high,medium,high_hetero/medium_length
hotpotqa,5a7bae20554299294a54aa96,30%,322,1076,7,153.85714285714286,42.973176256253396,0.27930569525884286,96.0,213.0,2.21875,0.15705000663217938,budget-top-k,knapsack-redundancy,0.07142857142857142,0.07142857142857142,0.0,0.0,0.0,0.0,0.0,0.0,0.0,0.0,0.0,0.0,284.0,284.0,0.8819875776397516,0.8819875776397516,medium,low,medium_hetero/low_length
hotpotqa,5a7bae20554299294a54aa96,40%,430,1076,7,153.85714285714286,42.973176256253396,0.27930569525884286,96.0,213.0,2.21875,0.15705000663217938,budget-top-k,knapsack-redundancy,0.5714285714285714,0.5714285714285714,0.0,0.0,0.0,0.0,0.0,0.0,0.0,0.0,0.0,0.0,401.0,401.0,0.9325581395348838,0.9325581395348838,medium,low,medium_hetero/low_length
hotpotqa,5a7bae20554299294a54aa96,50%,538,1076,7,153.85714285714286,42.973176256253396,0.27930569525884286,96.0,213.0,2.21875,0.15705000663217938,budget-top-k,knapsack-redundancy,0.5714285714285714,0.5714285714285714,0.0,0.0,0.0,0.0,0.0,0.0,0.0,0.0,0.0,0.0,497.0,497.0,0.9237918215613383,0.9237918215613383,medium,low,medium_hetero/low_length
hotpotqa,5ab8ee035542991b5579f04b,30%,388,1294,9,143.77777777777777,37.611398324851166,0.26159396052833117,90.0,190.0,2.111111111111111,0.14374034003091185,budget-top-k,knapsack-redundancy,1.0,1.0,0.0,1.0,1.0,0.0,0.0,0.0,0.0,0.0,0.0,0.0,367.0,358.0,0.9458762886597938,0.9226804123711341,medium,medium,medium_hetero/medium_length
hotpotqa,5ab8ee035542991b5579f04b,40%,517,1294,9,143.77777777777777,37.611398324851166,0.26159396052833117,90.0,190.0,2.111111111111111,0.14374034003091185,budget-top-k,knapsack-redundancy,1.0,1.0,0.0,1.0,1.0,0.0,0.0,0.0,0.0,0.0,0.0,0.0,458.0,512.0,0.8858800773694391,0.9903288201160542,medium,medium,medium_hetero/medium_length
hotpotqa,5ab8ee035542991b5579f04b,50%,647,1294,9,143.77777777777777,37.611398324851166,0.26159396052833117,90.0,190.0,2.111111111111111,0.14374034003091185,budget-top-k,knapsack-redundancy,1.0,1.0,0.0,1.0,1.0,0.0,0.0,0.0,0.0,0.0,0.0,0.0,612.0,612.0,0.9459041731066461,0.9459041731066461,medium,medium,medium_hetero/medium_length
hotpotqa,5a7a276d5542996c55b2dd27,30%,354,1182,8,147.75,46.92747063288197,0.3176140144357494,91.0,220.0,2.4175824175824174,0.17935702199661585,budget-top-k,knapsack-redundancy,0.8166666666666668,0.8166666666666668,0.0,0.0,0.0,0.0,0.0,0.0,0.0,1.0,1.0,0.0,300.0,300.0,0.847457627118644,0.847457627118644,high,medium,high_hetero/medium_length
hotpotqa,5a7a276d5542996c55b2dd27,40%,472,1182,8,147.75,46.92747063288197,0.3176140144357494,91.0,220.0,2.4175824175824174,0.17935702199661585,budget-top-k,knapsack-redundancy,0.7999999999999999,0.8166666666666668,0.01666666666666683,0.0,0.0,0.0,0.0,0.0,0.0,1.0,1.0,0.0,429.0,431.0,0.9088983050847458,0.913135593220339,high,medium,high_hetero/medium_length
hotpotqa,5a7a276d5542996c55b2dd27,50%,591,1182,8,147.75,46.92747063288197,0.3176140144357494,91.0,220.0,2.4175824175824174,0.17935702199661585,budget-top-k,knapsack-redundancy,0.8166666666666668,0.8166666666666668,0.0,0.0,0.0,0.0,0.0,0.0,0.0,1.0,1.0,0.0,520.0,524.0,0.8798646362098139,0.8866328257191202,high,medium,high_hetero/medium_length
hotpotqa,5a717d4c5542994082a3e854,30%,258,860,6,143.33333333333334,38.473656210740124,0.2684208572842334,95.0,204.0,2.1473684210526316,0.15038759689922476,budget-top-k,knapsack-redundancy,0.7916666666666666,0.7916666666666666,0.0,0.0,0.0,0.0,0.0,0.0,0.0,1.0,1.0,0.0,204.0,204.0,0.7906976744186046,0.7906976744186046,medium,low,medium_hetero/low_length
hotpotqa,5a717d4c5542994082a3e854,40%,344,860,6,143.33333333333334,38.473656210740124,0.2684208572842334,95.0,204.0,2.1473684210526316,0.15038759689922476,budget-top-k,knapsack-redundancy,0.9166666666666666,0.9166666666666666,0.0,0.0,0.0,0.0,0.0,0.0,0.0,1.0,1.0,0.0,305.0,305.0,0.8866279069767442,0.8866279069767442,medium,low,medium_hetero/low_length
hotpotqa,5a717d4c5542994082a3e854,50%,430,860,6,143.33333333333334,38.473656210740124,0.2684208572842334,95.0,204.0,2.1473684210526316,0.15038759689922476,budget-top-k,knapsack-redundancy,1.0,0.9166666666666666,-0.08333333333333337,1.0,0.0,-1.0,0.0,0.0,0.0,1.0,1.0,0.0,372.0,400.0,0.8651162790697674,0.9302325581395349,medium,low,medium_hetero/low_length
hotpotqa,5ac02e31554299294b218f3f,30%,489,1630,10,163.0,46.357307945997036,0.2844006622453806,69.0,220.0,3.1884057971014492,0.15705521472392636,budget-top-k,knapsack-redundancy,0.8074494949494949,0.8074494949494949,0.0,0.0,0.0,0.0,0.5,0.5,0.0,1.0,1.0,0.0,440.0,440.0,0.8997955010224948,0.8997955010224948,medium,high,medium_hetero/high_length
hotpotqa,5ac02e31554299294b218f3f,40%,652,1630,10,163.0,46.357307945997036,0.2844006622453806,69.0,220.0,3.1884057971014492,0.15705521472392636,budget-top-k,knapsack-redundancy,0.8529040404040404,0.8529040404040404,0.0,0.0,0.0,0.0,0.5,0.5,0.0,1.0,1.0,0.0,641.0,641.0,0.9831288343558282,0.9831288343558282,medium,high,medium_hetero/high_length
hotpotqa,5ac02e31554299294b218f3f,50%,815,1630,10,163.0,46.357307945997036,0.2844006622453806,69.0,220.0,3.1884057971014492,0.15705521472392636,budget-top-k,knapsack-redundancy,0.6984126984126984,0.8529040404040404,0.15449134199134207,0.0,0.0,0.0,0.5,0.5,0.0,1.0,1.0,0.0,778.0,801.0,0.9546012269938651,0.9828220858895705,medium,high,medium_hetero/high_length
hotpotqa,5a79ea435542996c55b2dc9e,30%,451,1504,10,150.4,31.582273509043013,0.20998852067182855,101.0,199.0,1.9702970297029703,0.1199468085106381,budget-top-k,knapsack-redundancy,0.5,1.0,0.5,0.0,1.0,1.0,0.0,0.5,0.5,0.0,1.0,1.0,383.0,431.0,0.8492239467849224,0.9556541019955654,low,high,low_hetero/high_length
hotpotqa,5a79ea435542996c55b2dc9e,40%,601,1504,10,150.4,31.582273509043013,0.20998852067182855,101.0,199.0,1.9702970297029703,0.1199468085106381,budget-top-k,knapsack-redundancy,0.5,0.8461538461538461,0.34615384615384615,0.0,0.0,0.0,0.0,0.5,0.5,0.0,1.0,1.0,514.0,591.0,0.8552412645590682,0.9833610648918469,low,high,low_hetero/high_length
hotpotqa,5a79ea435542996c55b2dc9e,50%,752,1504,10,150.4,31.582273509043013,0.20998852067182855,101.0,199.0,1.9702970297029703,0.1199468085106381,budget-top-k,knapsack-redundancy,0.5,1.0,0.5,0.0,1.0,1.0,0.0,0.5,0.5,0.0,1.0,1.0,689.0,737.0,0.9162234042553191,0.9800531914893617,low,high,low_hetero/high_length
hotpotqa,5ab7e4dc5542995dae37e9df,30%,467,1559,11,141.72727272727272,43.76401782513058,0.3087903759310047,31.0,199.0,6.419354838709677,0.1598927051140009,budget-top-k,knapsack-redundancy,0.7307692307692308,1.0,0.26923076923076916,0.0,1.0,1.0,0.5,1.0,0.5,1.0,1.0,0.0,412.0,445.0,0.8822269807280514,0.9528907922912205,high,high,high_hetero/high_length
hotpotqa,5ab7e4dc5542995dae37e9df,40%,623,1559,11,141.72727272727272,43.76401782513058,0.3087903759310047,31.0,199.0,6.419354838709677,0.1598927051140009,budget-top-k,knapsack-redundancy,0.7307692307692308,1.0,0.26923076923076916,0.0,1.0,1.0,0.5,1.0,0.5,1.0,1.0,0.0,569.0,613.0,0.913322632423756,0.9839486356340289,high,high,high_hetero/high_length
hotpotqa,5ab7e4dc5542995dae37e9df,50%,779,1559,11,141.72727272727272,43.76401782513058,0.3087903759310047,31.0,199.0,6.419354838709677,0.1598927051140009,budget-top-k,knapsack-redundancy,1.0,1.0,0.0,1.0,1.0,0.0,1.0,1.0,0.0,1.0,1.0,0.0,770.0,770.0,0.9884467265725289,0.9884467265725289,high,high,high_hetero/high_length
hotpotqa,5a834ed95542990548d0b1ca,30%,374,1248,9,138.66666666666666,40.876507787345155,0.29478250808181605,82.0,212.0,2.5853658536585367,0.16310541310541304,budget-top-k,knapsack-redundancy,0.763157894736842,0.7105263157894737,-0.05263157894736836,0.0,0.0,0.0,0.5,0.5,0.0,1.0,1.0,0.0,301.0,307.0,0.8048128342245989,0.820855614973262,medium,medium,medium_hetero/medium_length
hotpotqa,5a834ed95542990548d0b1ca,40%,499,1248,9,138.66666666666666,40.876507787345155,0.29478250808181605,82.0,212.0,2.5853658536585367,0.16310541310541304,budget-top-k,knapsack-redundancy,0.763157894736842,0.763157894736842,0.0,0.0,0.0,0.0,0.5,0.5,0.0,1.0,1.0,0.0,473.0,473.0,0.9478957915831663,0.9478957915831663,medium,medium,medium_hetero/medium_length
hotpotqa,5a834ed95542990548d0b1ca,50%,624,1248,9,138.66666666666666,40.876507787345155,0.29478250808181605,82.0,212.0,2.5853658536585367,0.16310541310541304,budget-top-k,knapsack-redundancy,1.0,0.763157894736842,-0.23684210526315796,1.0,0.0,-1.0,0.5,0.5,0.0,1.0,1.0,0.0,603.0,621.0,0.9663461538461539,0.9951923076923077,medium,medium,medium_hetero/medium_length
hotpotqa,5ab41d855542996a3a969f4b,30%,413,1379,11,125.36363636363636,37.378342604612214,0.2981593681296116,55.0,175.0,3.1818181818181817,0.16612828795569912,budget-top-k,knapsack-redundancy,1.0,1.0,0.0,1.0,1.0,0.0,1.0,1.0,0.0,1.0,1.0,0.0,406.0,406.0,0.9830508474576272,0.9830508474576272,medium,medium,medium_hetero/medium_length
hotpotqa,5ab41d855542996a3a969f4b,40%,551,1379,11,125.36363636363636,37.378342604612214,0.2981593681296116,55.0,175.0,3.1818181818181817,0.16612828795569912,budget-top-k,knapsack-redundancy,0.8571428571428572,1.0,0.1428571428571428,0.0,1.0,1.0,0.5,1.0,0.5,0.0,1.0,1.0,544.0,532.0,0.9872958257713249,0.9655172413793104,medium,medium,medium_hetero/medium_length
hotpotqa,5ab41d855542996a3a969f4b,50%,689,1379,11,125.36363636363636,37.378342604612214,0.2981593681296116,55.0,175.0,3.1818181818181817,0.16612828795569912,budget-top-k,knapsack-redundancy,1.0,1.0,0.0,1.0,1.0,0.0,1.0,1.0,0.0,1.0,1.0,0.0,665.0,689.0,0.965166908563135,1.0,medium,medium,medium_hetero/medium_length
hotpotqa,5a7b7ff75542995eb53be93d,30%,337,1124,7,160.57142857142858,48.33767280543094,0.30103532885944534,76.0,206.0,2.710526315789474,0.15785460091509917,budget-top-k,knapsack-redundancy,0.23333333333333334,0.23333333333333334,0.0,0.0,0.0,0.0,0.0,0.0,0.0,0.75,0.75,0.0,299.0,299.0,0.887240356083086,0.887240356083086,high,low,high_hetero/low_length
hotpotqa,5a7b7ff75542995eb53be93d,40%,449,1124,7,160.57142857142858,48.33767280543094,0.30103532885944534,76.0,206.0,2.710526315789474,0.15785460091509917,budget-top-k,knapsack-redundancy,0.23333333333333334,0.23333333333333334,0.0,0.0,0.0,0.0,0.0,0.0,0.0,0.75,0.75,0.0,375.0,375.0,0.8351893095768375,0.8351893095768375,high,low,high_hetero/low_length
hotpotqa,5a7b7ff75542995eb53be93d,50%,562,1124,7,160.57142857142858,48.33767280543094,0.30103532885944534,76.0,206.0,2.710526315789474,0.15785460091509917,budget-top-k,knapsack-redundancy,0.825,0.30000000000000004,-0.5249999999999999,0.0,0.0,0.0,0.0,0.0,0.0,0.75,0.75,0.0,499.0,547.0,0.8879003558718861,0.9733096085409253,high,low,high_hetero/low_length
hotpotqa,5a7d19d85542995ed0d165e8,30%,342,1141,7,163.0,17.287485151320965,0.10605819111239856,139.0,188.0,1.3525179856115108,0.058094403405533956,budget-top-k,knapsack-redundancy,0.9782608695652174,0.9782608695652174,0.0,0.0,0.0,0.0,0.0,0.0,0.0,1.0,1.0,0.0,334.0,334.0,0.9766081871345029,0.9766081871345029,low,low,low_hetero/low_length
hotpotqa,5a7d19d85542995ed0d165e8,40%,456,1141,7,163.0,17.287485151320965,0.10605819111239856,139.0,188.0,1.3525179856115108,0.058094403405533956,budget-top-k,knapsack-redundancy,0.9782608695652174,0.7,-0.27826086956521745,0.0,0.0,0.0,0.0,0.5,0.5,1.0,0.0,-1.0,334.0,432.0,0.7324561403508771,0.9473684210526315,low,low,low_hetero/low_length
hotpotqa,5a7d19d85542995ed0d165e8,50%,570,1141,7,163.0,17.287485151320965,0.10605819111239856,139.0,188.0,1.3525179856115108,0.058094403405533956,budget-top-k,knapsack-redundancy,1.0,1.0,0.0,1.0,1.0,0.0,0.5,0.5,0.0,1.0,1.0,0.0,481.0,481.0,0.843859649122807,0.843859649122807,low,low,low_hetero/low_length
hotpotqa,5ae7ed17554299540e5a56a3,30%,340,1136,7,162.28571428571428,36.985380454267855,0.22790287251749558,83.0,197.0,2.3734939759036147,0.11745472837022142,budget-top-k,knapsack-redundancy,1.0,1.0,0.0,1.0,1.0,0.0,0.5,0.5,0.0,0.0,0.0,0.0,280.0,280.0,0.8235294117647058,0.8235294117647058,low,low,low_hetero/low_length
hotpotqa,5ae7ed17554299540e5a56a3,40%,454,1136,7,162.28571428571428,36.985380454267855,0.22790287251749558,83.0,197.0,2.3734939759036147,0.11745472837022142,budget-top-k,knapsack-redundancy,1.0,1.0,0.0,1.0,1.0,0.0,0.5,0.5,0.0,0.0,0.0,0.0,452.0,452.0,0.9955947136563876,0.9955947136563876,low,low,low_hetero/low_length
hotpotqa,5ae7ed17554299540e5a56a3,50%,568,1136,7,162.28571428571428,36.985380454267855,0.22790287251749558,83.0,197.0,2.3734939759036147,0.11745472837022142,budget-top-k,knapsack-redundancy,0.6904761904761905,0.6904761904761905,0.0,0.0,0.0,0.0,0.0,0.0,0.0,0.0,0.0,0.0,562.0,562.0,0.9894366197183099,0.9894366197183099,low,low,low_hetero/low_length
hotpotqa,5ab2659e554299340b5254b2,30%,325,1084,7,154.85714285714286,33.82910231243664,0.21845361271868677,98.0,197.0,2.010204081632653,0.12203479177648924,budget-top-k,knapsack-redundancy,0.6111111111111112,0.6111111111111112,0.0,0.0,0.0,0.0,0.0,0.0,0.0,0.5,0.5,0.0,295.0,295.0,0.9076923076923077,0.9076923076923077,low,low,low_hetero/low_length
hotpotqa,5ab2659e554299340b5254b2,40%,433,1084,7,154.85714285714286,33.82910231243664,0.21845361271868677,98.0,197.0,2.010204081632653,0.12203479177648924,budget-top-k,knapsack-redundancy,0.5833333333333334,1.0,0.41666666666666663,0.0,1.0,1.0,0.0,0.5,0.5,0.5,1.0,0.5,389.0,426.0,0.8983833718244804,0.9838337182448037,low,low,low_hetero/low_length
hotpotqa,5ab2659e554299340b5254b2,50%,542,1084,7,154.85714285714286,33.82910231243664,0.21845361271868677,98.0,197.0,2.010204081632653,0.12203479177648924,budget-top-k,knapsack-redundancy,1.0,1.0,0.0,1.0,1.0,0.0,0.5,0.5,0.0,1.0,1.0,0.0,520.0,520.0,0.959409594095941,0.959409594095941,low,low,low_hetero/low_length
hotpotqa,5abd2eab5542992ac4f38210,30%,442,1474,11,134.0,49.71921157862421,0.37103889237779264,29.0,200.0,6.896551724137931,0.20537806833600603,budget-top-k,knapsack-redundancy,1.0,1.0,0.0,1.0,1.0,0.0,0.5,0.5,0.0,1.0,1.0,0.0,401.0,401.0,0.9072398190045249,0.9072398190045249,high,high,high_hetero/high_length
hotpotqa,5abd2eab5542992ac4f38210,40%,589,1474,11,134.0,49.71921157862421,0.37103889237779264,29.0,200.0,6.896551724137931,0.20537806833600603,budget-top-k,knapsack-redundancy,1.0,1.0,0.0,1.0,1.0,0.0,0.5,0.5,0.0,1.0,1.0,0.0,566.0,550.0,0.9609507640067911,0.933786078098472,high,high,high_hetero/high_length
hotpotqa,5abd2eab5542992ac4f38210,50%,737,1474,11,134.0,49.71921157862421,0.37103889237779264,29.0,200.0,6.896551724137931,0.20537806833600603,budget-top-k,knapsack-redundancy,1.0,1.0,0.0,1.0,1.0,0.0,0.5,0.5,0.0,1.0,1.0,0.0,709.0,709.0,0.9620081411126187,0.9620081411126187,high,high,high_hetero/high_length
hotpotqa,5abaf3195542996cc5e49f2c,30%,364,1214,9,134.88888888888889,22.113065240282445,0.16393540952433444,99.0,169.0,1.707070707070707,0.09225700164744643,budget-top-k,knapsack-redundancy,0.3651315789473684,0.5263157894736842,0.16118421052631576,0.0,0.0,0.0,0.0,0.5,0.5,1.0,1.0,0.0,291.0,355.0,0.7994505494505495,0.9752747252747253,low,medium,low_hetero/medium_length
hotpotqa,5abaf3195542996cc5e49f2c,40%,485,1214,9,134.88888888888889,22.113065240282445,0.16393540952433444,99.0,169.0,1.707070707070707,0.09225700164744643,budget-top-k,knapsack-redundancy,0.3651315789473684,0.3651315789473684,0.0,0.0,0.0,0.0,0.0,0.0,0.0,1.0,1.0,0.0,390.0,390.0,0.8041237113402062,0.8041237113402062,low,medium,low_hetero/medium_length
hotpotqa,5abaf3195542996cc5e49f2c,50%,607,1214,9,134.88888888888889,22.113065240282445,0.16393540952433444,99.0,169.0,1.707070707070707,0.09225700164744643,budget-top-k,knapsack-redundancy,0.5526315789473684,0.3651315789473684,-0.18749999999999994,0.0,0.0,0.0,0.5,0.0,-0.5,1.0,1.0,0.0,524.0,539.0,0.8632619439868204,0.8879736408566722,low,medium,low_hetero/medium_length
hotpotqa,5a791a97554299148911f9f2,30%,302,1007,6,167.83333333333334,26.053897127983667,0.1552367256880854,123.0,201.0,1.6341463414634145,0.08589870903674268,budget-top-k,knapsack-redundancy,0.8666666666666667,0.8666666666666667,0.0,0.0,0.0,0.0,0.5,0.5,0.0,0.5,0.5,0.0,289.0,289.0,0.956953642384106,0.956953642384106,low,low,low_hetero/low_length
hotpotqa,5a791a97554299148911f9f2,40%,402,1007,6,167.83333333333334,26.053897127983667,0.1552367256880854,123.0,201.0,1.6341463414634145,0.08589870903674268,budget-top-k,knapsack-redundancy,0.8666666666666667,0.8666666666666667,0.0,0.0,0.0,0.0,0.5,0.5,0.0,0.5,0.5,0.0,289.0,289.0,0.7189054726368159,0.7189054726368159,low,low,low_hetero/low_length
hotpotqa,5a791a97554299148911f9f2,50%,503,1007,6,167.83333333333334,26.053897127983667,0.1552367256880854,123.0,201.0,1.6341463414634145,0.08589870903674268,budget-top-k,knapsack-redundancy,1.0,1.0,0.0,1.0,1.0,0.0,0.5,0.5,0.0,1.0,1.0,0.0,458.0,458.0,0.9105367793240556,0.9105367793240556,low,low,low_hetero/low_length
hotpotqa,5adf58f15542993a75d264d2,30%,366,1220,8,152.5,30.700162866017504,0.20131254338372134,93.0,201.0,2.161290322580645,0.11106557377049175,budget-top-k,knapsack-redundancy,0.814516129032258,0.814516129032258,0.0,0.0,0.0,0.0,0.5,0.5,0.0,1.0,1.0,0.0,342.0,342.0,0.9344262295081968,0.9344262295081968,low,medium,low_hetero/medium_length
hotpotqa,5adf58f15542993a75d264d2,40%,488,1220,8,152.5,30.700162866017504,0.20131254338372134,93.0,201.0,2.161290322580645,0.11106557377049175,budget-top-k,knapsack-redundancy,0.814516129032258,0.8387096774193549,0.024193548387096864,0.0,0.0,0.0,0.5,0.5,0.0,1.0,1.0,0.0,485.0,468.0,0.9938524590163934,0.9590163934426229,low,medium,low_hetero/medium_length
hotpotqa,5adf58f15542993a75d264d2,50%,610,1220,8,152.5,30.700162866017504,0.20131254338372134,93.0,201.0,2.161290322580645,0.11106557377049175,budget-top-k,knapsack-redundancy,1.0,0.8387096774193549,-0.16129032258064513,1.0,0.0,-1.0,1.0,0.5,-0.5,1.0,1.0,0.0,600.0,607.0,0.9836065573770492,0.9950819672131147,low,medium,low_hetero/medium_length
hotpotqa,5adc65e85542996e68525350,30%,112,375,3,125.0,47.89572005931219,0.3831657604744975,60.0,174.0,2.9,0.20266666666666677,budget-top-k,knapsack-redundancy,0.40476190476190477,0.40476190476190477,0.0,0.0,0.0,0.0,0.0,0.0,0.0,0.0,0.0,0.0,60.0,60.0,0.5357142857142857,0.5357142857142857,high,low,high_hetero/low_length
hotpotqa,5adc65e85542996e68525350,40%,150,375,3,125.0,47.89572005931219,0.3831657604744975,60.0,174.0,2.9,0.20266666666666677,budget-top-k,knapsack-redundancy,0.5119047619047619,0.5119047619047619,0.0,0.0,0.0,0.0,0.0,0.0,0.0,0.0,0.0,0.0,141.0,141.0,0.94,0.94,high,low,high_hetero/low_length
hotpotqa,5adc65e85542996e68525350,50%,187,375,3,125.0,47.89572005931219,0.3831657604744975,60.0,174.0,2.9,0.20266666666666677,budget-top-k,knapsack-redundancy,0.5119047619047619,0.5119047619047619,0.0,0.0,0.0,0.0,0.0,0.0,0.0,0.0,0.0,0.0,141.0,141.0,0.7540106951871658,0.7540106951871658,high,low,high_hetero/low_length
hotpotqa,5a87ab9b5542996e4f3088c2,30%,469,1565,11,142.27272727272728,38.26009292649198,0.2689207809529787,79.0,210.0,2.6582278481012658,0.152541388324136,budget-top-k,knapsack-redundancy,1.0,1.0,0.0,1.0,1.0,0.0,1.0,1.0,0.0,1.0,1.0,0.0,447.0,447.0,0.9530916844349681,0.9530916844349681,medium,high,medium_hetero/high_length
hotpotqa,5a87ab9b5542996e4f3088c2,40%,626,1565,11,142.27272727272728,38.26009292649198,0.2689207809529787,79.0,210.0,2.6582278481012658,0.152541388324136,budget-top-k,knapsack-redundancy,1.0,1.0,0.0,1.0,1.0,0.0,1.0,1.0,0.0,1.0,1.0,0.0,623.0,623.0,0.9952076677316294,0.9952076677316294,medium,high,medium_hetero/high_length
hotpotqa,5a87ab9b5542996e4f3088c2,50%,782,1565,11,142.27272727272728,38.26009292649198,0.2689207809529787,79.0,210.0,2.6582278481012658,0.152541388324136,budget-top-k,knapsack-redundancy,1.0,1.0,0.0,1.0,1.0,0.0,1.0,1.0,0.0,1.0,1.0,0.0,725.0,773.0,0.9271099744245525,0.9884910485933504,medium,high,medium_hetero/high_length
hotpotqa,5a738fe855429908901be2fb,30%,287,957,7,136.71428571428572,50.89124057582934,0.3722452288723149,52.0,193.0,3.7115384615384617,0.20600089565606816,budget-top-k,knapsack-redundancy,0.62,0.62,0.0,0.0,0.0,0.0,0.0,0.0,0.0,1.0,1.0,0.0,245.0,245.0,0.8536585365853658,0.8536585365853658,high,low,high_hetero/low_length
hotpotqa,5a738fe855429908901be2fb,40%,382,957,7,136.71428571428572,50.89124057582934,0.3722452288723149,52.0,193.0,3.7115384615384617,0.20600089565606816,budget-top-k,knapsack-redundancy,0.64,0.64,0.0,0.0,0.0,0.0,0.0,0.0,0.0,1.0,1.0,0.0,332.0,332.0,0.8691099476439791,0.8691099476439791,high,low,high_hetero/low_length
hotpotqa,5a738fe855429908901be2fb,50%,478,957,7,136.71428571428572,50.89124057582934,0.3722452288723149,52.0,193.0,3.7115384615384617,0.20600089565606816,budget-top-k,knapsack-redundancy,1.0,1.0,0.0,1.0,1.0,0.0,0.5,0.5,0.0,1.0,1.0,0.0,440.0,440.0,0.9205020920502092,0.9205020920502092,high,low,high_hetero/low_length
hotpotqa,5a8c65a1554299585d9e3680,30%,552,1843,13,141.84615384615384,46.76758600346736,0.32970640891815384,68.0,219.0,3.2205882352941178,0.17845820123477396,budget-top-k,knapsack-redundancy,0.30526315789473685,0.6578947368421053,0.35263157894736846,0.0,0.0,0.0,0.0,0.5,0.5,0.0,1.0,1.0,548.0,545.0,0.9927536231884058,0.9873188405797102,high,high,high_hetero/high_length
hotpotqa,5a8c65a1554299585d9e3680,40%,737,1843,13,141.84615384615384,46.76758600346736,0.32970640891815384,68.0,219.0,3.2205882352941178,0.17845820123477396,budget-top-k,knapsack-redundancy,0.6842105263157895,1.0,0.3157894736842105,0.0,1.0,1.0,0.5,1.0,0.5,1.0,1.0,0.0,733.0,718.0,0.994572591587517,0.9742198100407056,high,high,high_hetero/high_length
hotpotqa,5a8c65a1554299585d9e3680,50%,921,1843,13,141.84615384615384,46.76758600346736,0.32970640891815384,68.0,219.0,3.2205882352941178,0.17845820123477396,budget-top-k,knapsack-redundancy,1.0,1.0,0.0,1.0,1.0,0.0,1.0,1.0,0.0,1.0,1.0,0.0,883.0,883.0,0.9587404994571118,0.9587404994571118,high,high,high_hetero/high_length
hotpotqa,5ac2bbd0554299218029db09,30%,392,1307,9,145.22222222222223,43.18378753852931,0.2973634949095362,85.0,215.0,2.5294117647058822,0.16883448099974485,budget-top-k,knapsack-redundancy,0.6875,0.2361111111111111,-0.4513888888888889,0.0,0.0,0.0,0.0,0.0,0.0,0.0,0.0,0.0,343.0,377.0,0.875,0.9617346938775511,medium,medium,medium_hetero/medium_length
hotpotqa,5ac2bbd0554299218029db09,40%,522,1307,9,145.22222222222223,43.18378753852931,0.2973634949095362,85.0,215.0,2.5294117647058822,0.16883448099974485,budget-top-k,knapsack-redundancy,0.6875,0.3263888888888889,-0.3611111111111111,0.0,0.0,0.0,0.0,0.0,0.0,0.0,1.0,1.0,480.0,521.0,0.9195402298850575,0.9980842911877394,medium,medium,medium_hetero/medium_length
hotpotqa,5ac2bbd0554299218029db09,50%,653,1307,9,145.22222222222223,43.18378753852931,0.2973634949095362,85.0,215.0,2.5294117647058822,0.16883448099974485,budget-top-k,knapsack-redundancy,0.6875,0.75,0.0625,0.0,0.0,0.0,0.0,0.0,0.0,0.0,1.0,1.0,643.0,652.0,0.9846860643185299,0.998468606431853,medium,medium,medium_hetero/medium_length
hotpotqa,5adf3e355542993a75d26440,30%,409,1364,8,170.5,34.285565475867536,0.20108836056227294,125.0,213.0,1.704,0.1108870967741935,budget-top-k,knapsack-redundancy,0.6310160427807486,1.0,0.36898395721925137,0.0,1.0,1.0,0.5,1.0,0.5,0.0,0.0,0.0,337.0,398.0,0.823960880195599,0.9731051344743277,low,medium,low_hetero/medium_length
hotpotqa,5adf3e355542993a75d26440,40%,545,1364,8,170.5,34.285565475867536,0.20108836056227294,125.0,213.0,1.704,0.1108870967741935,budget-top-k,knapsack-redundancy,1.0,0.6310160427807486,-0.36898395721925137,1.0,0.0,-1.0,1.0,0.5,-0.5,0.0,0.0,0.0,462.0,530.0,0.8477064220183487,0.9724770642201835,low,medium,low_hetero/medium_length
hotpotqa,5adf3e355542993a75d26440,50%,682,1364,8,170.5,34.285565475867536,0.20108836056227294,125.0,213.0,1.704,0.1108870967741935,budget-top-k,knapsack-redundancy,1.0,1.0,0.0,1.0,1.0,0.0,1.0,1.0,0.0,0.0,0.0,0.0,655.0,655.0,0.9604105571847508,0.9604105571847508,low,medium,low_hetero/medium_length
hotpotqa,5ae82ae555429952e35eaa71,30%,630,2102,15,140.13333333333333,46.95936777920058,0.3351049080342573,23.0,218.0,9.478260869565217,0.17798921661909284,budget-top-k,knapsack-redundancy,0.6886363636363636,0.7196969696969697,0.031060606060606122,0.0,0.0,0.0,0.5,0.5,0.0,0.0,0.0,0.0,587.0,611.0,0.9317460317460318,0.9698412698412698,high,high,high_hetero/high_length
hotpotqa,5ae82ae555429952e35eaa71,40%,840,2102,15,140.13333333333333,46.95936777920058,0.3351049080342573,23.0,218.0,9.478260869565217,0.17798921661909284,budget-top-k,knapsack-redundancy,0.7196969696969697,0.7196969696969697,0.0,0.0,0.0,0.0,0.5,0.5,0.0,0.0,0.0,0.0,787.0,787.0,0.9369047619047619,0.9369047619047619,high,high,high_hetero/high_length
hotpotqa,5ae82ae555429952e35eaa71,50%,1051,2102,15,140.13333333333333,46.95936777920058,0.3351049080342573,23.0,218.0,9.478260869565217,0.17798921661909284,budget-top-k,knapsack-redundancy,0.7196969696969697,1.0,0.2803030303030303,0.0,1.0,1.0,0.5,1.0,0.5,0.0,1.0,1.0,987.0,1036.0,0.9391056137012369,0.9857278782112274,high,high,high_hetero/high_length
hotpotqa,5ac289ff5542996366519a02,30%,505,1686,11,153.27272727272728,53.70642573556032,0.35039779542773636,45.0,214.0,4.7555555555555555,0.19389625795319754,budget-top-k,knapsack-redundancy,1.0,1.0,0.0,1.0,1.0,0.0,0.5,0.5,0.0,1.0,1.0,0.0,496.0,496.0,0.9821782178217822,0.9821782178217822,high,high,high_hetero/high_length
hotpotqa,5ac289ff5542996366519a02,40%,674,1686,11,153.27272727272728,53.70642573556032,0.35039779542773636,45.0,214.0,4.7555555555555555,0.19389625795319754,budget-top-k,knapsack-redundancy,1.0,1.0,0.0,1.0,1.0,0.0,0.5,0.5,0.0,1.0,1.0,0.0,647.0,637.0,0.9599406528189911,0.9451038575667656,high,high,high_hetero/high_length
hotpotqa,5ac289ff5542996366519a02,50%,843,1686,11,153.27272727272728,53.70642573556032,0.35039779542773636,45.0,214.0,4.7555555555555555,0.19389625795319754,budget-top-k,knapsack-redundancy,1.0,1.0,0.0,1.0,1.0,0.0,0.5,0.5,0.0,1.0,1.0,0.0,812.0,822.0,0.963226571767497,0.9750889679715302,high,high,high_hetero/high_length
hotpotqa,5a7a5b3a5542996c55b2dd71,30%,396,1322,9,146.88888888888889,47.082538505254426,0.32053165396920563,60.0,216.0,3.6,0.17834930240376523,budget-top-k,knapsack-redundancy,0.5662055335968379,0.5662055335968379,0.0,0.0,0.0,0.0,0.5,0.5,0.0,0.0,0.0,0.0,336.0,336.0,0.8484848484848485,0.8484848484848485,high,medium,high_hetero/medium_length
hotpotqa,5a7a5b3a5542996c55b2dd71,40%,528,1322,9,146.88888888888889,47.082538505254426,0.32053165396920563,60.0,216.0,3.6,0.17834930240376523,budget-top-k,knapsack-redundancy,0.6055830039525691,0.6055830039525691,0.0,0.0,0.0,0.0,0.5,0.5,0.0,0.3333333333333333,0.3333333333333333,0.0,478.0,478.0,0.9053030303030303,0.9053030303030303,high,medium,high_hetero/medium_length
hotpotqa,5a7a5b3a5542996c55b2dd71,50%,661,1322,9,146.88888888888889,47.082538505254426,0.32053165396920563,60.0,216.0,3.6,0.17834930240376523,budget-top-k,knapsack-redundancy,0.6055830039525691,0.6055830039525691,0.0,0.0,0.0,0.0,0.5,0.5,0.0,0.3333333333333333,0.3333333333333333,0.0,625.0,625.0,0.9455370650529501,0.9455370650529501,high,medium,high_hetero/medium_length
hotpotqa,5ab8688b55429934fafe6daa,30%,324,1081,6,180.16666666666666,31.072048889994722,0.17246280604992445,137.0,214.0,1.562043795620438,0.09420289855072461,budget-top-k,knapsack-redundancy,0.8333333333333334,0.8333333333333334,0.0,0.0,0.0,0.0,0.0,0.0,0.0,1.0,1.0,0.0,278.0,278.0,0.8580246913580247,0.8580246913580247,low,low,low_hetero/low_length
hotpotqa,5ab8688b55429934fafe6daa,40%,432,1081,6,180.16666666666666,31.072048889994722,0.17246280604992445,137.0,214.0,1.562043795620438,0.09420289855072461,budget-top-k,knapsack-redundancy,1.0,1.0,0.0,1.0,1.0,0.0,0.0,0.0,0.0,1.0,1.0,0.0,330.0,330.0,0.7638888888888888,0.7638888888888888,low,low,low_hetero/low_length
hotpotqa,5ab8688b55429934fafe6daa,50%,540,1081,6,180.16666666666666,31.072048889994722,0.17246280604992445,137.0,214.0,1.562043795620438,0.09420289855072461,budget-top-k,knapsack-redundancy,1.0,1.0,0.0,1.0,1.0,0.0,0.0,0.0,0.0,1.0,1.0,0.0,471.0,471.0,0.8722222222222222,0.8722222222222222,low,low,low_hetero/low_length
hotpotqa,5a7a3a945542996a35c17147,30%,387,1293,8,161.625,36.43808961787102,0.22544835030391971,107.0,212.0,1.9813084112149533,0.1271268368136118,budget-top-k,knapsack-redundancy,1.0,1.0,0.0,1.0,1.0,0.0,0.0,0.0,0.0,1.0,1.0,0.0,353.0,353.0,0.9121447028423773,0.9121447028423773,low,medium,low_hetero/medium_length
hotpotqa,5a7a3a945542996a35c17147,40%,517,1293,8,161.625,36.43808961787102,0.22544835030391971,107.0,212.0,1.9813084112149533,0.1271268368136118,budget-top-k,knapsack-redundancy,1.0,1.0,0.0,1.0,1.0,0.0,0.0,0.0,0.0,1.0,1.0,0.0,460.0,460.0,0.8897485493230174,0.8897485493230174,low,medium,low_hetero/medium_length
hotpotqa,5a7a3a945542996a35c17147,50%,646,1293,8,161.625,36.43808961787102,0.22544835030391971,107.0,212.0,1.9813084112149533,0.1271268368136118,budget-top-k,knapsack-redundancy,1.0,1.0,0.0,1.0,1.0,0.0,0.0,0.0,0.0,1.0,1.0,0.0,565.0,642.0,0.8746130030959752,0.9938080495356038,low,medium,low_hetero/medium_length
hotpotqa,5ab9b29c554299743d22ebae,30%,435,1452,11,132.1818181818182,19.673785889850215,0.14883882034962337,88.0,164.0,1.8636363636363635,0.08090533950231338,budget-top-k,knapsack-redundancy,1.0,1.0,0.0,1.0,1.0,0.0,0.5,0.5,0.0,1.0,1.0,0.0,429.0,429.0,0.9862068965517241,0.9862068965517241,low,high,low_hetero/high_length
hotpotqa,5ab9b29c554299743d22ebae,40%,580,1452,11,132.1818181818182,19.673785889850215,0.14883882034962337,88.0,164.0,1.8636363636363635,0.08090533950231338,budget-top-k,knapsack-redundancy,1.0,1.0,0.0,1.0,1.0,0.0,0.5,0.5,0.0,1.0,1.0,0.0,564.0,579.0,0.9724137931034482,0.9982758620689656,low,high,low_hetero/high_length
hotpotqa,5ab9b29c554299743d22ebae,50%,726,1452,11,132.1818181818182,19.673785889850215,0.14883882034962337,88.0,164.0,1.8636363636363635,0.08090533950231338,budget-top-k,knapsack-redundancy,1.0,1.0,0.0,1.0,1.0,0.0,0.5,0.5,0.0,1.0,1.0,0.0,707.0,707.0,0.9738292011019284,0.9738292011019284,low,high,low_hetero/high_length
hotpotqa,5a8b63fa55429950cd6afcd7,30%,497,1657,14,118.35714285714286,52.10101060557702,0.44020165870734956,25.0,214.0,8.56,0.2478230881972585,budget-top-k,knapsack-redundancy,1.0,1.0,0.0,1.0,1.0,0.0,1.0,1.0,0.0,1.0,1.0,0.0,497.0,460.0,1.0,0.9255533199195171,high,high,high_hetero/high_length
hotpotqa,5a8b63fa55429950cd6afcd7,40%,662,1657,14,118.35714285714286,52.10101060557702,0.44020165870734956,25.0,214.0,8.56,0.2478230881972585,budget-top-k,knapsack-redundancy,1.0,1.0,0.0,1.0,1.0,0.0,1.0,1.0,0.0,1.0,1.0,0.0,639.0,648.0,0.9652567975830816,0.9788519637462235,high,high,high_hetero/high_length
hotpotqa,5a8b63fa55429950cd6afcd7,50%,828,1657,14,118.35714285714286,52.10101060557702,0.44020165870734956,25.0,214.0,8.56,0.2478230881972585,budget-top-k,knapsack-redundancy,1.0,1.0,0.0,1.0,1.0,0.0,1.0,1.0,0.0,1.0,1.0,0.0,790.0,790.0,0.9541062801932367,0.9541062801932367,high,high,high_hetero/high_length
hotpotqa,5ade51b45542997c77adedf4,30%,336,1122,7,160.28571428571428,52.79262471680865,0.3293657513526387,102.0,220.0,2.156862745098039,0.17494270435446913,budget-top-k,knapsack-redundancy,0.5498575498575499,0.5498575498575499,0.0,0.0,0.0,0.0,0.0,0.0,0.0,1.0,1.0,0.0,324.0,324.0,0.9642857142857143,0.9642857142857143,high,low,high_hetero/low_length
hotpotqa,5ade51b45542997c77adedf4,40%,448,1122,7,160.28571428571428,52.79262471680865,0.3293657513526387,102.0,220.0,2.156862745098039,0.17494270435446913,budget-top-k,knapsack-redundancy,0.7165242165242165,0.6308760683760684,-0.08564814814814814,0.0,0.0,0.0,0.5,0.0,-0.5,0.0,1.0,1.0,357.0,443.0,0.796875,0.9888392857142857,high,low,high_hetero/low_length
hotpotqa,5ade51b45542997c77adedf4,50%,561,1122,7,160.28571428571428,52.79262471680865,0.3293657513526387,102.0,220.0,2.156862745098039,0.17494270435446913,budget-top-k,knapsack-redundancy,0.7165242165242165,0.7165242165242165,0.0,0.0,0.0,0.0,0.5,0.5,0.0,0.0,0.0,0.0,476.0,476.0,0.8484848484848485,0.8484848484848485,high,low,high_hetero/low_length
hotpotqa,5ae4c49a5542995dadf24400,30%,422,1409,10,140.9,41.74793408062248,0.29629477700938595,63.0,219.0,3.4761904761904763,0.1630234208658623,budget-top-k,knapsack-redundancy,0.5454545454545454,0.5909090909090909,0.045454545454545525,0.0,0.0,0.0,0.0,0.0,0.0,0.0,0.0,0.0,391.0,418.0,0.9265402843601895,0.990521327014218,medium,high,medium_hetero/high_length
hotpotqa,5ae4c49a5542995dadf24400,40%,563,1409,10,140.9,41.74793408062248,0.29629477700938595,63.0,219.0,3.4761904761904763,0.1630234208658623,budget-top-k,knapsack-redundancy,0.7272727272727273,0.6363636363636364,-0.09090909090909094,0.0,0.0,0.0,0.0,0.0,0.0,0.0,0.0,0.0,523.0,558.0,0.9289520426287744,0.9911190053285968,medium,high,medium_hetero/high_length
hotpotqa,5ae4c49a5542995dadf24400,50%,704,1409,10,140.9,41.74793408062248,0.29629477700938595,63.0,219.0,3.4761904761904763,0.1630234208658623,budget-top-k,knapsack-redundancy,0.7272727272727273,1.0,0.2727272727272727,0.0,1.0,1.0,0.0,0.5,0.5,0.0,1.0,1.0,649.0,666.0,0.921875,0.9460227272727273,medium,high,medium_hetero/high_length
hotpotqa,5a7d3470554299452d57bb56,30%,454,1514,11,137.63636363636363,15.784184992192932,0.11468034010179806,103.0,161.0,1.5631067961165048,0.06316800768584141,budget-top-k,knapsack-redundancy,1.0,1.0,0.0,1.0,1.0,0.0,1.0,1.0,0.0,1.0,1.0,0.0,369.0,369.0,0.8127753303964758,0.8127753303964758,low,high,low_hetero/high_length
hotpotqa,5a7d3470554299452d57bb56,40%,605,1514,11,137.63636363636363,15.784184992192932,0.11468034010179806,103.0,161.0,1.5631067961165048,0.06316800768584141,budget-top-k,knapsack-redundancy,1.0,1.0,0.0,1.0,1.0,0.0,1.0,1.0,0.0,1.0,1.0,0.0,513.0,513.0,0.8479338842975207,0.8479338842975207,low,high,low_hetero/high_length
hotpotqa,5a7d3470554299452d57bb56,50%,757,1514,11,137.63636363636363,15.784184992192932,0.11468034010179806,103.0,161.0,1.5631067961165048,0.06316800768584141,budget-top-k,knapsack-redundancy,1.0,1.0,0.0,1.0,1.0,0.0,1.0,1.0,0.0,1.0,1.0,0.0,635.0,635.0,0.8388375165125496,0.8388375165125496,low,high,low_hetero/high_length
hotpotqa,5ae4f2c75542993aec5ec0fb,30%,404,1348,8,168.5,31.768695283250146,0.18853825093917,106.0,216.0,2.0377358490566038,0.10385756676557856,budget-top-k,knapsack-redundancy,1.0,1.0,0.0,1.0,1.0,0.0,0.5,0.5,0.0,1.0,1.0,0.0,341.0,341.0,0.844059405940594,0.844059405940594,low,medium,low_hetero/medium_length
hotpotqa,5ae4f2c75542993aec5ec0fb,40%,539,1348,8,168.5,31.768695283250146,0.18853825093917,106.0,216.0,2.0377358490566038,0.10385756676557856,budget-top-k,knapsack-redundancy,1.0,1.0,0.0,1.0,1.0,0.0,0.5,0.5,0.0,1.0,1.0,0.0,518.0,518.0,0.961038961038961,0.961038961038961,low,medium,low_hetero/medium_length
hotpotqa,5ae4f2c75542993aec5ec0fb,50%,674,1348,8,168.5,31.768695283250146,0.18853825093917,106.0,216.0,2.0377358490566038,0.10385756676557856,budget-top-k,knapsack-redundancy,1.0,1.0,0.0,1.0,1.0,0.0,0.5,0.5,0.0,1.0,1.0,0.0,673.0,673.0,0.9985163204747775,0.9985163204747775,low,medium,low_hetero/medium_length
hotpotqa,5a85cead5542991dd0999ea9,30%,661,2206,16,137.875,48.55393264196012,0.35215907627894916,44.0,212.0,4.818181818181818,0.19650951949229367,budget-top-k,knapsack-redundancy,0.6818181818181819,1.0,0.3181818181818181,0.0,1.0,1.0,0.5,1.0,0.5,0.0,1.0,1.0,660.0,656.0,0.9984871406959153,0.9924357034795764,high,high,high_hetero/high_length
hotpotqa,5a85cead5542991dd0999ea9,40%,882,2206,16,137.875,48.55393264196012,0.35215907627894916,44.0,212.0,4.818181818181818,0.19650951949229367,budget-top-k,knapsack-redundancy,0.6818181818181819,1.0,0.3181818181818181,0.0,1.0,1.0,0.5,1.0,0.5,0.0,1.0,1.0,841.0,865.0,0.953514739229025,0.9807256235827665,high,high,high_hetero/high_length
hotpotqa,5a85cead5542991dd0999ea9,50%,1103,2206,16,137.875,48.55393264196012,0.35215907627894916,44.0,212.0,4.818181818181818,0.19650951949229367,budget-top-k,knapsack-redundancy,0.6818181818181819,1.0,0.3181818181818181,0.0,1.0,1.0,0.5,1.0,0.5,0.0,1.0,1.0,1085.0,1092.0,0.9836808703535811,0.9900271985494107,high,high,high_hetero/high_length
hotpotqa,5a73a7c755429978a71e9068,30%,399,1331,9,148.0,29.044027881055953,0.19624343162875643,100.0,187.0,1.87,0.10894227560894221,budget-top-k,knapsack-redundancy,0.75,1.0,0.25,0.0,1.0,1.0,0.5,1.0,0.5,0.3333333333333333,1.0,0.6666666666666667,392.0,398.0,0.9824561403508771,0.9974937343358395,low,medium,low_hetero/medium_length
hotpotqa,5a73a7c755429978a71e9068,40%,532,1331,9,148.0,29.044027881055953,0.19624343162875643,100.0,187.0,1.87,0.10894227560894221,budget-top-k,knapsack-redundancy,0.875,0.875,0.0,0.0,0.0,0.0,0.5,0.5,0.0,0.3333333333333333,0.3333333333333333,0.0,502.0,502.0,0.943609022556391,0.943609022556391,low,medium,low_hetero/medium_length
hotpotqa,5a73a7c755429978a71e9068,50%,665,1331,9,148.0,29.044027881055953,0.19624343162875643,100.0,187.0,1.87,0.10894227560894221,budget-top-k,knapsack-redundancy,1.0,1.0,0.0,1.0,1.0,0.0,1.0,1.0,0.0,1.0,1.0,0.0,641.0,641.0,0.9639097744360903,0.9639097744360903,low,medium,low_hetero/medium_length
hotpotqa,5a7f113d55429934daa2fcbe,30%,371,1237,9,137.55555555555554,39.699177464502014,0.2886046826983184,54.0,184.0,3.4074074074074074,0.15742236582301206,budget-top-k,knapsack-redundancy,0.8333333333333334,0.8333333333333334,0.0,0.0,0.0,0.0,0.0,0.0,0.0,0.5,0.5,0.0,332.0,332.0,0.894878706199461,0.894878706199461,medium,medium,medium_hetero/medium_length
hotpotqa,5a7f113d55429934daa2fcbe,40%,494,1237,9,137.55555555555554,39.699177464502014,0.2886046826983184,54.0,184.0,3.4074074074074074,0.15742236582301206,budget-top-k,knapsack-redundancy,1.0,1.0,0.0,1.0,1.0,0.0,0.0,0.0,0.0,1.0,1.0,0.0,484.0,484.0,0.979757085020243,0.979757085020243,medium,medium,medium_hetero/medium_length
hotpotqa,5a7f113d55429934daa2fcbe,50%,618,1237,9,137.55555555555554,39.699177464502014,0.2886046826983184,54.0,184.0,3.4074074074074074,0.15742236582301206,budget-top-k,knapsack-redundancy,1.0,0.8833333333333333,-0.1166666666666667,1.0,0.0,-1.0,0.0,0.0,0.0,1.0,0.5,-0.5,611.0,609.0,0.988673139158576,0.9854368932038835,medium,medium,medium_hetero/medium_length
hotpotqa,5ae6828f5542996d980e7bb9,30%,422,1409,9,156.55555555555554,37.348541875780285,0.2385641425706335,92.0,219.0,2.380434782608696,0.13453197697342478,budget-top-k,knapsack-redundancy,1.0,1.0,0.0,1.0,1.0,0.0,1.0,1.0,0.0,1.0,1.0,0.0,413.0,413.0,0.9786729857819905,0.9786729857819905,medium,high,medium_hetero/high_length
hotpotqa,5ae6828f5542996d980e7bb9,40%,563,1409,9,156.55555555555554,37.348541875780285,0.2385641425706335,92.0,219.0,2.380434782608696,0.13453197697342478,budget-top-k,knapsack-redundancy,1.0,1.0,0.0,1.0,1.0,0.0,1.0,1.0,0.0,1.0,1.0,0.0,527.0,527.0,0.9360568383658969,0.9360568383658969,medium,high,medium_hetero/high_length
hotpotqa,5ae6828f5542996d980e7bb9,50%,704,1409,9,156.55555555555554,37.348541875780285,0.2385641425706335,92.0,219.0,2.380434782608696,0.13453197697342478,budget-top-k,knapsack-redundancy,1.0,1.0,0.0,1.0,1.0,0.0,1.0,1.0,0.0,1.0,1.0,0.0,702.0,702.0,0.9971590909090909,0.9971590909090909,medium,high,medium_hetero/high_length
hotpotqa,5ab31864554299233954ff06,30%,467,1557,12,129.75,36.37106221526485,0.28031647179394875,63.0,198.0,3.142857142857143,0.1576214943266967,budget-top-k,knapsack-redundancy,1.0,0.7368421052631579,-0.26315789473684215,1.0,0.0,-1.0,0.5,0.5,0.0,1.0,1.0,0.0,407.0,416.0,0.8715203426124197,0.8907922912205567,medium,high,medium_hetero/high_length
hotpotqa,5ab31864554299233954ff06,40%,622,1557,12,129.75,36.37106221526485,0.28031647179394875,63.0,198.0,3.142857142857143,0.1576214943266967,budget-top-k,knapsack-redundancy,1.0,0.7543859649122807,-0.24561403508771928,1.0,0.0,-1.0,0.5,0.5,0.0,1.0,1.0,0.0,614.0,603.0,0.9871382636655949,0.9694533762057878,medium,high,medium_hetero/high_length
hotpotqa,5ab31864554299233954ff06,50%,778,1557,12,129.75,36.37106221526485,0.28031647179394875,63.0,198.0,3.142857142857143,0.1576214943266967,budget-top-k,knapsack-redundancy,1.0,0.7719298245614036,-0.22807017543859642,1.0,0.0,-1.0,0.5,0.5,0.0,1.0,1.0,0.0,738.0,772.0,0.9485861182519281,0.9922879177377892,medium,high,medium_hetero/high_length
hotpotqa,5abe239355429976d4830a7d,30%,411,1370,11,124.54545454545455,46.11914143402466,0.3702996757476433,60.0,188.0,3.1333333333333333,0.20517584605175854,budget-top-k,knapsack-redundancy,0.8888888888888888,0.8888888888888888,0.0,0.0,0.0,0.0,0.0,0.0,0.0,0.0,0.0,0.0,406.0,409.0,0.9878345498783455,0.9951338199513382,high,medium,high_hetero/medium_length
hotpotqa,5abe239355429976d4830a7d,40%,548,1370,11,124.54545454545455,46.11914143402466,0.3702996757476433,60.0,188.0,3.1333333333333333,0.20517584605175854,budget-top-k,knapsack-redundancy,0.8888888888888888,0.8888888888888888,0.0,0.0,0.0,0.0,0.0,0.0,0.0,0.0,0.0,0.0,518.0,507.0,0.9452554744525548,0.9251824817518248,high,medium,high_hetero/medium_length
hotpotqa,5abe239355429976d4830a7d,50%,685,1370,11,124.54545454545455,46.11914143402466,0.3702996757476433,60.0,188.0,3.1333333333333333,0.20517584605175854,budget-top-k,knapsack-redundancy,0.8888888888888888,0.8888888888888888,0.0,0.0,0.0,0.0,0.0,0.0,0.0,0.0,0.0,0.0,677.0,665.0,0.9883211678832117,0.9708029197080292,high,medium,high_hetero/medium_length
hotpotqa,5ac2659b55429963665199a1,30%,482,1609,11,146.27272727272728,41.22243632050812,0.281819017728769,84.0,218.0,2.5952380952380953,0.1580880275721792,budget-top-k,knapsack-redundancy,1.0,0.7352941176470589,-0.2647058823529411,1.0,0.0,-1.0,1.0,0.5,-0.5,1.0,1.0,0.0,413.0,480.0,0.8568464730290456,0.995850622406639,medium,high,medium_hetero/high_length
hotpotqa,5ac2659b55429963665199a1,40%,643,1609,11,146.27272727272728,41.22243632050812,0.281819017728769,84.0,218.0,2.5952380952380953,0.1580880275721792,budget-top-k,knapsack-redundancy,1.0,1.0,0.0,1.0,1.0,0.0,1.0,1.0,0.0,1.0,1.0,0.0,638.0,638.0,0.9922239502332815,0.9922239502332815,medium,high,medium_hetero/high_length
hotpotqa,5ac2659b55429963665199a1,50%,804,1609,11,146.27272727272728,41.22243632050812,0.281819017728769,84.0,218.0,2.5952380952380953,0.1580880275721792,budget-top-k,knapsack-redundancy,1.0,1.0,0.0,1.0,1.0,0.0,1.0,1.0,0.0,1.0,1.0,0.0,715.0,763.0,0.8893034825870647,0.9490049751243781,medium,high,medium_hetero/high_length
hotpotqa,5ae058e855429945ae959331,30%,440,1468,9,163.11111111111111,32.874997066140786,0.20154970953356066,119.0,207.0,1.7394957983193278,0.1123221313957008,budget-top-k,knapsack-redundancy,0.487012987012987,1.0,0.512987012987013,0.0,1.0,1.0,0.0,0.5,0.5,0.0,0.0,0.0,409.0,408.0,0.9295454545454546,0.9272727272727272,low,high,low_hetero/high_length
hotpotqa,5ae058e855429945ae959331,40%,587,1468,9,163.11111111111111,32.874997066140786,0.20154970953356066,119.0,207.0,1.7394957983193278,0.1123221313957008,budget-top-k,knapsack-redundancy,0.7142857142857143,0.7142857142857143,0.0,0.0,0.0,0.0,0.0,0.0,0.0,0.0,0.0,0.0,528.0,528.0,0.899488926746167,0.899488926746167,low,high,low_hetero/high_length
hotpotqa,5ae058e855429945ae959331,50%,734,1468,9,163.11111111111111,32.874997066140786,0.20154970953356066,119.0,207.0,1.7394957983193278,0.1123221313957008,budget-top-k,knapsack-redundancy,1.0,1.0,0.0,1.0,1.0,0.0,0.5,0.5,0.0,0.0,0.0,0.0,671.0,671.0,0.9141689373297003,0.9141689373297003,low,high,low_hetero/high_length
hotpotqa,5a7b8749554299294a54a9db,30%,434,1448,10,144.9,31.630523233105077,0.21829208580472792,95.0,199.0,2.094736842105263,0.12236024844720483,budget-top-k,knapsack-redundancy,1.0,0.8541666666666666,-0.14583333333333337,1.0,0.0,-1.0,0.0,0.0,0.0,1.0,1.0,0.0,430.0,396.0,0.9907834101382489,0.9124423963133641,low,high,low_hetero/high_length
hotpotqa,5a7b8749554299294a54a9db,40%,579,1448,10,144.9,31.630523233105077,0.21829208580472792,95.0,199.0,2.094736842105263,0.12236024844720483,budget-top-k,knapsack-redundancy,1.0,0.8541666666666666,-0.14583333333333337,1.0,0.0,-1.0,0.0,0.0,0.0,1.0,1.0,0.0,568.0,550.0,0.9810017271157168,0.9499136442141624,low,high,low_hetero/high_length
hotpotqa,5a7b8749554299294a54a9db,50%,724,1448,10,144.9,31.630523233105077,0.21829208580472792,95.0,199.0,2.094736842105263,0.12236024844720483,budget-top-k,knapsack-redundancy,1.0,1.0,0.0,1.0,1.0,0.0,0.0,0.0,0.0,1.0,1.0,0.0,722.0,692.0,0.9972375690607734,0.9558011049723757,low,high,low_hetero/high_length
hotpotqa,5a864ff7554299211dda2af2,30%,461,1539,11,139.9090909090909,34.9062498843937,0.24949236434589392,78.0,184.0,2.358974358974359,0.1371610845295057,budget-top-k,knapsack-redundancy,0.7555555555555555,0.7333333333333334,-0.022222222222222143,0.0,0.0,0.0,0.5,0.5,0.0,1.0,1.0,0.0,416.0,428.0,0.9023861171366594,0.928416485900217,medium,high,medium_hetero/high_length
hotpotqa,5a864ff7554299211dda2af2,40%,615,1539,11,139.9090909090909,34.9062498843937,0.24949236434589392,78.0,184.0,2.358974358974359,0.1371610845295057,budget-top-k,knapsack-redundancy,0.7999999999999999,0.7555555555555555,-0.0444444444444444,0.0,0.0,0.0,0.5,0.5,0.0,1.0,1.0,0.0,577.0,607.0,0.9382113821138212,0.9869918699186991,medium,high,medium_hetero/high_length
hotpotqa,5a864ff7554299211dda2af2,50%,769,1539,11,139.9090909090909,34.9062498843937,0.24949236434589392,78.0,184.0,2.358974358974359,0.1371610845295057,budget-top-k,knapsack-redundancy,0.7999999999999999,0.7999999999999999,0.0,0.0,0.0,0.0,0.5,0.5,0.0,1.0,1.0,0.0,733.0,768.0,0.953185955786736,0.9986996098829649,medium,high,medium_hetero/high_length
hotpotqa,5ae4d3c95542990ba0bbb165,30%,401,1337,9,148.55555555555554,37.19053377499623,0.2503476469521063,110.0,215.0,1.9545454545454546,0.13230283387351438,budget-top-k,knapsack-redundancy,1.0,0.6176470588235294,-0.38235294117647056,1.0,0.0,-1.0,0.5,0.5,0.0,1.0,0.5,-0.5,355.0,377.0,0.885286783042394,0.940149625935162,medium,medium,medium_hetero/medium_length
hotpotqa,5ae4d3c95542990ba0bbb165,40%,534,1337,9,148.55555555555554,37.19053377499623,0.2503476469521063,110.0,215.0,1.9545454545454546,0.13230283387351438,budget-top-k,knapsack-redundancy,1.0,1.0,0.0,1.0,1.0,0.0,0.5,0.5,0.0,1.0,1.0,0.0,474.0,474.0,0.8876404494382022,0.8876404494382022,medium,medium,medium_hetero/medium_length
hotpotqa,5ae4d3c95542990ba0bbb165,50%,668,1337,9,148.55555555555554,37.19053377499623,0.2503476469521063,110.0,215.0,1.9545454545454546,0.13230283387351438,budget-top-k,knapsack-redundancy,1.0,1.0,0.0,1.0,1.0,0.0,0.5,0.5,0.0,1.0,1.0,0.0,638.0,638.0,0.9550898203592815,0.9550898203592815,medium,medium,medium_hetero/medium_length
hotpotqa,5ab7f97a5542991d322237ef,30%,932,3108,22,141.27272727272728,33.581896933510066,0.23770969515354615,72.0,213.0,2.9583333333333335,0.12589212589212595,budget-top-k,knapsack-redundancy,1.0,0.6875,-0.3125,1.0,0.0,-1.0,0.0,0.0,0.0,1.0,1.0,0.0,906.0,911.0,0.9721030042918455,0.9774678111587983,medium,high,medium_hetero/high_length
hotpotqa,5ab7f97a5542991d322237ef,40%,1243,3108,22,141.27272727272728,33.581896933510066,0.23770969515354615,72.0,213.0,2.9583333333333335,0.12589212589212595,budget-top-k,knapsack-redundancy,1.0,1.0,0.0,1.0,1.0,0.0,0.0,0.0,0.0,1.0,1.0,0.0,1220.0,1231.0,0.9814963797264682,0.9903459372485921,medium,high,medium_hetero/high_length
hotpotqa,5ab7f97a5542991d322237ef,50%,1554,3108,22,141.27272727272728,33.581896933510066,0.23770969515354615,72.0,213.0,2.9583333333333335,0.12589212589212595,budget-top-k,knapsack-redundancy,1.0,1.0,0.0,1.0,1.0,0.0,0.0,0.0,0.0,1.0,1.0,0.0,1538.0,1538.0,0.9897039897039897,0.9897039897039897,medium,high,medium_hetero/high_length
hotpotqa,5a7b46e55542995eb53be8e5,30%,366,1223,9,135.88888888888889,35.56354076999035,0.2617104390269118,69.0,179.0,2.5942028985507246,0.14645225765421999,budget-top-k,knapsack-redundancy,1.0,1.0,0.0,1.0,1.0,0.0,1.0,1.0,0.0,1.0,1.0,0.0,309.0,309.0,0.8442622950819673,0.8442622950819673,medium,medium,medium_hetero/medium_length
hotpotqa,5a7b46e55542995eb53be8e5,40%,489,1223,9,135.88888888888889,35.56354076999035,0.2617104390269118,69.0,179.0,2.5942028985507246,0.14645225765421999,budget-top-k,knapsack-redundancy,1.0,1.0,0.0,1.0,1.0,0.0,1.0,1.0,0.0,1.0,1.0,0.0,488.0,488.0,0.9979550102249489,0.9979550102249489,medium,medium,medium_hetero/medium_length
hotpotqa,5a7b46e55542995eb53be8e5,50%,611,1223,9,135.88888888888889,35.56354076999035,0.2617104390269118,69.0,179.0,2.5942028985507246,0.14645225765421999,budget-top-k,knapsack-redundancy,1.0,1.0,0.0,1.0,1.0,0.0,1.0,1.0,0.0,1.0,1.0,0.0,546.0,593.0,0.8936170212765957,0.9705400981996727,medium,medium,medium_hetero/medium_length
hotpotqa,5a879ba55542993e715abfc3,30%,353,1178,8,147.25,37.11047695732298,0.25202361261339884,102.0,200.0,1.9607843137254901,0.14091680814940588,budget-top-k,knapsack-redundancy,0.7916666666666666,0.8541666666666666,0.0625,0.0,0.0,0.0,0.0,0.0,0.0,1.0,1.0,0.0,313.0,338.0,0.886685552407932,0.9575070821529745,medium,medium,medium_hetero/medium_length
hotpotqa,5a879ba55542993e715abfc3,40%,471,1178,8,147.25,37.11047695732298,0.25202361261339884,102.0,200.0,1.9607843137254901,0.14091680814940588,budget-top-k,knapsack-redundancy,0.5333333333333333,0.8541666666666666,0.3208333333333333,0.0,0.0,0.0,0.0,0.0,0.0,0.0,1.0,1.0,375.0,415.0,0.7961783439490446,0.881104033970276,medium,medium,medium_hetero/medium_length
hotpotqa,5a879ba55542993e715abfc3,50%,589,1178,8,147.25,37.11047695732298,0.25202361261339884,102.0,200.0,1.9607843137254901,0.14091680814940588,budget-top-k,knapsack-redundancy,1.0,0.5333333333333333,-0.4666666666666667,1.0,0.0,-1.0,0.0,0.0,0.0,1.0,0.0,-1.0,509.0,579.0,0.8641765704584041,0.9830220713073005,medium,medium,medium_hetero/medium_length
hotpotqa,5ae4563e5542996836b02c7f,30%,613,2045,14,146.07142857142858,42.9009894752928,0.29369870545432725,56.0,214.0,3.8214285714285716,0.16231225986727216,budget-top-k,knapsack-redundancy,1.0,1.0,0.0,1.0,1.0,0.0,1.0,1.0,0.0,1.0,1.0,0.0,535.0,589.0,0.8727569331158238,0.9608482871125612,medium,high,medium_hetero/high_length
hotpotqa,5ae4563e5542996836b02c7f,40%,818,2045,14,146.07142857142858,42.9009894752928,0.29369870545432725,56.0,214.0,3.8214285714285716,0.16231225986727216,budget-top-k,knapsack-redundancy,1.0,1.0,0.0,1.0,1.0,0.0,1.0,1.0,0.0,1.0,1.0,0.0,803.0,803.0,0.9816625916870416,0.9816625916870416,medium,high,medium_hetero/high_length
hotpotqa,5ae4563e5542996836b02c7f,50%,1022,2045,14,146.07142857142858,42.9009894752928,0.29369870545432725,56.0,214.0,3.8214285714285716,0.16231225986727216,budget-top-k,knapsack-redundancy,1.0,1.0,0.0,1.0,1.0,0.0,1.0,1.0,0.0,1.0,1.0,0.0,999.0,999.0,0.9774951076320939,0.9774951076320939,medium,high,medium_hetero/high_length
hotpotqa,5ab6ff3a5542991d3222372a,30%,450,1502,11,136.54545454545453,28.017408991760288,0.20518741605150678,89.0,199.0,2.235955056179775,0.11233506839365703,budget-top-k,knapsack-redundancy,1.0,1.0,0.0,1.0,1.0,0.0,0.0,0.0,0.0,1.0,1.0,0.0,435.0,435.0,0.9666666666666667,0.9666666666666667,low,high,low_hetero/high_length
hotpotqa,5ab6ff3a5542991d3222372a,40%,600,1502,11,136.54545454545453,28.017408991760288,0.20518741605150678,89.0,199.0,2.235955056179775,0.11233506839365703,budget-top-k,knapsack-redundancy,1.0,1.0,0.0,1.0,1.0,0.0,0.0,0.0,0.0,1.0,1.0,0.0,592.0,592.0,0.9866666666666667,0.9866666666666667,low,high,low_hetero/high_length
hotpotqa,5ab6ff3a5542991d3222372a,50%,751,1502,11,136.54545454545453,28.017408991760288,0.20518741605150678,89.0,199.0,2.235955056179775,0.11233506839365703,budget-top-k,knapsack-redundancy,1.0,1.0,0.0,1.0,1.0,0.0,0.0,0.0,0.0,1.0,1.0,0.0,745.0,745.0,0.9920106524633822,0.9920106524633822,low,high,low_hetero/high_length
hotpotqa,5a7a46605542994f819ef1ad,30%,214,714,4,178.5,27.572631357924475,0.1544685230135825,135.0,206.0,1.525925925925926,0.08263305322128844,budget-top-k,knapsack-redundancy,0.6045751633986928,0.6045751633986928,0.0,0.0,0.0,0.0,0.0,0.0,0.0,0.0,0.0,0.0,135.0,135.0,0.6308411214953271,0.6308411214953271,low,low,low_hetero/low_length
hotpotqa,5a7a46605542994f819ef1ad,40%,285,714,4,178.5,27.572631357924475,0.1544685230135825,135.0,206.0,1.525925925925926,0.08263305322128844,budget-top-k,knapsack-redundancy,0.6045751633986928,0.6045751633986928,0.0,0.0,0.0,0.0,0.0,0.0,0.0,0.0,0.0,0.0,135.0,135.0,0.47368421052631576,0.47368421052631576,low,low,low_hetero/low_length
hotpotqa,5a7a46605542994f819ef1ad,50%,357,714,4,178.5,27.572631357924475,0.1544685230135825,135.0,206.0,1.525925925925926,0.08263305322128844,budget-top-k,knapsack-redundancy,0.7222222222222222,0.7222222222222222,0.0,0.0,0.0,0.0,0.0,0.0,0.0,0.0,0.0,0.0,341.0,341.0,0.9551820728291317,0.9551820728291317,low,low,low_hetero/low_length
hotpotqa,5ade7a435542997c77adee3a,30%,415,1384,9,153.77777777777777,43.875525391669804,0.2853177229227083,80.0,220.0,2.75,0.16168914579319194,budget-top-k,knapsack-redundancy,0.6666666666666666,0.6666666666666666,0.0,0.0,0.0,0.0,0.5,0.5,0.0,0.5,0.5,0.0,408.0,408.0,0.983132530120482,0.983132530120482,medium,medium,medium_hetero/medium_length
hotpotqa,5ade7a435542997c77adee3a,40%,553,1384,9,153.77777777777777,43.875525391669804,0.2853177229227083,80.0,220.0,2.75,0.16168914579319194,budget-top-k,knapsack-redundancy,1.0,1.0,0.0,1.0,1.0,0.0,1.0,1.0,0.0,1.0,1.0,0.0,538.0,538.0,0.972875226039783,0.972875226039783,medium,medium,medium_hetero/medium_length
hotpotqa,5ade7a435542997c77adee3a,50%,692,1384,9,153.77777777777777,43.875525391669804,0.2853177229227083,80.0,220.0,2.75,0.16168914579319194,budget-top-k,knapsack-redundancy,1.0,1.0,0.0,1.0,1.0,0.0,1.0,1.0,0.0,1.0,1.0,0.0,683.0,683.0,0.9869942196531792,0.9869942196531792,medium,medium,medium_hetero/medium_length
hotpotqa,5ac1795f5542994ab5c67d5f,30%,418,1394,9,154.88888888888889,37.80489223028165,0.24407749646523305,76.0,214.0,2.8157894736842106,0.13199426111908164,budget-top-k,knapsack-redundancy,0.9642857142857143,0.9642857142857143,0.0,0.0,0.0,0.0,0.0,0.0,0.0,1.0,1.0,0.0,415.0,415.0,0.992822966507177,0.992822966507177,medium,medium,medium_hetero/medium_length
hotpotqa,5ac1795f5542994ab5c67d5f,40%,557,1394,9,154.88888888888889,37.80489223028165,0.24407749646523305,76.0,214.0,2.8157894736842106,0.13199426111908164,budget-top-k,knapsack-redundancy,0.9642857142857143,0.9642857142857143,0.0,0.0,0.0,0.0,0.0,0.0,0.0,1.0,1.0,0.0,543.0,543.0,0.9748653500897666,0.9748653500897666,medium,medium,medium_hetero/medium_length
hotpotqa,5ac1795f5542994ab5c67d5f,50%,697,1394,9,154.88888888888889,37.80489223028165,0.24407749646523305,76.0,214.0,2.8157894736842106,0.13199426111908164,budget-top-k,knapsack-redundancy,0.9642857142857143,1.0,0.0357142857142857,0.0,1.0,1.0,0.0,0.5,0.5,1.0,1.0,0.0,601.0,689.0,0.8622668579626973,0.9885222381635581,medium,medium,medium_hetero/medium_length
hotpotqa,5ab1e984554299340b525428,30%,300,1001,7,143.0,48.579831205964474,0.3397190993424089,39.0,184.0,4.717948717948718,0.17239902954188668,budget-top-k,knapsack-redundancy,0.5,1.0,0.5,0.0,1.0,1.0,0.5,1.0,0.5,0.0,1.0,1.0,220.0,297.0,0.7333333333333333,0.99,high,low,high_hetero/low_length
hotpotqa,5ab1e984554299340b525428,40%,400,1001,7,143.0,48.579831205964474,0.3397190993424089,39.0,184.0,4.717948717948718,0.17239902954188668,budget-top-k,knapsack-redundancy,1.0,1.0,0.0,1.0,1.0,0.0,1.0,1.0,0.0,1.0,1.0,0.0,368.0,368.0,0.92,0.92,high,low,high_hetero/low_length
hotpotqa,5ab1e984554299340b525428,50%,500,1001,7,143.0,48.579831205964474,0.3397190993424089,39.0,184.0,4.717948717948718,0.17239902954188668,budget-top-k,knapsack-redundancy,1.0,1.0,0.0,1.0,1.0,0.0,1.0,1.0,0.0,1.0,1.0,0.0,478.0,478.0,0.956,0.956,high,low,high_hetero/low_length
hotpotqa,5a86769c5542994775f60776,30%,422,1408,11,128.0,44.54211490264017,0.34798527267687634,24.0,207.0,8.625,0.18646694214876036,budget-top-k,knapsack-redundancy,0.3068181818181818,0.7272727272727273,0.42045454545454547,0.0,0.0,0.0,0.0,0.5,0.5,0.0,0.0,0.0,390.0,413.0,0.9241706161137441,0.9786729857819905,high,medium,high_hetero/medium_length
hotpotqa,5a86769c5542994775f60776,40%,563,1408,11,128.0,44.54211490264017,0.34798527267687634,24.0,207.0,8.625,0.18646694214876036,budget-top-k,knapsack-redundancy,0.7727272727272727,0.7727272727272727,0.0,0.0,0.0,0.0,0.5,0.5,0.0,0.0,0.0,0.0,512.0,541.0,0.9094138543516874,0.9609236234458259,high,medium,high_hetero/medium_length
hotpotqa,5a86769c5542994775f60776,50%,704,1408,11,128.0,44.54211490264017,0.34798527267687634,24.0,207.0,8.625,0.18646694214876036,budget-top-k,knapsack-redundancy,0.7727272727272727,0.7727272727272727,0.0,0.0,0.0,0.0,0.5,0.5,0.0,0.0,0.0,0.0,640.0,681.0,0.9090909090909091,0.9673295454545454,high,medium,high_hetero/medium_length
hotpotqa,5ab7da6f55429928e1fe3928,30%,283,946,6,157.66666666666666,22.065558884580486,0.13995069059987625,126.0,186.0,1.4761904761904763,0.07822410147991543,budget-top-k,knapsack-redundancy,0.8333333333333334,0.8333333333333334,0.0,0.0,0.0,0.0,0.0,0.0,0.0,0.5,0.5,0.0,158.0,158.0,0.558303886925795,0.558303886925795,low,low,low_hetero/low_length
hotpotqa,5ab7da6f55429928e1fe3928,40%,378,946,6,157.66666666666666,22.065558884580486,0.13995069059987625,126.0,186.0,1.4761904761904763,0.07822410147991543,budget-top-k,knapsack-redundancy,1.0,1.0,0.0,1.0,1.0,0.0,0.0,0.0,0.0,1.0,1.0,0.0,339.0,339.0,0.8968253968253969,0.8968253968253969,low,low,low_hetero/low_length
hotpotqa,5ab7da6f55429928e1fe3928,50%,473,946,6,157.66666666666666,22.065558884580486,0.13995069059987625,126.0,186.0,1.4761904761904763,0.07822410147991543,budget-top-k,knapsack-redundancy,1.0,1.0,0.0,1.0,1.0,0.0,0.0,0.0,0.0,1.0,1.0,0.0,465.0,465.0,0.9830866807610994,0.9830866807610994,low,low,low_hetero/low_length
hotpotqa,5ae497f15542995ad6573db8,30%,312,1042,6,173.66666666666666,50.215092905973556,0.2891464082877556,74.0,216.0,2.918918918918919,0.14811260396673065,budget-top-k,knapsack-redundancy,0.8541666666666666,0.8541666666666666,0.0,0.0,0.0,0.0,0.0,0.0,0.0,1.0,1.0,0.0,287.0,287.0,0.9198717948717948,0.9198717948717948,medium,low,medium_hetero/low_length
hotpotqa,5ae497f15542995ad6573db8,40%,416,1042,6,173.66666666666666,50.215092905973556,0.2891464082877556,74.0,216.0,2.918918918918919,0.14811260396673065,budget-top-k,knapsack-redundancy,0.8541666666666666,0.8541666666666666,0.0,0.0,0.0,0.0,0.0,0.0,0.0,1.0,1.0,0.0,367.0,367.0,0.8822115384615384,0.8822115384615384,medium,low,medium_hetero/low_length
hotpotqa,5ae497f15542995ad6573db8,50%,521,1042,6,173.66666666666666,50.215092905973556,0.2891464082877556,74.0,216.0,2.918918918918919,0.14811260396673065,budget-top-k,knapsack-redundancy,0.9166666666666666,0.9166666666666666,0.0,0.0,0.0,0.0,0.0,0.0,0.0,1.0,1.0,0.0,499.0,499.0,0.9577735124760077,0.9577735124760077,medium,low,medium_hetero/low_length
hotpotqa,5ae6f2a7554299572ea5464a,30%,484,1614,11,146.72727272727272,52.49950806538513,0.3578033387355864,60.0,217.0,3.6166666666666667,0.20232060380759265,budget-top-k,knapsack-redundancy,1.0,1.0,0.0,1.0,1.0,0.0,1.0,1.0,0.0,1.0,1.0,0.0,482.0,482.0,0.9958677685950413,0.9958677685950413,high,high,high_hetero/high_length
hotpotqa,5ae6f2a7554299572ea5464a,40%,645,1614,11,146.72727272727272,52.49950806538513,0.3578033387355864,60.0,217.0,3.6166666666666667,0.20232060380759265,budget-top-k,knapsack-redundancy,0.9285714285714286,1.0,0.0714285714285714,0.0,1.0,1.0,0.5,1.0,0.5,1.0,1.0,0.0,639.0,580.0,0.9906976744186047,0.8992248062015504,high,high,high_hetero/high_length
hotpotqa,5ae6f2a7554299572ea5464a,50%,807,1614,11,146.72727272727272,52.49950806538513,0.3578033387355864,60.0,217.0,3.6166666666666667,0.20232060380759265,budget-top-k,knapsack-redundancy,0.9285714285714286,1.0,0.0714285714285714,0.0,1.0,1.0,0.5,1.0,0.5,1.0,1.0,0.0,806.0,797.0,0.9987608426270136,0.9876084262701363,high,high,high_hetero/high_length
hotpotqa,5adea9ea55429939a52fe934,30%,350,1167,8,145.875,40.11682159643259,0.275008202888998,62.0,196.0,3.161290322580645,0.14706512425021412,budget-top-k,knapsack-redundancy,0.8333333333333334,0.8333333333333334,0.0,0.0,0.0,0.0,0.5,0.5,0.0,1.0,1.0,0.0,331.0,331.0,0.9457142857142857,0.9457142857142857,medium,medium,medium_hetero/medium_length
hotpotqa,5adea9ea55429939a52fe934,40%,466,1167,8,145.875,40.11682159643259,0.275008202888998,62.0,196.0,3.161290322580645,0.14706512425021412,budget-top-k,knapsack-redundancy,0.85,0.85,0.0,0.0,0.0,0.0,0.5,0.5,0.0,1.0,1.0,0.0,462.0,462.0,0.9914163090128756,0.9914163090128756,medium,medium,medium_hetero/medium_length
hotpotqa,5adea9ea55429939a52fe934,50%,583,1167,8,145.875,40.11682159643259,0.275008202888998,62.0,196.0,3.161290322580645,0.14706512425021412,budget-top-k,knapsack-redundancy,0.85,0.8666666666666667,0.01666666666666672,0.0,0.0,0.0,0.5,0.5,0.0,1.0,1.0,0.0,524.0,565.0,0.8987993138936535,0.9691252144082333,medium,medium,medium_hetero/medium_length
hotpotqa,5a7caae75542996dd594b971,30%,411,1372,10,137.2,27.78416815382458,0.20250851424070396,92.0,180.0,1.9565217391304348,0.11413994169096209,budget-top-k,knapsack-redundancy,0.2784090909090909,0.327020202020202,0.048611111111111105,0.0,0.0,0.0,0.0,0.0,0.0,0.0,0.0,0.0,390.0,386.0,0.948905109489051,0.9391727493917275,low,medium,low_hetero/medium_length
hotpotqa,5a7caae75542996dd594b971,40%,548,1372,10,137.2,27.78416815382458,0.20250851424070396,92.0,180.0,1.9565217391304348,0.11413994169096209,budget-top-k,knapsack-redundancy,0.327020202020202,0.327020202020202,0.0,0.0,0.0,0.0,0.0,0.0,0.0,0.0,0.0,0.0,518.0,518.0,0.9452554744525548,0.9452554744525548,low,medium,low_hetero/medium_length
hotpotqa,5a7caae75542996dd594b971,50%,686,1372,10,137.2,27.78416815382458,0.20250851424070396,92.0,180.0,1.9565217391304348,0.11413994169096209,budget-top-k,knapsack-redundancy,0.8636363636363636,0.8636363636363636,0.0,0.0,0.0,0.0,0.5,0.5,0.0,1.0,1.0,0.0,628.0,628.0,0.9154518950437318,0.9154518950437318,low,medium,low_hetero/medium_length
hotpotqa,5ac01bb8554299012d1db5a6,30%,527,1759,11,160.0,34.86336968014631,0.21789606050091445,95.0,209.0,2.2,0.1227272727272728,budget-top-k,knapsack-redundancy,0.6324324324324324,1.0,0.3675675675675676,0.0,1.0,1.0,0.5,1.0,0.5,1.0,1.0,0.0,456.0,505.0,0.8652751423149905,0.9582542694497154,low,high,low_hetero/high_length
hotpotqa,5ac01bb8554299012d1db5a6,40%,703,1759,11,160.0,34.86336968014631,0.21789606050091445,95.0,209.0,2.2,0.1227272727272728,budget-top-k,knapsack-redundancy,1.0,1.0,0.0,1.0,1.0,0.0,1.0,1.0,0.0,1.0,1.0,0.0,590.0,699.0,0.8392603129445235,0.9943100995732574,low,high,low_hetero/high_length
hotpotqa,5ac01bb8554299012d1db5a6,50%,879,1759,11,160.0,34.86336968014631,0.21789606050091445,95.0,209.0,2.2,0.1227272727272728,budget-top-k,knapsack-redundancy,1.0,1.0,0.0,1.0,1.0,0.0,1.0,1.0,0.0,1.0,1.0,0.0,790.0,856.0,0.8987485779294653,0.9738339021615472,low,high,low_hetero/high_length
hotpotqa,5abc3a65554299700f9d782d,30%,444,1482,9,164.66666666666666,51.65483735549094,0.31369334426411505,53.0,220.0,4.150943396226415,0.16539211276053378,budget-top-k,knapsack-redundancy,0.7638888888888888,0.7638888888888888,0.0,0.0,0.0,0.0,0.0,0.0,0.0,0.0,0.0,0.0,396.0,396.0,0.8918918918918919,0.8918918918918919,high,high,high_hetero/high_length
hotpotqa,5abc3a65554299700f9d782d,40%,592,1482,9,164.66666666666666,51.65483735549094,0.31369334426411505,53.0,220.0,4.150943396226415,0.16539211276053378,budget-top-k,knapsack-redundancy,0.7638888888888888,0.7638888888888888,0.0,0.0,0.0,0.0,0.0,0.0,0.0,0.0,0.0,0.0,563.0,563.0,0.9510135135135135,0.9510135135135135,high,high,high_hetero/high_length
hotpotqa,5abc3a65554299700f9d782d,50%,741,1482,9,164.66666666666666,51.65483735549094,0.31369334426411505,53.0,220.0,4.150943396226415,0.16539211276053378,budget-top-k,knapsack-redundancy,0.7638888888888888,0.7638888888888888,0.0,0.0,0.0,0.0,0.0,0.0,0.0,0.0,0.0,0.0,719.0,719.0,0.970310391363023,0.970310391363023,high,high,high_hetero/high_length
hotpotqa,5ae3ff575542995dadf242aa,30%,292,974,6,162.33333333333334,21.845416503747924,0.1345713542325334,135.0,199.0,1.474074074074074,0.07529089664613275,budget-top-k,knapsack-redundancy,0.41666666666666663,0.41666666666666663,0.0,0.0,0.0,0.0,0.0,0.0,0.0,0.0,0.0,0.0,199.0,199.0,0.6815068493150684,0.6815068493150684,low,low,low_hetero/low_length
hotpotqa,5ae3ff575542995dadf242aa,40%,389,974,6,162.33333333333334,21.845416503747924,0.1345713542325334,135.0,199.0,1.474074074074074,0.07529089664613275,budget-top-k,knapsack-redundancy,0.47916666666666663,0.47916666666666663,0.0,0.0,0.0,0.0,0.0,0.0,0.0,0.0,0.0,0.0,375.0,375.0,0.9640102827763496,0.9640102827763496,low,low,low_hetero/low_length
hotpotqa,5ae3ff575542995dadf242aa,50%,487,974,6,162.33333333333334,21.845416503747924,0.1345713542325334,135.0,199.0,1.474074074074074,0.07529089664613275,budget-top-k,knapsack-redundancy,0.47916666666666663,0.47916666666666663,0.0,0.0,0.0,0.0,0.0,0.0,0.0,0.0,0.0,0.0,375.0,375.0,0.7700205338809035,0.7700205338809035,low,low,low_hetero/low_length
hotpotqa,5a89fb525542993b751ca9d6,30%,287,959,6,159.83333333333334,20.955640980148733,0.13110932834295347,122.0,188.0,1.540983606557377,0.07247132429614167,budget-top-k,knapsack-redundancy,0.7777777777777778,0.7777777777777778,0.0,0.0,0.0,0.0,0.0,0.0,0.0,1.0,1.0,0.0,271.0,271.0,0.9442508710801394,0.9442508710801394,low,low,low_hetero/low_length
hotpotqa,5a89fb525542993b751ca9d6,40%,383,959,6,159.83333333333334,20.955640980148733,0.13110932834295347,122.0,188.0,1.540983606557377,0.07247132429614167,budget-top-k,knapsack-redundancy,1.0,1.0,0.0,1.0,1.0,0.0,0.5,0.5,0.0,1.0,1.0,0.0,306.0,306.0,0.7989556135770235,0.7989556135770235,low,low,low_hetero/low_length
hotpotqa,5a89fb525542993b751ca9d6,50%,479,959,6,159.83333333333334,20.955640980148733,0.13110932834295347,122.0,188.0,1.540983606557377,0.07247132429614167,budget-top-k,knapsack-redundancy,1.0,1.0,0.0,1.0,1.0,0.0,0.5,0.5,0.0,1.0,1.0,0.0,475.0,475.0,0.9916492693110647,0.9916492693110647,low,low,low_hetero/low_length
hotpotqa,5ab3d69255429969a97a81c9,30%,411,1372,9,152.44444444444446,40.14172423665129,0.26332034849115277,89.0,218.0,2.449438202247191,0.1494978943958536,budget-top-k,knapsack-redundancy,0.8888888888888888,0.8888888888888888,0.0,0.0,0.0,0.0,0.5,0.5,0.0,1.0,1.0,0.0,360.0,360.0,0.8759124087591241,0.8759124087591241,medium,medium,medium_hetero/medium_length
hotpotqa,5ab3d69255429969a97a81c9,40%,548,1372,9,152.44444444444446,40.14172423665129,0.26332034849115277,89.0,218.0,2.449438202247191,0.1494978943958536,budget-top-k,knapsack-redundancy,0.8888888888888888,0.8888888888888888,0.0,0.0,0.0,0.0,0.5,0.5,0.0,1.0,1.0,0.0,498.0,498.0,0.9087591240875912,0.9087591240875912,medium,medium,medium_hetero/medium_length
hotpotqa,5ab3d69255429969a97a81c9,50%,686,1372,9,152.44444444444446,40.14172423665129,0.26332034849115277,89.0,218.0,2.449438202247191,0.1494978943958536,budget-top-k,knapsack-redundancy,0.8888888888888888,0.8888888888888888,0.0,0.0,0.0,0.0,0.5,0.5,0.0,1.0,1.0,0.0,578.0,685.0,0.8425655976676385,0.9985422740524781,medium,medium,medium_hetero/medium_length
hotpotqa,5ac5199a5542994611c8b38a,30%,442,1475,10,147.5,40.217533489760406,0.27266124399837566,49.0,196.0,4.0,0.1410847457627118,budget-top-k,knapsack-redundancy,0.3022222222222222,0.3022222222222222,0.0,0.0,0.0,0.0,0.0,0.0,0.0,0.0,0.0,0.0,362.0,362.0,0.8190045248868778,0.8190045248868778,medium,high,medium_hetero/high_length
hotpotqa,5ac5199a5542994611c8b38a,40%,590,1475,10,147.5,40.217533489760406,0.27266124399837566,49.0,196.0,4.0,0.1410847457627118,budget-top-k,knapsack-redundancy,1.0,1.0,0.0,1.0,1.0,0.0,0.5,0.5,0.0,0.0,0.0,0.0,472.0,472.0,0.8,0.8,medium,high,medium_hetero/high_length
hotpotqa,5ac5199a5542994611c8b38a,50%,737,1475,10,147.5,40.217533489760406,0.27266124399837566,49.0,196.0,4.0,0.1410847457627118,budget-top-k,knapsack-redundancy,1.0,1.0,0.0,1.0,1.0,0.0,0.5,0.5,0.0,0.0,0.0,0.0,614.0,614.0,0.8331071913161465,0.8331071913161465,medium,high,medium_hetero/high_length
hotpotqa,5ae048a255429924de1b708e,30%,337,1124,8,140.5,53.747092944642134,0.3825415867946059,55.0,197.0,3.581818181818182,0.20618327402135228,budget-top-k,knapsack-redundancy,0.4377104377104377,0.4377104377104377,0.0,0.0,0.0,0.0,0.0,0.0,0.0,0.0,0.0,0.0,331.0,331.0,0.9821958456973294,0.9821958456973294,high,low,high_hetero/low_length
hotpotqa,5ae048a255429924de1b708e,40%,449,1124,8,140.5,53.747092944642134,0.3825415867946059,55.0,197.0,3.581818181818182,0.20618327402135228,budget-top-k,knapsack-redundancy,0.6111111111111112,0.4562289562289562,-0.15488215488215495,0.0,0.0,0.0,0.0,0.0,0.0,1.0,0.0,-1.0,429.0,386.0,0.955456570155902,0.8596881959910914,high,low,high_hetero/low_length
hotpotqa,5ae048a255429924de1b708e,50%,562,1124,8,140.5,53.747092944642134,0.3825415867946059,55.0,197.0,3.581818181818182,0.20618327402135228,budget-top-k,knapsack-redundancy,0.9545454545454546,0.6296296296296297,-0.32491582491582494,0.0,0.0,0.0,0.0,0.0,0.0,1.0,1.0,0.0,528.0,558.0,0.9395017793594306,0.9928825622775801,high,low,high_hetero/low_length
hotpotqa,5a9068a95542990a98493621,30%,350,1167,9,129.66666666666666,46.113386824700314,0.3556302325812364,34.0,189.0,5.5588235294117645,0.1970865467009426,budget-top-k,knapsack-redundancy,1.0,1.0,0.0,1.0,1.0,0.0,0.5,0.5,0.0,1.0,1.0,0.0,345.0,345.0,0.9857142857142858,0.9857142857142858,high,medium,high_hetero/medium_length
hotpotqa,5a9068a95542990a98493621,40%,466,1167,9,129.66666666666666,46.113386824700314,0.3556302325812364,34.0,189.0,5.5588235294117645,0.1970865467009426,budget-top-k,knapsack-redundancy,1.0,1.0,0.0,1.0,1.0,0.0,0.5,0.5,0.0,1.0,1.0,0.0,445.0,465.0,0.9549356223175965,0.9978540772532188,high,medium,high_hetero/medium_length
hotpotqa,5a9068a95542990a98493621,50%,583,1167,9,129.66666666666666,46.113386824700314,0.3556302325812364,34.0,189.0,5.5588235294117645,0.1970865467009426,budget-top-k,knapsack-redundancy,1.0,1.0,0.0,1.0,1.0,0.0,0.5,0.5,0.0,1.0,1.0,0.0,534.0,534.0,0.9159519725557461,0.9159519725557461,high,medium,high_hetero/medium_length
hotpotqa,5adf9dc3554299025d62a2e6,30%,458,1528,9,169.77777777777777,42.7441426208909,0.2517652379502736,86.0,220.0,2.558139534883721,0.13583478766724832,budget-top-k,knapsack-redundancy,0.5952380952380952,1.0,0.40476190476190477,0.0,1.0,1.0,0.0,0.5,0.5,0.6666666666666666,1.0,0.33333333333333337,403.0,416.0,0.8799126637554585,0.9082969432314411,medium,high,medium_hetero/high_length
hotpotqa,5adf9dc3554299025d62a2e6,40%,611,1528,9,169.77777777777777,42.7441426208909,0.2517652379502736,86.0,220.0,2.558139534883721,0.13583478766724832,budget-top-k,knapsack-redundancy,0.5952380952380952,1.0,0.40476190476190477,0.0,1.0,1.0,0.0,0.5,0.5,0.6666666666666666,1.0,0.33333333333333337,582.0,595.0,0.9525368248772504,0.9738134206219312,medium,high,medium_hetero/high_length
hotpotqa,5adf9dc3554299025d62a2e6,50%,764,1528,9,169.77777777777777,42.7441426208909,0.2517652379502736,86.0,220.0,2.558139534883721,0.13583478766724832,budget-top-k,knapsack-redundancy,0.6190476190476191,0.6190476190476191,0.0,0.0,0.0,0.0,0.0,0.0,0.0,0.6666666666666666,0.6666666666666666,0.0,668.0,668.0,0.8743455497382199,0.8743455497382199,medium,high,medium_hetero/high_length
hotpotqa,5ae406245542995dadf242e2,30%,419,1397,8,174.75,38.31367249429373,0.21924848351527174,94.0,218.0,2.3191489361702127,0.11838340486409149,budget-top-k,knapsack-redundancy,1.0,1.0,0.0,1.0,1.0,0.0,0.0,0.0,0.0,0.0,0.0,0.0,372.0,372.0,0.8878281622911695,0.8878281622911695,low,medium,low_hetero/medium_length
hotpotqa,5ae406245542995dadf242e2,40%,558,1397,8,174.75,38.31367249429373,0.21924848351527174,94.0,218.0,2.3191489361702127,0.11838340486409149,budget-top-k,knapsack-redundancy,1.0,1.0,0.0,1.0,1.0,0.0,0.0,0.0,0.0,0.0,0.0,0.0,466.0,466.0,0.8351254480286738,0.8351254480286738,low,medium,low_hetero/medium_length
hotpotqa,5ae406245542995dadf242e2,50%,698,1397,8,174.75,38.31367249429373,0.21924848351527174,94.0,218.0,2.3191489361702127,0.11838340486409149,budget-top-k,knapsack-redundancy,1.0,1.0,0.0,1.0,1.0,0.0,0.0,0.0,0.0,0.0,0.0,0.0,684.0,684.0,0.9799426934097422,0.9799426934097422,low,medium,low_hetero/medium_length
hotpotqa,5ae628f55542995703ce8b32,30%,278,929,6,154.83333333333334,16.62745387069897,0.10738936837911069,122.0,176.0,1.4426229508196722,0.05615357014711142,budget-top-k,knapsack-redundancy,0.5833333333333334,0.5833333333333334,0.0,0.0,0.0,0.0,0.0,0.0,0.0,0.0,0.0,0.0,157.0,157.0,0.564748201438849,0.564748201438849,low,low,low_hetero/low_length
hotpotqa,5ae628f55542995703ce8b32,40%,371,929,6,154.83333333333334,16.62745387069897,0.10738936837911069,122.0,176.0,1.4426229508196722,0.05615357014711142,budget-top-k,knapsack-redundancy,0.6527777777777778,0.6527777777777778,0.0,0.0,0.0,0.0,0.0,0.0,0.0,0.0,0.0,0.0,333.0,333.0,0.8975741239892183,0.8975741239892183,low,low,low_hetero/low_length
hotpotqa,5ae628f55542995703ce8b32,50%,464,929,6,154.83333333333334,16.62745387069897,0.10738936837911069,122.0,176.0,1.4426229508196722,0.05615357014711142,budget-top-k,knapsack-redundancy,1.0,1.0,0.0,1.0,1.0,0.0,0.5,0.5,0.0,1.0,1.0,0.0,455.0,455.0,0.9806034482758621,0.9806034482758621,low,low,low_hetero/low_length
hotpotqa,5adccdd55542992c1e3a2408,30%,358,1194,9,132.66666666666666,36.55437350334734,0.2755354786684473,40.0,177.0,4.425,0.13344500279173643,budget-top-k,knapsack-redundancy,0.7142857142857143,1.0,0.2857142857142857,0.0,1.0,1.0,0.5,0.5,0.0,1.0,1.0,0.0,322.0,320.0,0.8994413407821229,0.8938547486033519,medium,medium,medium_hetero/medium_length
hotpotqa,5adccdd55542992c1e3a2408,40%,477,1194,9,132.66666666666666,36.55437350334734,0.2755354786684473,40.0,177.0,4.425,0.13344500279173643,budget-top-k,knapsack-redundancy,1.0,1.0,0.0,1.0,1.0,0.0,0.5,0.5,0.0,1.0,1.0,0.0,457.0,457.0,0.9580712788259959,0.9580712788259959,medium,medium,medium_hetero/medium_length
hotpotqa,5adccdd55542992c1e3a2408,50%,597,1194,9,132.66666666666666,36.55437350334734,0.2755354786684473,40.0,177.0,4.425,0.13344500279173643,budget-top-k,knapsack-redundancy,1.0,1.0,0.0,1.0,1.0,0.0,0.5,0.5,0.0,1.0,1.0,0.0,587.0,587.0,0.983249581239531,0.983249581239531,medium,medium,medium_hetero/medium_length
hotpotqa,5abd1529554299114383a1e3,30%,459,1533,11,139.36363636363637,42.06331316063425,0.30182416488387265,79.0,218.0,2.759493670886076,0.16983929312696433,budget-top-k,knapsack-redundancy,0.6666666666666666,0.6666666666666666,0.0,0.0,0.0,0.0,0.5,0.5,0.0,0.0,0.0,0.0,398.0,398.0,0.8671023965141612,0.8671023965141612,high,high,high_hetero/high_length
hotpotqa,5abd1529554299114383a1e3,40%,613,1533,11,139.36363636363637,42.06331316063425,0.30182416488387265,79.0,218.0,2.759493670886076,0.16983929312696433,budget-top-k,knapsack-redundancy,0.6666666666666666,0.6666666666666666,0.0,0.0,0.0,0.0,0.5,0.5,0.0,0.0,0.0,0.0,555.0,555.0,0.9053833605220228,0.9053833605220228,high,high,high_hetero/high_length
hotpotqa,5abd1529554299114383a1e3,50%,766,1533,11,139.36363636363637,42.06331316063425,0.30182416488387265,79.0,218.0,2.759493670886076,0.16983929312696433,budget-top-k,knapsack-redundancy,0.6666666666666666,0.6666666666666666,0.0,0.0,0.0,0.0,0.5,0.5,0.0,0.0,0.0,0.0,702.0,733.0,0.9164490861618799,0.9569190600522193,high,high,high_hetero/high_length
hotpotqa,5a78db8055429970f5fffdb2,30%,463,1544,10,154.4,37.32880924969346,0.24176689928557937,96.0,215.0,2.2395833333333335,0.13406735751295318,budget-top-k,knapsack-redundancy,0.5625,0.5833333333333334,0.02083333333333337,0.0,0.0,0.0,0.5,0.5,0.0,1.0,1.0,0.0,463.0,463.0,1.0,1.0,medium,high,medium_hetero/high_length
hotpotqa,5a78db8055429970f5fffdb2,40%,617,1544,10,154.4,37.32880924969346,0.24176689928557937,96.0,215.0,2.2395833333333335,0.13406735751295318,budget-top-k,knapsack-redundancy,0.5833333333333334,0.6041666666666666,0.02083333333333326,0.0,0.0,0.0,0.5,0.5,0.0,1.0,1.0,0.0,579.0,567.0,0.9384116693679092,0.9189627228525121,medium,high,medium_hetero/high_length
hotpotqa,5a78db8055429970f5fffdb2,50%,772,1544,10,154.4,37.32880924969346,0.24176689928557937,96.0,215.0,2.2395833333333335,0.13406735751295318,budget-top-k,knapsack-redundancy,0.5833333333333334,0.6041666666666666,0.02083333333333326,0.0,0.0,0.0,0.5,0.5,0.0,1.0,1.0,0.0,748.0,736.0,0.9689119170984456,0.9533678756476683,medium,high,medium_hetero/high_length
hotpotqa,5ab9debb55429955dce3ed97,30%,366,1222,8,152.75,51.87665660005471,0.33961804648153654,29.0,192.0,6.620689655172414,0.16141571194762694,budget-top-k,knapsack-redundancy,0.7,0.7,0.0,0.0,0.0,0.0,0.0,0.0,0.0,1.0,1.0,0.0,331.0,331.0,0.9043715846994536,0.9043715846994536,high,medium,high_hetero/medium_length
hotpotqa,5ab9debb55429955dce3ed97,40%,488,1222,8,152.75,51.87665660005471,0.33961804648153654,29.0,192.0,6.620689655172414,0.16141571194762694,budget-top-k,knapsack-redundancy,1.0,1.0,0.0,1.0,1.0,0.0,0.5,0.5,0.0,1.0,1.0,0.0,377.0,377.0,0.7725409836065574,0.7725409836065574,high,medium,high_hetero/medium_length
hotpotqa,5ab9debb55429955dce3ed97,50%,611,1222,8,152.75,51.87665660005471,0.33961804648153654,29.0,192.0,6.620689655172414,0.16141571194762694,budget-top-k,knapsack-redundancy,1.0,1.0,0.0,1.0,1.0,0.0,0.5,0.5,0.0,1.0,1.0,0.0,495.0,495.0,0.8101472995090017,0.8101472995090017,high,medium,high_hetero/medium_length
hotpotqa,5ae791ef55429952e35ea979,30%,460,1535,10,153.5,47.14498912928075,0.30713347966958143,51.0,214.0,4.196078431372549,0.1687947882736156,budget-top-k,knapsack-redundancy,0.65,0.65,0.0,0.0,0.0,0.0,0.0,0.0,0.0,0.0,0.0,0.0,441.0,441.0,0.9586956521739131,0.9586956521739131,high,high,high_hetero/high_length
hotpotqa,5ae791ef55429952e35ea979,40%,614,1535,10,153.5,47.14498912928075,0.30713347966958143,51.0,214.0,4.196078431372549,0.1687947882736156,budget-top-k,knapsack-redundancy,0.65,0.65,0.0,0.0,0.0,0.0,0.0,0.0,0.0,0.0,0.0,0.0,612.0,612.0,0.996742671009772,0.996742671009772,high,high,high_hetero/high_length
hotpotqa,5ae791ef55429952e35ea979,50%,767,1535,10,153.5,47.14498912928075,0.30713347966958143,51.0,214.0,4.196078431372549,0.1687947882736156,budget-top-k,knapsack-redundancy,0.65,0.65,0.0,0.0,0.0,0.0,0.0,0.0,0.0,0.0,0.0,0.0,741.0,741.0,0.9661016949152542,0.9661016949152542,high,high,high_hetero/high_length
hotpotqa,5ab8f7535542991b5579f0a7,30%,486,1620,11,147.27272727272728,47.722856938579916,0.32404409032369075,61.0,212.0,3.4754098360655736,0.18237934904601572,budget-top-k,knapsack-redundancy,1.0,1.0,0.0,1.0,1.0,0.0,1.0,1.0,0.0,1.0,1.0,0.0,452.0,471.0,0.9300411522633745,0.9691358024691358,high,high,high_hetero/high_length
hotpotqa,5ab8f7535542991b5579f0a7,40%,648,1620,11,147.27272727272728,47.722856938579916,0.32404409032369075,61.0,212.0,3.4754098360655736,0.18237934904601572,budget-top-k,knapsack-redundancy,1.0,1.0,0.0,1.0,1.0,0.0,1.0,1.0,0.0,1.0,1.0,0.0,630.0,628.0,0.9722222222222222,0.9691358024691358,high,high,high_hetero/high_length
hotpotqa,5ab8f7535542991b5579f0a7,50%,810,1620,11,147.27272727272728,47.722856938579916,0.32404409032369075,61.0,212.0,3.4754098360655736,0.18237934904601572,budget-top-k,knapsack-redundancy,1.0,1.0,0.0,1.0,1.0,0.0,1.0,1.0,0.0,1.0,1.0,0.0,806.0,806.0,0.9950617283950617,0.9950617283950617,high,high,high_hetero/high_length
hotpotqa,5ac119335542992a796dede4,30%,284,948,7,135.42857142857142,52.947027821229405,0.3909590661905125,35.0,217.0,6.2,0.21368294153104284,budget-top-k,knapsack-redundancy,0.9375,0.9375,0.0,0.0,0.0,0.0,0.0,0.0,0.0,0.0,0.0,0.0,252.0,252.0,0.8873239436619719,0.8873239436619719,high,low,high_hetero/low_length
hotpotqa,5ac119335542992a796dede4,40%,379,948,7,135.42857142857142,52.947027821229405,0.3909590661905125,35.0,217.0,6.2,0.21368294153104284,budget-top-k,knapsack-redundancy,1.0,0.9375,-0.0625,1.0,0.0,-1.0,0.0,0.0,0.0,1.0,0.0,-1.0,367.0,367.0,0.9683377308707124,0.9683377308707124,high,low,high_hetero/low_length
hotpotqa,5ac119335542992a796dede4,50%,474,948,7,135.42857142857142,52.947027821229405,0.3909590661905125,35.0,217.0,6.2,0.21368294153104284,budget-top-k,knapsack-redundancy,1.0,1.0,0.0,1.0,1.0,0.0,0.0,0.0,0.0,1.0,1.0,0.0,402.0,402.0,0.8481012658227848,0.8481012658227848,high,low,high_hetero/low_length
hotpotqa,5a7d2afd5542995f4f402221,30%,174,583,4,145.75,33.1841453106751,0.22767852700291663,95.0,184.0,1.936842105263158,0.12478559176672377,budget-top-k,knapsack-redundancy,0.2,0.2,0.0,0.0,0.0,0.0,0.0,0.0,0.0,1.0,1.0,0.0,140.0,140.0,0.8045977011494253,0.8045977011494253,low,low,low_hetero/low_length
hotpotqa,5a7d2afd5542995f4f402221,40%,233,583,4,145.75,33.1841453106751,0.22767852700291663,95.0,184.0,1.936842105263158,0.12478559176672377,budget-top-k,knapsack-redundancy,0.8,0.8,0.0,0.0,0.0,0.0,0.0,0.0,0.0,0.0,0.0,0.0,184.0,184.0,0.7896995708154506,0.7896995708154506,low,low,low_hetero/low_length
hotpotqa,5a7d2afd5542995f4f402221,50%,291,583,4,145.75,33.1841453106751,0.22767852700291663,95.0,184.0,1.936842105263158,0.12478559176672377,budget-top-k,knapsack-redundancy,0.9,0.9,0.0,0.0,0.0,0.0,0.0,0.0,0.0,1.0,1.0,0.0,279.0,279.0,0.9587628865979382,0.9587628865979382,low,low,low_hetero/low_length
hotpotqa,5a8dd5f955429917b4a5bcc7,30%,328,1094,8,136.75,29.316164483097033,0.21437780243581012,91.0,182.0,2.0,0.11791590493601456,budget-top-k,knapsack-redundancy,0.6,0.6,0.0,0.0,0.0,0.0,0.0,0.0,0.0,0.0,0.0,0.0,305.0,305.0,0.9298780487804879,0.9298780487804879,low,low,low_hetero/low_length
hotpotqa,5a8dd5f955429917b4a5bcc7,40%,437,1094,8,136.75,29.316164483097033,0.21437780243581012,91.0,182.0,2.0,0.11791590493601456,budget-top-k,knapsack-redundancy,0.6,0.6,0.0,0.0,0.0,0.0,0.0,0.0,0.0,0.0,0.0,0.0,399.0,399.0,0.9130434782608695,0.9130434782608695,low,low,low_hetero/low_length
hotpotqa,5a8dd5f955429917b4a5bcc7,50%,547,1094,8,136.75,29.316164483097033,0.21437780243581012,91.0,182.0,2.0,0.11791590493601456,budget-top-k,knapsack-redundancy,0.65,0.65,0.0,0.0,0.0,0.0,0.0,0.0,0.0,0.0,0.0,0.0,534.0,534.0,0.9762340036563071,0.9762340036563071,low,low,low_hetero/low_length
hotpotqa,5a83a532554299334474606f,30%,531,1772,12,147.66666666666666,40.4811341518765,0.274138605994649,74.0,200.0,2.7027027027027026,0.15302859292701276,budget-top-k,knapsack-redundancy,1.0,1.0,0.0,1.0,1.0,0.0,0.0,0.0,0.0,1.0,1.0,0.0,521.0,521.0,0.9811676082862524,0.9811676082862524,medium,high,medium_hetero/high_length
hotpotqa,5a83a532554299334474606f,40%,708,1772,12,147.66666666666666,40.4811341518765,0.274138605994649,74.0,200.0,2.7027027027027026,0.15302859292701276,budget-top-k,knapsack-redundancy,1.0,1.0,0.0,1.0,1.0,0.0,0.0,0.0,0.0,1.0,1.0,0.0,660.0,660.0,0.9322033898305084,0.9322033898305084,medium,high,medium_hetero/high_length
hotpotqa,5a83a532554299334474606f,50%,886,1772,12,147.66666666666666,40.4811341518765,0.274138605994649,74.0,200.0,2.7027027027027026,0.15302859292701276,budget-top-k,knapsack-redundancy,1.0,1.0,0.0,1.0,1.0,0.0,0.0,0.0,0.0,1.0,1.0,0.0,860.0,860.0,0.9706546275395034,0.9706546275395034,medium,high,medium_hetero/high_length
hotpotqa,5a90692f5542990a98493625,30%,330,1103,7,157.57142857142858,31.047692082882254,0.1970388436810297,107.0,210.0,1.9626168224299065,0.11060743427017239,budget-top-k,knapsack-redundancy,1.0,1.0,0.0,1.0,1.0,0.0,1.0,1.0,0.0,1.0,1.0,0.0,242.0,242.0,0.7333333333333333,0.7333333333333333,low,low,low_hetero/low_length
hotpotqa,5a90692f5542990a98493625,40%,441,1103,7,157.57142857142858,31.047692082882254,0.1970388436810297,107.0,210.0,1.9626168224299065,0.11060743427017239,budget-top-k,knapsack-redundancy,1.0,1.0,0.0,1.0,1.0,0.0,1.0,1.0,0.0,1.0,1.0,0.0,409.0,409.0,0.927437641723356,0.927437641723356,low,low,low_hetero/low_length
hotpotqa,5a90692f5542990a98493625,50%,551,1103,7,157.57142857142858,31.047692082882254,0.1970388436810297,107.0,210.0,1.9626168224299065,0.11060743427017239,budget-top-k,knapsack-redundancy,1.0,1.0,0.0,1.0,1.0,0.0,1.0,1.0,0.0,1.0,1.0,0.0,550.0,550.0,0.9981851179673321,0.9981851179673321,low,low,low_hetero/low_length
hotpotqa,5a7555215542996c70cfaee1,30%,442,1476,11,134.1818181818182,49.05806982419949,0.36560892145406126,36.0,211.0,5.861111111111111,0.20485341217048547,budget-top-k,knapsack-redundancy,1.0,0.7,-0.30000000000000004,1.0,0.0,-1.0,1.0,0.5,-0.5,1.0,1.0,0.0,435.0,426.0,0.9841628959276018,0.9638009049773756,high,high,high_hetero/high_length
hotpotqa,5a7555215542996c70cfaee1,40%,590,1476,11,134.1818181818182,49.05806982419949,0.36560892145406126,36.0,211.0,5.861111111111111,0.20485341217048547,budget-top-k,knapsack-redundancy,1.0,0.7,-0.30000000000000004,1.0,0.0,-1.0,1.0,0.5,-0.5,1.0,1.0,0.0,566.0,568.0,0.9593220338983051,0.9627118644067797,high,high,high_hetero/high_length
hotpotqa,5a7555215542996c70cfaee1,50%,738,1476,11,134.1818181818182,49.05806982419949,0.36560892145406126,36.0,211.0,5.861111111111111,0.20485341217048547,budget-top-k,knapsack-redundancy,1.0,0.7,-0.30000000000000004,1.0,0.0,-1.0,1.0,0.5,-0.5,1.0,1.0,0.0,710.0,715.0,0.962059620596206,0.9688346883468835,high,high,high_hetero/high_length
hotpotqa,5a90580655429933b8a204ef,30%,433,1446,10,144.6,34.64448007980492,0.23958838229463986,83.0,198.0,2.3855421686746987,0.12904564315352696,budget-top-k,knapsack-redundancy,1.0,1.0,0.0,1.0,1.0,0.0,0.0,0.0,0.0,1.0,1.0,0.0,422.0,422.0,0.9745958429561201,0.9745958429561201,medium,high,medium_hetero/high_length
hotpotqa,5a90580655429933b8a204ef,40%,578,1446,10,144.6,34.64448007980492,0.23958838229463986,83.0,198.0,2.3855421686746987,0.12904564315352696,budget-top-k,knapsack-redundancy,1.0,1.0,0.0,1.0,1.0,0.0,0.0,0.0,0.0,1.0,1.0,0.0,537.0,569.0,0.9290657439446367,0.9844290657439446,medium,high,medium_hetero/high_length
hotpotqa,5a90580655429933b8a204ef,50%,723,1446,10,144.6,34.64448007980492,0.23958838229463986,83.0,198.0,2.3855421686746987,0.12904564315352696,budget-top-k,knapsack-redundancy,1.0,1.0,0.0,1.0,1.0,0.0,0.0,0.0,0.0,1.0,1.0,0.0,696.0,720.0,0.9626556016597511,0.995850622406639,medium,high,medium_hetero/high_length
hotpotqa,5a88e605554299206df2b39c,30%,516,1721,12,143.41666666666666,31.844566081026898,0.22204229690431307,78.0,182.0,2.3333333333333335,0.11906837110207258,budget-top-k,knapsack-redundancy,1.0,1.0,0.0,1.0,1.0,0.0,0.5,0.5,0.0,1.0,1.0,0.0,507.0,507.0,0.9825581395348837,0.9825581395348837,low,high,low_hetero/high_length
hotpotqa,5a88e605554299206df2b39c,40%,688,1721,12,143.41666666666666,31.844566081026898,0.22204229690431307,78.0,182.0,2.3333333333333335,0.11906837110207258,budget-top-k,knapsack-redundancy,1.0,1.0,0.0,1.0,1.0,0.0,0.5,0.5,0.0,1.0,1.0,0.0,621.0,678.0,0.9026162790697675,0.9854651162790697,low,high,low_hetero/high_length
hotpotqa,5a88e605554299206df2b39c,50%,860,1721,12,143.41666666666666,31.844566081026898,0.22204229690431307,78.0,182.0,2.3333333333333335,0.11906837110207258,budget-top-k,knapsack-redundancy,1.0,1.0,0.0,1.0,1.0,0.0,0.5,0.5,0.0,1.0,1.0,0.0,859.0,859.0,0.9988372093023256,0.9988372093023256,low,high,low_hetero/high_length
hotpotqa,5add67915542992200553af8,30%,360,1200,8,150.0,27.685736399814257,0.1845715759987617,95.0,182.0,1.9157894736842105,0.10083333333333333,budget-top-k,knapsack-redundancy,0.3014354066985646,0.763157894736842,0.4617224880382774,0.0,0.0,0.0,0.0,0.5,0.5,0.0,1.0,1.0,289.0,358.0,0.8027777777777778,0.9944444444444445,low,medium,low_hetero/medium_length
hotpotqa,5add67915542992200553af8,40%,480,1200,8,150.0,27.685736399814257,0.1845715759987617,95.0,182.0,1.9157894736842105,0.10083333333333333,budget-top-k,knapsack-redundancy,0.3732057416267942,0.3732057416267942,0.0,0.0,0.0,0.0,0.0,0.0,0.0,0.0,0.0,0.0,412.0,412.0,0.8583333333333333,0.8583333333333333,low,medium,low_hetero/medium_length
hotpotqa,5add67915542992200553af8,50%,600,1200,8,150.0,27.685736399814257,0.1845715759987617,95.0,182.0,1.9157894736842105,0.10083333333333333,budget-top-k,knapsack-redundancy,0.39952153110047844,0.39952153110047844,0.0,0.0,0.0,0.0,0.0,0.0,0.0,0.0,0.0,0.0,585.0,585.0,0.975,0.975,low,medium,low_hetero/medium_length
hotpotqa,5a8463545542990548d0b2a3,30%,323,1079,6,179.83333333333334,20.18594120228785,0.11224805117120212,153.0,214.0,1.3986928104575163,0.06070435588507861,budget-top-k,knapsack-redundancy,0.75,0.75,0.0,0.0,0.0,0.0,0.0,0.0,0.0,0.0,0.0,0.0,198.0,198.0,0.6130030959752322,0.6130030959752322,low,low,low_hetero/low_length
hotpotqa,5a8463545542990548d0b2a3,40%,431,1079,6,179.83333333333334,20.18594120228785,0.11224805117120212,153.0,214.0,1.3986928104575163,0.06070435588507861,budget-top-k,knapsack-redundancy,1.0,1.0,0.0,1.0,1.0,0.0,0.0,0.0,0.0,1.0,1.0,0.0,412.0,412.0,0.9559164733178654,0.9559164733178654,low,low,low_hetero/low_length
hotpotqa,5a8463545542990548d0b2a3,50%,539,1079,6,179.83333333333334,20.18594120228785,0.11224805117120212,153.0,214.0,1.3986928104575163,0.06070435588507861,budget-top-k,knapsack-redundancy,1.0,0.75,-0.25,1.0,0.0,-1.0,0.0,0.0,0.0,1.0,0.0,-1.0,412.0,538.0,0.764378478664193,0.9981447124304267,low,low,low_hetero/low_length
hotpotqa,5a74684655429929fddd8410,30%,439,1466,9,162.88888888888889,30.838087721533377,0.18931977455238772,101.0,219.0,2.1683168316831685,0.10247082006972863,budget-top-k,knapsack-redundancy,1.0,1.0,0.0,1.0,1.0,0.0,0.5,0.5,0.0,1.0,1.0,0.0,432.0,432.0,0.9840546697038725,0.9840546697038725,low,high,low_hetero/high_length
hotpotqa,5a74684655429929fddd8410,40%,586,1466,9,162.88888888888889,30.838087721533377,0.18931977455238772,101.0,219.0,2.1683168316831685,0.10247082006972863,budget-top-k,knapsack-redundancy,1.0,1.0,0.0,1.0,1.0,0.0,0.5,0.5,0.0,1.0,1.0,0.0,581.0,581.0,0.9914675767918089,0.9914675767918089,low,high,low_hetero/high_length
hotpotqa,5a74684655429929fddd8410,50%,733,1466,9,162.88888888888889,30.838087721533377,0.18931977455238772,101.0,219.0,2.1683168316831685,0.10247082006972863,budget-top-k,knapsack-redundancy,1.0,1.0,0.0,1.0,1.0,0.0,0.5,0.5,0.0,1.0,1.0,0.0,624.0,727.0,0.8512960436562074,0.9918144611186903,low,high,low_hetero/high_length
hotpotqa,5a835c9f5542992ef85e228a,30%,422,1408,9,156.44444444444446,50.739226795473236,0.3243274440051556,84.0,220.0,2.619047619047619,0.18229166666666652,budget-top-k,knapsack-redundancy,0.8055555555555556,0.8571428571428572,0.051587301587301626,0.0,0.0,0.0,0.5,0.5,0.0,1.0,1.0,0.0,385.0,391.0,0.9123222748815166,0.9265402843601895,high,medium,high_hetero/medium_length
hotpotqa,5a835c9f5542992ef85e228a,40%,563,1408,9,156.44444444444446,50.739226795473236,0.3243274440051556,84.0,220.0,2.619047619047619,0.18229166666666652,budget-top-k,knapsack-redundancy,0.4444444444444444,0.8571428571428572,0.4126984126984128,0.0,0.0,0.0,0.0,0.5,0.5,1.0,1.0,0.0,556.0,561.0,0.9875666074600356,0.9964476021314387,high,medium,high_hetero/medium_length
hotpotqa,5a835c9f5542992ef85e228a,50%,704,1408,9,156.44444444444446,50.739226795473236,0.3243274440051556,84.0,220.0,2.619047619047619,0.18229166666666652,budget-top-k,knapsack-redundancy,1.0,1.0,0.0,1.0,1.0,0.0,1.0,1.0,0.0,1.0,1.0,0.0,686.0,675.0,0.9744318181818182,0.9588068181818182,high,medium,high_hetero/medium_length
hotpotqa,5ae7edee554299540e5a56ad,30%,342,1141,7,163.0,37.932270467995224,0.23271331575457194,94.0,212.0,2.25531914893617,0.13046200075122072,budget-top-k,knapsack-redundancy,0.75,0.75,0.0,0.0,0.0,0.0,0.0,0.0,0.0,0.0,0.0,0.0,306.0,306.0,0.8947368421052632,0.8947368421052632,medium,low,medium_hetero/low_length
hotpotqa,5ae7edee554299540e5a56ad,40%,456,1141,7,163.0,37.932270467995224,0.23271331575457194,94.0,212.0,2.25531914893617,0.13046200075122072,budget-top-k,knapsack-redundancy,1.0,1.0,0.0,1.0,1.0,0.0,0.0,0.0,0.0,1.0,1.0,0.0,411.0,411.0,0.9013157894736842,0.9013157894736842,medium,low,medium_hetero/low_length
hotpotqa,5ae7edee554299540e5a56ad,50%,570,1141,7,163.0,37.932270467995224,0.23271331575457194,94.0,212.0,2.25531914893617,0.13046200075122072,budget-top-k,knapsack-redundancy,1.0,1.0,0.0,1.0,1.0,0.0,0.0,0.0,0.0,1.0,1.0,0.0,505.0,505.0,0.8859649122807017,0.8859649122807017,medium,low,medium_hetero/low_length
hotpotqa,5a8ee4315542990e94052ba7,30%,519,1733,12,144.41666666666666,49.61091669739187,0.3435262552618018,62.0,208.0,3.3548387096774195,0.19373918061165618,budget-top-k,knapsack-redundancy,1.0,1.0,0.0,1.0,1.0,0.0,0.5,0.5,0.0,1.0,1.0,0.0,505.0,505.0,0.9730250481695568,0.9730250481695568,high,high,high_hetero/high_length
hotpotqa,5a8ee4315542990e94052ba7,40%,693,1733,12,144.41666666666666,49.61091669739187,0.3435262552618018,62.0,208.0,3.3548387096774195,0.19373918061165618,budget-top-k,knapsack-redundancy,1.0,1.0,0.0,1.0,1.0,0.0,0.5,0.5,0.0,1.0,1.0,0.0,684.0,671.0,0.987012987012987,0.9682539682539683,high,high,high_hetero/high_length
hotpotqa,5a8ee4315542990e94052ba7,50%,866,1733,12,144.41666666666666,49.61091669739187,0.3435262552618018,62.0,208.0,3.3548387096774195,0.19373918061165618,budget-top-k,knapsack-redundancy,1.0,1.0,0.0,1.0,1.0,0.0,0.5,0.5,0.0,1.0,1.0,0.0,834.0,850.0,0.9630484988452656,0.9815242494226328,high,high,high_hetero/high_length
hotpotqa,5a8cb288554299585d9e3726,30%,600,2003,14,143.07142857142858,41.42715514820526,0.28955575240882353,32.0,216.0,6.75,0.14995364096712072,budget-top-k,knapsack-redundancy,0.13221153846153846,0.13221153846153846,0.0,0.0,0.0,0.0,0.0,0.0,0.0,0.0,0.0,0.0,580.0,580.0,0.9666666666666667,0.9666666666666667,medium,high,medium_hetero/high_length
hotpotqa,5a8cb288554299585d9e3726,40%,801,2003,14,143.07142857142858,41.42715514820526,0.28955575240882353,32.0,216.0,6.75,0.14995364096712072,budget-top-k,knapsack-redundancy,0.7824519230769231,0.7395833333333333,-0.04286858974358987,0.0,0.0,0.0,0.5,0.5,0.0,0.0,1.0,1.0,744.0,799.0,0.9288389513108615,0.9975031210986267,medium,high,medium_hetero/high_length
hotpotqa,5a8cb288554299585d9e3726,50%,1001,2003,14,143.07142857142858,41.42715514820526,0.28955575240882353,32.0,216.0,6.75,0.14995364096712072,budget-top-k,knapsack-redundancy,1.0,0.7824519230769231,-0.21754807692307687,1.0,0.0,-1.0,1.0,0.5,-0.5,1.0,0.0,-1.0,971.0,988.0,0.97002997002997,0.987012987012987,medium,high,medium_hetero/high_length
hotpotqa,5adfbca255429942ec259b2c,30%,511,1706,14,121.78571428571429,45.08116263462818,0.37016790433125774,17.0,184.0,10.823529411764707,0.20046082949308763,budget-top-k,knapsack-redundancy,1.0,0.6071428571428571,-0.3928571428571429,1.0,0.0,-1.0,1.0,0.5,-0.5,1.0,0.0,-1.0,506.0,488.0,0.9902152641878669,0.9549902152641878,high,high,high_hetero/high_length
hotpotqa,5adfbca255429942ec259b2c,40%,682,1706,14,121.78571428571429,45.08116263462818,0.37016790433125774,17.0,184.0,10.823529411764707,0.20046082949308763,budget-top-k,knapsack-redundancy,1.0,1.0,0.0,1.0,1.0,0.0,1.0,1.0,0.0,1.0,1.0,0.0,664.0,638.0,0.9736070381231672,0.9354838709677419,high,high,high_hetero/high_length
hotpotqa,5adfbca255429942ec259b2c,50%,853,1706,14,121.78571428571429,45.08116263462818,0.37016790433125774,17.0,184.0,10.823529411764707,0.20046082949308763,budget-top-k,knapsack-redundancy,1.0,1.0,0.0,1.0,1.0,0.0,1.0,1.0,0.0,1.0,1.0,0.0,851.0,851.0,0.9976553341148886,0.9976553341148886,high,high,high_hetero/high_length
hotpotqa,5ae24abc5542994d89d5b3c3,30%,252,843,5,168.6,33.39820354450221,0.19809136147391584,129.0,216.0,1.6744186046511629,0.1077105575326216,budget-top-k,knapsack-redundancy,0.16233766233766234,0.16233766233766234,0.0,0.0,0.0,0.0,0.0,0.0,0.0,0.0,0.0,0.0,200.0,200.0,0.7936507936507936,0.7936507936507936,low,low,low_hetero/low_length
hotpotqa,5ae24abc5542994d89d5b3c3,40%,337,843,5,168.6,33.39820354450221,0.19809136147391584,129.0,216.0,1.6744186046511629,0.1077105575326216,budget-top-k,knapsack-redundancy,0.7272727272727273,0.7272727272727273,0.0,0.0,0.0,0.0,0.0,0.0,0.0,1.0,1.0,0.0,329.0,329.0,0.9762611275964391,0.9762611275964391,low,low,low_hetero/low_length
hotpotqa,5ae24abc5542994d89d5b3c3,50%,421,843,5,168.6,33.39820354450221,0.19809136147391584,129.0,216.0,1.6744186046511629,0.1077105575326216,budget-top-k,knapsack-redundancy,0.7272727272727273,0.7272727272727273,0.0,0.0,0.0,0.0,0.0,0.0,0.0,1.0,1.0,0.0,329.0,329.0,0.7814726840855107,0.7814726840855107,low,low,low_hetero/low_length
hotpotqa,5ab802085542990e739ec7ca,30%,292,976,6,162.66666666666666,31.52600337640166,0.19380739780574793,122.0,217.0,1.778688524590164,0.1079234972677594,budget-top-k,knapsack-redundancy,0.23679653679653678,0.5904761904761905,0.3536796536796537,0.0,0.0,0.0,0.0,0.0,0.0,0.0,0.0,0.0,217.0,285.0,0.7431506849315068,0.976027397260274,low,low,low_hetero/low_length
hotpotqa,5ab802085542990e739ec7ca,40%,390,976,6,162.66666666666666,31.52600337640166,0.19380739780574793,122.0,217.0,1.778688524590164,0.1079234972677594,budget-top-k,knapsack-redundancy,0.7023809523809524,0.7023809523809524,0.0,0.0,0.0,0.0,0.0,0.0,0.0,0.0,0.0,0.0,369.0,369.0,0.9461538461538461,0.9461538461538461,low,low,low_hetero/low_length
hotpotqa,5ab802085542990e739ec7ca,50%,488,976,6,162.66666666666666,31.52600337640166,0.19380739780574793,122.0,217.0,1.778688524590164,0.1079234972677594,budget-top-k,knapsack-redundancy,0.7023809523809524,1.0,0.29761904761904756,0.0,1.0,1.0,0.0,0.0,0.0,0.0,1.0,1.0,369.0,463.0,0.7561475409836066,0.9487704918032787,low,low,low_hetero/low_length
hotpotqa,5adfa3da554299025d62a317,30%,294,980,6,163.33333333333334,35.705586242055865,0.21860563005340325,123.0,220.0,1.7886178861788617,0.12210884353741491,budget-top-k,knapsack-redundancy,0.17619047619047615,0.3119047619047619,0.13571428571428576,0.0,0.0,0.0,0.0,0.0,0.0,0.0,0.0,0.0,197.0,250.0,0.6700680272108843,0.8503401360544217,low,low,low_hetero/low_length
hotpotqa,5adfa3da554299025d62a317,40%,392,980,6,163.33333333333334,35.705586242055865,0.21860563005340325,123.0,220.0,1.7886178861788617,0.12210884353741491,budget-top-k,knapsack-redundancy,0.28809523809523807,0.28809523809523807,0.0,0.0,0.0,0.0,0.0,0.0,0.0,0.0,0.0,0.0,324.0,324.0,0.826530612244898,0.826530612244898,low,low,low_hetero/low_length
hotpotqa,5adfa3da554299025d62a317,50%,490,980,6,163.33333333333334,35.705586242055865,0.21860563005340325,123.0,220.0,1.7886178861788617,0.12210884353741491,budget-top-k,knapsack-redundancy,0.3119047619047619,0.3119047619047619,0.0,0.0,0.0,0.0,0.0,0.0,0.0,0.0,0.0,0.0,447.0,447.0,0.9122448979591836,0.9122448979591836,low,low,low_hetero/low_length
hotpotqa,5a76e88555429972597f13f4,30%,273,911,5,182.2,20.653329029480936,0.11335526360856717,150.0,212.0,1.4133333333333333,0.06322722283205273,budget-top-k,knapsack-redundancy,1.0,1.0,0.0,1.0,1.0,0.0,0.0,0.0,0.0,1.0,1.0,0.0,150.0,150.0,0.5494505494505495,0.5494505494505495,low,low,low_hetero/low_length
hotpotqa,5a76e88555429972597f13f4,40%,364,911,5,182.2,20.653329029480936,0.11335526360856717,150.0,212.0,1.4133333333333333,0.06322722283205273,budget-top-k,knapsack-redundancy,1.0,1.0,0.0,1.0,1.0,0.0,0.0,0.0,0.0,1.0,1.0,0.0,344.0,344.0,0.945054945054945,0.945054945054945,low,low,low_hetero/low_length
hotpotqa,5a76e88555429972597f13f4,50%,455,911,5,182.2,20.653329029480936,0.11335526360856717,150.0,212.0,1.4133333333333333,0.06322722283205273,budget-top-k,knapsack-redundancy,1.0,1.0,0.0,1.0,1.0,0.0,0.0,0.0,0.0,1.0,1.0,0.0,344.0,344.0,0.756043956043956,0.756043956043956,low,low,low_hetero/low_length
hotpotqa,5ac3ae475542995ef918c1e5,30%,386,1287,9,143.0,40.69397989875161,0.284573286005256,70.0,198.0,2.8285714285714287,0.15781749115082433,budget-top-k,knapsack-redundancy,0.9230769230769231,1.0,0.07692307692307687,0.0,1.0,1.0,0.5,1.0,0.5,0.0,1.0,1.0,369.0,327.0,0.9559585492227979,0.8471502590673575,medium,medium,medium_hetero/medium_length
hotpotqa,5ac3ae475542995ef918c1e5,40%,514,1287,9,143.0,40.69397989875161,0.284573286005256,70.0,198.0,2.8285714285714287,0.15781749115082433,budget-top-k,knapsack-redundancy,1.0,1.0,0.0,1.0,1.0,0.0,1.0,1.0,0.0,1.0,1.0,0.0,498.0,498.0,0.9688715953307393,0.9688715953307393,medium,medium,medium_hetero/medium_length
hotpotqa,5ac3ae475542995ef918c1e5,50%,643,1287,9,143.0,40.69397989875161,0.284573286005256,70.0,198.0,2.8285714285714287,0.15781749115082433,budget-top-k,knapsack-redundancy,1.0,1.0,0.0,1.0,1.0,0.0,1.0,1.0,0.0,1.0,1.0,0.0,626.0,626.0,0.973561430793157,0.973561430793157,medium,medium,medium_hetero/medium_length
hotpotqa,5abffc41554299012d1db551,30%,439,1465,12,122.08333333333333,47.15834732284649,0.38627997807109754,32.0,196.0,6.125,0.21825938566552905,budget-top-k,knapsack-redundancy,0.6428571428571428,1.0,0.3571428571428572,0.0,1.0,1.0,0.5,0.5,0.0,0.0,0.0,0.0,419.0,432.0,0.9544419134396356,0.9840546697038725,high,high,high_hetero/high_length
hotpotqa,5abffc41554299012d1db551,40%,586,1465,12,122.08333333333333,47.15834732284649,0.38627997807109754,32.0,196.0,6.125,0.21825938566552905,budget-top-k,knapsack-redundancy,0.6428571428571428,1.0,0.3571428571428572,0.0,1.0,1.0,0.5,0.5,0.0,0.0,0.0,0.0,562.0,575.0,0.9590443686006825,0.9812286689419796,high,high,high_hetero/high_length
hotpotqa,5abffc41554299012d1db551,50%,732,1465,12,122.08333333333333,47.15834732284649,0.38627997807109754,32.0,196.0,6.125,0.21825938566552905,budget-top-k,knapsack-redundancy,1.0,1.0,0.0,1.0,1.0,0.0,0.5,0.5,0.0,0.0,0.0,0.0,696.0,718.0,0.9508196721311475,0.9808743169398907,high,high,high_hetero/high_length
hotpotqa,5ae4c39f5542995dadf243fb,30%,342,1140,9,126.66666666666667,21.343747458109494,0.1685032694061276,87.0,157.0,1.8045977011494252,0.09415204678362565,budget-top-k,knapsack-redundancy,0.7,0.7,0.0,0.0,0.0,0.0,0.5,0.5,0.0,1.0,1.0,0.0,321.0,321.0,0.9385964912280702,0.9385964912280702,low,low,low_hetero/low_length
hotpotqa,5ae4c39f5542995dadf243fb,40%,456,1140,9,126.66666666666667,21.343747458109494,0.1685032694061276,87.0,157.0,1.8045977011494252,0.09415204678362565,budget-top-k,knapsack-redundancy,0.7,0.7,0.0,0.0,0.0,0.0,0.5,0.5,0.0,1.0,1.0,0.0,449.0,449.0,0.9846491228070176,0.9846491228070176,low,low,low_hetero/low_length
hotpotqa,5ae4c39f5542995dadf243fb,50%,570,1140,9,126.66666666666667,21.343747458109494,0.1685032694061276,87.0,157.0,1.8045977011494252,0.09415204678362565,budget-top-k,knapsack-redundancy,0.7,0.7,0.0,0.0,0.0,0.0,0.5,0.5,0.0,1.0,1.0,0.0,561.0,561.0,0.9842105263157894,0.9842105263157894,low,low,low_hetero/low_length
hotpotqa,5a79c6a55542994bb9457091,30%,258,863,6,143.83333333333334,20.87595639858341,0.14513990543626934,108.0,173.0,1.6018518518518519,0.07898802626496715,budget-top-k,knapsack-redundancy,0.62,0.62,0.0,0.0,0.0,0.0,0.0,0.0,0.0,1.0,1.0,0.0,247.0,247.0,0.9573643410852714,0.9573643410852714,low,low,low_hetero/low_length
hotpotqa,5a79c6a55542994bb9457091,40%,345,863,6,143.83333333333334,20.87595639858341,0.14513990543626934,108.0,173.0,1.6018518518518519,0.07898802626496715,budget-top-k,knapsack-redundancy,1.0,1.0,0.0,1.0,1.0,0.0,0.0,0.0,0.0,1.0,1.0,0.0,312.0,312.0,0.9043478260869565,0.9043478260869565,low,low,low_hetero/low_length
hotpotqa,5a79c6a55542994bb9457091,50%,431,863,6,143.83333333333334,20.87595639858341,0.14513990543626934,108.0,173.0,1.6018518518518519,0.07898802626496715,budget-top-k,knapsack-redundancy,1.0,1.0,0.0,1.0,1.0,0.0,0.0,0.0,0.0,1.0,1.0,0.0,420.0,420.0,0.974477958236659,0.974477958236659,low,low,low_hetero/low_length
hotpotqa,5a7be5bd5542997c3ec972ba,30%,348,1162,8,145.25,34.32109409677961,0.23628980445287168,98.0,195.0,1.989795918367347,0.13080895008605853,budget-top-k,knapsack-redundancy,1.0,1.0,0.0,1.0,1.0,0.0,0.0,0.0,0.0,1.0,1.0,0.0,340.0,340.0,0.9770114942528736,0.9770114942528736,medium,low,medium_hetero/low_length
hotpotqa,5a7be5bd5542997c3ec972ba,40%,464,1162,8,145.25,34.32109409677961,0.23628980445287168,98.0,195.0,1.989795918367347,0.13080895008605853,budget-top-k,knapsack-redundancy,1.0,1.0,0.0,1.0,1.0,0.0,0.0,0.0,0.0,1.0,1.0,0.0,459.0,459.0,0.9892241379310345,0.9892241379310345,medium,low,medium_hetero/low_length
hotpotqa,5a7be5bd5542997c3ec972ba,50%,581,1162,8,145.25,34.32109409677961,0.23628980445287168,98.0,195.0,1.989795918367347,0.13080895008605853,budget-top-k,knapsack-redundancy,1.0,1.0,0.0,1.0,1.0,0.0,0.0,0.0,0.0,1.0,1.0,0.0,535.0,557.0,0.9208261617900172,0.9586919104991394,medium,low,medium_hetero/low_length
hotpotqa,5a7ec61a55429934daa2fc5f,30%,322,1074,8,134.25,37.93991960982522,0.28260647754059753,69.0,203.0,2.9420289855072466,0.15758845437616387,budget-top-k,knapsack-redundancy,1.0,1.0,0.0,1.0,1.0,0.0,0.5,0.5,0.0,0.0,0.0,0.0,309.0,309.0,0.9596273291925466,0.9596273291925466,medium,low,medium_hetero/low_length
hotpotqa,5a7ec61a55429934daa2fc5f,40%,429,1074,8,134.25,37.93991960982522,0.28260647754059753,69.0,203.0,2.9420289855072466,0.15758845437616387,budget-top-k,knapsack-redundancy,0.6666666666666666,0.6666666666666666,0.0,0.0,0.0,0.0,0.0,0.0,0.0,0.0,0.0,0.0,414.0,414.0,0.965034965034965,0.965034965034965,medium,low,medium_hetero/low_length
hotpotqa,5a7ec61a55429934daa2fc5f,50%,537,1074,8,134.25,37.93991960982522,0.28260647754059753,69.0,203.0,2.9420289855072466,0.15758845437616387,budget-top-k,knapsack-redundancy,1.0,1.0,0.0,1.0,1.0,0.0,0.5,0.5,0.0,0.0,0.0,0.0,520.0,520.0,0.9683426443202979,0.9683426443202979,medium,low,medium_hetero/low_length
hotpotqa,5a7cb9b95542990527d55515,30%,330,1102,8,137.75,66.85198201998203,0.48531384406520534,19.0,211.0,11.105263157894736,0.25816696914700543,budget-top-k,knapsack-redundancy,1.0,1.0,0.0,1.0,1.0,0.0,0.0,0.0,0.0,0.0,0.0,0.0,315.0,315.0,0.9545454545454546,0.9545454545454546,high,low,high_hetero/low_length
hotpotqa,5a7cb9b95542990527d55515,40%,440,1102,8,137.75,66.85198201998203,0.48531384406520534,19.0,211.0,11.105263157894736,0.25816696914700543,budget-top-k,knapsack-redundancy,1.0,1.0,0.0,1.0,1.0,0.0,0.0,0.0,0.0,0.0,0.0,0.0,425.0,425.0,0.9659090909090909,0.9659090909090909,high,low,high_hetero/low_length
hotpotqa,5a7cb9b95542990527d55515,50%,551,1102,8,137.75,66.85198201998203,0.48531384406520534,19.0,211.0,11.105263157894736,0.25816696914700543,budget-top-k,knapsack-redundancy,1.0,1.0,0.0,1.0,1.0,0.0,0.0,0.0,0.0,0.0,0.0,0.0,549.0,546.0,0.9963702359346642,0.9909255898366606,high,low,high_hetero/low_length
hotpotqa,5a867089554299211dda2b30,30%,536,1789,11,162.63636363636363,33.850668658019764,0.20813714658368776,101.0,214.0,2.118811881188119,0.1169774886935313,budget-top-k,knapsack-redundancy,0.85,0.85,0.0,0.0,0.0,0.0,0.5,0.5,0.0,1.0,1.0,0.0,442.0,520.0,0.8246268656716418,0.9701492537313433,low,high,low_hetero/high_length
hotpotqa,5a867089554299211dda2b30,40%,715,1789,11,162.63636363636363,33.850668658019764,0.20813714658368776,101.0,214.0,2.118811881188119,0.1169774886935313,budget-top-k,knapsack-redundancy,0.85,0.85,0.0,0.0,0.0,0.0,0.5,0.5,0.0,1.0,1.0,0.0,677.0,677.0,0.9468531468531468,0.9468531468531468,low,high,low_hetero/high_length
hotpotqa,5a867089554299211dda2b30,50%,894,1789,11,162.63636363636363,33.850668658019764,0.20813714658368776,101.0,214.0,2.118811881188119,0.1169774886935313,budget-top-k,knapsack-redundancy,1.0,1.0,0.0,1.0,1.0,0.0,1.0,1.0,0.0,1.0,1.0,0.0,882.0,882.0,0.9865771812080537,0.9865771812080537,low,high,low_hetero/high_length
hotpotqa,5ae1801955429901ffe4aec4,30%,361,1206,8,150.75,35.102528398962946,0.23285259302794656,82.0,211.0,2.573170731707317,0.12417081260364848,budget-top-k,knapsack-redundancy,0.1978021978021978,0.12454212454212454,-0.07326007326007325,0.0,0.0,0.0,0.0,0.0,0.0,0.0,0.0,0.0,264.0,360.0,0.7313019390581718,0.997229916897507,medium,medium,medium_hetero/medium_length
hotpotqa,5ae1801955429901ffe4aec4,40%,482,1206,8,150.75,35.102528398962946,0.23285259302794656,82.0,211.0,2.573170731707317,0.12417081260364848,budget-top-k,knapsack-redundancy,0.2454212454212454,0.2454212454212454,0.0,0.0,0.0,0.0,0.0,0.0,0.0,0.0,0.0,0.0,403.0,403.0,0.8360995850622407,0.8360995850622407,medium,medium,medium_hetero/medium_length
hotpotqa,5ae1801955429901ffe4aec4,50%,603,1206,8,150.75,35.102528398962946,0.23285259302794656,82.0,211.0,2.573170731707317,0.12417081260364848,budget-top-k,knapsack-redundancy,0.2838827838827839,0.2838827838827839,0.0,0.0,0.0,0.0,0.0,0.0,0.0,0.0,0.0,0.0,542.0,542.0,0.8988391376451078,0.8988391376451078,medium,medium,medium_hetero/medium_length
hotpotqa,5a76387d554299109176e6ba,30%,350,1168,9,129.77777777777777,25.349897119132798,0.19533311136318082,76.0,164.0,2.1578947368421053,0.10692541856925408,budget-top-k,knapsack-redundancy,1.0,0.6818181818181819,-0.3181818181818181,1.0,0.0,-1.0,0.5,0.0,-0.5,1.0,1.0,0.0,299.0,344.0,0.8542857142857143,0.9828571428571429,low,medium,low_hetero/medium_length
hotpotqa,5a76387d554299109176e6ba,40%,467,1168,9,129.77777777777777,25.349897119132798,0.19533311136318082,76.0,164.0,2.1578947368421053,0.10692541856925408,budget-top-k,knapsack-redundancy,1.0,0.7272727272727273,-0.2727272727272727,1.0,0.0,-1.0,0.5,0.0,-0.5,1.0,1.0,0.0,432.0,461.0,0.9250535331905781,0.987152034261242,low,medium,low_hetero/medium_length
hotpotqa,5a76387d554299109176e6ba,50%,584,1168,9,129.77777777777777,25.349897119132798,0.19533311136318082,76.0,164.0,2.1578947368421053,0.10692541856925408,budget-top-k,knapsack-redundancy,1.0,1.0,0.0,1.0,1.0,0.0,0.5,0.5,0.0,1.0,1.0,0.0,508.0,508.0,0.8698630136986302,0.8698630136986302,low,medium,low_hetero/medium_length
hotpotqa,5abd0d635542992ac4f381b8,30%,693,2312,14,165.14285714285714,45.627149096715186,0.2762889651185176,33.0,218.0,6.606060606060606,0.13822293623331694,budget-top-k,knapsack-redundancy,0.8333333333333333,0.7916666666666667,-0.04166666666666652,0.0,0.0,0.0,0.0,0.0,0.0,0.0,0.0,0.0,665.0,688.0,0.9595959595959596,0.9927849927849928,medium,high,medium_hetero/high_length
hotpotqa,5abd0d635542992ac4f381b8,40%,924,2312,14,165.14285714285714,45.627149096715186,0.2762889651185176,33.0,218.0,6.606060606060606,0.13822293623331694,budget-top-k,knapsack-redundancy,1.0,0.875,-0.125,1.0,0.0,-1.0,0.5,0.0,-0.5,0.0,0.0,0.0,923.0,908.0,0.9989177489177489,0.9826839826839827,medium,high,medium_hetero/high_length
hotpotqa,5abd0d635542992ac4f381b8,50%,1156,2312,14,165.14285714285714,45.627149096715186,0.2762889651185176,33.0,218.0,6.606060606060606,0.13822293623331694,budget-top-k,knapsack-redundancy,1.0,0.9166666666666667,-0.08333333333333326,1.0,0.0,-1.0,0.5,0.0,-0.5,0.0,0.0,0.0,1141.0,1155.0,0.9870242214532872,0.9991349480968859,medium,high,medium_hetero/high_length
hotpotqa,5ae68fcb5542992ae0d1635b,30%,279,930,6,155.0,46.56894530335282,0.3004448084087279,81.0,220.0,2.7160493827160495,0.1698924731182796,budget-top-k,knapsack-redundancy,1.0,1.0,0.0,1.0,1.0,0.0,0.0,0.0,0.0,1.0,1.0,0.0,246.0,246.0,0.8817204301075269,0.8817204301075269,high,low,high_hetero/low_length
hotpotqa,5ae68fcb5542992ae0d1635b,40%,372,930,6,155.0,46.56894530335282,0.3004448084087279,81.0,220.0,2.7160493827160495,0.1698924731182796,budget-top-k,knapsack-redundancy,1.0,1.0,0.0,1.0,1.0,0.0,0.0,0.0,0.0,1.0,1.0,0.0,370.0,370.0,0.9946236559139785,0.9946236559139785,high,low,high_hetero/low_length
hotpotqa,5ae68fcb5542992ae0d1635b,50%,465,930,6,155.0,46.56894530335282,0.3004448084087279,81.0,220.0,2.7160493827160495,0.1698924731182796,budget-top-k,knapsack-redundancy,1.0,1.0,0.0,1.0,1.0,0.0,0.0,0.0,0.0,1.0,1.0,0.0,370.0,370.0,0.7956989247311828,0.7956989247311828,high,low,high_hetero/low_length
hotpotqa,5ab28b12554299449642c8ee,30%,337,1126,7,160.85714285714286,42.60257729101298,0.26484728333667035,68.0,215.0,3.161764705882353,0.13372240548084258,budget-top-k,knapsack-redundancy,0.875,0.875,0.0,0.0,0.0,0.0,0.0,0.0,0.0,0.0,0.0,0.0,283.0,283.0,0.8397626112759644,0.8397626112759644,medium,low,medium_hetero/low_length
hotpotqa,5ab28b12554299449642c8ee,40%,450,1126,7,160.85714285714286,42.60257729101298,0.26484728333667035,68.0,215.0,3.161764705882353,0.13372240548084258,budget-top-k,knapsack-redundancy,1.0,1.0,0.0,1.0,1.0,0.0,0.0,0.0,0.0,1.0,1.0,0.0,385.0,385.0,0.8555555555555555,0.8555555555555555,medium,low,medium_hetero/low_length
hotpotqa,5ab28b12554299449642c8ee,50%,563,1126,7,160.85714285714286,42.60257729101298,0.26484728333667035,68.0,215.0,3.161764705882353,0.13372240548084258,budget-top-k,knapsack-redundancy,1.0,1.0,0.0,1.0,1.0,0.0,0.0,0.0,0.0,1.0,1.0,0.0,561.0,561.0,0.9964476021314387,0.9964476021314387,medium,low,medium_hetero/low_length
hotpotqa,5a7133565542994082a3e65c,30%,413,1377,10,137.7,49.7876490708288,0.36156607894574294,33.0,213.0,6.454545454545454,0.1917937545388524,budget-top-k,knapsack-redundancy,1.0,1.0,0.0,1.0,1.0,0.0,0.5,0.5,0.0,1.0,1.0,0.0,377.0,377.0,0.9128329297820823,0.9128329297820823,high,medium,high_hetero/medium_length
hotpotqa,5a7133565542994082a3e65c,40%,550,1377,10,137.7,49.7876490708288,0.36156607894574294,33.0,213.0,6.454545454545454,0.1917937545388524,budget-top-k,knapsack-redundancy,1.0,1.0,0.0,1.0,1.0,0.0,0.5,0.5,0.0,1.0,1.0,0.0,512.0,512.0,0.9309090909090909,0.9309090909090909,high,medium,high_hetero/medium_length
hotpotqa,5a7133565542994082a3e65c,50%,688,1377,10,137.7,49.7876490708288,0.36156607894574294,33.0,213.0,6.454545454545454,0.1917937545388524,budget-top-k,knapsack-redundancy,1.0,1.0,0.0,1.0,1.0,0.0,0.5,0.5,0.0,1.0,1.0,0.0,639.0,639.0,0.9287790697674418,0.9287790697674418,high,medium,high_hetero/medium_length
hotpotqa,5abbd3ac55429931dba1458b,30%,293,977,7,139.71428571428572,46.197446700360544,0.3306565714749732,65.0,208.0,3.2,0.18667835232252417,budget-top-k,knapsack-redundancy,0.7058823529411764,0.7058823529411764,0.0,0.0,0.0,0.0,0.0,0.0,0.0,1.0,1.0,0.0,264.0,264.0,0.9010238907849829,0.9010238907849829,high,low,high_hetero/low_length
hotpotqa,5abbd3ac55429931dba1458b,40%,390,977,7,139.71428571428572,46.197446700360544,0.3306565714749732,65.0,208.0,3.2,0.18667835232252417,budget-top-k,knapsack-redundancy,0.7058823529411764,0.7058823529411764,0.0,0.0,0.0,0.0,0.0,0.0,0.0,1.0,1.0,0.0,366.0,366.0,0.9384615384615385,0.9384615384615385,high,low,high_hetero/low_length
hotpotqa,5abbd3ac55429931dba1458b,50%,488,977,7,139.71428571428572,46.197446700360544,0.3306565714749732,65.0,208.0,3.2,0.18667835232252417,budget-top-k,knapsack-redundancy,1.0,1.0,0.0,1.0,1.0,0.0,0.0,0.0,0.0,1.0,1.0,0.0,470.0,470.0,0.9631147540983607,0.9631147540983607,high,low,high_hetero/low_length
hotpotqa,5a85ab905542994c784ddb35,30%,370,1235,8,154.375,41.69813395105349,0.2701093697234234,96.0,217.0,2.2604166666666665,0.15212550607287456,budget-top-k,knapsack-redundancy,0.7857142857142857,0.7857142857142857,0.0,0.0,0.0,0.0,0.5,0.5,0.0,1.0,1.0,0.0,291.0,291.0,0.7864864864864864,0.7864864864864864,medium,medium,medium_hetero/medium_length
hotpotqa,5a85ab905542994c784ddb35,40%,494,1235,8,154.375,41.69813395105349,0.2701093697234234,96.0,217.0,2.2604166666666665,0.15212550607287456,budget-top-k,knapsack-redundancy,0.3273809523809524,1.0,0.6726190476190477,0.0,1.0,1.0,0.0,1.0,1.0,1.0,1.0,0.0,481.0,449.0,0.9736842105263158,0.9089068825910931,medium,medium,medium_hetero/medium_length
hotpotqa,5a85ab905542994c784ddb35,50%,617,1235,8,154.375,41.69813395105349,0.2701093697234234,96.0,217.0,2.2604166666666665,0.15212550607287456,budget-top-k,knapsack-redundancy,0.7857142857142857,0.7857142857142857,0.0,0.0,0.0,0.0,0.5,0.5,0.0,1.0,1.0,0.0,604.0,604.0,0.9789303079416531,0.9789303079416531,medium,medium,medium_hetero/medium_length
hotpotqa,5a8d93ad554299653c1aa13d,30%,376,1256,8,157.0,28.447319733148852,0.18119311931941945,115.0,220.0,1.9130434782608696,0.09414808917197459,budget-top-k,knapsack-redundancy,0.6428571428571428,0.6428571428571428,0.0,0.0,0.0,0.0,0.0,0.0,0.0,0.0,0.0,0.0,285.0,285.0,0.7579787234042553,0.7579787234042553,low,medium,low_hetero/medium_length
hotpotqa,5a8d93ad554299653c1aa13d,40%,502,1256,8,157.0,28.447319733148852,0.18119311931941945,115.0,220.0,1.9130434782608696,0.09414808917197459,budget-top-k,knapsack-redundancy,0.6071428571428571,0.6785714285714286,0.07142857142857151,0.0,0.0,0.0,0.0,0.0,0.0,0.0,0.0,0.0,390.0,433.0,0.7768924302788844,0.8625498007968128,low,medium,low_hetero/medium_length
hotpotqa,5a8d93ad554299653c1aa13d,50%,628,1256,8,157.0,28.447319733148852,0.18119311931941945,115.0,220.0,1.9130434782608696,0.09414808917197459,budget-top-k,knapsack-redundancy,0.6428571428571428,0.6785714285714286,0.03571428571428581,0.0,0.0,0.0,0.0,0.0,0.0,0.0,0.0,0.0,505.0,593.0,0.804140127388535,0.9442675159235668,low,medium,low_hetero/medium_length
hotpotqa,5a886886554299206df2b258,30%,346,1156,7,165.14285714285714,31.320593733783763,0.18965757451253143,95.0,191.0,2.0105263157894737,0.09293129016312407,budget-top-k,knapsack-redundancy,0.763157894736842,0.763157894736842,0.0,0.0,0.0,0.0,0.0,0.0,0.0,1.0,1.0,0.0,331.0,331.0,0.9566473988439307,0.9566473988439307,low,low,low_hetero/low_length
hotpotqa,5a886886554299206df2b258,40%,462,1156,7,165.14285714285714,31.320593733783763,0.18965757451253143,95.0,191.0,2.0105263157894737,0.09293129016312407,budget-top-k,knapsack-redundancy,0.8421052631578947,0.8421052631578947,0.0,0.0,0.0,0.0,0.0,0.0,0.0,1.0,1.0,0.0,452.0,452.0,0.9783549783549783,0.9783549783549783,low,low,low_hetero/low_length
hotpotqa,5a886886554299206df2b258,50%,578,1156,7,165.14285714285714,31.320593733783763,0.18965757451253143,95.0,191.0,2.0105263157894737,0.09293129016312407,budget-top-k,knapsack-redundancy,0.9210526315789473,0.9210526315789473,0.0,0.0,0.0,0.0,0.0,0.0,0.0,1.0,1.0,0.0,548.0,548.0,0.9480968858131488,0.9480968858131488,low,low,low_hetero/low_length
hotpotqa,5a7c6bcc55429935c91b519c,30%,393,1311,8,163.875,40.43648569052459,0.24675201031593955,86.0,215.0,2.5,0.13739511823035855,budget-top-k,knapsack-redundancy,1.0,1.0,0.0,1.0,1.0,0.0,0.0,0.0,0.0,0.0,0.0,0.0,337.0,337.0,0.8575063613231552,0.8575063613231552,medium,medium,medium_hetero/medium_length
hotpotqa,5a7c6bcc55429935c91b519c,40%,524,1311,8,163.875,40.43648569052459,0.24675201031593955,86.0,215.0,2.5,0.13739511823035855,budget-top-k,knapsack-redundancy,1.0,1.0,0.0,1.0,1.0,0.0,0.0,0.0,0.0,0.0,0.0,0.0,487.0,487.0,0.9293893129770993,0.9293893129770993,medium,medium,medium_hetero/medium_length
hotpotqa,5a7c6bcc55429935c91b519c,50%,655,1311,8,163.875,40.43648569052459,0.24675201031593955,86.0,215.0,2.5,0.13739511823035855,budget-top-k,knapsack-redundancy,1.0,1.0,0.0,1.0,1.0,0.0,0.0,0.0,0.0,0.0,0.0,0.0,573.0,573.0,0.8748091603053435,0.8748091603053435,medium,medium,medium_hetero/medium_length
hotpotqa,5a825bb455429940e5e1a874,30%,484,1615,12,134.5,42.4784258967616,0.3158247278569636,68.0,199.0,2.926470588235294,0.17874845105328374,budget-top-k,knapsack-redundancy,1.0,0.6931818181818181,-0.3068181818181819,1.0,0.0,-1.0,1.0,0.0,-1.0,1.0,0.0,-1.0,467.0,473.0,0.9648760330578512,0.9772727272727273,high,high,high_hetero/high_length
hotpotqa,5a825bb455429940e5e1a874,40%,646,1615,12,134.5,42.4784258967616,0.3158247278569636,68.0,199.0,2.926470588235294,0.17874845105328374,budget-top-k,knapsack-redundancy,1.0,0.8181818181818181,-0.18181818181818188,1.0,0.0,-1.0,1.0,0.5,-0.5,1.0,0.0,-1.0,630.0,598.0,0.9752321981424149,0.9256965944272446,high,high,high_hetero/high_length
hotpotqa,5a825bb455429940e5e1a874,50%,807,1615,12,134.5,42.4784258967616,0.3158247278569636,68.0,199.0,2.926470588235294,0.17874845105328374,budget-top-k,knapsack-redundancy,1.0,1.0,0.0,1.0,1.0,0.0,1.0,1.0,0.0,1.0,1.0,0.0,797.0,797.0,0.9876084262701363,0.9876084262701363,high,high,high_hetero/high_length
hotpotqa,5a72a0be5542992359bc3143,30%,424,1415,9,157.22222222222223,35.23501345025295,0.22410962618535443,101.0,220.0,2.1782178217821784,0.12610914801727513,budget-top-k,knapsack-redundancy,0.6052631578947368,0.6052631578947368,0.0,0.0,0.0,0.0,0.5,0.5,0.0,1.0,1.0,0.0,362.0,412.0,0.8537735849056604,0.9716981132075472,low,high,low_hetero/high_length
hotpotqa,5a72a0be5542992359bc3143,40%,566,1415,9,157.22222222222223,35.23501345025295,0.22410962618535443,101.0,220.0,2.1782178217821784,0.12610914801727513,budget-top-k,knapsack-redundancy,0.631578947368421,0.631578947368421,0.0,0.0,0.0,0.0,0.5,0.5,0.0,1.0,1.0,0.0,506.0,506.0,0.8939929328621908,0.8939929328621908,low,high,low_hetero/high_length
hotpotqa,5a72a0be5542992359bc3143,50%,707,1415,9,157.22222222222223,35.23501345025295,0.22410962618535443,101.0,220.0,2.1782178217821784,0.12610914801727513,budget-top-k,knapsack-redundancy,1.0,1.0,0.0,1.0,1.0,0.0,1.0,1.0,0.0,1.0,1.0,0.0,696.0,696.0,0.9844413012729845,0.9844413012729845,low,high,low_hetero/high_length
hotpotqa,5ade15f35542997545bbbe47,30%,337,1124,9,124.88888888888889,48.06117500862704,0.38483147248900657,49.0,185.0,3.7755102040816326,0.21332542506919716,budget-top-k,knapsack-redundancy,0.8333333333333333,0.8333333333333333,0.0,0.0,0.0,0.0,0.5,0.5,0.0,1.0,1.0,0.0,334.0,334.0,0.9910979228486647,0.9910979228486647,high,low,high_hetero/low_length
hotpotqa,5ade15f35542997545bbbe47,40%,449,1124,9,124.88888888888889,48.06117500862704,0.38483147248900657,49.0,185.0,3.7755102040816326,0.21332542506919716,budget-top-k,knapsack-redundancy,1.0,1.0,0.0,1.0,1.0,0.0,0.5,0.5,0.0,1.0,1.0,0.0,436.0,436.0,0.9710467706013363,0.9710467706013363,high,low,high_hetero/low_length
hotpotqa,5ade15f35542997545bbbe47,50%,562,1124,9,124.88888888888889,48.06117500862704,0.38483147248900657,49.0,185.0,3.7755102040816326,0.21332542506919716,budget-top-k,knapsack-redundancy,1.0,1.0,0.0,1.0,1.0,0.0,0.5,0.5,0.0,1.0,1.0,0.0,519.0,519.0,0.9234875444839857,0.9234875444839857,high,low,high_hetero/low_length
hotpotqa,5a77cb5e55429967ab1052a7,30%,467,1558,10,155.8,44.312075103745705,0.284416399895672,68.0,218.0,3.2058823529411766,0.15917843388960207,budget-top-k,knapsack-redundancy,0.8,0.8,0.0,0.0,0.0,0.0,0.0,0.0,0.0,0.0,0.0,0.0,427.0,427.0,0.9143468950749465,0.9143468950749465,medium,high,medium_hetero/high_length
hotpotqa,5a77cb5e55429967ab1052a7,40%,623,1558,10,155.8,44.312075103745705,0.284416399895672,68.0,218.0,3.2058823529411766,0.15917843388960207,budget-top-k,knapsack-redundancy,0.85,1.0,0.15000000000000002,0.0,1.0,1.0,0.0,0.5,0.5,0.0,1.0,1.0,577.0,600.0,0.9261637239165329,0.9630818619582665,medium,high,medium_hetero/high_length
hotpotqa,5a77cb5e55429967ab1052a7,50%,779,1558,10,155.8,44.312075103745705,0.284416399895672,68.0,218.0,3.2058823529411766,0.15917843388960207,budget-top-k,knapsack-redundancy,0.85,0.85,0.0,0.0,0.0,0.0,0.0,0.0,0.0,0.0,0.0,0.0,757.0,757.0,0.9717586649550706,0.9717586649550706,medium,high,medium_hetero/high_length
hotpotqa,5a83aaeb5542996488c2e483,30%,474,1583,11,143.9090909090909,19.718263548177156,0.13701888757419375,120.0,175.0,1.4583333333333333,0.07557571929018558,budget-top-k,knapsack-redundancy,0.5641025641025641,0.5641025641025641,0.0,0.0,0.0,0.0,0.0,0.0,0.0,0.0,0.0,0.0,454.0,454.0,0.9578059071729957,0.9578059071729957,low,high,low_hetero/high_length
hotpotqa,5a83aaeb5542996488c2e483,40%,633,1583,11,143.9090909090909,19.718263548177156,0.13701888757419375,120.0,175.0,1.4583333333333333,0.07557571929018558,budget-top-k,knapsack-redundancy,0.717948717948718,0.717948717948718,0.0,0.0,0.0,0.0,0.0,0.0,0.0,0.0,0.0,0.0,574.0,574.0,0.9067930489731437,0.9067930489731437,low,high,low_hetero/high_length
hotpotqa,5a83aaeb5542996488c2e483,50%,791,1583,11,143.9090909090909,19.718263548177156,0.13701888757419375,120.0,175.0,1.4583333333333333,0.07557571929018558,budget-top-k,knapsack-redundancy,1.0,1.0,0.0,1.0,1.0,0.0,0.5,0.5,0.0,1.0,1.0,0.0,736.0,736.0,0.9304677623261695,0.9304677623261695,low,high,low_hetero/high_length
hotpotqa,5ac4392e5542997ea680ca32,30%,390,1301,8,162.75,45.27623548838839,0.27819499532035874,76.0,215.0,2.8289473684210527,0.15072964669738864,budget-top-k,knapsack-redundancy,1.0,1.0,0.0,1.0,1.0,0.0,0.0,0.0,0.0,0.0,0.0,0.0,337.0,337.0,0.8641025641025641,0.8641025641025641,medium,medium,medium_hetero/medium_length
hotpotqa,5ac4392e5542997ea680ca32,40%,520,1301,8,162.75,45.27623548838839,0.27819499532035874,76.0,215.0,2.8289473684210527,0.15072964669738864,budget-top-k,knapsack-redundancy,1.0,1.0,0.0,1.0,1.0,0.0,0.0,0.0,0.0,0.0,0.0,0.0,517.0,517.0,0.9942307692307693,0.9942307692307693,medium,medium,medium_hetero/medium_length
hotpotqa,5ac4392e5542997ea680ca32,50%,650,1301,8,162.75,45.27623548838839,0.27819499532035874,76.0,215.0,2.8289473684210527,0.15072964669738864,budget-top-k,knapsack-redundancy,1.0,1.0,0.0,1.0,1.0,0.0,0.0,0.0,0.0,0.0,0.0,0.0,618.0,618.0,0.9507692307692308,0.9507692307692308,medium,medium,medium_hetero/medium_length
hotpotqa,5a7f5c9f55429969796c1a0f,30%,399,1331,10,133.1,37.71856306913083,0.28338514702577633,77.0,197.0,2.5584415584415585,0.1607062359128475,budget-top-k,knapsack-redundancy,0.9285714285714286,0.9285714285714286,0.0,0.0,0.0,0.0,0.5,0.5,0.0,1.0,1.0,0.0,342.0,342.0,0.8571428571428571,0.8571428571428571,medium,medium,medium_hetero/medium_length
hotpotqa,5a7f5c9f55429969796c1a0f,40%,532,1331,10,133.1,37.71856306913083,0.28338514702577633,77.0,197.0,2.5584415584415585,0.1607062359128475,budget-top-k,knapsack-redundancy,0.9285714285714286,0.9285714285714286,0.0,0.0,0.0,0.0,0.5,0.5,0.0,1.0,1.0,0.0,475.0,475.0,0.8928571428571429,0.8928571428571429,medium,medium,medium_hetero/medium_length
hotpotqa,5a7f5c9f55429969796c1a0f,50%,665,1331,10,133.1,37.71856306913083,0.28338514702577633,77.0,197.0,2.5584415584415585,0.1607062359128475,budget-top-k,knapsack-redundancy,0.9285714285714286,0.9285714285714286,0.0,0.0,0.0,0.0,0.5,0.5,0.0,1.0,1.0,0.0,646.0,646.0,0.9714285714285714,0.9714285714285714,medium,medium,medium_hetero/medium_length
hotpotqa,5a8b770f5542995d1e6f13a7,30%,414,1382,11,125.72727272727273,56.50436975715146,0.44942014991226753,30.0,213.0,7.1,0.2522842305922568,budget-top-k,knapsack-redundancy,0.35375816993464054,0.7144607843137255,0.36070261437908496,0.0,0.0,0.0,0.0,0.5,0.5,0.0,0.0,0.0,376.0,387.0,0.9082125603864735,0.9347826086956522,high,medium,high_hetero/medium_length
hotpotqa,5a8b770f5542995d1e6f13a7,40%,552,1382,11,125.72727272727273,56.50436975715146,0.44942014991226753,30.0,213.0,7.1,0.2522842305922568,budget-top-k,knapsack-redundancy,0.3329248366013072,0.7352941176470589,0.4023692810457517,0.0,0.0,0.0,0.0,0.5,0.5,0.0,0.0,0.0,525.0,531.0,0.9510869565217391,0.9619565217391305,high,medium,high_hetero/medium_length
hotpotqa,5a8b770f5542995d1e6f13a7,50%,691,1382,11,125.72727272727273,56.50436975715146,0.44942014991226753,30.0,213.0,7.1,0.2522842305922568,budget-top-k,knapsack-redundancy,0.7352941176470589,0.7352941176470589,0.0,0.0,0.0,0.0,0.5,0.5,0.0,0.0,0.0,0.0,680.0,680.0,0.984081041968162,0.984081041968162,high,medium,high_hetero/medium_length
hotpotqa,5ae3dc205542992f92d823a1,30%,307,1026,7,146.57142857142858,56.71950317850401,0.3869751678845303,61.0,213.0,3.4918032786885247,0.2077415761626289,budget-top-k,knapsack-redundancy,0.6764705882352942,1.0,0.32352941176470584,0.0,1.0,1.0,0.5,0.5,0.0,0.0,1.0,1.0,276.0,301.0,0.8990228013029316,0.9804560260586319,high,low,high_hetero/low_length
hotpotqa,5ae3dc205542992f92d823a1,40%,410,1026,7,146.57142857142858,56.71950317850401,0.3869751678845303,61.0,213.0,3.4918032786885247,0.2077415761626289,budget-top-k,knapsack-redundancy,0.7352941176470589,1.0,0.2647058823529411,0.0,1.0,1.0,0.5,0.5,0.0,0.0,1.0,1.0,337.0,385.0,0.8219512195121951,0.9390243902439024,high,low,high_hetero/low_length
hotpotqa,5ae3dc205542992f92d823a1,50%,513,1026,7,146.57142857142858,56.71950317850401,0.3869751678845303,61.0,213.0,3.4918032786885247,0.2077415761626289,budget-top-k,knapsack-redundancy,1.0,0.7647058823529411,-0.23529411764705888,1.0,0.0,-1.0,0.5,0.5,0.0,1.0,0.0,-1.0,453.0,482.0,0.8830409356725146,0.9395711500974658,high,low,high_hetero/low_length
hotpotqa,5a7cf29255429909bec768b8,30%,401,1337,9,148.55555555555554,43.50251872940772,0.292836700497135,65.0,213.0,3.276923076923077,0.16288539848749273,budget-top-k,knapsack-redundancy,0.6153846153846154,0.33760683760683763,-0.2777777777777778,0.0,0.0,0.0,0.0,0.0,0.0,0.0,0.5,0.5,354.0,399.0,0.8827930174563591,0.9950124688279302,medium,medium,medium_hetero/medium_length
hotpotqa,5a7cf29255429909bec768b8,40%,534,1337,9,148.55555555555554,43.50251872940772,0.292836700497135,65.0,213.0,3.276923076923077,0.16288539848749273,budget-top-k,knapsack-redundancy,0.7307692307692308,1.0,0.26923076923076916,0.0,1.0,1.0,0.0,0.5,0.5,0.5,1.0,0.5,471.0,515.0,0.8820224719101124,0.9644194756554307,medium,medium,medium_hetero/medium_length
hotpotqa,5a7cf29255429909bec768b8,50%,668,1337,9,148.55555555555554,43.50251872940772,0.292836700497135,65.0,213.0,3.276923076923077,0.16288539848749273,budget-top-k,knapsack-redundancy,0.7307692307692308,1.0,0.26923076923076916,0.0,1.0,1.0,0.0,0.5,0.5,0.5,1.0,0.5,612.0,652.0,0.9161676646706587,0.9760479041916168,medium,medium,medium_hetero/medium_length
hotpotqa,5a79f6ca554299029c4b5f90,30%,352,1175,7,167.85714285714286,35.30045961428253,0.21030061046806614,114.0,205.0,1.7982456140350878,0.11428571428571432,budget-top-k,knapsack-redundancy,0.9444444444444445,0.9444444444444445,0.0,0.0,0.0,0.0,0.0,0.0,0.0,1.0,1.0,0.0,337.0,337.0,0.9573863636363636,0.9573863636363636,low,medium,low_hetero/medium_length
hotpotqa,5a79f6ca554299029c4b5f90,40%,470,1175,7,167.85714285714286,35.30045961428253,0.21030061046806614,114.0,205.0,1.7982456140350878,0.11428571428571432,budget-top-k,knapsack-redundancy,1.0,0.9444444444444445,-0.05555555555555547,1.0,0.0,-1.0,0.0,0.0,0.0,1.0,1.0,0.0,384.0,460.0,0.8170212765957446,0.9787234042553191,low,medium,low_hetero/medium_length
hotpotqa,5a79f6ca554299029c4b5f90,50%,587,1175,7,167.85714285714286,35.30045961428253,0.21030061046806614,114.0,205.0,1.7982456140350878,0.11428571428571432,budget-top-k,knapsack-redundancy,1.0,0.9722222222222222,-0.02777777777777779,1.0,0.0,-1.0,0.0,0.0,0.0,1.0,1.0,0.0,535.0,574.0,0.9114139693356048,0.9778534923339012,low,medium,low_hetero/medium_length
hotpotqa,5a8e3dc05542995085b37401,30%,345,1152,7,164.71428571428572,24.264696787804326,0.1473138573413966,135.0,208.0,1.5407407407407407,0.08202205426836828,budget-top-k,knapsack-redundancy,0.22735760971055088,0.22735760971055088,0.0,0.0,0.0,0.0,0.0,0.0,0.0,0.0,0.0,0.0,320.0,320.0,0.927536231884058,0.927536231884058,low,low,low_hetero/low_length
hotpotqa,5a8e3dc05542995085b37401,40%,460,1152,7,164.71428571428572,24.264696787804326,0.1473138573413966,135.0,208.0,1.5407407407407407,0.08202205426836828,budget-top-k,knapsack-redundancy,0.7549019607843137,0.22735760971055088,-0.5275443510737629,0.0,0.0,0.0,0.0,0.0,0.0,0.0,0.0,0.0,379.0,455.0,0.8239130434782609,0.9891304347826086,low,low,low_hetero/low_length
hotpotqa,5a8e3dc05542995085b37401,50%,576,1152,7,164.71428571428572,24.264696787804326,0.1473138573413966,135.0,208.0,1.5407407407407407,0.08202205426836828,budget-top-k,knapsack-redundancy,0.7549019607843137,0.7549019607843137,0.0,0.0,0.0,0.0,0.0,0.0,0.0,0.0,0.0,0.0,568.0,568.0,0.9861111111111112,0.9861111111111112,low,low,low_hetero/low_length
hotpotqa,5ade24e35542992fa25da6e6,30%,528,1763,12,146.91666666666666,45.00640386532664,0.3063396746363697,47.0,220.0,4.680851063829787,0.1645396105123842,budget-top-k,knapsack-redundancy,0.6923076923076923,0.6923076923076923,0.0,0.0,0.0,0.0,0.5,0.5,0.0,0.0,0.0,0.0,517.0,517.0,0.9791666666666666,0.9791666666666666,high,high,high_hetero/high_length
hotpotqa,5ade24e35542992fa25da6e6,40%,705,1763,12,146.91666666666666,45.00640386532664,0.3063396746363697,47.0,220.0,4.680851063829787,0.1645396105123842,budget-top-k,knapsack-redundancy,0.6923076923076923,0.6923076923076923,0.0,0.0,0.0,0.0,0.5,0.5,0.0,0.0,0.0,0.0,684.0,672.0,0.9702127659574468,0.9531914893617022,high,high,high_hetero/high_length
hotpotqa,5ade24e35542992fa25da6e6,50%,881,1763,12,146.91666666666666,45.00640386532664,0.3063396746363697,47.0,220.0,4.680851063829787,0.1645396105123842,budget-top-k,knapsack-redundancy,0.6923076923076923,0.6923076923076923,0.0,0.0,0.0,0.0,0.5,0.5,0.0,0.0,0.0,0.0,839.0,867.0,0.9523269012485811,0.9841089670828603,high,high,high_hetero/high_length
hotpotqa,5ab5f854554299637185c64e,30%,430,1436,11,130.54545454545453,32.99962434046137,0.25278263770548404,61.0,187.0,3.0655737704918034,0.13940238034945573,budget-top-k,knapsack-redundancy,1.0,0.9285714285714286,-0.0714285714285714,1.0,0.0,-1.0,1.0,1.0,0.0,1.0,1.0,0.0,408.0,429.0,0.9488372093023256,0.9976744186046511,medium,high,medium_hetero/high_length
hotpotqa,5ab5f854554299637185c64e,40%,574,1436,11,130.54545454545453,32.99962434046137,0.25278263770548404,61.0,187.0,3.0655737704918034,0.13940238034945573,budget-top-k,knapsack-redundancy,1.0,0.9285714285714286,-0.0714285714285714,1.0,0.0,-1.0,1.0,0.5,-0.5,1.0,1.0,0.0,568.0,567.0,0.9895470383275261,0.9878048780487805,medium,high,medium_hetero/high_length
hotpotqa,5ab5f854554299637185c64e,50%,718,1436,11,130.54545454545453,32.99962434046137,0.25278263770548404,61.0,187.0,3.0655737704918034,0.13940238034945573,budget-top-k,knapsack-redundancy,1.0,1.0,0.0,1.0,1.0,0.0,1.0,1.0,0.0,1.0,1.0,0.0,708.0,713.0,0.9860724233983287,0.9930362116991643,medium,high,medium_hetero/high_length
hotpotqa,5ab5b6c1554299637185c5e5,30%,423,1412,9,156.88888888888889,24.9151647014176,0.15880770702036714,113.0,189.0,1.6725663716814159,0.0893925086559646,budget-top-k,knapsack-redundancy,0.7857142857142857,0.7857142857142857,0.0,0.0,0.0,0.0,0.5,0.5,0.0,1.0,1.0,0.0,419.0,419.0,0.9905437352245863,0.9905437352245863,low,high,low_hetero/high_length
hotpotqa,5ab5b6c1554299637185c5e5,40%,564,1412,9,156.88888888888889,24.9151647014176,0.15880770702036714,113.0,189.0,1.6725663716814159,0.0893925086559646,budget-top-k,knapsack-redundancy,1.0,1.0,0.0,1.0,1.0,0.0,1.0,1.0,0.0,1.0,1.0,0.0,563.0,563.0,0.99822695035461,0.99822695035461,low,high,low_hetero/high_length
hotpotqa,5ab5b6c1554299637185c5e5,50%,706,1412,9,156.88888888888889,24.9151647014176,0.15880770702036714,113.0,189.0,1.6725663716814159,0.0893925086559646,budget-top-k,knapsack-redundancy,1.0,0.7857142857142857,-0.2142857142857143,1.0,0.0,-1.0,1.0,0.5,-0.5,1.0,1.0,0.0,604.0,697.0,0.8555240793201133,0.9872521246458924,low,high,low_hetero/high_length
hotpotqa,5ae25ed15542992decbdccd2,30%,229,766,5,153.2,33.83134641127958,0.22083124289346986,90.0,191.0,2.1222222222222222,0.1122715404699739,budget-top-k,knapsack-redundancy,0.8461538461538461,0.8461538461538461,0.0,0.0,0.0,0.0,0.0,0.0,0.0,1.0,1.0,0.0,191.0,191.0,0.834061135371179,0.834061135371179,low,low,low_hetero/low_length
hotpotqa,5ae25ed15542992decbdccd2,40%,306,766,5,153.2,33.83134641127958,0.22083124289346986,90.0,191.0,2.1222222222222222,0.1122715404699739,budget-top-k,knapsack-redundancy,0.8461538461538461,0.8461538461538461,0.0,0.0,0.0,0.0,0.0,0.0,0.0,1.0,1.0,0.0,281.0,281.0,0.9183006535947712,0.9183006535947712,low,low,low_hetero/low_length
hotpotqa,5ae25ed15542992decbdccd2,50%,383,766,5,153.2,33.83134641127958,0.22083124289346986,90.0,191.0,2.1222222222222222,0.1122715404699739,budget-top-k,knapsack-redundancy,1.0,1.0,0.0,1.0,1.0,0.0,0.0,0.0,0.0,1.0,1.0,0.0,353.0,353.0,0.9216710182767625,0.9216710182767625,low,low,low_hetero/low_length
hotpotqa,5ab808ea5542991d3222380e,30%,309,1030,7,147.14285714285714,38.48349765596592,0.2615383335842344,68.0,204.0,3.0,0.13509015256588075,budget-top-k,knapsack-redundancy,1.0,1.0,0.0,1.0,1.0,0.0,0.0,0.0,0.0,0.0,0.0,0.0,272.0,272.0,0.8802588996763754,0.8802588996763754,medium,low,medium_hetero/low_length
hotpotqa,5ab808ea5542991d3222380e,40%,412,1030,7,147.14285714285714,38.48349765596592,0.2615383335842344,68.0,204.0,3.0,0.13509015256588075,budget-top-k,knapsack-redundancy,1.0,1.0,0.0,1.0,1.0,0.0,0.0,0.0,0.0,0.0,0.0,0.0,401.0,401.0,0.9733009708737864,0.9733009708737864,medium,low,medium_hetero/low_length
hotpotqa,5ab808ea5542991d3222380e,50%,515,1030,7,147.14285714285714,38.48349765596592,0.2615383335842344,68.0,204.0,3.0,0.13509015256588075,budget-top-k,knapsack-redundancy,1.0,1.0,0.0,1.0,1.0,0.0,0.0,0.0,0.0,0.0,0.0,0.0,488.0,488.0,0.9475728155339805,0.9475728155339805,medium,low,medium_hetero/low_length
hotpotqa,5ae5072e55429960a22e0246,30%,406,1354,8,169.25,33.799963017731244,0.199704360518353,116.0,211.0,1.8189655172413792,0.11244460856720817,budget-top-k,knapsack-redundancy,0.6428571428571428,0.6428571428571428,0.0,0.0,0.0,0.0,0.0,0.0,0.0,0.0,0.0,0.0,342.0,342.0,0.8423645320197044,0.8423645320197044,low,medium,low_hetero/medium_length
hotpotqa,5ae5072e55429960a22e0246,40%,541,1354,8,169.25,33.799963017731244,0.199704360518353,116.0,211.0,1.8189655172413792,0.11244460856720817,budget-top-k,knapsack-redundancy,1.0,1.0,0.0,1.0,1.0,0.0,0.0,0.0,0.0,1.0,1.0,0.0,531.0,531.0,0.9815157116451017,0.9815157116451017,low,medium,low_hetero/medium_length
hotpotqa,5ae5072e55429960a22e0246,50%,677,1354,8,169.25,33.799963017731244,0.199704360518353,116.0,211.0,1.8189655172413792,0.11244460856720817,budget-top-k,knapsack-redundancy,1.0,1.0,0.0,1.0,1.0,0.0,0.0,0.0,0.0,1.0,1.0,0.0,662.0,662.0,0.9778434268833087,0.9778434268833087,low,medium,low_hetero/medium_length
hotpotqa,5ac01bca5542992a796dec8d,30%,294,980,6,163.33333333333334,38.852999312222416,0.23787550599319846,103.0,210.0,2.0388349514563107,0.13231292517006787,budget-top-k,knapsack-redundancy,1.0,1.0,0.0,1.0,1.0,0.0,0.0,0.0,0.0,1.0,1.0,0.0,293.0,293.0,0.9965986394557823,0.9965986394557823,medium,low,medium_hetero/low_length
hotpotqa,5ac01bca5542992a796dec8d,40%,392,980,6,163.33333333333334,38.852999312222416,0.23787550599319846,103.0,210.0,2.0388349514563107,0.13231292517006787,budget-top-k,knapsack-redundancy,1.0,1.0,0.0,1.0,1.0,0.0,0.0,0.0,0.0,1.0,1.0,0.0,293.0,293.0,0.7474489795918368,0.7474489795918368,medium,low,medium_hetero/low_length
hotpotqa,5ac01bca5542992a796dec8d,50%,490,980,6,163.33333333333334,38.852999312222416,0.23787550599319846,103.0,210.0,2.0388349514563107,0.13231292517006787,budget-top-k,knapsack-redundancy,1.0,1.0,0.0,1.0,1.0,0.0,0.0,0.0,0.0,1.0,1.0,0.0,438.0,438.0,0.8938775510204081,0.8938775510204081,medium,low,medium_hetero/low_length
hotpotqa,5adf34d35542993a75d26425,30%,315,1050,7,150.0,47.00151973226884,0.31334346488179227,44.0,200.0,4.545454545454546,0.1545578231292517,budget-top-k,knapsack-redundancy,1.0,1.0,0.0,1.0,1.0,0.0,0.5,0.5,0.0,1.0,1.0,0.0,208.0,208.0,0.6603174603174603,0.6603174603174603,high,low,high_hetero/low_length
hotpotqa,5adf34d35542993a75d26425,40%,420,1050,7,150.0,47.00151973226884,0.31334346488179227,44.0,200.0,4.545454545454546,0.1545578231292517,budget-top-k,knapsack-redundancy,1.0,1.0,0.0,1.0,1.0,0.0,0.5,0.5,0.0,1.0,1.0,0.0,391.0,391.0,0.930952380952381,0.930952380952381,high,low,high_hetero/low_length
hotpotqa,5adf34d35542993a75d26425,50%,525,1050,7,150.0,47.00151973226884,0.31334346488179227,44.0,200.0,4.545454545454546,0.1545578231292517,budget-top-k,knapsack-redundancy,1.0,1.0,0.0,1.0,1.0,0.0,0.5,0.5,0.0,1.0,1.0,0.0,391.0,502.0,0.7447619047619047,0.9561904761904761,high,low,high_hetero/low_length
hotpotqa,5add67555542992ae4cec54e,30%,437,1459,11,132.63636363636363,43.770626778640505,0.330004725541498,37.0,195.0,5.27027027027027,0.1820674185307496,budget-top-k,knapsack-redundancy,1.0,1.0,0.0,1.0,1.0,0.0,0.5,0.5,0.0,1.0,1.0,0.0,412.0,383.0,0.9427917620137299,0.8764302059496567,high,high,high_hetero/high_length
hotpotqa,5add67555542992ae4cec54e,40%,583,1459,11,132.63636363636363,43.770626778640505,0.330004725541498,37.0,195.0,5.27027027027027,0.1820674185307496,budget-top-k,knapsack-redundancy,1.0,1.0,0.0,1.0,1.0,0.0,0.5,0.5,0.0,1.0,1.0,0.0,529.0,529.0,0.9073756432246999,0.9073756432246999,high,high,high_hetero/high_length
hotpotqa,5add67555542992ae4cec54e,50%,729,1459,11,132.63636363636363,43.770626778640505,0.330004725541498,37.0,195.0,5.27027027027027,0.1820674185307496,budget-top-k,knapsack-redundancy,1.0,1.0,0.0,1.0,1.0,0.0,0.5,0.5,0.0,1.0,1.0,0.0,724.0,724.0,0.9931412894375857,0.9931412894375857,high,high,high_hetero/high_length
hotpotqa,5a8085705542992bc0c4a74b,30%,305,1018,7,145.42857142857142,27.16540416915363,0.18679551000400335,106.0,195.0,1.8396226415094339,0.10159977547010945,budget-top-k,knapsack-redundancy,1.0,1.0,0.0,1.0,1.0,0.0,0.5,0.5,0.0,1.0,1.0,0.0,246.0,246.0,0.8065573770491803,0.8065573770491803,low,low,low_hetero/low_length
hotpotqa,5a8085705542992bc0c4a74b,40%,407,1018,7,145.42857142857142,27.16540416915363,0.18679551000400335,106.0,195.0,1.8396226415094339,0.10159977547010945,budget-top-k,knapsack-redundancy,1.0,1.0,0.0,1.0,1.0,0.0,0.5,0.5,0.0,1.0,1.0,0.0,371.0,371.0,0.9115479115479116,0.9115479115479116,low,low,low_hetero/low_length
hotpotqa,5a8085705542992bc0c4a74b,50%,509,1018,7,145.42857142857142,27.16540416915363,0.18679551000400335,106.0,195.0,1.8396226415094339,0.10159977547010945,budget-top-k,knapsack-redundancy,1.0,1.0,0.0,1.0,1.0,0.0,0.5,0.5,0.0,1.0,1.0,0.0,441.0,441.0,0.8664047151277013,0.8664047151277013,low,low,low_hetero/low_length
hotpotqa,5a756fa15542996c70cfaefb,30%,487,1626,11,147.9090909090909,32.76210267825962,0.22150161614066124,81.0,191.0,2.3580246913580245,0.12035536682125514,budget-top-k,knapsack-redundancy,0.7083333333333334,0.6666666666666666,-0.04166666666666674,0.0,0.0,0.0,0.0,0.0,0.0,0.0,0.0,0.0,485.0,482.0,0.9958932238193019,0.9897330595482546,low,high,low_hetero/high_length
hotpotqa,5a756fa15542996c70cfaefb,40%,650,1626,11,147.9090909090909,32.76210267825962,0.22150161614066124,81.0,191.0,2.3580246913580245,0.12035536682125514,budget-top-k,knapsack-redundancy,0.75,0.7083333333333334,-0.04166666666666663,0.0,0.0,0.0,0.0,0.0,0.0,0.0,0.0,0.0,646.0,648.0,0.9938461538461538,0.9969230769230769,low,high,low_hetero/high_length
hotpotqa,5a756fa15542996c70cfaefb,50%,813,1626,11,147.9090909090909,32.76210267825962,0.22150161614066124,81.0,191.0,2.3580246913580245,0.12035536682125514,budget-top-k,knapsack-redundancy,0.75,0.7083333333333334,-0.04166666666666663,0.0,0.0,0.0,0.0,0.0,0.0,0.0,0.0,0.0,740.0,794.0,0.9102091020910209,0.976629766297663,low,high,low_hetero/high_length
hotpotqa,5a7f6eab5542992097ad2f66,30%,380,1267,9,140.77777777777777,47.201171778717004,0.3352885130295604,69.0,216.0,3.130434782608696,0.18872226607033227,budget-top-k,knapsack-redundancy,0.7866666666666666,0.7866666666666666,0.0,0.0,0.0,0.0,0.5,0.5,0.0,0.6,0.6,0.0,375.0,375.0,0.9868421052631579,0.9868421052631579,high,medium,high_hetero/medium_length
hotpotqa,5a7f6eab5542992097ad2f66,40%,506,1267,9,140.77777777777777,47.201171778717004,0.3352885130295604,69.0,216.0,3.130434782608696,0.18872226607033227,budget-top-k,knapsack-redundancy,0.8133333333333334,0.7866666666666666,-0.026666666666666727,0.0,0.0,0.0,0.5,0.5,0.0,0.6,0.6,0.0,461.0,460.0,0.9110671936758893,0.9090909090909091,high,medium,high_hetero/medium_length
hotpotqa,5a7f6eab5542992097ad2f66,50%,633,1267,9,140.77777777777777,47.201171778717004,0.3352885130295604,69.0,216.0,3.130434782608696,0.18872226607033227,budget-top-k,knapsack-redundancy,0.8133333333333334,0.7999999999999999,-0.01333333333333342,0.0,0.0,0.0,0.5,0.5,0.0,0.6,0.6,0.0,591.0,623.0,0.933649289099526,0.9842022116903634,high,medium,high_hetero/medium_length
hotpotqa,5ae5e1345542996de7b71a50,30%,240,802,5,160.6,36.8488805800122,0.22944508455798382,109.0,198.0,1.81651376146789,0.12303860523038601,budget-top-k,knapsack-redundancy,0.7,0.7,0.0,0.0,0.0,0.0,0.0,0.0,0.0,1.0,1.0,0.0,233.0,233.0,0.9708333333333333,0.9708333333333333,medium,low,medium_hetero/low_length
hotpotqa,5ae5e1345542996de7b71a50,40%,320,802,5,160.6,36.8488805800122,0.22944508455798382,109.0,198.0,1.81651376146789,0.12303860523038601,budget-top-k,knapsack-redundancy,1.0,1.0,0.0,1.0,1.0,0.0,0.0,0.0,0.0,1.0,1.0,0.0,288.0,288.0,0.9,0.9,medium,low,medium_hetero/low_length
hotpotqa,5ae5e1345542996de7b71a50,50%,401,802,5,160.6,36.8488805800122,0.22944508455798382,109.0,198.0,1.81651376146789,0.12303860523038601,budget-top-k,knapsack-redundancy,1.0,1.0,0.0,1.0,1.0,0.0,0.0,0.0,0.0,1.0,1.0,0.0,288.0,288.0,0.7182044887780549,0.7182044887780549,medium,low,medium_hetero/low_length
hotpotqa,5a72c6f65542994cef4bc402,30%,329,1097,8,137.125,32.92961243318846,0.2401430259485029,79.0,195.0,2.4683544303797467,0.1334320875113948,budget-top-k,knapsack-redundancy,1.0,1.0,0.0,1.0,1.0,0.0,0.0,0.0,0.0,1.0,1.0,0.0,318.0,318.0,0.9665653495440729,0.9665653495440729,medium,low,medium_hetero/low_length
hotpotqa,5a72c6f65542994cef4bc402,40%,438,1097,8,137.125,32.92961243318846,0.2401430259485029,79.0,195.0,2.4683544303797467,0.1334320875113948,budget-top-k,knapsack-redundancy,1.0,1.0,0.0,1.0,1.0,0.0,0.0,0.0,0.0,1.0,1.0,0.0,397.0,397.0,0.906392694063927,0.906392694063927,medium,low,medium_hetero/low_length
hotpotqa,5a72c6f65542994cef4bc402,50%,548,1097,8,137.125,32.92961243318846,0.2401430259485029,79.0,195.0,2.4683544303797467,0.1334320875113948,budget-top-k,knapsack-redundancy,1.0,1.0,0.0,1.0,1.0,0.0,0.0,0.0,0.0,1.0,1.0,0.0,541.0,541.0,0.9872262773722628,0.9872262773722628,medium,low,medium_hetero/low_length
hotpotqa,5a80ad7c5542992097ad3018,30%,313,1046,8,130.75,33.16153645415122,0.25362551781377607,80.0,171.0,2.1375,0.14268642447418745,budget-top-k,knapsack-redundancy,0.5357142857142857,0.5357142857142857,0.0,0.0,0.0,0.0,0.0,0.0,0.0,0.0,0.0,0.0,240.0,240.0,0.7667731629392971,0.7667731629392971,medium,low,medium_hetero/low_length
hotpotqa,5a80ad7c5542992097ad3018,40%,418,1046,8,130.75,33.16153645415122,0.25362551781377607,80.0,171.0,2.1375,0.14268642447418745,budget-top-k,knapsack-redundancy,1.0,1.0,0.0,1.0,1.0,0.0,0.0,0.0,0.0,0.0,0.0,0.0,411.0,411.0,0.9832535885167464,0.9832535885167464,medium,low,medium_hetero/low_length
hotpotqa,5a80ad7c5542992097ad3018,50%,523,1046,8,130.75,33.16153645415122,0.25362551781377607,80.0,171.0,2.1375,0.14268642447418745,budget-top-k,knapsack-redundancy,1.0,1.0,0.0,1.0,1.0,0.0,0.0,0.0,0.0,0.0,0.0,0.0,503.0,503.0,0.9617590822179732,0.9617590822179732,medium,low,medium_hetero/low_length
hotpotqa,5a77a65b5542992a6e59df57,30%,363,1211,8,151.375,41.656144504742635,0.275185099948754,85.0,203.0,2.388235294117647,0.15431461601981833,budget-top-k,knapsack-redundancy,1.0,0.6372549019607843,-0.36274509803921573,1.0,0.0,-1.0,0.0,0.0,0.0,1.0,1.0,0.0,309.0,345.0,0.8512396694214877,0.9504132231404959,medium,medium,medium_hetero/medium_length
hotpotqa,5a77a65b5542992a6e59df57,40%,484,1211,8,151.375,41.656144504742635,0.275185099948754,85.0,203.0,2.388235294117647,0.15431461601981833,budget-top-k,knapsack-redundancy,1.0,0.7549019607843137,-0.2450980392156863,1.0,0.0,-1.0,0.0,0.0,0.0,1.0,1.0,0.0,394.0,461.0,0.8140495867768595,0.9524793388429752,medium,medium,medium_hetero/medium_length
hotpotqa,5a77a65b5542992a6e59df57,50%,605,1211,8,151.375,41.656144504742635,0.275185099948754,85.0,203.0,2.388235294117647,0.15431461601981833,budget-top-k,knapsack-redundancy,1.0,1.0,0.0,1.0,1.0,0.0,0.0,0.0,0.0,1.0,1.0,0.0,589.0,589.0,0.9735537190082645,0.9735537190082645,medium,medium,medium_hetero/medium_length
hotpotqa,5a78b209554299148911f93e,30%,272,909,6,151.5,35.02737025051505,0.2312037640298023,104.0,217.0,2.0865384615384617,0.12412907957462416,budget-top-k,knapsack-redundancy,0.5625,0.5625,0.0,0.0,0.0,0.0,0.5,0.5,0.0,1.0,1.0,0.0,236.0,236.0,0.8676470588235294,0.8676470588235294,medium,low,medium_hetero/low_length
hotpotqa,5a78b209554299148911f93e,40%,363,909,6,151.5,35.02737025051505,0.2312037640298023,104.0,217.0,2.0865384615384617,0.12412907957462416,budget-top-k,knapsack-redundancy,0.3782894736842105,0.763157894736842,0.3848684210526315,0.0,0.0,0.0,0.0,0.5,0.5,0.5,0.5,0.0,349.0,301.0,0.9614325068870524,0.8292011019283747,medium,low,medium_hetero/low_length
hotpotqa,5a78b209554299148911f93e,50%,454,909,6,151.5,35.02737025051505,0.2312037640298023,104.0,217.0,2.0865384615384617,0.12412907957462416,budget-top-k,knapsack-redundancy,0.59375,0.7894736842105263,0.19572368421052633,0.0,0.0,0.0,0.5,0.5,0.0,1.0,0.5,-0.5,453.0,444.0,0.9977973568281938,0.9779735682819384,medium,low,medium_hetero/low_length
hotpotqa,5ab85a1155429934fafe6d7c,30%,388,1296,9,144.0,38.16047984790315,0.2650033322771052,82.0,196.0,2.3902439024390243,0.14609053497942392,budget-top-k,knapsack-redundancy,0.8125,0.8125,0.0,0.0,0.0,0.0,0.0,0.0,0.0,0.0,0.0,0.0,366.0,366.0,0.9432989690721649,0.9432989690721649,medium,medium,medium_hetero/medium_length
hotpotqa,5ab85a1155429934fafe6d7c,40%,518,1296,9,144.0,38.16047984790315,0.2650033322771052,82.0,196.0,2.3902439024390243,0.14609053497942392,budget-top-k,knapsack-redundancy,1.0,1.0,0.0,1.0,1.0,0.0,0.0,0.0,0.0,0.0,0.0,0.0,487.0,487.0,0.9401544401544402,0.9401544401544402,medium,medium,medium_hetero/medium_length
hotpotqa,5ab85a1155429934fafe6d7c,50%,648,1296,9,144.0,38.16047984790315,0.2650033322771052,82.0,196.0,2.3902439024390243,0.14609053497942392,budget-top-k,knapsack-redundancy,1.0,1.0,0.0,1.0,1.0,0.0,0.0,0.0,0.0,0.0,0.0,0.0,608.0,608.0,0.9382716049382716,0.9382716049382716,medium,medium,medium_hetero/medium_length
hotpotqa,5a8da81e554299068b959d7e,30%,486,1620,12,135.08333333333334,42.03660772337474,0.31119018672455084,33.0,211.0,6.393939393939394,0.15921242031667693,budget-top-k,knapsack-redundancy,1.0,1.0,0.0,1.0,1.0,0.0,0.5,0.5,0.0,1.0,1.0,0.0,441.0,441.0,0.9074074074074074,0.9074074074074074,high,high,high_hetero/high_length
hotpotqa,5a8da81e554299068b959d7e,40%,648,1620,12,135.08333333333334,42.03660772337474,0.31119018672455084,33.0,211.0,6.393939393939394,0.15921242031667693,budget-top-k,knapsack-redundancy,1.0,1.0,0.0,1.0,1.0,0.0,0.5,0.5,0.0,1.0,1.0,0.0,619.0,619.0,0.9552469135802469,0.9552469135802469,high,high,high_hetero/high_length
hotpotqa,5a8da81e554299068b959d7e,50%,810,1620,12,135.08333333333334,42.03660772337474,0.31119018672455084,33.0,211.0,6.393939393939394,0.15921242031667693,budget-top-k,knapsack-redundancy,1.0,1.0,0.0,1.0,1.0,0.0,0.5,0.5,0.0,1.0,1.0,0.0,799.0,799.0,0.9864197530864197,0.9864197530864197,high,high,high_hetero/high_length
hotpotqa,5ab8f57b5542991b5579f097,30%,256,856,5,171.2,21.05611550120297,0.12299132886216689,140.0,195.0,1.3928571428571428,0.06728971962616836,budget-top-k,knapsack-redundancy,0.18181818181818182,0.18181818181818182,0.0,0.0,0.0,0.0,0.0,0.0,0.0,1.0,1.0,0.0,187.0,187.0,0.73046875,0.73046875,low,low,low_hetero/low_length
hotpotqa,5ab8f57b5542991b5579f097,40%,342,856,5,171.2,21.05611550120297,0.12299132886216689,140.0,195.0,1.3928571428571428,0.06728971962616836,budget-top-k,knapsack-redundancy,0.8181818181818181,0.8181818181818181,0.0,0.0,0.0,0.0,0.0,0.0,0.0,1.0,1.0,0.0,340.0,340.0,0.9941520467836257,0.9941520467836257,low,low,low_hetero/low_length
hotpotqa,5ab8f57b5542991b5579f097,50%,428,856,5,171.2,21.05611550120297,0.12299132886216689,140.0,195.0,1.3928571428571428,0.06728971962616836,budget-top-k,knapsack-redundancy,0.5757575757575758,0.5757575757575758,0.0,0.0,0.0,0.0,0.0,0.0,0.0,1.0,1.0,0.0,368.0,368.0,0.8598130841121495,0.8598130841121495,low,low,low_hetero/low_length
hotpotqa,5ab6bf6d55429953192ad372,30%,455,1519,11,138.0909090909091,53.612167115403174,0.38823820820897625,45.0,214.0,4.7555555555555555,0.21892393320964754,budget-top-k,knapsack-redundancy,0.6209150326797385,0.6209150326797385,0.0,0.0,0.0,0.0,0.5,0.5,0.0,1.0,1.0,0.0,452.0,452.0,0.9934065934065934,0.9934065934065934,high,high,high_hetero/high_length
hotpotqa,5ab6bf6d55429953192ad372,40%,607,1519,11,138.0909090909091,53.612167115403174,0.38823820820897625,45.0,214.0,4.7555555555555555,0.21892393320964754,budget-top-k,knapsack-redundancy,0.6405228758169935,0.6431372549019607,0.0026143790849672,0.0,0.0,0.0,0.5,0.5,0.0,1.0,1.0,0.0,548.0,606.0,0.9028006589785832,0.9983525535420099,high,high,high_hetero/high_length
hotpotqa,5ab6bf6d55429953192ad372,50%,759,1519,11,138.0909090909091,53.612167115403174,0.38823820820897625,45.0,214.0,4.7555555555555555,0.21892393320964754,budget-top-k,knapsack-redundancy,0.6627450980392157,0.6627450980392157,0.0,0.0,0.0,0.0,0.5,0.5,0.0,1.0,1.0,0.0,717.0,702.0,0.9446640316205533,0.924901185770751,high,high,high_hetero/high_length
hotpotqa,5ae7385d5542992ae0d163da,30%,634,2114,14,151.07142857142858,45.51838605868792,0.3013037375043172,54.0,217.0,4.018518518518518,0.16754474839581235,budget-top-k,knapsack-redundancy,1.0,1.0,0.0,1.0,1.0,0.0,0.5,0.5,0.0,1.0,1.0,0.0,628.0,628.0,0.9905362776025236,0.9905362776025236,high,high,high_hetero/high_length
hotpotqa,5ae7385d5542992ae0d163da,40%,845,2114,14,151.07142857142858,45.51838605868792,0.3013037375043172,54.0,217.0,4.018518518518518,0.16754474839581235,budget-top-k,knapsack-redundancy,1.0,1.0,0.0,1.0,1.0,0.0,0.5,0.5,0.0,1.0,1.0,0.0,840.0,794.0,0.9940828402366864,0.9396449704142011,high,high,high_hetero/high_length
hotpotqa,5ae7385d5542992ae0d163da,50%,1057,2114,14,151.07142857142858,45.51838605868792,0.3013037375043172,54.0,217.0,4.018518518518518,0.16754474839581235,budget-top-k,knapsack-redundancy,1.0,1.0,0.0,1.0,1.0,0.0,0.5,0.5,0.0,1.0,1.0,0.0,1057.0,1044.0,1.0,0.9877010406811731,high,high,high_hetero/high_length
hotpotqa,5a7dd9445542997cc2c474ac,30%,430,1435,10,143.7,41.01962944737556,0.2854532320624604,86.0,215.0,2.5,0.15775922059846903,budget-top-k,knapsack-redundancy,0.6944444444444445,0.7222222222222222,0.02777777777777768,0.0,0.0,0.0,0.0,0.0,0.0,1.0,1.0,0.0,355.0,411.0,0.8255813953488372,0.9558139534883721,medium,high,medium_hetero/high_length
hotpotqa,5a7dd9445542997cc2c474ac,40%,574,1435,10,143.7,41.01962944737556,0.2854532320624604,86.0,215.0,2.5,0.15775922059846903,budget-top-k,knapsack-redundancy,1.0,0.7222222222222222,-0.2777777777777778,1.0,0.0,-1.0,0.0,0.0,0.0,1.0,1.0,0.0,567.0,551.0,0.9878048780487805,0.9599303135888502,medium,high,medium_hetero/high_length
hotpotqa,5a7dd9445542997cc2c474ac,50%,717,1435,10,143.7,41.01962944737556,0.2854532320624604,86.0,215.0,2.5,0.15775922059846903,budget-top-k,knapsack-redundancy,1.0,0.7777777777777778,-0.2222222222222222,1.0,0.0,-1.0,0.0,0.0,0.0,1.0,1.0,0.0,653.0,714.0,0.9107391910739191,0.99581589958159,medium,high,medium_hetero/high_length
hotpotqa,5ab446d455429942dd415f07,30%,498,1661,12,138.41666666666666,37.16732062204945,0.2685176685518323,36.0,181.0,5.027777777777778,0.13410596026490063,budget-top-k,knapsack-redundancy,1.0,1.0,0.0,1.0,1.0,0.0,1.0,1.0,0.0,1.0,1.0,0.0,498.0,498.0,1.0,1.0,medium,high,medium_hetero/high_length
hotpotqa,5ab446d455429942dd415f07,40%,664,1661,12,138.41666666666666,37.16732062204945,0.2685176685518323,36.0,181.0,5.027777777777778,0.13410596026490063,budget-top-k,knapsack-redundancy,1.0,1.0,0.0,1.0,1.0,0.0,1.0,1.0,0.0,1.0,1.0,0.0,643.0,643.0,0.9683734939759037,0.9683734939759037,medium,high,medium_hetero/high_length
hotpotqa,5ab446d455429942dd415f07,50%,830,1661,12,138.41666666666666,37.16732062204945,0.2685176685518323,36.0,181.0,5.027777777777778,0.13410596026490063,budget-top-k,knapsack-redundancy,1.0,1.0,0.0,1.0,1.0,0.0,1.0,1.0,0.0,1.0,1.0,0.0,822.0,822.0,0.9903614457831326,0.9903614457831326,medium,high,medium_hetero/high_length
hotpotqa,5ac497025542997ea680ca8d,30%,389,1299,9,144.33333333333334,35.84844642534891,0.24837260802782155,96.0,200.0,2.0833333333333335,0.1383970575656488,budget-top-k,knapsack-redundancy,0.45738636363636365,0.45738636363636365,0.0,0.0,0.0,0.0,0.0,0.0,0.0,0.0,0.0,0.0,357.0,357.0,0.9177377892030848,0.9177377892030848,medium,medium,medium_hetero/medium_length
hotpotqa,5ac497025542997ea680ca8d,40%,519,1299,9,144.33333333333334,35.84844642534891,0.24837260802782155,96.0,200.0,2.0833333333333335,0.1383970575656488,budget-top-k,knapsack-redundancy,0.45738636363636365,0.6875,0.23011363636363635,0.0,0.0,0.0,0.0,0.5,0.5,0.0,0.5,0.5,480.0,514.0,0.9248554913294798,0.9903660886319846,medium,medium,medium_hetero/medium_length
hotpotqa,5ac497025542997ea680ca8d,50%,649,1299,9,144.33333333333334,35.84844642534891,0.24837260802782155,96.0,200.0,2.0833333333333335,0.1383970575656488,budget-top-k,knapsack-redundancy,0.71875,0.734375,0.015625,0.0,0.0,0.0,0.5,0.5,0.0,0.5,0.5,0.0,594.0,642.0,0.9152542372881356,0.9892141756548536,medium,medium,medium_hetero/medium_length
hotpotqa,5a7b7bed5542997c3ec971bc,30%,313,1045,8,130.625,56.1069013134748,0.429526517232343,56.0,206.0,3.6785714285714284,0.2415071770334929,budget-top-k,knapsack-redundancy,1.0,0.6616161616161617,-0.33838383838383834,1.0,0.0,-1.0,0.5,0.5,0.0,1.0,1.0,0.0,259.0,312.0,0.8274760383386581,0.9968051118210862,high,low,high_hetero/low_length
hotpotqa,5a7b7bed5542997c3ec971bc,40%,418,1045,8,130.625,56.1069013134748,0.429526517232343,56.0,206.0,3.6785714285714284,0.2415071770334929,budget-top-k,knapsack-redundancy,1.0,1.0,0.0,1.0,1.0,0.0,0.5,0.5,0.0,1.0,1.0,0.0,394.0,394.0,0.9425837320574163,0.9425837320574163,high,low,high_hetero/low_length
hotpotqa,5a7b7bed5542997c3ec971bc,50%,522,1045,8,130.625,56.1069013134748,0.429526517232343,56.0,206.0,3.6785714285714284,0.2415071770334929,budget-top-k,knapsack-redundancy,1.0,1.0,0.0,1.0,1.0,0.0,0.5,0.5,0.0,1.0,1.0,0.0,506.0,506.0,0.9693486590038314,0.9693486590038314,high,low,high_hetero/low_length
hotpotqa,5a89706055429951533612f9,30%,483,1611,10,161.1,33.15855847288902,0.20582593713773445,110.0,216.0,1.9636363636363636,0.11613904407200493,budget-top-k,knapsack-redundancy,0.8125,0.8125,0.0,0.0,0.0,0.0,0.5,0.5,0.0,0.6666666666666666,0.6666666666666666,0.0,459.0,459.0,0.9503105590062112,0.9503105590062112,low,high,low_hetero/high_length
hotpotqa,5a89706055429951533612f9,40%,644,1611,10,161.1,33.15855847288902,0.20582593713773445,110.0,216.0,1.9636363636363636,0.11613904407200493,budget-top-k,knapsack-redundancy,0.8125,0.8125,0.0,0.0,0.0,0.0,0.5,0.5,0.0,0.6666666666666666,0.6666666666666666,0.0,615.0,615.0,0.9549689440993789,0.9549689440993789,low,high,low_hetero/high_length
hotpotqa,5a89706055429951533612f9,50%,805,1611,10,161.1,33.15855847288902,0.20582593713773445,110.0,216.0,1.9636363636363636,0.11613904407200493,budget-top-k,knapsack-redundancy,0.9375,0.9375,0.0,0.0,0.0,0.0,0.5,0.5,0.0,0.6666666666666666,0.6666666666666666,0.0,799.0,799.0,0.9925465838509316,0.9925465838509316,low,high,low_hetero/high_length
hotpotqa,5ac02edb554299294b218f41,30%,446,1488,12,124.0,40.928799966120025,0.3300709674687099,50.0,178.0,3.56,0.18593189964157708,budget-top-k,knapsack-redundancy,1.0,1.0,0.0,1.0,1.0,0.0,1.0,1.0,0.0,1.0,1.0,0.0,439.0,439.0,0.984304932735426,0.984304932735426,high,high,high_hetero/high_length
hotpotqa,5ac02edb554299294b218f41,40%,595,1488,12,124.0,40.928799966120025,0.3300709674687099,50.0,178.0,3.56,0.18593189964157708,budget-top-k,knapsack-redundancy,1.0,1.0,0.0,1.0,1.0,0.0,1.0,1.0,0.0,1.0,1.0,0.0,579.0,592.0,0.973109243697479,0.9949579831932773,high,high,high_hetero/high_length
hotpotqa,5ac02edb554299294b218f41,50%,744,1488,12,124.0,40.928799966120025,0.3300709674687099,50.0,178.0,3.56,0.18593189964157708,budget-top-k,knapsack-redundancy,1.0,1.0,0.0,1.0,1.0,0.0,1.0,1.0,0.0,1.0,1.0,0.0,727.0,740.0,0.9771505376344086,0.9946236559139785,high,high,high_hetero/high_length
hotpotqa,5ab67772554299110f219a12,30%,381,1272,9,141.33333333333334,52.066197180981916,0.3683929045824192,52.0,202.0,3.8846153846153846,0.20684835779175392,budget-top-k,knapsack-redundancy,0.75,0.75,0.0,0.0,0.0,0.0,0.0,0.0,0.0,1.0,1.0,0.0,336.0,336.0,0.8818897637795275,0.8818897637795275,high,medium,high_hetero/medium_length
hotpotqa,5ab67772554299110f219a12,40%,508,1272,9,141.33333333333334,52.066197180981916,0.3683929045824192,52.0,202.0,3.8846153846153846,0.20684835779175392,budget-top-k,knapsack-redundancy,1.0,0.75,-0.25,1.0,0.0,-1.0,0.5,0.0,-0.5,1.0,1.0,0.0,507.0,435.0,0.9980314960629921,0.8562992125984252,high,medium,high_hetero/medium_length
hotpotqa,5ab67772554299110f219a12,50%,636,1272,9,141.33333333333334,52.066197180981916,0.3683929045824192,52.0,202.0,3.8846153846153846,0.20684835779175392,budget-top-k,knapsack-redundancy,0.75,0.75,0.0,0.0,0.0,0.0,0.0,0.0,0.0,1.0,1.0,0.0,626.0,626.0,0.9842767295597484,0.9842767295597484,high,medium,high_hetero/medium_length
hotpotqa,5a7b65ab5542997c3ec97144,30%,461,1539,10,153.9,28.623242304113628,0.18598597988377924,101.0,207.0,2.0495049504950495,0.10350877192982444,budget-top-k,knapsack-redundancy,0.5882352941176471,0.5882352941176471,0.0,0.0,0.0,0.0,0.5,0.5,0.0,0.0,0.0,0.0,422.0,422.0,0.9154013015184381,0.9154013015184381,low,high,low_hetero/high_length
hotpotqa,5a7b65ab5542997c3ec97144,40%,615,1539,10,153.9,28.623242304113628,0.18598597988377924,101.0,207.0,2.0495049504950495,0.10350877192982444,budget-top-k,knapsack-redundancy,0.6176470588235294,0.6176470588235294,0.0,0.0,0.0,0.0,0.5,0.5,0.0,0.5,0.5,0.0,549.0,549.0,0.8926829268292683,0.8926829268292683,low,high,low_hetero/high_length
hotpotqa,5a7b65ab5542997c3ec97144,50%,769,1539,10,153.9,28.623242304113628,0.18598597988377924,101.0,207.0,2.0495049504950495,0.10350877192982444,budget-top-k,knapsack-redundancy,0.6176470588235294,0.6176470588235294,0.0,0.0,0.0,0.0,0.5,0.5,0.0,0.5,0.5,0.0,704.0,704.0,0.9154746423927178,0.9154746423927178,low,high,low_hetero/high_length
hotpotqa,5a760faa5542994ccc9186a8,30%,270,903,6,150.5,30.75033875152164,0.20432118771775176,100.0,189.0,1.89,0.11461794019933547,budget-top-k,knapsack-redundancy,0.7867132867132867,0.7867132867132867,0.0,0.0,0.0,0.0,0.0,0.0,0.0,1.0,1.0,0.0,230.0,230.0,0.8518518518518519,0.8518518518518519,low,low,low_hetero/low_length
hotpotqa,5a760faa5542994ccc9186a8,40%,361,903,6,150.5,30.75033875152164,0.20432118771775176,100.0,189.0,1.89,0.11461794019933547,budget-top-k,knapsack-redundancy,0.7272727272727273,0.7272727272727273,0.0,0.0,0.0,0.0,0.0,0.0,0.0,0.0,0.0,0.0,287.0,287.0,0.7950138504155124,0.7950138504155124,low,low,low_hetero/low_length
hotpotqa,5a760faa5542994ccc9186a8,50%,451,903,6,150.5,30.75033875152164,0.20432118771775176,100.0,189.0,1.89,0.11461794019933547,budget-top-k,knapsack-redundancy,0.7272727272727273,0.7272727272727273,0.0,0.0,0.0,0.0,0.0,0.0,0.0,0.0,0.0,0.0,430.0,430.0,0.9534368070953437,0.9534368070953437,low,low,low_hetero/low_length
hotpotqa,5adbe1a7554299438c868cc3,30%,355,1184,8,148.0,42.87773314903669,0.28971441316916685,74.0,199.0,2.689189189189189,0.1617398648648649,budget-top-k,knapsack-redundancy,1.0,1.0,0.0,1.0,1.0,0.0,0.5,0.5,0.0,1.0,1.0,0.0,332.0,332.0,0.9352112676056338,0.9352112676056338,medium,medium,medium_hetero/medium_length
hotpotqa,5adbe1a7554299438c868cc3,40%,473,1184,8,148.0,42.87773314903669,0.28971441316916685,74.0,199.0,2.689189189189189,0.1617398648648649,budget-top-k,knapsack-redundancy,1.0,1.0,0.0,1.0,1.0,0.0,0.5,0.5,0.0,1.0,1.0,0.0,425.0,425.0,0.8985200845665962,0.8985200845665962,medium,medium,medium_hetero/medium_length
hotpotqa,5adbe1a7554299438c868cc3,50%,592,1184,8,148.0,42.87773314903669,0.28971441316916685,74.0,199.0,2.689189189189189,0.1617398648648649,budget-top-k,knapsack-redundancy,1.0,1.0,0.0,1.0,1.0,0.0,0.5,0.5,0.0,1.0,1.0,0.0,531.0,531.0,0.8969594594594594,0.8969594594594594,medium,medium,medium_hetero/medium_length
hotpotqa,5a80aeff5542996402f6a5eb,30%,414,1383,9,153.66666666666666,28.193773938387334,0.18347358311314968,115.0,191.0,1.6608695652173913,0.10412147505422986,budget-top-k,knapsack-redundancy,0.7872596153846154,1.0,0.21274038461538458,0.0,1.0,1.0,0.0,0.5,0.5,0.25,1.0,0.75,356.0,411.0,0.8599033816425121,0.9927536231884058,low,medium,low_hetero/medium_length
hotpotqa,5a80aeff5542996402f6a5eb,40%,553,1383,9,153.66666666666666,28.193773938387334,0.18347358311314968,115.0,191.0,1.6608695652173913,0.10412147505422986,budget-top-k,knapsack-redundancy,0.8257211538461539,0.8257211538461539,0.0,0.0,0.0,0.0,0.0,0.0,0.0,0.5,0.5,0.0,536.0,536.0,0.969258589511754,0.969258589511754,low,medium,low_hetero/medium_length
hotpotqa,5a80aeff5542996402f6a5eb,50%,691,1383,9,153.66666666666666,28.193773938387334,0.18347358311314968,115.0,191.0,1.6608695652173913,0.10412147505422986,budget-top-k,knapsack-redundancy,0.8257211538461539,0.8257211538461539,0.0,0.0,0.0,0.0,0.0,0.0,0.0,0.5,0.5,0.0,651.0,651.0,0.9421128798842258,0.9421128798842258,low,medium,low_hetero/medium_length
hotpotqa,5ae74890554299572ea547af,30%,419,1399,10,139.9,36.01513570708848,0.25743485137304134,76.0,200.0,2.6315789473684212,0.1467476769120799,budget-top-k,knapsack-redundancy,1.0,1.0,0.0,1.0,1.0,0.0,0.5,0.5,0.0,0.0,0.0,0.0,389.0,389.0,0.9284009546539379,0.9284009546539379,medium,medium,medium_hetero/medium_length
hotpotqa,5ae74890554299572ea547af,40%,559,1399,10,139.9,36.01513570708848,0.25743485137304134,76.0,200.0,2.6315789473684212,0.1467476769120799,budget-top-k,knapsack-redundancy,1.0,1.0,0.0,1.0,1.0,0.0,0.5,0.5,0.0,0.0,0.0,0.0,534.0,534.0,0.9552772808586762,0.9552772808586762,medium,medium,medium_hetero/medium_length
hotpotqa,5ae74890554299572ea547af,50%,699,1399,10,139.9,36.01513570708848,0.25743485137304134,76.0,200.0,2.6315789473684212,0.1467476769120799,budget-top-k,knapsack-redundancy,1.0,1.0,0.0,1.0,1.0,0.0,0.5,0.5,0.0,0.0,0.0,0.0,660.0,660.0,0.944206008583691,0.944206008583691,medium,medium,medium_hetero/medium_length
hotpotqa,5ac3d9c9554299204fd21ea3,30%,408,1360,9,151.11111111111111,43.12370949938855,0.28537748933418894,84.0,213.0,2.5357142857142856,0.162908496732026,budget-top-k,knapsack-redundancy,1.0,1.0,0.0,1.0,1.0,0.0,0.0,0.0,0.0,1.0,1.0,0.0,395.0,395.0,0.9681372549019608,0.9681372549019608,medium,medium,medium_hetero/medium_length
hotpotqa,5ac3d9c9554299204fd21ea3,40%,544,1360,9,151.11111111111111,43.12370949938855,0.28537748933418894,84.0,213.0,2.5357142857142856,0.162908496732026,budget-top-k,knapsack-redundancy,1.0,1.0,0.0,1.0,1.0,0.0,0.0,0.0,0.0,1.0,1.0,0.0,524.0,493.0,0.9632352941176471,0.90625,medium,medium,medium_hetero/medium_length
hotpotqa,5ac3d9c9554299204fd21ea3,50%,680,1360,9,151.11111111111111,43.12370949938855,0.28537748933418894,84.0,213.0,2.5357142857142856,0.162908496732026,budget-top-k,knapsack-redundancy,1.0,1.0,0.0,1.0,1.0,0.0,0.0,0.0,0.0,1.0,1.0,0.0,622.0,642.0,0.9147058823529411,0.9441176470588235,medium,medium,medium_hetero/medium_length
hotpotqa,5abc8620554299700f9d78e2,30%,325,1085,7,155.0,32.54008516978932,0.2099360333534795,82.0,188.0,2.292682926829268,0.10375246872942734,budget-top-k,knapsack-redundancy,0.7307692307692308,0.7307692307692308,0.0,0.0,0.0,0.0,0.0,0.0,0.0,1.0,1.0,0.0,313.0,313.0,0.963076923076923,0.963076923076923,low,low,low_hetero/low_length
hotpotqa,5abc8620554299700f9d78e2,40%,434,1085,7,155.0,32.54008516978932,0.2099360333534795,82.0,188.0,2.292682926829268,0.10375246872942734,budget-top-k,knapsack-redundancy,0.7307692307692308,0.7307692307692308,0.0,0.0,0.0,0.0,0.0,0.0,0.0,1.0,1.0,0.0,395.0,395.0,0.9101382488479263,0.9101382488479263,low,low,low_hetero/low_length
hotpotqa,5abc8620554299700f9d78e2,50%,542,1085,7,155.0,32.54008516978932,0.2099360333534795,82.0,188.0,2.292682926829268,0.10375246872942734,budget-top-k,knapsack-redundancy,0.7307692307692308,0.7307692307692308,0.0,0.0,0.0,0.0,0.0,0.0,0.0,1.0,1.0,0.0,395.0,395.0,0.7287822878228782,0.7287822878228782,low,low,low_hetero/low_length
hotpotqa,5a7b4bc35542992d025e67e0,30%,394,1314,8,164.25,31.29197181386945,0.19051428806008797,121.0,213.0,1.7603305785123966,0.10768645357686446,budget-top-k,knapsack-redundancy,0.6333333333333333,0.6333333333333333,0.0,0.0,0.0,0.0,0.0,0.0,0.0,1.0,1.0,0.0,386.0,386.0,0.9796954314720813,0.9796954314720813,low,medium,low_hetero/medium_length
hotpotqa,5a7b4bc35542992d025e67e0,40%,525,1314,8,164.25,31.29197181386945,0.19051428806008797,121.0,213.0,1.7603305785123966,0.10768645357686446,budget-top-k,knapsack-redundancy,0.6666666666666666,0.7666666666666666,0.09999999999999998,0.0,0.0,0.0,0.0,0.5,0.5,1.0,1.0,0.0,517.0,508.0,0.9847619047619047,0.9676190476190476,low,medium,low_hetero/medium_length
hotpotqa,5a7b4bc35542992d025e67e0,50%,657,1314,8,164.25,31.29197181386945,0.19051428806008797,121.0,213.0,1.7603305785123966,0.10768645357686446,budget-top-k,knapsack-redundancy,1.0,0.7666666666666666,-0.2333333333333334,1.0,0.0,-1.0,0.5,0.5,0.0,1.0,1.0,0.0,559.0,639.0,0.8508371385083714,0.9726027397260274,low,medium,low_hetero/medium_length
hotpotqa,5a85dfcc5542994775f60673,30%,460,1535,10,153.5,42.67141900616852,0.2779897003659187,57.0,206.0,3.6140350877192984,0.1491205211726383,budget-top-k,knapsack-redundancy,1.0,1.0,0.0,1.0,1.0,0.0,0.5,0.5,0.0,1.0,1.0,0.0,416.0,416.0,0.9043478260869565,0.9043478260869565,medium,high,medium_hetero/high_length
hotpotqa,5a85dfcc5542994775f60673,40%,614,1535,10,153.5,42.67141900616852,0.2779897003659187,57.0,206.0,3.6140350877192984,0.1491205211726383,budget-top-k,knapsack-redundancy,1.0,1.0,0.0,1.0,1.0,0.0,0.5,0.5,0.0,1.0,1.0,0.0,608.0,614.0,0.990228013029316,1.0,medium,high,medium_hetero/high_length
hotpotqa,5a85dfcc5542994775f60673,50%,767,1535,10,153.5,42.67141900616852,0.2779897003659187,57.0,206.0,3.6140350877192984,0.1491205211726383,budget-top-k,knapsack-redundancy,1.0,1.0,0.0,1.0,1.0,0.0,0.5,0.5,0.0,1.0,1.0,0.0,712.0,714.0,0.9282920469361148,0.9308996088657105,medium,high,medium_hetero/high_length
hotpotqa,5a7b76735542997c3ec9719f,30%,258,863,6,143.83333333333334,40.69978159919562,0.28296487786231017,67.0,186.0,2.7761194029850746,0.15044418694476636,budget-top-k,knapsack-redundancy,0.5416666666666666,0.5416666666666666,0.0,0.0,0.0,0.0,0.5,0.5,0.0,1.0,1.0,0.0,183.0,183.0,0.7093023255813954,0.7093023255813954,medium,low,medium_hetero/low_length
hotpotqa,5a7b76735542997c3ec9719f,40%,345,863,6,143.83333333333334,40.69978159919562,0.28296487786231017,67.0,186.0,2.7761194029850746,0.15044418694476636,budget-top-k,knapsack-redundancy,1.0,1.0,0.0,1.0,1.0,0.0,0.5,0.5,0.0,1.0,1.0,0.0,290.0,290.0,0.8405797101449275,0.8405797101449275,medium,low,medium_hetero/low_length
hotpotqa,5a7b76735542997c3ec9719f,50%,431,863,6,143.83333333333334,40.69978159919562,0.28296487786231017,67.0,186.0,2.7761194029850746,0.15044418694476636,budget-top-k,knapsack-redundancy,1.0,1.0,0.0,1.0,1.0,0.0,0.5,0.5,0.0,1.0,1.0,0.0,357.0,357.0,0.8283062645011601,0.8283062645011601,medium,low,medium_hetero/low_length
hotpotqa,5a8c66db554299585d9e3683,30%,488,1627,11,148.0,35.447784903227095,0.23951206015693982,62.0,194.0,3.129032258064516,0.11704266249720807,budget-top-k,knapsack-redundancy,0.7857142857142857,0.7857142857142857,0.0,0.0,0.0,0.0,0.5,0.5,0.0,0.0,0.0,0.0,440.0,454.0,0.9016393442622951,0.930327868852459,medium,high,medium_hetero/high_length
hotpotqa,5a8c66db554299585d9e3683,40%,650,1627,11,148.0,35.447784903227095,0.23951206015693982,62.0,194.0,3.129032258064516,0.11704266249720807,budget-top-k,knapsack-redundancy,0.7857142857142857,0.7857142857142857,0.0,0.0,0.0,0.0,0.5,0.5,0.0,0.0,0.0,0.0,648.0,648.0,0.9969230769230769,0.9969230769230769,medium,high,medium_hetero/high_length
hotpotqa,5a8c66db554299585d9e3683,50%,813,1627,11,148.0,35.447784903227095,0.23951206015693982,62.0,194.0,3.129032258064516,0.11704266249720807,budget-top-k,knapsack-redundancy,0.7857142857142857,0.7857142857142857,0.0,0.0,0.0,0.0,0.5,0.5,0.0,0.0,0.0,0.0,763.0,809.0,0.9384993849938499,0.995079950799508,medium,high,medium_hetero/high_length
hotpotqa,5a7e05ba5542995f4f402392,30%,444,1483,11,134.8181818181818,55.8175895734053,0.4140212308209429,27.0,213.0,7.888888888888889,0.23441427082694788,budget-top-k,knapsack-redundancy,0.6333333333333333,1.0,0.3666666666666667,0.0,1.0,1.0,0.5,1.0,0.5,0.5,1.0,0.5,430.0,433.0,0.9684684684684685,0.9752252252252253,high,high,high_hetero/high_length
hotpotqa,5a7e05ba5542995f4f402392,40%,593,1483,11,134.8181818181818,55.8175895734053,0.4140212308209429,27.0,213.0,7.888888888888889,0.23441427082694788,budget-top-k,knapsack-redundancy,1.0,1.0,0.0,1.0,1.0,0.0,1.0,1.0,0.0,1.0,1.0,0.0,538.0,581.0,0.9072512647554806,0.9797639123102867,high,high,high_hetero/high_length
hotpotqa,5a7e05ba5542995f4f402392,50%,741,1483,11,134.8181818181818,55.8175895734053,0.4140212308209429,27.0,213.0,7.888888888888889,0.23441427082694788,budget-top-k,knapsack-redundancy,1.0,1.0,0.0,1.0,1.0,0.0,1.0,1.0,0.0,1.0,1.0,0.0,699.0,727.0,0.9433198380566802,0.9811066126855601,high,high,high_hetero/high_length
hotpotqa,5a88a4245542997e5c09a668,30%,309,1033,7,147.57142857142858,47.629094178295034,0.3227528163098405,72.0,202.0,2.8055555555555554,0.18061125708753978,budget-top-k,knapsack-redundancy,0.4666666666666666,0.4666666666666666,0.0,0.0,0.0,0.0,0.5,0.5,0.0,0.0,0.0,0.0,218.0,218.0,0.7055016181229773,0.7055016181229773,high,low,high_hetero/low_length
hotpotqa,5a88a4245542997e5c09a668,40%,413,1033,7,147.57142857142858,47.629094178295034,0.3227528163098405,72.0,202.0,2.8055555555555554,0.18061125708753978,budget-top-k,knapsack-redundancy,0.48888888888888893,0.48888888888888893,0.0,0.0,0.0,0.0,0.5,0.5,0.0,0.2,0.2,0.0,403.0,403.0,0.9757869249394673,0.9757869249394673,high,low,high_hetero/low_length
hotpotqa,5a88a4245542997e5c09a668,50%,516,1033,7,147.57142857142858,47.629094178295034,0.3227528163098405,72.0,202.0,2.8055555555555554,0.18061125708753978,budget-top-k,knapsack-redundancy,0.48888888888888893,0.48888888888888893,0.0,0.0,0.0,0.0,0.5,0.5,0.0,0.2,0.2,0.0,497.0,497.0,0.9631782945736435,0.9631782945736435,high,low,high_hetero/low_length
hotpotqa,5a8799c55542996e4f308877,30%,445,1485,10,148.5,43.384905209070126,0.2921542438321221,59.0,217.0,3.6779661016949152,0.1577777777777778,budget-top-k,knapsack-redundancy,1.0,1.0,0.0,1.0,1.0,0.0,0.5,0.5,0.0,1.0,1.0,0.0,445.0,445.0,1.0,1.0,medium,high,medium_hetero/high_length
hotpotqa,5a8799c55542996e4f308877,40%,594,1485,10,148.5,43.384905209070126,0.2921542438321221,59.0,217.0,3.6779661016949152,0.1577777777777778,budget-top-k,knapsack-redundancy,1.0,1.0,0.0,1.0,1.0,0.0,0.5,0.5,0.0,1.0,1.0,0.0,584.0,584.0,0.9831649831649831,0.9831649831649831,medium,high,medium_hetero/high_length
hotpotqa,5a8799c55542996e4f308877,50%,742,1485,10,148.5,43.384905209070126,0.2921542438321221,59.0,217.0,3.6779661016949152,0.1577777777777778,budget-top-k,knapsack-redundancy,1.0,1.0,0.0,1.0,1.0,0.0,0.5,0.5,0.0,1.0,1.0,0.0,736.0,736.0,0.9919137466307277,0.9919137466307277,medium,high,medium_hetero/high_length
hotpotqa,5ac038db554299294b218f57,30%,482,1609,11,146.45454545454547,41.194358917351416,0.28127743518986065,68.0,198.0,2.911764705882353,0.154393092940579,budget-top-k,knapsack-redundancy,0.7666666666666666,0.7666666666666666,0.0,0.0,0.0,0.0,0.5,0.5,0.0,1.0,1.0,0.0,460.0,460.0,0.9543568464730291,0.9543568464730291,medium,high,medium_hetero/high_length
hotpotqa,5ac038db554299294b218f57,40%,643,1609,11,146.45454545454547,41.194358917351416,0.28127743518986065,68.0,198.0,2.911764705882353,0.154393092940579,budget-top-k,knapsack-redundancy,0.8,0.8,0.0,0.0,0.0,0.0,1.0,1.0,0.0,1.0,1.0,0.0,613.0,613.0,0.9533437013996889,0.9533437013996889,medium,high,medium_hetero/high_length
hotpotqa,5ac038db554299294b218f57,50%,804,1609,11,146.45454545454547,41.194358917351416,0.28127743518986065,68.0,198.0,2.911764705882353,0.154393092940579,budget-top-k,knapsack-redundancy,0.8,0.7666666666666666,-0.03333333333333344,0.0,0.0,0.0,1.0,0.5,-0.5,1.0,1.0,0.0,765.0,800.0,0.9514925373134329,0.9950248756218906,medium,high,medium_hetero/high_length
hotpotqa,5a764c0b55429976ec32bd89,30%,351,1171,8,146.375,47.36807337226204,0.3236076746183572,60.0,202.0,3.3666666666666667,0.17367634500426976,budget-top-k,knapsack-redundancy,0.6388888888888888,0.6388888888888888,0.0,0.0,0.0,0.0,0.5,0.5,0.0,0.25,0.25,0.0,341.0,341.0,0.9715099715099715,0.9715099715099715,high,medium,high_hetero/medium_length
hotpotqa,5a764c0b55429976ec32bd89,40%,468,1171,8,146.375,47.36807337226204,0.3236076746183572,60.0,202.0,3.3666666666666667,0.17367634500426976,budget-top-k,knapsack-redundancy,1.0,1.0,0.0,1.0,1.0,0.0,0.5,0.5,0.0,1.0,1.0,0.0,420.0,420.0,0.8974358974358975,0.8974358974358975,high,medium,high_hetero/medium_length
hotpotqa,5a764c0b55429976ec32bd89,50%,585,1171,8,146.375,47.36807337226204,0.3236076746183572,60.0,202.0,3.3666666666666667,0.17367634500426976,budget-top-k,knapsack-redundancy,1.0,1.0,0.0,1.0,1.0,0.0,0.5,0.5,0.0,1.0,1.0,0.0,562.0,563.0,0.9606837606837607,0.9623931623931624,high,medium,high_hetero/medium_length
hotpotqa,5a77309d55429972597f1487,30%,319,1065,8,133.25,42.522788008313846,0.31912036028753354,62.0,207.0,3.338709677419355,0.17987804878048785,budget-top-k,knapsack-redundancy,1.0,0.65,-0.35,1.0,0.0,-1.0,0.5,0.5,0.0,1.0,1.0,0.0,312.0,288.0,0.9780564263322884,0.9028213166144201,high,low,high_hetero/low_length
hotpotqa,5a77309d55429972597f1487,40%,426,1065,8,133.25,42.522788008313846,0.31912036028753354,62.0,207.0,3.338709677419355,0.17987804878048785,budget-top-k,knapsack-redundancy,1.0,0.65,-0.35,1.0,0.0,-1.0,0.5,0.5,0.0,1.0,1.0,0.0,374.0,389.0,0.8779342723004695,0.9131455399061033,high,low,high_hetero/low_length
hotpotqa,5a77309d55429972597f1487,50%,532,1065,8,133.25,42.522788008313846,0.31912036028753354,62.0,207.0,3.338709677419355,0.17987804878048785,budget-top-k,knapsack-redundancy,1.0,1.0,0.0,1.0,1.0,0.0,0.5,0.5,0.0,1.0,1.0,0.0,495.0,495.0,0.9304511278195489,0.9304511278195489,high,low,high_hetero/low_length
hotpotqa,5ab7bae95542993667793ff4,30%,333,1111,8,138.875,29.40849154581037,0.2117623153613708,105.0,199.0,1.8952380952380952,0.11442394239423948,budget-top-k,knapsack-redundancy,0.8787878787878788,0.8787878787878788,0.0,0.0,0.0,0.0,0.0,0.0,0.0,1.0,1.0,0.0,304.0,304.0,0.9129129129129129,0.9129129129129129,low,low,low_hetero/low_length
hotpotqa,5ab7bae95542993667793ff4,40%,444,1111,8,138.875,29.40849154581037,0.2117623153613708,105.0,199.0,1.8952380952380952,0.11442394239423948,budget-top-k,knapsack-redundancy,0.8787878787878788,0.8787878787878788,0.0,0.0,0.0,0.0,0.0,0.0,0.0,1.0,1.0,0.0,435.0,435.0,0.9797297297297297,0.9797297297297297,low,low,low_hetero/low_length
hotpotqa,5ab7bae95542993667793ff4,50%,555,1111,8,138.875,29.40849154581037,0.2117623153613708,105.0,199.0,1.8952380952380952,0.11442394239423948,budget-top-k,knapsack-redundancy,1.0,1.0,0.0,1.0,1.0,0.0,0.0,0.0,0.0,1.0,1.0,0.0,544.0,544.0,0.9801801801801802,0.9801801801801802,low,low,low_hetero/low_length
hotpotqa,5a7c9f325542990527d554e6,30%,420,1402,10,140.2,21.306337085477644,0.15197102058115297,103.0,168.0,1.6310679611650485,0.08644793152639085,budget-top-k,knapsack-redundancy,0.28846153846153844,0.28846153846153844,0.0,0.0,0.0,0.0,0.0,0.0,0.0,1.0,1.0,0.0,419.0,419.0,0.9976190476190476,0.9976190476190476,low,medium,low_hetero/medium_length
hotpotqa,5a7c9f325542990527d554e6,40%,560,1402,10,140.2,21.306337085477644,0.15197102058115297,103.0,168.0,1.6310679611650485,0.08644793152639085,budget-top-k,knapsack-redundancy,0.75,0.75,0.0,0.0,0.0,0.0,0.5,0.5,0.0,1.0,1.0,0.0,558.0,558.0,0.9964285714285714,0.9964285714285714,low,medium,low_hetero/medium_length
hotpotqa,5a7c9f325542990527d554e6,50%,701,1402,10,140.2,21.306337085477644,0.15197102058115297,103.0,168.0,1.6310679611650485,0.08644793152639085,budget-top-k,knapsack-redundancy,0.28846153846153844,0.75,0.46153846153846156,0.0,0.0,0.0,0.0,0.5,0.5,1.0,1.0,0.0,700.0,688.0,0.9985734664764622,0.9814550641940085,low,medium,low_hetero/medium_length
hotpotqa,5a8f69b55542997ba9cb324f,30%,582,1942,16,121.25,44.830932401635366,0.36973964867328135,39.0,195.0,5.0,0.2061855670103092,budget-top-k,knapsack-redundancy,0.9375,0.6619318181818181,-0.2755681818181819,0.0,0.0,0.0,0.5,0.0,-0.5,0.75,0.5,-0.25,566.0,580.0,0.9725085910652921,0.9965635738831615,high,high,high_hetero/high_length
hotpotqa,5a8f69b55542997ba9cb324f,40%,776,1942,16,121.25,44.830932401635366,0.36973964867328135,39.0,195.0,5.0,0.2061855670103092,budget-top-k,knapsack-redundancy,0.96875,0.96875,0.0,0.0,0.0,0.0,0.5,0.5,0.0,0.75,0.75,0.0,756.0,756.0,0.9742268041237113,0.9742268041237113,high,high,high_hetero/high_length
hotpotqa,5a8f69b55542997ba9cb324f,50%,971,1942,16,121.25,44.830932401635366,0.36973964867328135,39.0,195.0,5.0,0.2061855670103092,budget-top-k,knapsack-redundancy,0.96875,0.96875,0.0,0.0,0.0,0.0,0.5,0.5,0.0,0.75,0.75,0.0,951.0,951.0,0.9794026776519053,0.9794026776519053,high,high,high_hetero/high_length
hotpotqa,5adbda2755429944faac2385,30%,366,1222,8,152.75,31.295966193744523,0.20488357573646168,89.0,183.0,2.056179775280899,0.10986088379705405,budget-top-k,knapsack-redundancy,1.0,1.0,0.0,1.0,1.0,0.0,0.0,0.0,0.0,1.0,1.0,0.0,359.0,359.0,0.9808743169398907,0.9808743169398907,low,medium,low_hetero/medium_length
hotpotqa,5adbda2755429944faac2385,40%,488,1222,8,152.75,31.295966193744523,0.20488357573646168,89.0,183.0,2.056179775280899,0.10986088379705405,budget-top-k,knapsack-redundancy,1.0,1.0,0.0,1.0,1.0,0.0,0.0,0.0,0.0,1.0,1.0,0.0,483.0,483.0,0.9897540983606558,0.9897540983606558,low,medium,low_hetero/medium_length
hotpotqa,5adbda2755429944faac2385,50%,611,1222,8,152.75,31.295966193744523,0.20488357573646168,89.0,183.0,2.056179775280899,0.10986088379705405,budget-top-k,knapsack-redundancy,1.0,1.0,0.0,1.0,1.0,0.0,0.0,0.0,0.0,1.0,1.0,0.0,585.0,585.0,0.9574468085106383,0.9574468085106383,low,medium,low_hetero/medium_length
hotpotqa,5ab67bd355429954757d32f2,30%,497,1658,12,138.16666666666666,54.31518101681048,0.39311349348716873,35.0,217.0,6.2,0.22255729794933665,budget-top-k,knapsack-redundancy,1.0,1.0,0.0,1.0,1.0,0.0,1.0,1.0,0.0,1.0,1.0,0.0,484.0,484.0,0.9738430583501007,0.9738430583501007,high,high,high_hetero/high_length
hotpotqa,5ab67bd355429954757d32f2,40%,663,1658,12,138.16666666666666,54.31518101681048,0.39311349348716873,35.0,217.0,6.2,0.22255729794933665,budget-top-k,knapsack-redundancy,1.0,1.0,0.0,1.0,1.0,0.0,1.0,1.0,0.0,1.0,1.0,0.0,645.0,645.0,0.9728506787330317,0.9728506787330317,high,high,high_hetero/high_length
hotpotqa,5ab67bd355429954757d32f2,50%,829,1658,12,138.16666666666666,54.31518101681048,0.39311349348716873,35.0,217.0,6.2,0.22255729794933665,budget-top-k,knapsack-redundancy,1.0,1.0,0.0,1.0,1.0,0.0,1.0,1.0,0.0,1.0,1.0,0.0,809.0,809.0,0.9758745476477684,0.9758745476477684,high,high,high_hetero/high_length
hotpotqa,5a90843c5542995651fb517e,30%,501,1672,11,152.0,27.43587565082027,0.18049918191329126,104.0,200.0,1.9230769230769231,0.10102218355806891,budget-top-k,knapsack-redundancy,0.5652173913043478,0.5652173913043478,0.0,0.0,0.0,0.0,0.0,0.0,0.0,0.0,0.0,0.0,417.0,417.0,0.8323353293413174,0.8323353293413174,low,high,low_hetero/high_length
hotpotqa,5a90843c5542995651fb517e,40%,668,1672,11,152.0,27.43587565082027,0.18049918191329126,104.0,200.0,1.9230769230769231,0.10102218355806891,budget-top-k,knapsack-redundancy,0.5652173913043478,0.5652173913043478,0.0,0.0,0.0,0.0,0.0,0.0,0.0,0.0,0.0,0.0,617.0,617.0,0.9236526946107785,0.9236526946107785,low,high,low_hetero/high_length
hotpotqa,5a90843c5542995651fb517e,50%,836,1672,11,152.0,27.43587565082027,0.18049918191329126,104.0,200.0,1.9230769230769231,0.10102218355806891,budget-top-k,knapsack-redundancy,0.5652173913043478,0.5652173913043478,0.0,0.0,0.0,0.0,0.0,0.0,0.0,0.0,0.0,0.0,771.0,771.0,0.9222488038277512,0.9222488038277512,low,high,low_hetero/high_length
hotpotqa,5a8324815542990548d0b184,30%,351,1171,8,146.375,50.46517982728289,0.3447663865228549,28.0,202.0,7.214285714285714,0.17132792485055504,budget-top-k,knapsack-redundancy,0.8571428571428572,0.8571428571428572,0.0,0.0,0.0,0.0,0.5,0.5,0.0,0.0,0.0,0.0,330.0,330.0,0.9401709401709402,0.9401709401709402,high,medium,high_hetero/medium_length
hotpotqa,5a8324815542990548d0b184,40%,468,1171,8,146.375,50.46517982728289,0.3447663865228549,28.0,202.0,7.214285714285714,0.17132792485055504,budget-top-k,knapsack-redundancy,0.8571428571428572,0.8571428571428572,0.0,0.0,0.0,0.0,0.5,0.5,0.0,0.0,0.0,0.0,467.0,467.0,0.9978632478632479,0.9978632478632479,high,medium,high_hetero/medium_length
hotpotqa,5a8324815542990548d0b184,50%,585,1171,8,146.375,50.46517982728289,0.3447663865228549,28.0,202.0,7.214285714285714,0.17132792485055504,budget-top-k,knapsack-redundancy,0.8571428571428572,0.8571428571428572,0.0,0.0,0.0,0.0,0.0,0.0,0.0,0.0,0.0,0.0,578.0,578.0,0.9880341880341881,0.9880341880341881,high,medium,high_hetero/medium_length
hotpotqa,5adf4a275542993a75d26498,30%,381,1270,9,141.11111111111111,48.79308795412282,0.3457777886512641,38.0,211.0,5.552631578947368,0.18775153105861753,budget-top-k,knapsack-redundancy,1.0,0.9090909090909092,-0.09090909090909083,1.0,0.0,-1.0,0.0,0.0,0.0,1.0,0.5,-0.5,350.0,368.0,0.9186351706036745,0.9658792650918635,high,medium,high_hetero/medium_length
hotpotqa,5adf4a275542993a75d26498,40%,508,1270,9,141.11111111111111,48.79308795412282,0.3457777886512641,38.0,211.0,5.552631578947368,0.18775153105861753,budget-top-k,knapsack-redundancy,1.0,1.0,0.0,1.0,1.0,0.0,0.0,0.0,0.0,1.0,1.0,0.0,464.0,464.0,0.9133858267716536,0.9133858267716536,high,medium,high_hetero/medium_length
hotpotqa,5adf4a275542993a75d26498,50%,635,1270,9,141.11111111111111,48.79308795412282,0.3457777886512641,38.0,211.0,5.552631578947368,0.18775153105861753,budget-top-k,knapsack-redundancy,1.0,1.0,0.0,1.0,1.0,0.0,0.0,0.0,0.0,1.0,1.0,0.0,626.0,626.0,0.9858267716535433,0.9858267716535433,high,medium,high_hetero/medium_length
hotpotqa,5ae4c5595542990ba0bbb123,30%,589,1965,15,131.0,45.685884034349165,0.3487472063690776,53.0,208.0,3.9245283018867925,0.19704834605597976,budget-top-k,knapsack-redundancy,1.0,0.9375,-0.0625,1.0,0.0,-1.0,0.5,0.5,0.0,1.0,1.0,0.0,532.0,558.0,0.9032258064516129,0.9473684210526315,high,high,high_hetero/high_length
hotpotqa,5ae4c5595542990ba0bbb123,40%,786,1965,15,131.0,45.685884034349165,0.3487472063690776,53.0,208.0,3.9245283018867925,0.19704834605597976,budget-top-k,knapsack-redundancy,1.0,1.0,0.0,1.0,1.0,0.0,0.5,0.5,0.0,1.0,1.0,0.0,761.0,766.0,0.9681933842239185,0.9745547073791349,high,high,high_hetero/high_length
hotpotqa,5ae4c5595542990ba0bbb123,50%,982,1965,15,131.0,45.685884034349165,0.3487472063690776,53.0,208.0,3.9245283018867925,0.19704834605597976,budget-top-k,knapsack-redundancy,1.0,1.0,0.0,1.0,1.0,0.0,0.5,0.5,0.0,1.0,1.0,0.0,916.0,916.0,0.9327902240325866,0.9327902240325866,high,high,high_hetero/high_length
hotpotqa,5ab5057b5542991779162d56,30%,391,1306,9,145.11111111111111,37.63404027810887,0.2593463725137671,85.0,219.0,2.5764705882352943,0.14327037604219828,budget-top-k,knapsack-redundancy,0.2653846153846154,1.0,0.7346153846153847,0.0,1.0,1.0,0.0,0.5,0.5,0.25,1.0,0.75,320.0,386.0,0.8184143222506394,0.9872122762148338,medium,medium,medium_hetero/medium_length
hotpotqa,5ab5057b5542991779162d56,40%,522,1306,9,145.11111111111111,37.63404027810887,0.2593463725137671,85.0,219.0,2.5764705882352943,0.14327037604219828,budget-top-k,knapsack-redundancy,0.3153846153846154,1.0,0.6846153846153846,0.0,1.0,1.0,0.0,0.5,0.5,0.25,1.0,0.75,450.0,503.0,0.8620689655172413,0.9636015325670498,medium,medium,medium_hetero/medium_length
hotpotqa,5ab5057b5542991779162d56,50%,653,1306,9,145.11111111111111,37.63404027810887,0.2593463725137671,85.0,219.0,2.5764705882352943,0.14327037604219828,budget-top-k,knapsack-redundancy,0.9230769230769231,1.0,0.07692307692307687,0.0,1.0,1.0,0.0,0.5,0.5,1.0,1.0,0.0,637.0,633.0,0.9754977029096478,0.9693721286370597,medium,medium,medium_hetero/medium_length
hotpotqa,5a837d9a554299123d8c213e,30%,478,1594,12,132.91666666666666,38.53020099725524,0.28988238994800186,35.0,179.0,5.114285714285714,0.1529258098223616,budget-top-k,knapsack-redundancy,0.6363636363636364,0.6363636363636364,0.0,0.0,0.0,0.0,0.5,0.5,0.0,0.6666666666666666,0.6666666666666666,0.0,471.0,471.0,0.9853556485355649,0.9853556485355649,medium,high,medium_hetero/high_length
hotpotqa,5a837d9a554299123d8c213e,40%,637,1594,12,132.91666666666666,38.53020099725524,0.28988238994800186,35.0,179.0,5.114285714285714,0.1529258098223616,budget-top-k,knapsack-redundancy,0.6363636363636364,0.21212121212121213,-0.4242424242424242,0.0,0.0,0.0,0.5,0.0,-0.5,0.6666666666666666,0.0,-0.6666666666666666,612.0,633.0,0.9607535321821036,0.9937205651491365,medium,high,medium_hetero/high_length
hotpotqa,5a837d9a554299123d8c213e,50%,797,1594,12,132.91666666666666,38.53020099725524,0.28988238994800186,35.0,179.0,5.114285714285714,0.1529258098223616,budget-top-k,knapsack-redundancy,0.787878787878788,0.6666666666666666,-0.12121212121212133,0.0,0.0,0.0,0.5,0.5,0.0,0.6666666666666666,0.6666666666666666,0.0,771.0,791.0,0.9673776662484316,0.9924717691342535,medium,high,medium_hetero/high_length
hotpotqa,5a81ebee554299676cceb16d,30%,312,1043,7,149.0,39.02014131921396,0.2618801430819729,91.0,207.0,2.2747252747252746,0.1473770716340228,budget-top-k,knapsack-redundancy,1.0,1.0,0.0,1.0,1.0,0.0,0.0,0.0,0.0,1.0,1.0,0.0,309.0,309.0,0.9903846153846154,0.9903846153846154,medium,low,medium_hetero/low_length
hotpotqa,5a81ebee554299676cceb16d,40%,417,1043,7,149.0,39.02014131921396,0.2618801430819729,91.0,207.0,2.2747252747252746,0.1473770716340228,budget-top-k,knapsack-redundancy,0.9444444444444444,0.9444444444444444,0.0,0.0,0.0,0.0,0.0,0.0,0.0,1.0,1.0,0.0,395.0,395.0,0.947242206235012,0.947242206235012,medium,low,medium_hetero/low_length
hotpotqa,5a81ebee554299676cceb16d,50%,521,1043,7,149.0,39.02014131921396,0.2618801430819729,91.0,207.0,2.2747252747252746,0.1473770716340228,budget-top-k,knapsack-redundancy,1.0,0.8333333333333333,-0.16666666666666674,1.0,0.0,-1.0,0.0,0.0,0.0,1.0,1.0,0.0,497.0,521.0,0.9539347408829175,1.0,medium,low,medium_hetero/low_length
hotpotqa,5ab48c325542996a3a969f93,30%,358,1196,10,119.6,43.03998141263539,0.3598660653230384,46.0,189.0,4.108695652173913,0.20267558528428076,budget-top-k,knapsack-redundancy,0.65,0.65,0.0,0.0,0.0,0.0,0.5,0.5,0.0,0.0,0.0,0.0,350.0,350.0,0.9776536312849162,0.9776536312849162,high,medium,high_hetero/medium_length
hotpotqa,5ab48c325542996a3a969f93,40%,478,1196,10,119.6,43.03998141263539,0.3598660653230384,46.0,189.0,4.108695652173913,0.20267558528428076,budget-top-k,knapsack-redundancy,0.65,0.65,0.0,0.0,0.0,0.0,0.5,0.5,0.0,0.0,0.0,0.0,465.0,471.0,0.9728033472803347,0.9853556485355649,high,medium,high_hetero/medium_length
hotpotqa,5ab48c325542996a3a969f93,50%,598,1196,10,119.6,43.03998141263539,0.3598660653230384,46.0,189.0,4.108695652173913,0.20267558528428076,budget-top-k,knapsack-redundancy,0.65,0.65,0.0,0.0,0.0,0.0,0.5,0.5,0.0,0.0,0.0,0.0,586.0,596.0,0.979933110367893,0.9966555183946488,high,medium,high_hetero/medium_length
hotpotqa,5a8488f45542992a431d1a47,30%,513,1712,12,142.66666666666666,35.92198336518863,0.25178960302702313,55.0,183.0,3.327272727272727,0.1314252336448598,budget-top-k,knapsack-redundancy,0.6486486486486487,0.825,0.17635135135135127,0.0,0.0,0.0,0.0,0.5,0.5,1.0,1.0,0.0,471.0,499.0,0.9181286549707602,0.9727095516569201,medium,high,medium_hetero/high_length
hotpotqa,5a8488f45542992a431d1a47,40%,684,1712,12,142.66666666666666,35.92198336518863,0.25178960302702313,55.0,183.0,3.327272727272727,0.1314252336448598,budget-top-k,knapsack-redundancy,0.6756756756756757,1.0,0.32432432432432434,0.0,1.0,1.0,0.0,0.5,0.5,1.0,1.0,0.0,678.0,682.0,0.9912280701754386,0.9970760233918129,medium,high,medium_hetero/high_length
hotpotqa,5a8488f45542992a431d1a47,50%,856,1712,12,142.66666666666666,35.92198336518863,0.25178960302702313,55.0,183.0,3.327272727272727,0.1314252336448598,budget-top-k,knapsack-redundancy,1.0,1.0,0.0,1.0,1.0,0.0,0.5,0.5,0.0,1.0,1.0,0.0,834.0,834.0,0.9742990654205608,0.9742990654205608,medium,high,medium_hetero/high_length
hotpotqa,5abe689a55429976d4830b16,30%,603,2013,15,134.13333333333333,43.2802752096405,0.32266606766630596,51.0,205.0,4.019607843137255,0.17952286282306162,budget-top-k,knapsack-redundancy,1.0,1.0,0.0,1.0,1.0,0.0,0.0,0.0,0.0,1.0,1.0,0.0,554.0,599.0,0.9187396351575456,0.9933665008291874,high,high,high_hetero/high_length
hotpotqa,5abe689a55429976d4830b16,40%,805,2013,15,134.13333333333333,43.2802752096405,0.32266606766630596,51.0,205.0,4.019607843137255,0.17952286282306162,budget-top-k,knapsack-redundancy,1.0,1.0,0.0,1.0,1.0,0.0,0.0,0.0,0.0,1.0,1.0,0.0,797.0,798.0,0.9900621118012423,0.991304347826087,high,high,high_hetero/high_length
hotpotqa,5abe689a55429976d4830b16,50%,1006,2013,15,134.13333333333333,43.2802752096405,0.32266606766630596,51.0,205.0,4.019607843137255,0.17952286282306162,budget-top-k,knapsack-redundancy,1.0,1.0,0.0,1.0,1.0,0.0,0.0,0.0,0.0,1.0,1.0,0.0,977.0,1006.0,0.9711729622266402,1.0,high,high,high_hetero/high_length
hotpotqa,5a7a014a5542996c55b2dccf,30%,343,1146,7,163.71428571428572,40.95542624336255,0.250164034645321,98.0,216.0,2.204081632653061,0.14086262777362268,budget-top-k,knapsack-redundancy,1.0,1.0,0.0,1.0,1.0,0.0,0.5,0.5,0.0,1.0,1.0,0.0,323.0,323.0,0.9416909620991254,0.9416909620991254,medium,low,medium_hetero/low_length
hotpotqa,5a7a014a5542996c55b2dccf,40%,458,1146,7,163.71428571428572,40.95542624336255,0.250164034645321,98.0,216.0,2.204081632653061,0.14086262777362268,budget-top-k,knapsack-redundancy,1.0,1.0,0.0,1.0,1.0,0.0,0.5,0.5,0.0,1.0,1.0,0.0,421.0,421.0,0.9192139737991266,0.9192139737991266,medium,low,medium_hetero/low_length
hotpotqa,5a7a014a5542996c55b2dccf,50%,573,1146,7,163.71428571428572,40.95542624336255,0.250164034645321,98.0,216.0,2.204081632653061,0.14086262777362268,budget-top-k,knapsack-redundancy,1.0,1.0,0.0,1.0,1.0,0.0,0.5,0.5,0.0,1.0,1.0,0.0,535.0,535.0,0.9336823734729494,0.9336823734729494,medium,low,medium_hetero/low_length
hotpotqa,5a895d305542993b751ca931,30%,354,1180,8,147.5,40.94508517514648,0.27759379779760324,80.0,202.0,2.525,0.15677966101694918,budget-top-k,knapsack-redundancy,1.0,1.0,0.0,1.0,1.0,0.0,0.0,0.0,0.0,1.0,1.0,0.0,327.0,327.0,0.923728813559322,0.923728813559322,medium,medium,medium_hetero/medium_length
hotpotqa,5a895d305542993b751ca931,40%,472,1180,8,147.5,40.94508517514648,0.27759379779760324,80.0,202.0,2.525,0.15677966101694918,budget-top-k,knapsack-redundancy,1.0,1.0,0.0,1.0,1.0,0.0,0.0,0.0,0.0,1.0,1.0,0.0,449.0,455.0,0.951271186440678,0.9639830508474576,medium,medium,medium_hetero/medium_length
hotpotqa,5a895d305542993b751ca931,50%,590,1180,8,147.5,40.94508517514648,0.27759379779760324,80.0,202.0,2.525,0.15677966101694918,budget-top-k,knapsack-redundancy,1.0,1.0,0.0,1.0,1.0,0.0,0.0,0.0,0.0,1.0,1.0,0.0,577.0,577.0,0.9779661016949153,0.9779661016949153,medium,medium,medium_hetero/medium_length
hotpotqa,5a85c3a15542992a431d1b97,30%,404,1349,9,149.88888888888889,35.911757419926616,0.23958918960662678,86.0,207.0,2.4069767441860463,0.13392636520879653,budget-top-k,knapsack-redundancy,0.9242424242424242,0.9242424242424242,0.0,0.0,0.0,0.0,0.0,0.0,0.0,0.5,0.5,0.0,399.0,399.0,0.9876237623762376,0.9876237623762376,medium,medium,medium_hetero/medium_length
hotpotqa,5a85c3a15542992a431d1b97,40%,539,1349,9,149.88888888888889,35.911757419926616,0.23958918960662678,86.0,207.0,2.4069767441860463,0.13392636520879653,budget-top-k,knapsack-redundancy,1.0,0.9242424242424242,-0.0757575757575758,1.0,0.0,-1.0,0.5,0.0,-0.5,1.0,0.5,-0.5,484.0,504.0,0.8979591836734694,0.935064935064935,medium,medium,medium_hetero/medium_length
hotpotqa,5a85c3a15542992a431d1b97,50%,674,1349,9,149.88888888888889,35.911757419926616,0.23958918960662678,86.0,207.0,2.4069767441860463,0.13392636520879653,budget-top-k,knapsack-redundancy,1.0,0.9242424242424242,-0.0757575757575758,1.0,0.0,-1.0,0.5,0.0,-0.5,1.0,0.5,-0.5,645.0,665.0,0.956973293768546,0.9866468842729971,medium,medium,medium_hetero/medium_length
hotpotqa,5ae32b6755429928c4239644,30%,364,1216,8,152.0,21.748563170931547,0.14308265244033913,114.0,178.0,1.5614035087719298,0.07935855263157898,budget-top-k,knapsack-redundancy,0.96875,0.96875,0.0,0.0,0.0,0.0,0.5,0.5,0.0,1.0,1.0,0.0,301.0,301.0,0.8269230769230769,0.8269230769230769,low,medium,low_hetero/medium_length
hotpotqa,5ae32b6755429928c4239644,40%,486,1216,8,152.0,21.748563170931547,0.14308265244033913,114.0,178.0,1.5614035087719298,0.07935855263157898,budget-top-k,knapsack-redundancy,1.0,1.0,0.0,1.0,1.0,0.0,0.5,0.5,0.0,1.0,1.0,0.0,448.0,448.0,0.9218106995884774,0.9218106995884774,low,medium,low_hetero/medium_length
hotpotqa,5ae32b6755429928c4239644,50%,608,1216,8,152.0,21.748563170931547,0.14308265244033913,114.0,178.0,1.5614035087719298,0.07935855263157898,budget-top-k,knapsack-redundancy,1.0,1.0,0.0,1.0,1.0,0.0,0.5,0.5,0.0,1.0,1.0,0.0,562.0,562.0,0.9243421052631579,0.9243421052631579,low,medium,low_hetero/medium_length
hotpotqa,5a8d02cc554299441c6b9fb6,30%,375,1251,9,139.0,35.84534682338684,0.25788019297400605,63.0,183.0,2.9047619047619047,0.14050981437072552,budget-top-k,knapsack-redundancy,0.65625,0.71875,0.0625,0.0,0.0,0.0,0.5,0.5,0.0,0.5,0.5,0.0,327.0,354.0,0.872,0.944,medium,medium,medium_hetero/medium_length
hotpotqa,5a8d02cc554299441c6b9fb6,40%,500,1251,9,139.0,35.84534682338684,0.25788019297400605,63.0,183.0,2.9047619047619047,0.14050981437072552,budget-top-k,knapsack-redundancy,0.6875,0.6875,0.0,0.0,0.0,0.0,0.5,0.5,0.0,0.5,0.5,0.0,494.0,494.0,0.988,0.988,medium,medium,medium_hetero/medium_length
hotpotqa,5a8d02cc554299441c6b9fb6,50%,625,1251,9,139.0,35.84534682338684,0.25788019297400605,63.0,183.0,2.9047619047619047,0.14050981437072552,budget-top-k,knapsack-redundancy,0.6875,0.6875,0.0,0.0,0.0,0.0,0.5,0.5,0.0,0.5,0.5,0.0,611.0,611.0,0.9776,0.9776,medium,medium,medium_hetero/medium_length
hotpotqa,5a78daf855429970f5fffdae,30%,357,1192,8,149.0,53.77964298877411,0.3609372012669403,52.0,205.0,3.9423076923076925,0.19211409395973145,budget-top-k,knapsack-redundancy,1.0,1.0,0.0,1.0,1.0,0.0,1.0,1.0,0.0,1.0,1.0,0.0,272.0,272.0,0.7619047619047619,0.7619047619047619,high,medium,high_hetero/medium_length
hotpotqa,5a78daf855429970f5fffdae,40%,476,1192,8,149.0,53.77964298877411,0.3609372012669403,52.0,205.0,3.9423076923076925,0.19211409395973145,budget-top-k,knapsack-redundancy,1.0,1.0,0.0,1.0,1.0,0.0,1.0,1.0,0.0,1.0,1.0,0.0,429.0,429.0,0.9012605042016807,0.9012605042016807,high,medium,high_hetero/medium_length
hotpotqa,5a78daf855429970f5fffdae,50%,596,1192,8,149.0,53.77964298877411,0.3609372012669403,52.0,205.0,3.9423076923076925,0.19211409395973145,budget-top-k,knapsack-redundancy,1.0,1.0,0.0,1.0,1.0,0.0,1.0,1.0,0.0,1.0,1.0,0.0,429.0,429.0,0.7197986577181208,0.7197986577181208,high,medium,high_hetero/medium_length
hotpotqa,5adc094a55429947ff1738c0,30%,358,1196,8,149.5,32.361242250568814,0.21646315886668102,107.0,210.0,1.9626168224299065,0.1149665551839465,budget-top-k,knapsack-redundancy,0.3877005347593583,0.3877005347593583,0.0,0.0,0.0,0.0,0.0,0.0,0.0,0.0,0.0,0.0,342.0,342.0,0.9553072625698324,0.9553072625698324,low,medium,low_hetero/medium_length
hotpotqa,5adc094a55429947ff1738c0,40%,478,1196,8,149.5,32.361242250568814,0.21646315886668102,107.0,210.0,1.9626168224299065,0.1149665551839465,budget-top-k,knapsack-redundancy,0.41711229946524064,0.41711229946524064,0.0,0.0,0.0,0.0,0.0,0.0,0.0,0.0,0.0,0.0,476.0,476.0,0.99581589958159,0.99581589958159,low,medium,low_hetero/medium_length
hotpotqa,5adc094a55429947ff1738c0,50%,598,1196,8,149.5,32.361242250568814,0.21646315886668102,107.0,210.0,1.9626168224299065,0.1149665551839465,budget-top-k,knapsack-redundancy,0.41711229946524064,0.41711229946524064,0.0,0.0,0.0,0.0,0.0,0.0,0.0,0.0,0.0,0.0,583.0,583.0,0.9749163879598662,0.9749163879598662,low,medium,low_hetero/medium_length
hotpotqa,5ae77c245542997b22f6a795,30%,488,1629,12,135.75,30.976133285698094,0.22818514390937822,93.0,189.0,2.032258064516129,0.12927153673010028,budget-top-k,knapsack-redundancy,0.6484848484848484,0.6484848484848484,0.0,0.0,0.0,0.0,0.5,0.5,0.0,0.0,0.0,0.0,483.0,483.0,0.9897540983606558,0.9897540983606558,low,high,low_hetero/high_length
hotpotqa,5ae77c245542997b22f6a795,40%,651,1629,12,135.75,30.976133285698094,0.22818514390937822,93.0,189.0,2.032258064516129,0.12927153673010028,budget-top-k,knapsack-redundancy,0.6787878787878787,0.6787878787878787,0.0,0.0,0.0,0.0,0.5,0.5,0.0,0.0,0.0,0.0,615.0,638.0,0.9447004608294931,0.9800307219662059,low,high,low_hetero/high_length
hotpotqa,5ae77c245542997b22f6a795,50%,814,1629,12,135.75,30.976133285698094,0.22818514390937822,93.0,189.0,2.032258064516129,0.12927153673010028,budget-top-k,knapsack-redundancy,0.709090909090909,0.709090909090909,0.0,0.0,0.0,0.0,0.5,0.5,0.0,0.0,0.0,0.0,762.0,785.0,0.9361179361179361,0.9643734643734644,low,high,low_hetero/high_length
hotpotqa,5a88f9555542995153361214,30%,376,1255,8,156.875,41.459128970589816,0.2642813002109311,100.0,220.0,2.2,0.14950199203187253,budget-top-k,knapsack-redundancy,1.0,1.0,0.0,1.0,1.0,0.0,0.0,0.0,0.0,0.0,0.0,0.0,363.0,363.0,0.9654255319148937,0.9654255319148937,medium,medium,medium_hetero/medium_length
hotpotqa,5a88f9555542995153361214,40%,502,1255,8,156.875,41.459128970589816,0.2642813002109311,100.0,220.0,2.2,0.14950199203187253,budget-top-k,knapsack-redundancy,1.0,1.0,0.0,1.0,1.0,0.0,0.0,0.0,0.0,0.0,0.0,0.0,464.0,464.0,0.9243027888446215,0.9243027888446215,medium,medium,medium_hetero/medium_length
hotpotqa,5a88f9555542995153361214,50%,627,1255,8,156.875,41.459128970589816,0.2642813002109311,100.0,220.0,2.2,0.14950199203187253,budget-top-k,knapsack-redundancy,1.0,1.0,0.0,1.0,1.0,0.0,0.0,0.0,0.0,0.0,0.0,0.0,583.0,609.0,0.9298245614035088,0.9712918660287081,medium,medium,medium_hetero/medium_length
hotpotqa,5a874ce15542996432c57256,30%,432,1440,10,144.0,40.38068845376463,0.2804214475955877,78.0,212.0,2.717948717948718,0.15791666666666648,budget-top-k,knapsack-redundancy,0.5234375,0.5390625,0.015625,0.0,0.0,0.0,0.0,0.0,0.0,1.0,1.0,0.0,429.0,432.0,0.9930555555555556,1.0,medium,high,medium_hetero/high_length
hotpotqa,5a874ce15542996432c57256,40%,576,1440,10,144.0,40.38068845376463,0.2804214475955877,78.0,212.0,2.717948717948718,0.15791666666666648,budget-top-k,knapsack-redundancy,0.5234375,0.5390625,0.015625,0.0,0.0,0.0,0.0,0.0,0.0,1.0,1.0,0.0,572.0,510.0,0.9930555555555556,0.8854166666666666,medium,high,medium_hetero/high_length
hotpotqa,5a874ce15542996432c57256,50%,720,1440,10,144.0,40.38068845376463,0.2804214475955877,78.0,212.0,2.717948717948718,0.15791666666666648,budget-top-k,knapsack-redundancy,0.5390625,0.5390625,0.0,0.0,0.0,0.0,0.0,0.0,0.0,1.0,1.0,0.0,663.0,663.0,0.9208333333333333,0.9208333333333333,medium,high,medium_hetero/high_length
hotpotqa,5a7e7ed05542991319bc94c2,30%,478,1594,12,132.91666666666666,43.52673188844861,0.32747384492876697,40.0,188.0,4.7,0.1774817136886102,budget-top-k,knapsack-redundancy,1.0,1.0,0.0,1.0,1.0,0.0,0.0,0.0,0.0,1.0,1.0,0.0,472.0,473.0,0.9874476987447699,0.9895397489539749,high,high,high_hetero/high_length
hotpotqa,5a7e7ed05542991319bc94c2,40%,637,1594,12,132.91666666666666,43.52673188844861,0.32747384492876697,40.0,188.0,4.7,0.1774817136886102,budget-top-k,knapsack-redundancy,1.0,1.0,0.0,1.0,1.0,0.0,0.0,0.0,0.0,1.0,1.0,0.0,607.0,627.0,0.9529042386185244,0.9843014128728415,high,high,high_hetero/high_length
hotpotqa,5a7e7ed05542991319bc94c2,50%,797,1594,12,132.91666666666666,43.52673188844861,0.32747384492876697,40.0,188.0,4.7,0.1774817136886102,budget-top-k,knapsack-redundancy,1.0,1.0,0.0,1.0,1.0,0.0,0.0,0.0,0.0,1.0,1.0,0.0,795.0,795.0,0.9974905897114178,0.9974905897114178,high,high,high_hetero/high_length
hotpotqa,5abf44025542993fe9a41def,30%,389,1299,9,144.33333333333334,34.67307633052225,0.24022916626227886,108.0,211.0,1.9537037037037037,0.12744846463091264,budget-top-k,knapsack-redundancy,0.6666666666666666,0.5625,-0.10416666666666663,0.0,0.0,0.0,0.0,0.0,0.0,1.0,1.0,0.0,310.0,355.0,0.7969151670951157,0.9125964010282777,medium,medium,medium_hetero/medium_length
hotpotqa,5abf44025542993fe9a41def,40%,519,1299,9,144.33333333333334,34.67307633052225,0.24022916626227886,108.0,211.0,1.9537037037037037,0.12744846463091264,budget-top-k,knapsack-redundancy,1.0,0.5625,-0.4375,1.0,0.0,-1.0,0.0,0.0,0.0,1.0,1.0,0.0,418.0,486.0,0.8053949903660886,0.9364161849710982,medium,medium,medium_hetero/medium_length
hotpotqa,5abf44025542993fe9a41def,50%,649,1299,9,144.33333333333334,34.67307633052225,0.24022916626227886,108.0,211.0,1.9537037037037037,0.12744846463091264,budget-top-k,knapsack-redundancy,1.0,1.0,0.0,1.0,1.0,0.0,0.0,0.0,0.0,1.0,1.0,0.0,535.0,535.0,0.8243451463790447,0.8243451463790447,medium,medium,medium_hetero/medium_length
hotpotqa,5ab531cc5542990594ba9d23,30%,391,1305,9,145.0,32.396844839514166,0.22342651613458045,108.0,205.0,1.8981481481481481,0.12141336739037878,budget-top-k,knapsack-redundancy,1.0,0.7647058823529411,-0.23529411764705888,1.0,0.0,-1.0,0.0,0.0,0.0,0.0,0.0,0.0,337.0,382.0,0.8618925831202046,0.9769820971867008,low,medium,low_hetero/medium_length
hotpotqa,5ab531cc5542990594ba9d23,40%,522,1305,9,145.0,32.396844839514166,0.22342651613458045,108.0,205.0,1.8981481481481481,0.12141336739037878,budget-top-k,knapsack-redundancy,1.0,0.7941176470588236,-0.2058823529411764,1.0,0.0,-1.0,0.0,0.0,0.0,0.0,0.0,0.0,485.0,514.0,0.9291187739463601,0.9846743295019157,low,medium,low_hetero/medium_length
hotpotqa,5ab531cc5542990594ba9d23,50%,652,1305,9,145.0,32.396844839514166,0.22342651613458045,108.0,205.0,1.8981481481481481,0.12141336739037878,budget-top-k,knapsack-redundancy,1.0,0.7941176470588236,-0.2058823529411764,1.0,0.0,-1.0,0.0,0.0,0.0,0.0,0.0,0.0,615.0,644.0,0.9432515337423313,0.9877300613496932,low,medium,low_hetero/medium_length
hotpotqa,5a90605d5542995651fb514d,30%,249,831,5,166.2,30.0892007205243,0.18104212226548919,115.0,200.0,1.7391304347826086,0.09723225030084248,budget-top-k,knapsack-redundancy,0.23379629629629628,0.23379629629629628,0.0,0.0,0.0,0.0,0.0,0.0,0.0,0.0,0.0,0.0,183.0,183.0,0.7349397590361446,0.7349397590361446,low,low,low_hetero/low_length
hotpotqa,5a90605d5542995651fb514d,40%,332,831,5,166.2,30.0892007205243,0.18104212226548919,115.0,200.0,1.7391304347826086,0.09723225030084248,budget-top-k,knapsack-redundancy,0.9166666666666666,0.9166666666666666,0.0,0.0,0.0,0.0,0.0,0.0,0.0,0.75,0.75,0.0,298.0,298.0,0.8975903614457831,0.8975903614457831,low,low,low_hetero/low_length
hotpotqa,5a90605d5542995651fb514d,50%,415,831,5,166.2,30.0892007205243,0.18104212226548919,115.0,200.0,1.7391304347826086,0.09723225030084248,budget-top-k,knapsack-redundancy,0.5115740740740741,0.5115740740740741,0.0,0.0,0.0,0.0,0.5,0.5,0.0,1.0,1.0,0.0,334.0,334.0,0.8048192771084337,0.8048192771084337,low,low,low_hetero/low_length
hotpotqa,5ac45b58554299076e296dad,30%,513,1710,15,114.0,65.11016305718589,0.571141781203385,7.0,218.0,31.142857142857142,0.3249122807017544,budget-top-k,knapsack-redundancy,0.6666666666666666,1.0,0.33333333333333337,0.0,1.0,1.0,0.5,1.0,0.5,0.0,1.0,1.0,506.0,510.0,0.98635477582846,0.9941520467836257,high,high,high_hetero/high_length
hotpotqa,5ac45b58554299076e296dad,40%,684,1710,15,114.0,65.11016305718589,0.571141781203385,7.0,218.0,31.142857142857142,0.3249122807017544,budget-top-k,knapsack-redundancy,0.7,1.0,0.30000000000000004,0.0,1.0,1.0,0.5,1.0,0.5,0.0,1.0,1.0,669.0,675.0,0.9780701754385965,0.9868421052631579,high,high,high_hetero/high_length
hotpotqa,5ac45b58554299076e296dad,50%,855,1710,15,114.0,65.11016305718589,0.571141781203385,7.0,218.0,31.142857142857142,0.3249122807017544,budget-top-k,knapsack-redundancy,1.0,1.0,0.0,1.0,1.0,0.0,1.0,1.0,0.0,1.0,1.0,0.0,838.0,838.0,0.9801169590643275,0.9801169590643275,high,high,high_hetero/high_length
hotpotqa,5a8eb4d65542990e94052b82,30%,298,995,6,165.83333333333334,43.036483230962176,0.2595164817947468,113.0,217.0,1.920353982300885,0.14053601340033484,budget-top-k,knapsack-redundancy,1.0,1.0,0.0,1.0,1.0,0.0,0.0,0.0,0.0,1.0,1.0,0.0,244.0,244.0,0.8187919463087249,0.8187919463087249,medium,low,medium_hetero/low_length
hotpotqa,5a8eb4d65542990e94052b82,40%,398,995,6,165.83333333333334,43.036483230962176,0.2595164817947468,113.0,217.0,1.920353982300885,0.14053601340033484,budget-top-k,knapsack-redundancy,1.0,1.0,0.0,1.0,1.0,0.0,0.0,0.0,0.0,1.0,1.0,0.0,330.0,371.0,0.8291457286432161,0.9321608040201005,medium,low,medium_hetero/low_length
hotpotqa,5a8eb4d65542990e94052b82,50%,497,995,6,165.83333333333334,43.036483230962176,0.2595164817947468,113.0,217.0,1.920353982300885,0.14053601340033484,budget-top-k,knapsack-redundancy,1.0,1.0,0.0,1.0,1.0,0.0,0.0,0.0,0.0,1.0,1.0,0.0,461.0,461.0,0.9275653923541247,0.9275653923541247,medium,low,medium_hetero/low_length
hotpotqa,5a8038b55542996402f6a485,30%,226,755,5,151.0,47.00212761141776,0.31127236828753485,72.0,219.0,3.0416666666666665,0.1637086092715232,budget-top-k,knapsack-redundancy,0.6388888888888888,0.6388888888888888,0.0,0.0,0.0,0.0,0.0,0.0,0.0,0.0,0.0,0.0,217.0,217.0,0.9601769911504425,0.9601769911504425,high,low,high_hetero/low_length
hotpotqa,5a8038b55542996402f6a485,40%,302,755,5,151.0,47.00212761141776,0.31127236828753485,72.0,219.0,3.0416666666666665,0.1637086092715232,budget-top-k,knapsack-redundancy,0.6388888888888888,0.6388888888888888,0.0,0.0,0.0,0.0,0.0,0.0,0.0,0.0,0.0,0.0,217.0,217.0,0.7185430463576159,0.7185430463576159,high,low,high_hetero/low_length
hotpotqa,5a8038b55542996402f6a485,50%,377,755,5,151.0,47.00212761141776,0.31127236828753485,72.0,219.0,3.0416666666666665,0.1637086092715232,budget-top-k,knapsack-redundancy,1.0,1.0,0.0,1.0,1.0,0.0,0.0,0.0,0.0,1.0,1.0,0.0,376.0,376.0,0.9973474801061007,0.9973474801061007,high,low,high_hetero/low_length
hotpotqa,5ab83d595542990e739ec886,30%,259,866,6,144.33333333333334,28.923270139380083,0.2003921718663747,100.0,191.0,1.91,0.11085450346420322,budget-top-k,knapsack-redundancy,1.0,1.0,0.0,1.0,1.0,0.0,0.5,0.5,0.0,1.0,1.0,0.0,258.0,258.0,0.9961389961389961,0.9961389961389961,low,low,low_hetero/low_length
hotpotqa,5ab83d595542990e739ec886,40%,346,866,6,144.33333333333334,28.923270139380083,0.2003921718663747,100.0,191.0,1.91,0.11085450346420322,budget-top-k,knapsack-redundancy,1.0,1.0,0.0,1.0,1.0,0.0,0.5,0.5,0.0,1.0,1.0,0.0,258.0,258.0,0.7456647398843931,0.7456647398843931,low,low,low_hetero/low_length
hotpotqa,5ab83d595542990e739ec886,50%,433,866,6,144.33333333333334,28.923270139380083,0.2003921718663747,100.0,191.0,1.91,0.11085450346420322,budget-top-k,knapsack-redundancy,1.0,1.0,0.0,1.0,1.0,0.0,0.5,0.5,0.0,1.0,1.0,0.0,418.0,418.0,0.9653579676674365,0.9653579676674365,low,low,low_hetero/low_length
hotpotqa,5ae0d52e554299603e418469,30%,557,1858,14,132.71428571428572,39.623998088151026,0.2985661858095341,61.0,197.0,3.2295081967213113,0.1670767338151622,budget-top-k,knapsack-redundancy,1.0,1.0,0.0,1.0,1.0,0.0,1.0,1.0,0.0,1.0,1.0,0.0,523.0,523.0,0.9389587073608617,0.9389587073608617,medium,high,medium_hetero/high_length
hotpotqa,5ae0d52e554299603e418469,40%,743,1858,14,132.71428571428572,39.623998088151026,0.2985661858095341,61.0,197.0,3.2295081967213113,0.1670767338151622,budget-top-k,knapsack-redundancy,1.0,1.0,0.0,1.0,1.0,0.0,1.0,1.0,0.0,1.0,1.0,0.0,720.0,720.0,0.9690444145356663,0.9690444145356663,medium,high,medium_hetero/high_length
hotpotqa,5ae0d52e554299603e418469,50%,929,1858,14,132.71428571428572,39.623998088151026,0.2985661858095341,61.0,197.0,3.2295081967213113,0.1670767338151622,budget-top-k,knapsack-redundancy,1.0,1.0,0.0,1.0,1.0,0.0,1.0,1.0,0.0,1.0,1.0,0.0,869.0,905.0,0.9354144241119483,0.9741657696447793,medium,high,medium_hetero/high_length
hotpotqa,5a8f9b8c5542997ba9cb32e6,30%,340,1136,8,142.0,27.937430089397985,0.19674246541829568,107.0,192.0,1.794392523364486,0.11025528169014076,budget-top-k,knapsack-redundancy,0.525,0.525,0.0,0.0,0.0,0.0,0.0,0.0,0.0,1.0,1.0,0.0,265.0,265.0,0.7794117647058824,0.7794117647058824,low,low,low_hetero/low_length
hotpotqa,5a8f9b8c5542997ba9cb32e6,40%,454,1136,8,142.0,27.937430089397985,0.19674246541829568,107.0,192.0,1.794392523364486,0.11025528169014076,budget-top-k,knapsack-redundancy,0.525,0.525,0.0,0.0,0.0,0.0,0.0,0.0,0.0,1.0,1.0,0.0,372.0,372.0,0.8193832599118943,0.8193832599118943,low,low,low_hetero/low_length
hotpotqa,5a8f9b8c5542997ba9cb32e6,50%,568,1136,8,142.0,27.937430089397985,0.19674246541829568,107.0,192.0,1.794392523364486,0.11025528169014076,budget-top-k,knapsack-redundancy,0.525,0.525,0.0,0.0,0.0,0.0,0.0,0.0,0.0,1.0,1.0,0.0,564.0,564.0,0.9929577464788732,0.9929577464788732,low,low,low_hetero/low_length
hotpotqa,5ae75a4c5542997b22f6a6f1,30%,517,1724,11,156.72727272727272,40.830227014021474,0.2605176897646382,85.0,219.0,2.5764705882352943,0.14859734233284128,budget-top-k,knapsack-redundancy,1.0,1.0,0.0,1.0,1.0,0.0,1.0,1.0,0.0,1.0,1.0,0.0,466.0,467.0,0.9013539651837524,0.9032882011605415,medium,high,medium_hetero/high_length
hotpotqa,5ae75a4c5542997b22f6a6f1,40%,689,1724,11,156.72727272727272,40.830227014021474,0.2605176897646382,85.0,219.0,2.5764705882352943,0.14859734233284128,budget-top-k,knapsack-redundancy,1.0,1.0,0.0,1.0,1.0,0.0,1.0,1.0,0.0,1.0,1.0,0.0,672.0,654.0,0.9753265602322206,0.9492017416545718,medium,high,medium_hetero/high_length
hotpotqa,5ae75a4c5542997b22f6a6f1,50%,862,1724,11,156.72727272727272,40.830227014021474,0.2605176897646382,85.0,219.0,2.5764705882352943,0.14859734233284128,budget-top-k,knapsack-redundancy,1.0,1.0,0.0,1.0,1.0,0.0,1.0,1.0,0.0,1.0,1.0,0.0,837.0,860.0,0.9709976798143851,0.9976798143851509,medium,high,medium_hetero/high_length
hotpotqa,5ab45a0b5542991779162c7e,30%,412,1375,9,152.77777777777777,36.193239939026604,0.2369012068736287,94.0,204.0,2.1702127659574466,0.1325252525252525,budget-top-k,knapsack-redundancy,1.0,1.0,0.0,1.0,1.0,0.0,1.0,1.0,0.0,1.0,1.0,0.0,411.0,411.0,0.9975728155339806,0.9975728155339806,medium,medium,medium_hetero/medium_length
hotpotqa,5ab45a0b5542991779162c7e,40%,550,1375,9,152.77777777777777,36.193239939026604,0.2369012068736287,94.0,204.0,2.1702127659574466,0.1325252525252525,budget-top-k,knapsack-redundancy,1.0,1.0,0.0,1.0,1.0,0.0,1.0,1.0,0.0,1.0,1.0,0.0,546.0,546.0,0.9927272727272727,0.9927272727272727,medium,medium,medium_hetero/medium_length
hotpotqa,5ab45a0b5542991779162c7e,50%,687,1375,9,152.77777777777777,36.193239939026604,0.2369012068736287,94.0,204.0,2.1702127659574466,0.1325252525252525,budget-top-k,knapsack-redundancy,1.0,1.0,0.0,1.0,1.0,0.0,1.0,1.0,0.0,1.0,1.0,0.0,636.0,636.0,0.925764192139738,0.925764192139738,medium,medium,medium_hetero/medium_length
hotpotqa,5a8b452655429971feec468e,30%,477,1591,11,144.63636363636363,46.327436848574706,0.3203028317626158,80.0,210.0,2.625,0.18261813610650823,budget-top-k,knapsack-redundancy,0.9411764705882353,0.39460784313725494,-0.5465686274509803,0.0,0.0,0.0,0.5,0.0,-0.5,1.0,0.0,-1.0,455.0,459.0,0.9538784067085954,0.9622641509433962,high,high,high_hetero/high_length
hotpotqa,5a8b452655429971feec468e,40%,636,1591,11,144.63636363636363,46.327436848574706,0.3203028317626158,80.0,210.0,2.625,0.18261813610650823,budget-top-k,knapsack-redundancy,1.0,0.9411764705882353,-0.05882352941176472,1.0,0.0,-1.0,0.5,0.5,0.0,1.0,1.0,0.0,557.0,636.0,0.8757861635220126,1.0,high,high,high_hetero/high_length
hotpotqa,5a8b452655429971feec468e,50%,795,1591,11,144.63636363636363,46.327436848574706,0.3203028317626158,80.0,210.0,2.625,0.18261813610650823,budget-top-k,knapsack-redundancy,1.0,0.9411764705882353,-0.05882352941176472,1.0,0.0,-1.0,0.5,0.5,0.0,1.0,1.0,0.0,794.0,770.0,0.9987421383647799,0.9685534591194969,high,high,high_hetero/high_length
hotpotqa,5a8d7b1755429941ae14dfc6,30%,263,878,5,175.6,21.481154531356083,0.12233003719451073,148.0,208.0,1.4054054054054055,0.06742596810933943,budget-top-k,knapsack-redundancy,0.25,0.25,0.0,0.0,0.0,0.0,0.0,0.0,0.0,0.0,0.0,0.0,156.0,156.0,0.5931558935361216,0.5931558935361216,low,low,low_hetero/low_length
hotpotqa,5a8d7b1755429941ae14dfc6,40%,351,878,5,175.6,21.481154531356083,0.12233003719451073,148.0,208.0,1.4054054054054055,0.06742596810933943,budget-top-k,knapsack-redundancy,0.8125,0.8125,0.0,0.0,0.0,0.0,0.5,0.5,0.0,0.0,0.0,0.0,304.0,304.0,0.8660968660968661,0.8660968660968661,low,low,low_hetero/low_length
hotpotqa,5a8d7b1755429941ae14dfc6,50%,439,878,5,175.6,21.481154531356083,0.12233003719451073,148.0,208.0,1.4054054054054055,0.06742596810933943,budget-top-k,knapsack-redundancy,0.8125,0.8125,0.0,0.0,0.0,0.0,0.5,0.5,0.0,0.0,0.0,0.0,304.0,304.0,0.6924829157175398,0.6924829157175398,low,low,low_hetero/low_length
hotpotqa,5ab6f0c25542995eadef00ea,30%,339,1133,7,161.85714285714286,30.418173944575454,0.18793223090205488,127.0,217.0,1.7086614173228347,0.10364392888664731,budget-top-k,knapsack-redundancy,0.6153846153846154,0.6153846153846154,0.0,0.0,0.0,0.0,0.0,0.0,0.0,1.0,1.0,0.0,283.0,283.0,0.8348082595870207,0.8348082595870207,low,low,low_hetero/low_length
hotpotqa,5ab6f0c25542995eadef00ea,40%,453,1133,7,161.85714285714286,30.418173944575454,0.18793223090205488,127.0,217.0,1.7086614173228347,0.10364392888664731,budget-top-k,knapsack-redundancy,0.6153846153846154,0.6153846153846154,0.0,0.0,0.0,0.0,0.0,0.0,0.0,1.0,1.0,0.0,410.0,410.0,0.9050772626931567,0.9050772626931567,low,low,low_hetero/low_length
hotpotqa,5ab6f0c25542995eadef00ea,50%,566,1133,7,161.85714285714286,30.418173944575454,0.18793223090205488,127.0,217.0,1.7086614173228347,0.10364392888664731,budget-top-k,knapsack-redundancy,1.0,0.7307692307692308,-0.26923076923076916,1.0,0.0,-1.0,0.0,0.0,0.0,1.0,1.0,0.0,474.0,553.0,0.8374558303886925,0.9770318021201413,low,low,low_hetero/low_length
hotpotqa,5ab72a025542992aa3b8c7b8,30%,439,1466,10,146.6,35.41242719724249,0.24155816642048086,82.0,196.0,2.3902439024390243,0.13656207366984985,budget-top-k,knapsack-redundancy,0.7692307692307692,0.7692307692307692,0.0,0.0,0.0,0.0,0.0,0.0,0.0,1.0,1.0,0.0,439.0,439.0,1.0,1.0,medium,high,medium_hetero/high_length
hotpotqa,5ab72a025542992aa3b8c7b8,40%,586,1466,10,146.6,35.41242719724249,0.24155816642048086,82.0,196.0,2.3902439024390243,0.13656207366984985,budget-top-k,knapsack-redundancy,0.8461538461538461,0.7692307692307692,-0.07692307692307698,0.0,0.0,0.0,0.0,0.0,0.0,1.0,1.0,0.0,540.0,579.0,0.9215017064846417,0.9880546075085325,medium,high,medium_hetero/high_length
hotpotqa,5ab72a025542992aa3b8c7b8,50%,733,1466,10,146.6,35.41242719724249,0.24155816642048086,82.0,196.0,2.3902439024390243,0.13656207366984985,budget-top-k,knapsack-redundancy,0.8461538461538461,0.7692307692307692,-0.07692307692307698,0.0,0.0,0.0,0.0,0.0,0.0,1.0,1.0,0.0,680.0,693.0,0.927694406548431,0.9454297407912687,medium,high,medium_hetero/high_length
hotpotqa,5ade42b55542992fa25da717,30%,386,1289,9,143.33333333333334,33.33666650001666,0.23258139418616275,101.0,216.0,2.1386138613861387,0.1260981912144703,budget-top-k,knapsack-redundancy,1.0,0.85,-0.15000000000000002,1.0,0.0,-1.0,0.5,0.5,0.0,1.0,1.0,0.0,357.0,376.0,0.9248704663212435,0.9740932642487047,medium,medium,medium_hetero/medium_length
hotpotqa,5ade42b55542992fa25da717,40%,515,1289,9,143.33333333333334,33.33666650001666,0.23258139418616275,101.0,216.0,2.1386138613861387,0.1260981912144703,budget-top-k,knapsack-redundancy,1.0,0.9,-0.09999999999999998,1.0,0.0,-1.0,0.5,0.5,0.0,1.0,1.0,0.0,491.0,513.0,0.9533980582524272,0.996116504854369,medium,medium,medium_hetero/medium_length
hotpotqa,5ade42b55542992fa25da717,50%,644,1289,9,143.33333333333334,33.33666650001666,0.23258139418616275,101.0,216.0,2.1386138613861387,0.1260981912144703,budget-top-k,knapsack-redundancy,1.0,1.0,0.0,1.0,1.0,0.0,0.5,0.5,0.0,1.0,1.0,0.0,628.0,628.0,0.9751552795031055,0.9751552795031055,medium,medium,medium_hetero/medium_length
hotpotqa,5ae4c2b95542995dadf243ef,30%,470,1569,10,156.9,38.21635775423922,0.24357143246806384,51.0,184.0,3.607843137254902,0.10981516889738674,budget-top-k,knapsack-redundancy,0.8388888888888888,0.8409090909090909,0.0020202020202021442,0.0,0.0,0.0,0.5,0.5,0.0,0.0,1.0,1.0,410.0,462.0,0.8723404255319149,0.9829787234042553,medium,high,medium_hetero/high_length
hotpotqa,5ae4c2b95542995dadf243ef,40%,627,1569,10,156.9,38.21635775423922,0.24357143246806384,51.0,184.0,3.607843137254902,0.10981516889738674,budget-top-k,knapsack-redundancy,0.8388888888888888,0.8409090909090909,0.0020202020202021442,0.0,0.0,0.0,0.5,0.5,0.0,0.0,1.0,1.0,584.0,627.0,0.9314194577352473,1.0,medium,high,medium_hetero/high_length
hotpotqa,5ae4c2b95542995dadf243ef,50%,784,1569,10,156.9,38.21635775423922,0.24357143246806384,51.0,184.0,3.607843137254902,0.10981516889738674,budget-top-k,knapsack-redundancy,0.8388888888888888,1.0,0.1611111111111112,0.0,1.0,1.0,0.5,1.0,0.5,0.0,1.0,1.0,726.0,694.0,0.9260204081632653,0.8852040816326531,medium,high,medium_hetero/high_length
hotpotqa,5abf10b75542997719eab659,30%,393,1312,8,164.0,32.438403166617185,0.1977951412598609,100.0,205.0,2.05,0.109375,budget-top-k,knapsack-redundancy,0.32142857142857145,0.32142857142857145,0.0,0.0,0.0,0.0,0.0,0.0,0.0,0.0,0.0,0.0,391.0,391.0,0.9949109414758269,0.9949109414758269,low,medium,low_hetero/medium_length
hotpotqa,5abf10b75542997719eab659,40%,524,1312,8,164.0,32.438403166617185,0.1977951412598609,100.0,205.0,2.05,0.109375,budget-top-k,knapsack-redundancy,0.42857142857142855,0.42857142857142855,0.0,0.0,0.0,0.0,0.0,0.0,0.0,0.0,0.0,0.0,420.0,420.0,0.8015267175572519,0.8015267175572519,low,medium,low_hetero/medium_length
hotpotqa,5abf10b75542997719eab659,50%,656,1312,8,164.0,32.438403166617185,0.1977951412598609,100.0,205.0,2.05,0.109375,budget-top-k,knapsack-redundancy,0.6666666666666666,0.6666666666666666,0.0,0.0,0.0,0.0,0.0,0.0,0.0,0.0,0.0,0.0,575.0,575.0,0.8765243902439024,0.8765243902439024,low,medium,low_hetero/medium_length
hotpotqa,5add564a5542990dbb2f7e38,30%,409,1365,11,124.18181818181819,54.91947523721051,0.44225053265689285,1.0,219.0,219.0,0.2381205909756423,budget-top-k,knapsack-redundancy,1.0,0.868421052631579,-0.13157894736842102,1.0,0.0,-1.0,0.0,0.5,0.5,1.0,1.0,0.0,407.0,398.0,0.9951100244498777,0.9731051344743277,high,medium,high_hetero/medium_length
hotpotqa,5add564a5542990dbb2f7e38,40%,546,1365,11,124.18181818181819,54.91947523721051,0.44225053265689285,1.0,219.0,219.0,0.2381205909756423,budget-top-k,knapsack-redundancy,0.875,0.8947368421052632,0.019736842105263164,0.0,0.0,0.0,0.0,0.5,0.5,0.6666666666666666,1.0,0.33333333333333337,516.0,541.0,0.945054945054945,0.9908424908424909,high,medium,high_hetero/medium_length
hotpotqa,5add564a5542990dbb2f7e38,50%,682,1365,11,124.18181818181819,54.91947523721051,0.44225053265689285,1.0,219.0,219.0,0.2381205909756423,budget-top-k,knapsack-redundancy,0.875,1.0,0.125,0.0,1.0,1.0,0.0,0.5,0.5,0.6666666666666666,1.0,0.33333333333333337,682.0,681.0,1.0,0.998533724340176,high,medium,high_hetero/medium_length
hotpotqa,5a738225554299623ed4abc3,30%,398,1329,10,132.9,20.60315509818824,0.15502750261992654,102.0,179.0,1.7549019607843137,0.08224228743416084,budget-top-k,knapsack-redundancy,1.0,0.75,-0.25,1.0,0.0,-1.0,0.5,0.5,0.0,1.0,1.0,0.0,299.0,394.0,0.7512562814070352,0.9899497487437185,low,medium,low_hetero/medium_length
hotpotqa,5a738225554299623ed4abc3,40%,531,1329,10,132.9,20.60315509818824,0.15502750261992654,102.0,179.0,1.7549019607843137,0.08224228743416084,budget-top-k,knapsack-redundancy,1.0,1.0,0.0,1.0,1.0,0.0,0.5,0.5,0.0,1.0,1.0,0.0,447.0,527.0,0.8418079096045198,0.992467043314501,low,medium,low_hetero/medium_length
hotpotqa,5a738225554299623ed4abc3,50%,664,1329,10,132.9,20.60315509818824,0.15502750261992654,102.0,179.0,1.7549019607843137,0.08224228743416084,budget-top-k,knapsack-redundancy,1.0,1.0,0.0,1.0,1.0,0.0,0.5,0.5,0.0,1.0,1.0,0.0,573.0,654.0,0.8629518072289156,0.9849397590361446,low,medium,low_hetero/medium_length
hotpotqa,5a729e7b5542992359bc313d,30%,367,1224,8,153.0,35.563323804166565,0.23244002486383375,78.0,202.0,2.58974358974359,0.12479575163398682,budget-top-k,knapsack-redundancy,1.0,1.0,0.0,1.0,1.0,0.0,0.5,0.5,0.0,1.0,1.0,0.0,359.0,359.0,0.9782016348773842,0.9782016348773842,medium,medium,medium_hetero/medium_length
hotpotqa,5a729e7b5542992359bc313d,40%,489,1224,8,153.0,35.563323804166565,0.23244002486383375,78.0,202.0,2.58974358974359,0.12479575163398682,budget-top-k,knapsack-redundancy,1.0,0.8095238095238094,-0.19047619047619058,1.0,0.0,-1.0,0.5,0.5,0.0,1.0,1.0,0.0,437.0,435.0,0.8936605316973415,0.8895705521472392,medium,medium,medium_hetero/medium_length
hotpotqa,5a729e7b5542992359bc313d,50%,612,1224,8,153.0,35.563323804166565,0.23244002486383375,78.0,202.0,2.58974358974359,0.12479575163398682,budget-top-k,knapsack-redundancy,1.0,0.8095238095238094,-0.19047619047619058,1.0,0.0,-1.0,0.5,0.5,0.0,1.0,1.0,0.0,573.0,587.0,0.9362745098039216,0.9591503267973857,medium,medium,medium_hetero/medium_length
hotpotqa,5a811152554299260e20a22e,30%,461,1537,11,139.72727272727272,36.20168481536563,0.2590881802010553,64.0,193.0,3.015625,0.13225291299461772,budget-top-k,knapsack-redundancy,1.0,1.0,0.0,1.0,1.0,0.0,0.0,0.0,0.0,1.0,1.0,0.0,449.0,449.0,0.9739696312364425,0.9739696312364425,medium,high,medium_hetero/high_length
hotpotqa,5a811152554299260e20a22e,40%,614,1537,11,139.72727272727272,36.20168481536563,0.2590881802010553,64.0,193.0,3.015625,0.13225291299461772,budget-top-k,knapsack-redundancy,1.0,1.0,0.0,1.0,1.0,0.0,0.0,0.0,0.0,1.0,1.0,0.0,591.0,591.0,0.9625407166123778,0.9625407166123778,medium,high,medium_hetero/high_length
hotpotqa,5a811152554299260e20a22e,50%,768,1537,11,139.72727272727272,36.20168481536563,0.2590881802010553,64.0,193.0,3.015625,0.13225291299461772,budget-top-k,knapsack-redundancy,1.0,1.0,0.0,1.0,1.0,0.0,0.0,0.0,0.0,1.0,1.0,0.0,741.0,732.0,0.96484375,0.953125,medium,high,medium_hetero/high_length
hotpotqa,5adddd075542992200553b71,30%,432,1443,10,144.3,43.74025605777817,0.3031202776006803,73.0,215.0,2.9452054794520546,0.17234927234927233,budget-top-k,knapsack-redundancy,0.875,1.0,0.125,0.0,1.0,1.0,0.0,0.5,0.5,0.0,1.0,1.0,409.0,399.0,0.9467592592592593,0.9236111111111112,high,high,high_hetero/high_length
hotpotqa,5adddd075542992200553b71,40%,577,1443,10,144.3,43.74025605777817,0.3031202776006803,73.0,215.0,2.9452054794520546,0.17234927234927233,budget-top-k,knapsack-redundancy,0.875,1.0,0.125,0.0,1.0,1.0,0.0,0.5,0.5,0.0,1.0,1.0,541.0,511.0,0.9376083188908145,0.8856152512998267,high,high,high_hetero/high_length
hotpotqa,5adddd075542992200553b71,50%,721,1443,10,144.3,43.74025605777817,0.3031202776006803,73.0,215.0,2.9452054794520546,0.17234927234927233,budget-top-k,knapsack-redundancy,0.875,1.0,0.125,0.0,1.0,1.0,0.0,0.5,0.5,0.0,1.0,1.0,653.0,717.0,0.9056865464632455,0.9944521497919556,high,high,high_hetero/high_length
hotpotqa,5ade9545554299728e26c740,30%,381,1273,8,159.25,50.276112618220594,0.31570557374078867,71.0,216.0,3.0422535211267605,0.17307692307692313,budget-top-k,knapsack-redundancy,0.7777777777777778,0.7777777777777778,0.0,0.0,0.0,0.0,0.0,0.0,0.0,1.0,1.0,0.0,365.0,365.0,0.958005249343832,0.958005249343832,high,medium,high_hetero/medium_length
hotpotqa,5ade9545554299728e26c740,40%,509,1273,8,159.25,50.276112618220594,0.31570557374078867,71.0,216.0,3.0422535211267605,0.17307692307692313,budget-top-k,knapsack-redundancy,0.7777777777777778,0.7777777777777778,0.0,0.0,0.0,0.0,0.0,0.0,0.0,1.0,1.0,0.0,455.0,455.0,0.8939096267190569,0.8939096267190569,high,medium,high_hetero/medium_length
hotpotqa,5ade9545554299728e26c740,50%,636,1273,8,159.25,50.276112618220594,0.31570557374078867,71.0,216.0,3.0422535211267605,0.17307692307692313,budget-top-k,knapsack-redundancy,0.7777777777777778,0.7777777777777778,0.0,0.0,0.0,0.0,0.0,0.0,0.0,1.0,1.0,0.0,607.0,607.0,0.9544025157232704,0.9544025157232704,high,medium,high_hetero/medium_length
hotpotqa,5ab25004554299722f9b4cd7,30%,618,2063,16,128.9375,53.990124965126725,0.41873097403879184,35.0,207.0,5.914285714285715,0.23603368880271458,budget-top-k,knapsack-redundancy,1.0,1.0,0.0,1.0,1.0,0.0,1.0,1.0,0.0,1.0,1.0,0.0,591.0,589.0,0.9563106796116505,0.9530744336569579,high,high,high_hetero/high_length
hotpotqa,5ab25004554299722f9b4cd7,40%,825,2063,16,128.9375,53.990124965126725,0.41873097403879184,35.0,207.0,5.914285714285715,0.23603368880271458,budget-top-k,knapsack-redundancy,1.0,1.0,0.0,1.0,1.0,0.0,1.0,1.0,0.0,1.0,1.0,0.0,825.0,824.0,1.0,0.9987878787878788,high,high,high_hetero/high_length
hotpotqa,5ab25004554299722f9b4cd7,50%,1031,2063,16,128.9375,53.990124965126725,0.41873097403879184,35.0,207.0,5.914285714285715,0.23603368880271458,budget-top-k,knapsack-redundancy,1.0,1.0,0.0,1.0,1.0,0.0,1.0,1.0,0.0,1.0,1.0,0.0,1029.0,1009.0,0.9980601357904947,0.9786614936954413,high,high,high_hetero/high_length
hotpotqa,5ac1f4495542991316484bd2,30%,258,863,6,143.83333333333334,43.97505606085745,0.30573619509286754,82.0,192.0,2.341463414634146,0.16550791811510224,budget-top-k,knapsack-redundancy,0.7222222222222222,0.7222222222222222,0.0,0.0,0.0,0.0,0.0,0.0,0.0,0.6666666666666666,0.6666666666666666,0.0,244.0,244.0,0.9457364341085271,0.9457364341085271,high,low,high_hetero/low_length
hotpotqa,5ac1f4495542991316484bd2,40%,345,863,6,143.83333333333334,43.97505606085745,0.30573619509286754,82.0,192.0,2.341463414634146,0.16550791811510224,budget-top-k,knapsack-redundancy,0.7222222222222222,0.7222222222222222,0.0,0.0,0.0,0.0,0.0,0.0,0.0,0.6666666666666666,0.6666666666666666,0.0,309.0,326.0,0.8956521739130435,0.9449275362318841,high,low,high_hetero/low_length
hotpotqa,5ac1f4495542991316484bd2,50%,431,863,6,143.83333333333334,43.97505606085745,0.30573619509286754,82.0,192.0,2.341463414634146,0.16550791811510224,budget-top-k,knapsack-redundancy,1.0,1.0,0.0,1.0,1.0,0.0,0.0,0.0,0.0,1.0,1.0,0.0,428.0,428.0,0.9930394431554525,0.9930394431554525,high,low,high_hetero/low_length
hotpotqa,5ac0cf0f554299294b219018,30%,294,980,7,140.0,30.20879720497704,0.21577712289269313,95.0,178.0,1.8736842105263158,0.12069970845481048,budget-top-k,knapsack-redundancy,1.0,1.0,0.0,1.0,1.0,0.0,0.5,0.5,0.0,1.0,1.0,0.0,269.0,269.0,0.9149659863945578,0.9149659863945578,low,low,low_hetero/low_length
hotpotqa,5ac0cf0f554299294b219018,40%,392,980,7,140.0,30.20879720497704,0.21577712289269313,95.0,178.0,1.8736842105263158,0.12069970845481048,budget-top-k,knapsack-redundancy,0.5259259259259259,0.7692307692307692,0.24330484330484325,0.0,0.0,0.0,0.0,0.5,0.5,1.0,1.0,0.0,326.0,380.0,0.8316326530612245,0.9693877551020408,low,low,low_hetero/low_length
hotpotqa,5ac0cf0f554299294b219018,50%,490,980,7,140.0,30.20879720497704,0.21577712289269313,95.0,178.0,1.8736842105263158,0.12069970845481048,budget-top-k,knapsack-redundancy,1.0,1.0,0.0,1.0,1.0,0.0,0.5,0.5,0.0,1.0,1.0,0.0,421.0,421.0,0.8591836734693877,0.8591836734693877,low,low,low_hetero/low_length
hotpotqa,5ab3306a55429969a97a80fd,30%,321,1071,7,153.0,23.808761892571038,0.1556128228272617,115.0,184.0,1.6,0.08803521408563442,budget-top-k,knapsack-redundancy,1.0,0.8529411764705883,-0.1470588235294117,1.0,0.0,-1.0,0.5,0.0,-0.5,1.0,1.0,0.0,299.0,310.0,0.9314641744548287,0.9657320872274143,low,low,low_hetero/low_length
hotpotqa,5ab3306a55429969a97a80fd,40%,428,1071,7,153.0,23.808761892571038,0.1556128228272617,115.0,184.0,1.6,0.08803521408563442,budget-top-k,knapsack-redundancy,0.8823529411764706,1.0,0.11764705882352944,0.0,1.0,1.0,0.0,0.5,0.5,1.0,1.0,0.0,361.0,425.0,0.8434579439252337,0.9929906542056075,low,low,low_hetero/low_length
hotpotqa,5ab3306a55429969a97a80fd,50%,535,1071,7,153.0,23.808761892571038,0.1556128228272617,115.0,184.0,1.6,0.08803521408563442,budget-top-k,knapsack-redundancy,0.8823529411764706,0.8823529411764706,0.0,0.0,0.0,0.0,0.0,0.0,0.0,1.0,1.0,0.0,527.0,519.0,0.9850467289719627,0.9700934579439252,low,low,low_hetero/low_length
hotpotqa,5ade0fb95542997545bbbe39,30%,488,1628,12,135.66666666666666,40.07146393909539,0.2953670560621282,71.0,193.0,2.7183098591549295,0.16635954135954134,budget-top-k,knapsack-redundancy,0.9,1.0,0.09999999999999998,0.0,1.0,1.0,0.0,0.5,0.5,0.0,0.0,0.0,452.0,486.0,0.9262295081967213,0.9959016393442623,medium,high,medium_hetero/high_length
hotpotqa,5ade0fb95542997545bbbe39,40%,651,1628,12,135.66666666666666,40.07146393909539,0.2953670560621282,71.0,193.0,2.7183098591549295,0.16635954135954134,budget-top-k,knapsack-redundancy,0.9,1.0,0.09999999999999998,0.0,1.0,1.0,0.0,0.5,0.5,0.0,0.0,0.0,607.0,629.0,0.9324116743471582,0.9662058371735791,medium,high,medium_hetero/high_length
hotpotqa,5ade0fb95542997545bbbe39,50%,814,1628,12,135.66666666666666,40.07146393909539,0.2953670560621282,71.0,193.0,2.7183098591549295,0.16635954135954134,budget-top-k,knapsack-redundancy,0.9333333333333333,1.0,0.06666666666666665,0.0,1.0,1.0,0.0,0.5,0.5,0.0,0.0,0.0,800.0,784.0,0.9828009828009828,0.9631449631449631,medium,high,medium_hetero/high_length
hotpotqa,5ab78edc5542995dae37e95c,30%,372,1241,9,137.77777777777777,53.58643646333936,0.38893381304036634,41.0,204.0,4.975609756097561,0.21702508960573463,budget-top-k,knapsack-redundancy,0.5555555555555556,0.4027777777777778,-0.1527777777777778,0.0,0.0,0.0,0.0,0.0,0.0,0.3333333333333333,0.3333333333333333,0.0,351.0,370.0,0.9435483870967742,0.9946236559139785,high,medium,high_hetero/medium_length
hotpotqa,5ab78edc5542995dae37e95c,40%,496,1241,9,137.77777777777777,53.58643646333936,0.38893381304036634,41.0,204.0,4.975609756097561,0.21702508960573463,budget-top-k,knapsack-redundancy,0.9166666666666667,0.9166666666666667,0.0,0.0,0.0,0.0,0.0,0.0,0.0,1.0,1.0,0.0,475.0,475.0,0.9576612903225806,0.9576612903225806,high,medium,high_hetero/medium_length
hotpotqa,5ab78edc5542995dae37e95c,50%,620,1241,9,137.77777777777777,53.58643646333936,0.38893381304036634,41.0,204.0,4.975609756097561,0.21702508960573463,budget-top-k,knapsack-redundancy,1.0,0.5833333333333334,-0.41666666666666663,1.0,0.0,-1.0,0.0,0.0,0.0,1.0,0.3333333333333333,-0.6666666666666667,584.0,618.0,0.9419354838709677,0.9967741935483871,high,medium,high_hetero/medium_length
hotpotqa,5ac056385542997d64295a08,30%,550,1834,17,107.94117647058823,79.24160418561726,0.7341184038994515,3.0,219.0,73.0,0.41224555217182246,budget-top-k,knapsack-redundancy,1.0,1.0,0.0,1.0,1.0,0.0,0.5,0.5,0.0,1.0,1.0,0.0,549.0,541.0,0.9981818181818182,0.9836363636363636,high,high,high_hetero/high_length
hotpotqa,5ac056385542997d64295a08,40%,733,1834,17,107.94117647058823,79.24160418561726,0.7341184038994515,3.0,219.0,73.0,0.41224555217182246,budget-top-k,knapsack-redundancy,1.0,1.0,0.0,1.0,1.0,0.0,0.5,0.5,0.0,1.0,1.0,0.0,729.0,706.0,0.9945429740791268,0.9631650750341064,high,high,high_hetero/high_length
hotpotqa,5ac056385542997d64295a08,50%,917,1834,17,107.94117647058823,79.24160418561726,0.7341184038994515,3.0,219.0,73.0,0.41224555217182246,budget-top-k,knapsack-redundancy,1.0,1.0,0.0,1.0,1.0,0.0,0.5,0.5,0.0,1.0,1.0,0.0,916.0,913.0,0.9989094874591058,0.9956379498364231,high,high,high_hetero/high_length
hotpotqa,5aba9e2455429939ce03dd3a,30%,376,1254,8,156.75,36.618813470673786,0.23361284510796673,101.0,208.0,2.0594059405940595,0.13237639553429026,budget-top-k,knapsack-redundancy,0.9,0.9,0.0,0.0,0.0,0.0,0.0,0.0,0.0,0.0,0.0,0.0,364.0,364.0,0.9680851063829787,0.9680851063829787,medium,medium,medium_hetero/medium_length
hotpotqa,5aba9e2455429939ce03dd3a,40%,501,1254,8,156.75,36.618813470673786,0.23361284510796673,101.0,208.0,2.0594059405940595,0.13237639553429026,budget-top-k,knapsack-redundancy,0.9,0.9,0.0,0.0,0.0,0.0,0.0,0.0,0.0,0.0,0.0,0.0,457.0,457.0,0.9121756487025948,0.9121756487025948,medium,medium,medium_hetero/medium_length
hotpotqa,5aba9e2455429939ce03dd3a,50%,627,1254,8,156.75,36.618813470673786,0.23361284510796673,101.0,208.0,2.0594059405940595,0.13237639553429026,budget-top-k,knapsack-redundancy,0.9,0.9,0.0,0.0,0.0,0.0,0.0,0.0,0.0,0.0,0.0,0.0,620.0,620.0,0.988835725677831,0.988835725677831,medium,medium,medium_hetero/medium_length
hotpotqa,5a90b43455429916514e7523,30%,332,1107,7,158.14285714285714,45.951616080483646,0.2905702913851721,79.0,219.0,2.7721518987341773,0.1633759194734805,budget-top-k,knapsack-redundancy,0.29375,0.29375,0.0,0.0,0.0,0.0,0.0,0.0,0.0,0.0,0.0,0.0,292.0,292.0,0.8795180722891566,0.8795180722891566,medium,low,medium_hetero/low_length
hotpotqa,5a90b43455429916514e7523,40%,442,1107,7,158.14285714285714,45.951616080483646,0.2905702913851721,79.0,219.0,2.7721518987341773,0.1633759194734805,budget-top-k,knapsack-redundancy,0.44375,0.44375,0.0,0.0,0.0,0.0,0.0,0.0,0.0,0.0,0.0,0.0,413.0,413.0,0.9343891402714932,0.9343891402714932,medium,low,medium_hetero/low_length
hotpotqa,5a90b43455429916514e7523,50%,553,1107,7,158.14285714285714,45.951616080483646,0.2905702913851721,79.0,219.0,2.7721518987341773,0.1633759194734805,budget-top-k,knapsack-redundancy,0.44375,0.5625,0.11875000000000002,0.0,0.0,0.0,0.0,0.5,0.5,0.0,0.0,0.0,413.0,515.0,0.7468354430379747,0.9312839059674503,medium,low,medium_hetero/low_length
hotpotqa,5abb30755542996cc5e49fd8,30%,375,1253,10,125.3,30.404111564063175,0.24265053123753533,76.0,163.0,2.1447368421052633,0.13479648842777325,budget-top-k,knapsack-redundancy,0.8461538461538461,0.8461538461538461,0.0,0.0,0.0,0.0,0.5,0.5,0.0,1.0,1.0,0.0,323.0,323.0,0.8613333333333333,0.8613333333333333,medium,medium,medium_hetero/medium_length
hotpotqa,5abb30755542996cc5e49fd8,40%,501,1253,10,125.3,30.404111564063175,0.24265053123753533,76.0,163.0,2.1447368421052633,0.13479648842777325,budget-top-k,knapsack-redundancy,0.8461538461538461,0.8846153846153846,0.038461538461538436,0.0,0.0,0.0,0.5,0.5,0.0,1.0,1.0,0.0,461.0,409.0,0.9201596806387226,0.8163672654690619,medium,medium,medium_hetero/medium_length
hotpotqa,5abb30755542996cc5e49fd8,50%,626,1253,10,125.3,30.404111564063175,0.24265053123753533,76.0,163.0,2.1447368421052633,0.13479648842777325,budget-top-k,knapsack-redundancy,0.8846153846153846,0.8846153846153846,0.0,0.0,0.0,0.0,0.5,0.5,0.0,1.0,1.0,0.0,547.0,547.0,0.8738019169329073,0.8738019169329073,medium,medium,medium_hetero/medium_length
hotpotqa,5ae4ec1e5542990ba0bbb19b,30%,371,1239,8,154.875,29.297770819637456,0.1891704330565776,112.0,196.0,1.75,0.10784907183212278,budget-top-k,knapsack-redundancy,0.7142857142857143,0.7142857142857143,0.0,0.0,0.0,0.0,0.0,0.0,0.0,1.0,1.0,0.0,306.0,306.0,0.8247978436657682,0.8247978436657682,low,medium,low_hetero/medium_length
hotpotqa,5ae4ec1e5542990ba0bbb19b,40%,495,1239,8,154.875,29.297770819637456,0.1891704330565776,112.0,196.0,1.75,0.10784907183212278,budget-top-k,knapsack-redundancy,1.0,1.0,0.0,1.0,1.0,0.0,0.0,0.0,0.0,1.0,1.0,0.0,495.0,495.0,1.0,1.0,low,medium,low_hetero/medium_length
hotpotqa,5ae4ec1e5542990ba0bbb19b,50%,619,1239,8,154.875,29.297770819637456,0.1891704330565776,112.0,196.0,1.75,0.10784907183212278,budget-top-k,knapsack-redundancy,1.0,1.0,0.0,1.0,1.0,0.0,0.0,0.0,0.0,1.0,1.0,0.0,614.0,614.0,0.9919224555735057,0.9919224555735057,low,medium,low_hetero/medium_length
hotpotqa,5add405f5542992c1e3a2581,30%,309,1030,7,147.14285714285714,30.796236186672328,0.20929480903563719,111.0,214.0,1.927927927927928,0.10735090152565885,budget-top-k,knapsack-redundancy,0.5833333333333334,0.5833333333333334,0.0,0.0,0.0,0.0,0.0,0.0,0.0,0.3333333333333333,0.3333333333333333,0.0,294.0,294.0,0.9514563106796117,0.9514563106796117,low,low,low_hetero/low_length
hotpotqa,5add405f5542992c1e3a2581,40%,412,1030,7,147.14285714285714,30.796236186672328,0.20929480903563719,111.0,214.0,1.927927927927928,0.10735090152565885,budget-top-k,knapsack-redundancy,0.4583333333333333,1.0,0.5416666666666667,0.0,1.0,1.0,0.0,0.5,0.5,0.3333333333333333,1.0,0.6666666666666667,355.0,405.0,0.8616504854368932,0.9830097087378641,low,low,low_hetero/low_length
hotpotqa,5add405f5542992c1e3a2581,50%,515,1030,7,147.14285714285714,30.796236186672328,0.20929480903563719,111.0,214.0,1.927927927927928,0.10735090152565885,budget-top-k,knapsack-redundancy,0.5833333333333334,0.5833333333333334,0.0,0.0,0.0,0.0,0.0,0.0,0.0,0.3333333333333333,0.3333333333333333,0.0,508.0,508.0,0.9864077669902913,0.9864077669902913,low,low,low_hetero/low_length
hotpotqa,5a71717d5542994082a3e834,30%,430,1436,11,130.54545454545453,54.327899473079434,0.41616078983556676,46.0,198.0,4.304347826086956,0.2351228159027603,budget-top-k,knapsack-redundancy,1.0,0.6818181818181819,-0.3181818181818181,1.0,0.0,-1.0,0.0,0.0,0.0,1.0,0.6666666666666666,-0.33333333333333337,421.0,402.0,0.9790697674418605,0.9348837209302325,high,high,high_hetero/high_length
hotpotqa,5a71717d5542994082a3e834,40%,574,1436,11,130.54545454545453,54.327899473079434,0.41616078983556676,46.0,198.0,4.304347826086956,0.2351228159027603,budget-top-k,knapsack-redundancy,1.0,1.0,0.0,1.0,1.0,0.0,0.0,0.0,0.0,1.0,1.0,0.0,552.0,552.0,0.9616724738675958,0.9616724738675958,high,high,high_hetero/high_length
hotpotqa,5a71717d5542994082a3e834,50%,718,1436,11,130.54545454545453,54.327899473079434,0.41616078983556676,46.0,198.0,4.304347826086956,0.2351228159027603,budget-top-k,knapsack-redundancy,1.0,1.0,0.0,1.0,1.0,0.0,0.0,0.0,0.0,1.0,1.0,0.0,686.0,686.0,0.9554317548746518,0.9554317548746518,high,high,high_hetero/high_length
hotpotqa,5adf8fe55542993344016d0f,30%,472,1574,10,157.4,31.613920984275264,0.20085083217455693,111.0,217.0,1.954954954954955,0.11270648030495534,budget-top-k,knapsack-redundancy,0.7222222222222222,0.6944444444444444,-0.02777777777777779,0.0,0.0,0.0,0.5,0.5,0.0,1.0,1.0,0.0,379.0,424.0,0.8029661016949152,0.8983050847457628,low,high,low_hetero/high_length
hotpotqa,5adf8fe55542993344016d0f,40%,629,1574,10,157.4,31.613920984275264,0.20085083217455693,111.0,217.0,1.954954954954955,0.11270648030495534,budget-top-k,knapsack-redundancy,0.75,0.75,0.0,0.0,0.0,0.0,0.5,0.5,0.0,1.0,1.0,0.0,607.0,607.0,0.9650238473767886,0.9650238473767886,low,high,low_hetero/high_length
hotpotqa,5adf8fe55542993344016d0f,50%,787,1574,10,157.4,31.613920984275264,0.20085083217455693,111.0,217.0,1.954954954954955,0.11270648030495534,budget-top-k,knapsack-redundancy,0.75,0.75,0.0,0.0,0.0,0.0,0.5,0.5,0.0,1.0,1.0,0.0,752.0,752.0,0.9555273189326556,0.9555273189326556,low,high,low_hetero/high_length
hotpotqa,5a78f59755429970f5fffdf7,30%,383,1277,9,142.0,52.48703543627597,0.36962701011461946,56.0,194.0,3.4642857142857144,0.2011824030603373,budget-top-k,knapsack-redundancy,0.7378917378917379,0.7378917378917379,0.0,0.0,0.0,0.0,0.5,0.5,0.0,0.0,0.0,0.0,381.0,381.0,0.9947780678851175,0.9947780678851175,high,medium,high_hetero/medium_length
hotpotqa,5a78f59755429970f5fffdf7,40%,510,1277,9,142.0,52.48703543627597,0.36962701011461946,56.0,194.0,3.4642857142857144,0.2011824030603373,budget-top-k,knapsack-redundancy,1.0,0.7749287749287749,-0.22507122507122512,1.0,0.0,-1.0,0.5,0.5,0.0,1.0,0.25,-0.75,480.0,488.0,0.9411764705882353,0.9568627450980393,high,medium,high_hetero/medium_length
hotpotqa,5a78f59755429970f5fffdf7,50%,638,1277,9,142.0,52.48703543627597,0.36962701011461946,56.0,194.0,3.4642857142857144,0.2011824030603373,budget-top-k,knapsack-redundancy,1.0,1.0,0.0,1.0,1.0,0.0,0.5,0.5,0.0,1.0,1.0,0.0,595.0,595.0,0.932601880877743,0.932601880877743,high,medium,high_hetero/medium_length
hotpotqa,5a8099935542996402f6a58b,30%,414,1381,9,153.44444444444446,50.28609507631997,0.32771531910708157,52.0,213.0,4.096153846153846,0.18054549843108858,budget-top-k,knapsack-redundancy,0.6229166666666667,0.6229166666666667,0.0,0.0,0.0,0.0,0.5,0.5,0.0,0.0,0.0,0.0,378.0,378.0,0.9130434782608695,0.9130434782608695,high,medium,high_hetero/medium_length
hotpotqa,5a8099935542996402f6a58b,40%,552,1381,9,153.44444444444446,50.28609507631997,0.32771531910708157,52.0,213.0,4.096153846153846,0.18054549843108858,budget-top-k,knapsack-redundancy,0.6291666666666667,0.6291666666666667,0.0,0.0,0.0,0.0,0.5,0.5,0.0,0.0,0.0,0.0,551.0,551.0,0.9981884057971014,0.9981884057971014,high,medium,high_hetero/medium_length
hotpotqa,5a8099935542996402f6a58b,50%,690,1381,9,153.44444444444446,50.28609507631997,0.32771531910708157,52.0,213.0,4.096153846153846,0.18054549843108858,budget-top-k,knapsack-redundancy,0.6291666666666667,0.6291666666666667,0.0,0.0,0.0,0.0,0.5,0.5,0.0,0.0,0.0,0.0,657.0,657.0,0.9521739130434783,0.9521739130434783,high,medium,high_hetero/medium_length
hotpotqa,5ab6aaff55429953192ad35b,30%,257,858,5,171.6,16.341358572652396,0.09522936231149415,147.0,195.0,1.3265306122448979,0.053613053613053685,budget-top-k,knapsack-redundancy,0.7568627450980392,0.7568627450980392,0.0,0.0,0.0,0.0,0.0,0.0,0.0,1.0,1.0,0.0,147.0,147.0,0.5719844357976653,0.5719844357976653,low,low,low_hetero/low_length
hotpotqa,5ab6aaff55429953192ad35b,40%,343,858,5,171.6,16.341358572652396,0.09522936231149415,147.0,195.0,1.3265306122448979,0.053613053613053685,budget-top-k,knapsack-redundancy,1.0,1.0,0.0,1.0,1.0,0.0,0.0,0.0,0.0,1.0,1.0,0.0,320.0,320.0,0.9329446064139941,0.9329446064139941,low,low,low_hetero/low_length
hotpotqa,5ab6aaff55429953192ad35b,50%,429,858,5,171.6,16.341358572652396,0.09522936231149415,147.0,195.0,1.3265306122448979,0.053613053613053685,budget-top-k,knapsack-redundancy,1.0,1.0,0.0,1.0,1.0,0.0,0.0,0.0,0.0,1.0,1.0,0.0,320.0,320.0,0.745920745920746,0.745920745920746,low,low,low_hetero/low_length
hotpotqa,5abcc96c5542996583600492,30%,412,1375,8,171.875,39.910642377691694,0.23220737383384257,82.0,215.0,2.6219512195121952,0.12063636363636365,budget-top-k,knapsack-redundancy,0.09569377990430622,0.09569377990430622,0.0,0.0,0.0,0.0,0.0,0.0,0.0,0.0,0.0,0.0,411.0,411.0,0.9975728155339806,0.9975728155339806,medium,medium,medium_hetero/medium_length
hotpotqa,5abcc96c5542996583600492,40%,550,1375,8,171.875,39.910642377691694,0.23220737383384257,82.0,215.0,2.6219512195121952,0.12063636363636365,budget-top-k,knapsack-redundancy,0.16879319510898458,0.16879319510898458,0.0,0.0,0.0,0.0,0.0,0.0,0.0,0.0,0.0,0.0,531.0,531.0,0.9654545454545455,0.9654545454545455,medium,medium,medium_hetero/medium_length
hotpotqa,5abcc96c5542996583600492,50%,687,1375,8,171.875,39.910642377691694,0.23220737383384257,82.0,215.0,2.6219512195121952,0.12063636363636365,budget-top-k,knapsack-redundancy,0.16879319510898458,0.16879319510898458,0.0,0.0,0.0,0.0,0.0,0.0,0.0,0.0,0.0,0.0,613.0,613.0,0.8922852983988355,0.8922852983988355,medium,medium,medium_hetero/medium_length
hotpotqa,5a8b78775542997f31a41d3d,30%,495,1653,11,150.27272727272728,43.90090268090563,0.2921415181427477,62.0,217.0,3.5,0.16047956882802628,budget-top-k,knapsack-redundancy,0.8222222222222223,0.6666666666666666,-0.15555555555555567,0.0,0.0,0.0,0.0,0.5,0.5,1.0,0.3333333333333333,-0.6666666666666667,434.0,432.0,0.8767676767676768,0.8727272727272727,medium,high,medium_hetero/high_length
hotpotqa,5a8b78775542997f31a41d3d,40%,661,1653,11,150.27272727272728,43.90090268090563,0.2921415181427477,62.0,217.0,3.5,0.16047956882802628,budget-top-k,knapsack-redundancy,0.8888888888888888,1.0,0.11111111111111116,0.0,1.0,1.0,0.0,0.5,0.5,1.0,1.0,0.0,637.0,649.0,0.9636913767019667,0.9818456883509834,medium,high,medium_hetero/high_length
hotpotqa,5a8b78775542997f31a41d3d,50%,826,1653,11,150.27272727272728,43.90090268090563,0.2921415181427477,62.0,217.0,3.5,0.16047956882802628,budget-top-k,knapsack-redundancy,0.8888888888888888,1.0,0.11111111111111116,0.0,1.0,1.0,0.0,0.5,0.5,1.0,1.0,0.0,769.0,793.0,0.9309927360774818,0.9600484261501211,medium,high,medium_hetero/high_length
hotpotqa,5a7252db5542990c210a4104,30%,544,1815,13,139.6153846153846,46.19446930188548,0.33086947709339465,47.0,220.0,4.680851063829787,0.18249629158720082,budget-top-k,knapsack-redundancy,1.0,1.0,0.0,1.0,1.0,0.0,0.0,0.0,0.0,1.0,1.0,0.0,508.0,538.0,0.9338235294117647,0.9889705882352942,high,high,high_hetero/high_length
hotpotqa,5a7252db5542990c210a4104,40%,726,1815,13,139.6153846153846,46.19446930188548,0.33086947709339465,47.0,220.0,4.680851063829787,0.18249629158720082,budget-top-k,knapsack-redundancy,1.0,1.0,0.0,1.0,1.0,0.0,0.0,0.0,0.0,1.0,1.0,0.0,715.0,715.0,0.9848484848484849,0.9848484848484849,high,high,high_hetero/high_length
hotpotqa,5a7252db5542990c210a4104,50%,907,1815,13,139.6153846153846,46.19446930188548,0.33086947709339465,47.0,220.0,4.680851063829787,0.18249629158720082,budget-top-k,knapsack-redundancy,1.0,1.0,0.0,1.0,1.0,0.0,0.0,0.0,0.0,1.0,1.0,0.0,901.0,901.0,0.9933847850055126,0.9933847850055126,high,high,high_hetero/high_length
hotpotqa,5ae2ee5e5542991a06ce990a,30%,509,1698,11,154.36363636363637,49.69044672638563,0.3219051319141589,56.0,220.0,3.9285714285714284,0.18074740336224449,budget-top-k,knapsack-redundancy,1.0,0.868421052631579,-0.13157894736842102,1.0,0.0,-1.0,0.5,0.0,-0.5,1.0,1.0,0.0,472.0,500.0,0.9273084479371316,0.9823182711198428,high,high,high_hetero/high_length
hotpotqa,5ae2ee5e5542991a06ce990a,40%,679,1698,11,154.36363636363637,49.69044672638563,0.3219051319141589,56.0,220.0,3.9285714285714284,0.18074740336224449,budget-top-k,knapsack-redundancy,1.0,0.868421052631579,-0.13157894736842102,1.0,0.0,-1.0,0.5,0.0,-0.5,1.0,1.0,0.0,675.0,609.0,0.9941089837997055,0.8969072164948454,high,high,high_hetero/high_length
hotpotqa,5ae2ee5e5542991a06ce990a,50%,849,1698,11,154.36363636363637,49.69044672638563,0.3219051319141589,56.0,220.0,3.9285714285714284,0.18074740336224449,budget-top-k,knapsack-redundancy,1.0,1.0,0.0,1.0,1.0,0.0,0.5,0.5,0.0,1.0,1.0,0.0,843.0,805.0,0.9929328621908127,0.9481743227326266,high,high,high_hetero/high_length
hotpotqa,5abc5951554299114383a116,30%,378,1263,8,157.875,53.10705579299233,0.3363867350308303,60.0,219.0,3.65,0.17725653206650827,budget-top-k,knapsack-redundancy,1.0,1.0,0.0,1.0,1.0,0.0,1.0,1.0,0.0,1.0,1.0,0.0,320.0,320.0,0.8465608465608465,0.8465608465608465,high,medium,high_hetero/medium_length
hotpotqa,5abc5951554299114383a116,40%,505,1263,8,157.875,53.10705579299233,0.3363867350308303,60.0,219.0,3.65,0.17725653206650827,budget-top-k,knapsack-redundancy,1.0,1.0,0.0,1.0,1.0,0.0,1.0,1.0,0.0,1.0,1.0,0.0,478.0,478.0,0.9465346534653465,0.9465346534653465,high,medium,high_hetero/medium_length
hotpotqa,5abc5951554299114383a116,50%,631,1263,8,157.875,53.10705579299233,0.3363867350308303,60.0,219.0,3.65,0.17725653206650827,budget-top-k,knapsack-redundancy,1.0,1.0,0.0,1.0,1.0,0.0,1.0,1.0,0.0,1.0,1.0,0.0,581.0,581.0,0.9207606973058637,0.9207606973058637,high,medium,high_hetero/medium_length
hotpotqa,5ac1a3665542994ab5c67daf,30%,477,1592,11,144.72727272727272,38.99904639647886,0.2694657728399921,64.0,211.0,3.296875,0.14904065783462772,budget-top-k,knapsack-redundancy,1.0,1.0,0.0,1.0,1.0,0.0,0.0,0.0,0.0,1.0,1.0,0.0,429.0,433.0,0.89937106918239,0.9077568134171907,medium,high,medium_hetero/high_length
hotpotqa,5ac1a3665542994ab5c67daf,40%,636,1592,11,144.72727272727272,38.99904639647886,0.2694657728399921,64.0,211.0,3.296875,0.14904065783462772,budget-top-k,knapsack-redundancy,1.0,1.0,0.0,1.0,1.0,0.0,0.0,0.0,0.0,1.0,1.0,0.0,574.0,589.0,0.9025157232704403,0.9261006289308176,medium,high,medium_hetero/high_length
hotpotqa,5ac1a3665542994ab5c67daf,50%,796,1592,11,144.72727272727272,38.99904639647886,0.2694657728399921,64.0,211.0,3.296875,0.14904065783462772,budget-top-k,knapsack-redundancy,1.0,1.0,0.0,1.0,1.0,0.0,0.0,0.0,0.0,1.0,1.0,0.0,756.0,734.0,0.949748743718593,0.9221105527638191,medium,high,medium_hetero/high_length
hotpotqa,5adc0c2b55429947ff1738db,30%,367,1226,7,175.14285714285714,35.47002183505942,0.20252051618712558,120.0,217.0,1.8083333333333333,0.11349335819156381,budget-top-k,knapsack-redundancy,0.75,0.75,0.0,0.0,0.0,0.0,0.0,0.0,0.0,1.0,1.0,0.0,325.0,325.0,0.885558583106267,0.885558583106267,low,medium,low_hetero/medium_length
hotpotqa,5adc0c2b55429947ff1738db,40%,490,1226,7,175.14285714285714,35.47002183505942,0.20252051618712558,120.0,217.0,1.8083333333333333,0.11349335819156381,budget-top-k,knapsack-redundancy,1.0,0.75,-0.25,1.0,0.0,-1.0,0.0,0.0,0.0,1.0,1.0,0.0,422.0,467.0,0.8612244897959184,0.9530612244897959,low,medium,low_hetero/medium_length
hotpotqa,5adc0c2b55429947ff1738db,50%,613,1226,7,175.14285714285714,35.47002183505942,0.20252051618712558,120.0,217.0,1.8083333333333333,0.11349335819156381,budget-top-k,knapsack-redundancy,1.0,1.0,0.0,1.0,1.0,0.0,0.0,0.0,0.0,1.0,1.0,0.0,542.0,542.0,0.8841761827079935,0.8841761827079935,low,medium,low_hetero/medium_length
hotpotqa,5a7634f155429976ec32bd6b,30%,341,1139,7,162.71428571428572,23.614246823924418,0.14512706564308245,115.0,195.0,1.6956521739130435,0.07776244826288736,budget-top-k,knapsack-redundancy,0.875,0.875,0.0,0.0,0.0,0.0,0.0,0.0,0.0,1.0,1.0,0.0,323.0,323.0,0.9472140762463344,0.9472140762463344,low,low,low_hetero/low_length
hotpotqa,5a7634f155429976ec32bd6b,40%,455,1139,7,162.71428571428572,23.614246823924418,0.14512706564308245,115.0,195.0,1.6956521739130435,0.07776244826288736,budget-top-k,knapsack-redundancy,0.875,0.875,0.0,0.0,0.0,0.0,0.0,0.0,0.0,1.0,1.0,0.0,438.0,438.0,0.9626373626373627,0.9626373626373627,low,low,low_hetero/low_length
hotpotqa,5a7634f155429976ec32bd6b,50%,569,1139,7,162.71428571428572,23.614246823924418,0.14512706564308245,115.0,195.0,1.6956521739130435,0.07776244826288736,budget-top-k,knapsack-redundancy,1.0,1.0,0.0,1.0,1.0,0.0,0.5,0.5,0.0,1.0,1.0,0.0,477.0,477.0,0.8383128295254832,0.8383128295254832,low,low,low_hetero/low_length
hotpotqa,5a7574e25542996c70cfaf01,30%,506,1688,11,153.45454545454547,32.83391715440726,0.2139650999398577,86.0,191.0,2.2209302325581395,0.1171908660060319,budget-top-k,knapsack-redundancy,0.7115384615384616,0.42206477732793524,-0.2894736842105263,0.0,0.0,0.0,0.0,0.0,0.0,0.5,0.5,0.0,448.0,488.0,0.8853754940711462,0.9644268774703557,low,high,low_hetero/high_length
hotpotqa,5a7574e25542996c70cfaf01,40%,675,1688,11,153.45454545454547,32.83391715440726,0.2139650999398577,86.0,191.0,2.2209302325581395,0.1171908660060319,budget-top-k,knapsack-redundancy,0.75,0.48684210526315785,-0.26315789473684215,0.0,0.0,0.0,0.0,0.0,0.0,0.5,0.5,0.0,616.0,656.0,0.9125925925925926,0.9718518518518519,low,high,low_hetero/high_length
hotpotqa,5a7574e25542996c70cfaf01,50%,844,1688,11,153.45454545454547,32.83391715440726,0.2139650999398577,86.0,191.0,2.2209302325581395,0.1171908660060319,budget-top-k,knapsack-redundancy,0.75,0.7368421052631579,-0.013157894736842146,0.0,0.0,0.0,0.0,0.5,0.5,0.5,1.0,0.5,721.0,839.0,0.8542654028436019,0.9940758293838863,low,high,low_hetero/high_length
hotpotqa,5adc8977554299438c868de2,30%,480,1601,11,145.54545454545453,48.498104248542326,0.33321620657961626,50.0,206.0,4.12,0.18681505877008697,budget-top-k,knapsack-redundancy,0.8571428571428572,1.0,0.1428571428571428,0.0,1.0,1.0,0.5,1.0,0.5,1.0,1.0,0.0,455.0,475.0,0.9479166666666666,0.9895833333333334,high,high,high_hetero/high_length
hotpotqa,5adc8977554299438c868de2,40%,640,1601,11,145.54545454545453,48.498104248542326,0.33321620657961626,50.0,206.0,4.12,0.18681505877008697,budget-top-k,knapsack-redundancy,1.0,1.0,0.0,1.0,1.0,0.0,1.0,1.0,0.0,1.0,1.0,0.0,609.0,609.0,0.9515625,0.9515625,high,high,high_hetero/high_length
hotpotqa,5adc8977554299438c868de2,50%,800,1601,11,145.54545454545453,48.498104248542326,0.33321620657961626,50.0,206.0,4.12,0.18681505877008697,budget-top-k,knapsack-redundancy,1.0,1.0,0.0,1.0,1.0,0.0,1.0,1.0,0.0,1.0,1.0,0.0,765.0,765.0,0.95625,0.95625,high,high,high_hetero/high_length
hotpotqa,5a7dc2495542997cc2c4749a,30%,387,1292,9,143.55555555555554,28.93329919779519,0.20154774982984267,91.0,189.0,2.076923076923077,0.11403508771929816,budget-top-k,knapsack-redundancy,0.2973137973137973,0.2973137973137973,0.0,0.0,0.0,0.0,0.0,0.0,0.0,0.0,0.0,0.0,381.0,381.0,0.9844961240310077,0.9844961240310077,low,medium,low_hetero/medium_length
hotpotqa,5a7dc2495542997cc2c4749a,40%,516,1292,9,143.55555555555554,28.93329919779519,0.20154774982984267,91.0,189.0,2.076923076923077,0.11403508771929816,budget-top-k,knapsack-redundancy,0.7380952380952381,0.7380952380952381,0.0,0.0,0.0,0.0,0.5,0.5,0.0,1.0,1.0,0.0,430.0,430.0,0.8333333333333334,0.8333333333333334,low,medium,low_hetero/medium_length
hotpotqa,5a7dc2495542997cc2c4749a,50%,646,1292,9,143.55555555555554,28.93329919779519,0.20154774982984267,91.0,189.0,2.076923076923077,0.11403508771929816,budget-top-k,knapsack-redundancy,1.0,1.0,0.0,1.0,1.0,0.0,0.5,0.5,0.0,1.0,1.0,0.0,607.0,607.0,0.9396284829721362,0.9396284829721362,low,medium,low_hetero/medium_length
hotpotqa,5a8f05b1554299458435d517,30%,436,1456,10,145.6,44.54929853544273,0.3059704569741946,93.0,217.0,2.3333333333333335,0.17032967032967017,budget-top-k,knapsack-redundancy,0.9,0.6896551724137931,-0.21034482758620687,0.0,0.0,0.0,0.0,0.5,0.5,1.0,0.5,-0.5,415.0,418.0,0.9518348623853211,0.9587155963302753,high,high,high_hetero/high_length
hotpotqa,5a8f05b1554299458435d517,40%,582,1456,10,145.6,44.54929853544273,0.3059704569741946,93.0,217.0,2.3333333333333335,0.17032967032967017,budget-top-k,knapsack-redundancy,0.8666666666666667,0.6896551724137931,-0.17701149425287355,0.0,0.0,0.0,0.0,0.5,0.5,1.0,0.5,-0.5,538.0,529.0,0.9243986254295533,0.9089347079037801,high,high,high_hetero/high_length
hotpotqa,5a8f05b1554299458435d517,50%,728,1456,10,145.6,44.54929853544273,0.3059704569741946,93.0,217.0,2.3333333333333335,0.17032967032967017,budget-top-k,knapsack-redundancy,0.8666666666666667,0.6896551724137931,-0.17701149425287355,0.0,0.0,0.0,0.0,0.5,0.5,1.0,0.5,-0.5,718.0,709.0,0.9862637362637363,0.9739010989010989,high,high,high_hetero/high_length
hotpotqa,5ab7bbbf55429928e1fe38bf,30%,327,1090,7,155.71428571428572,29.37304053386509,0.18863420526335378,121.0,220.0,1.8181818181818181,0.09357798165137621,budget-top-k,knapsack-redundancy,1.0,1.0,0.0,1.0,1.0,0.0,0.0,0.0,0.0,1.0,1.0,0.0,306.0,306.0,0.9357798165137615,0.9357798165137615,low,low,low_hetero/low_length
hotpotqa,5ab7bbbf55429928e1fe38bf,40%,436,1090,7,155.71428571428572,29.37304053386509,0.18863420526335378,121.0,220.0,1.8181818181818181,0.09357798165137621,budget-top-k,knapsack-redundancy,1.0,1.0,0.0,1.0,1.0,0.0,0.0,0.0,0.0,1.0,1.0,0.0,427.0,427.0,0.9793577981651376,0.9793577981651376,low,low,low_hetero/low_length
hotpotqa,5ab7bbbf55429928e1fe38bf,50%,545,1090,7,155.71428571428572,29.37304053386509,0.18863420526335378,121.0,220.0,1.8181818181818181,0.09357798165137621,budget-top-k,knapsack-redundancy,1.0,1.0,0.0,1.0,1.0,0.0,0.0,0.0,0.0,1.0,1.0,0.0,526.0,526.0,0.9651376146788991,0.9651376146788991,low,low,low_hetero/low_length
hotpotqa,5a8af28555429951533613b5,30%,415,1386,9,154.0,23.607908279501032,0.15329810571104566,128.0,195.0,1.5234375,0.08305274971941623,budget-top-k,knapsack-redundancy,1.0,1.0,0.0,1.0,1.0,0.0,0.5,0.5,0.0,1.0,1.0,0.0,347.0,347.0,0.8361445783132531,0.8361445783132531,low,medium,low_hetero/medium_length
hotpotqa,5a8af28555429951533613b5,40%,554,1386,9,154.0,23.607908279501032,0.15329810571104566,128.0,195.0,1.5234375,0.08305274971941623,budget-top-k,knapsack-redundancy,1.0,1.0,0.0,1.0,1.0,0.0,0.5,0.5,0.0,1.0,1.0,0.0,478.0,478.0,0.8628158844765343,0.8628158844765343,low,medium,low_hetero/medium_length
hotpotqa,5a8af28555429951533613b5,50%,693,1386,9,154.0,23.607908279501032,0.15329810571104566,128.0,195.0,1.5234375,0.08305274971941623,budget-top-k,knapsack-redundancy,1.0,1.0,0.0,1.0,1.0,0.0,0.5,0.5,0.0,1.0,1.0,0.0,606.0,606.0,0.8744588744588745,0.8744588744588745,low,medium,low_hetero/medium_length
hotpotqa,5ae1f596554299234fd04372,30%,353,1178,7,168.28571428571428,50.34655410456689,0.29917307192866577,59.0,217.0,3.6779661016949152,0.15304390007276258,budget-top-k,knapsack-redundancy,0.3667763157894737,0.3667763157894737,0.0,0.0,0.0,0.0,0.0,0.0,0.0,0.0,0.0,0.0,262.0,262.0,0.7422096317280453,0.7422096317280453,medium,medium,medium_hetero/medium_length
hotpotqa,5ae1f596554299234fd04372,40%,471,1178,7,168.28571428571428,50.34655410456689,0.29917307192866577,59.0,217.0,3.6779661016949152,0.15304390007276258,budget-top-k,knapsack-redundancy,0.3667763157894737,0.45559210526315785,0.08881578947368418,0.0,0.0,0.0,0.0,0.0,0.0,0.0,0.0,0.0,416.0,426.0,0.8832271762208068,0.9044585987261147,medium,medium,medium_hetero/medium_length
hotpotqa,5ae1f596554299234fd04372,50%,589,1178,7,168.28571428571428,50.34655410456689,0.29917307192866577,59.0,217.0,3.6779661016949152,0.15304390007276258,budget-top-k,knapsack-redundancy,0.45559210526315785,0.45559210526315785,0.0,0.0,0.0,0.0,0.0,0.0,0.0,0.0,0.0,0.0,580.0,580.0,0.9847198641765704,0.9847198641765704,medium,medium,medium_hetero/medium_length
hotpotqa,5a8b3af455429971feec467b,30%,314,1047,7,149.57142857142858,41.520587467826964,0.2775970508832748,74.0,214.0,2.891891891891892,0.15390912812116264,budget-top-k,knapsack-redundancy,0.7619047619047619,0.7619047619047619,0.0,0.0,0.0,0.0,0.5,0.5,0.0,1.0,1.0,0.0,195.0,195.0,0.6210191082802548,0.6210191082802548,medium,low,medium_hetero/low_length
hotpotqa,5a8b3af455429971feec467b,40%,418,1047,7,149.57142857142858,41.520587467826964,0.2775970508832748,74.0,214.0,2.891891891891892,0.15390912812116264,budget-top-k,knapsack-redundancy,0.7857142857142857,0.7857142857142857,0.0,0.0,0.0,0.0,0.5,0.5,0.0,1.0,1.0,0.0,409.0,409.0,0.9784688995215312,0.9784688995215312,medium,low,medium_hetero/low_length
hotpotqa,5a8b3af455429971feec467b,50%,523,1047,7,149.57142857142858,41.520587467826964,0.2775970508832748,74.0,214.0,2.891891891891892,0.15390912812116264,budget-top-k,knapsack-redundancy,0.7857142857142857,0.7857142857142857,0.0,0.0,0.0,0.0,0.5,0.5,0.0,1.0,1.0,0.0,409.0,409.0,0.7820267686424475,0.7820267686424475,medium,low,medium_hetero/low_length
hotpotqa,5add311b5542994ed6169cc5,30%,479,1597,12,133.16666666666666,35.191934050606285,0.26426984268290077,83.0,201.0,2.4216867469879517,0.15008343763037146,budget-top-k,knapsack-redundancy,1.0,1.0,0.0,1.0,1.0,0.0,0.5,0.5,0.0,1.0,1.0,0.0,398.0,465.0,0.8308977035490606,0.9707724425887265,medium,high,medium_hetero/high_length
hotpotqa,5add311b5542994ed6169cc5,40%,638,1597,12,133.16666666666666,35.191934050606285,0.26426984268290077,83.0,201.0,2.4216867469879517,0.15008343763037146,budget-top-k,knapsack-redundancy,1.0,1.0,0.0,1.0,1.0,0.0,0.5,0.5,0.0,1.0,1.0,0.0,599.0,569.0,0.9388714733542319,0.8918495297805643,medium,high,medium_hetero/high_length
hotpotqa,5add311b5542994ed6169cc5,50%,798,1597,12,133.16666666666666,35.191934050606285,0.26426984268290077,83.0,201.0,2.4216867469879517,0.15008343763037146,budget-top-k,knapsack-redundancy,1.0,1.0,0.0,1.0,1.0,0.0,0.5,0.5,0.0,1.0,1.0,0.0,771.0,784.0,0.9661654135338346,0.9824561403508771,medium,high,medium_hetero/high_length
hotpotqa,5ae60426554299546bf83019,30%,358,1194,8,149.25,30.082179109898274,0.2015556389272916,99.0,207.0,2.090909090909091,0.10992462311557794,budget-top-k,knapsack-redundancy,0.39473684210526316,0.39473684210526316,0.0,0.0,0.0,0.0,0.0,0.0,0.0,0.0,0.0,0.0,317.0,317.0,0.8854748603351955,0.8854748603351955,low,medium,low_hetero/medium_length
hotpotqa,5ae60426554299546bf83019,40%,477,1194,8,149.25,30.082179109898274,0.2015556389272916,99.0,207.0,2.090909090909091,0.10992462311557794,budget-top-k,knapsack-redundancy,0.8333333333333333,0.6842105263157895,-0.14912280701754377,0.0,0.0,0.0,0.5,0.5,0.0,1.0,1.0,0.0,468.0,469.0,0.9811320754716981,0.9832285115303984,low,medium,low_hetero/medium_length
hotpotqa,5ae60426554299546bf83019,50%,597,1194,8,149.25,30.082179109898274,0.2015556389272916,99.0,207.0,2.090909090909091,0.10992462311557794,budget-top-k,knapsack-redundancy,0.4473684210526316,1.0,0.5526315789473684,0.0,1.0,1.0,0.0,1.0,1.0,0.0,1.0,1.0,524.0,568.0,0.8777219430485762,0.9514237855946399,low,medium,low_hetero/medium_length
hotpotqa,5a71166d5542994082a3e576,30%,484,1615,11,146.8181818181818,38.385172757241904,0.2614469971081492,73.0,196.0,2.684931506849315,0.14635519279482145,budget-top-k,knapsack-redundancy,0.7727272727272727,0.7727272727272727,0.0,0.0,0.0,0.0,0.5,0.5,0.0,1.0,1.0,0.0,481.0,481.0,0.993801652892562,0.993801652892562,medium,high,medium_hetero/high_length
hotpotqa,5a71166d5542994082a3e576,40%,646,1615,11,146.8181818181818,38.385172757241904,0.2614469971081492,73.0,196.0,2.684931506849315,0.14635519279482145,budget-top-k,knapsack-redundancy,0.8181818181818181,0.8636363636363636,0.045454545454545525,0.0,0.0,0.0,0.5,0.5,0.0,1.0,1.0,0.0,615.0,632.0,0.9520123839009288,0.978328173374613,medium,high,medium_hetero/high_length
hotpotqa,5a71166d5542994082a3e576,50%,807,1615,11,146.8181818181818,38.385172757241904,0.2614469971081492,73.0,196.0,2.684931506849315,0.14635519279482145,budget-top-k,knapsack-redundancy,1.0,0.8636363636363636,-0.13636363636363635,1.0,0.0,-1.0,1.0,0.5,-0.5,1.0,1.0,0.0,801.0,806.0,0.9925650557620818,0.9987608426270136,medium,high,medium_hetero/high_length
hotpotqa,5ae789615542997ec2727695,30%,315,1053,7,150.42857142857142,47.07094081689631,0.31291223714935823,89.0,210.0,2.359550561797753,0.17392484059150726,budget-top-k,knapsack-redundancy,1.0,1.0,0.0,1.0,1.0,0.0,0.0,0.0,0.0,1.0,1.0,0.0,291.0,291.0,0.9238095238095239,0.9238095238095239,high,low,high_hetero/low_length
hotpotqa,5ae789615542997ec2727695,40%,421,1053,7,150.42857142857142,47.07094081689631,0.31291223714935823,89.0,210.0,2.359550561797753,0.17392484059150726,budget-top-k,knapsack-redundancy,1.0,1.0,0.0,1.0,1.0,0.0,0.0,0.0,0.0,1.0,1.0,0.0,392.0,380.0,0.9311163895486936,0.9026128266033254,high,low,high_hetero/low_length
hotpotqa,5ae789615542997ec2727695,50%,526,1053,7,150.42857142857142,47.07094081689631,0.31291223714935823,89.0,210.0,2.359550561797753,0.17392484059150726,budget-top-k,knapsack-redundancy,1.0,1.0,0.0,1.0,1.0,0.0,0.0,0.0,0.0,1.0,1.0,0.0,483.0,519.0,0.9182509505703422,0.9866920152091255,high,low,high_hetero/low_length
hotpotqa,5a7757215542993569682d58,30%,265,885,6,147.5,35.947878936037384,0.24371443346466024,105.0,204.0,1.9428571428571428,0.1282485875706214,budget-top-k,knapsack-redundancy,0.4116959064327485,0.4116959064327485,0.0,0.0,0.0,0.0,0.0,0.0,0.0,0.0,0.0,0.0,256.0,256.0,0.9660377358490566,0.9660377358490566,medium,low,medium_hetero/low_length
hotpotqa,5a7757215542993569682d58,40%,354,885,6,147.5,35.947878936037384,0.24371443346466024,105.0,204.0,1.9428571428571428,0.1282485875706214,budget-top-k,knapsack-redundancy,0.5736842105263158,0.5736842105263158,0.0,0.0,0.0,0.0,0.0,0.0,0.0,0.0,0.0,0.0,332.0,332.0,0.9378531073446328,0.9378531073446328,medium,low,medium_hetero/low_length
hotpotqa,5a7757215542993569682d58,50%,442,885,6,147.5,35.947878936037384,0.24371443346466024,105.0,204.0,1.9428571428571428,0.1282485875706214,budget-top-k,knapsack-redundancy,1.0,1.0,0.0,1.0,1.0,0.0,0.5,0.5,0.0,1.0,1.0,0.0,437.0,437.0,0.9886877828054299,0.9886877828054299,medium,low,medium_hetero/low_length
hotpotqa,5a81ff62554299676cceb1c4,30%,306,1022,6,170.33333333333334,17.432409153323842,0.1023429108805705,154.0,208.0,1.3506493506493507,0.0472928897586431,budget-top-k,knapsack-redundancy,0.7222222222222222,0.7222222222222222,0.0,0.0,0.0,0.0,0.0,0.0,0.0,0.0,0.0,0.0,208.0,208.0,0.6797385620915033,0.6797385620915033,low,low,low_hetero/low_length
hotpotqa,5a81ff62554299676cceb1c4,40%,408,1022,6,170.33333333333334,17.432409153323842,0.1023429108805705,154.0,208.0,1.3506493506493507,0.0472928897586431,budget-top-k,knapsack-redundancy,1.0,1.0,0.0,1.0,1.0,0.0,0.0,0.0,0.0,1.0,1.0,0.0,371.0,371.0,0.9093137254901961,0.9093137254901961,low,low,low_hetero/low_length
hotpotqa,5a81ff62554299676cceb1c4,50%,511,1022,6,170.33333333333334,17.432409153323842,0.1023429108805705,154.0,208.0,1.3506493506493507,0.0472928897586431,budget-top-k,knapsack-redundancy,1.0,1.0,0.0,1.0,1.0,0.0,0.0,0.0,0.0,1.0,1.0,0.0,371.0,371.0,0.726027397260274,0.726027397260274,low,low,low_hetero/low_length
hotpotqa,5ae4890a5542995ad6573d60,30%,465,1551,10,155.1,51.221967943451766,0.33025124399388633,56.0,213.0,3.8035714285714284,0.18226950354609928,budget-top-k,knapsack-redundancy,0.8846153846153846,1.0,0.11538461538461542,0.0,1.0,1.0,0.5,1.0,0.5,0.75,1.0,0.25,457.0,463.0,0.9827956989247312,0.9956989247311828,high,high,high_hetero/high_length
hotpotqa,5ae4890a5542995ad6573d60,40%,620,1551,10,155.1,51.221967943451766,0.33025124399388633,56.0,213.0,3.8035714285714284,0.18226950354609928,budget-top-k,knapsack-redundancy,1.0,1.0,0.0,1.0,1.0,0.0,1.0,1.0,0.0,1.0,1.0,0.0,613.0,613.0,0.9887096774193549,0.9887096774193549,high,high,high_hetero/high_length
hotpotqa,5ae4890a5542995ad6573d60,50%,775,1551,10,155.1,51.221967943451766,0.33025124399388633,56.0,213.0,3.8035714285714284,0.18226950354609928,budget-top-k,knapsack-redundancy,0.9230769230769231,1.0,0.07692307692307687,0.0,1.0,1.0,0.5,1.0,0.5,1.0,1.0,0.0,725.0,768.0,0.9354838709677419,0.9909677419354839,high,high,high_hetero/high_length
hotpotqa,5a79c1335542994bb9457066,30%,340,1136,7,162.28571428571428,35.727997367867786,0.22015491335834025,85.0,198.0,2.3294117647058825,0.11368209255533213,budget-top-k,knapsack-redundancy,1.0,1.0,0.0,1.0,1.0,0.0,0.0,0.0,0.0,1.0,1.0,0.0,308.0,308.0,0.9058823529411765,0.9058823529411765,low,low,low_hetero/low_length
hotpotqa,5a79c1335542994bb9457066,40%,454,1136,7,162.28571428571428,35.727997367867786,0.22015491335834025,85.0,198.0,2.3294117647058825,0.11368209255533213,budget-top-k,knapsack-redundancy,1.0,1.0,0.0,1.0,1.0,0.0,0.0,0.0,0.0,1.0,1.0,0.0,393.0,393.0,0.8656387665198237,0.8656387665198237,low,low,low_hetero/low_length
hotpotqa,5a79c1335542994bb9457066,50%,568,1136,7,162.28571428571428,35.727997367867786,0.22015491335834025,85.0,198.0,2.3294117647058825,0.11368209255533213,budget-top-k,knapsack-redundancy,1.0,1.0,0.0,1.0,1.0,0.0,0.0,0.0,0.0,1.0,1.0,0.0,490.0,490.0,0.8626760563380281,0.8626760563380281,low,low,low_hetero/low_length
hotpotqa,5ac52fc35542994611c8b403,30%,304,1015,7,145.14285714285714,50.57788497930288,0.348469679975512,45.0,194.0,4.311111111111111,0.1853205849268842,budget-top-k,knapsack-redundancy,1.0,1.0,0.0,1.0,1.0,0.0,0.0,0.0,0.0,1.0,1.0,0.0,294.0,294.0,0.9671052631578947,0.9671052631578947,high,low,high_hetero/low_length
hotpotqa,5ac52fc35542994611c8b403,40%,406,1015,7,145.14285714285714,50.57788497930288,0.348469679975512,45.0,194.0,4.311111111111111,0.1853205849268842,budget-top-k,knapsack-redundancy,1.0,1.0,0.0,1.0,1.0,0.0,0.0,0.0,0.0,1.0,1.0,0.0,406.0,406.0,1.0,1.0,high,low,high_hetero/low_length
hotpotqa,5ac52fc35542994611c8b403,50%,507,1015,7,145.14285714285714,50.57788497930288,0.348469679975512,45.0,194.0,4.311111111111111,0.1853205849268842,budget-top-k,knapsack-redundancy,1.0,1.0,0.0,1.0,1.0,0.0,0.0,0.0,0.0,1.0,1.0,0.0,467.0,467.0,0.9211045364891519,0.9211045364891519,high,low,high_hetero/low_length
hotpotqa,5adda7585542997dc790700c,30%,291,971,6,161.83333333333334,29.435900227820827,0.18189021767963434,116.0,205.0,1.7672413793103448,0.10109852385856488,budget-top-k,knapsack-redundancy,0.9166666666666666,0.9166666666666666,0.0,0.0,0.0,0.0,0.0,0.0,0.0,1.0,1.0,0.0,180.0,180.0,0.6185567010309279,0.6185567010309279,low,low,low_hetero/low_length
hotpotqa,5adda7585542997dc790700c,40%,388,971,6,161.83333333333334,29.435900227820827,0.18189021767963434,116.0,205.0,1.7672413793103448,0.10109852385856488,budget-top-k,knapsack-redundancy,1.0,1.0,0.0,1.0,1.0,0.0,0.0,0.0,0.0,1.0,1.0,0.0,360.0,360.0,0.9278350515463918,0.9278350515463918,low,low,low_hetero/low_length
hotpotqa,5adda7585542997dc790700c,50%,485,971,6,161.83333333333334,29.435900227820827,0.18189021767963434,116.0,205.0,1.7672413793103448,0.10109852385856488,budget-top-k,knapsack-redundancy,1.0,1.0,0.0,1.0,1.0,0.0,0.0,0.0,0.0,1.0,1.0,0.0,476.0,476.0,0.9814432989690721,0.9814432989690721,low,low,low_hetero/low_length
hotpotqa,5adf043b5542993a75d263d4,30%,316,1054,8,131.75,40.173840991371485,0.30492478930832245,67.0,206.0,3.074626865671642,0.16603415559772294,budget-top-k,knapsack-redundancy,1.0,1.0,0.0,1.0,1.0,0.0,0.0,0.0,0.0,1.0,1.0,0.0,289.0,289.0,0.9145569620253164,0.9145569620253164,high,low,high_hetero/low_length
hotpotqa,5adf043b5542993a75d263d4,40%,421,1054,8,131.75,40.173840991371485,0.30492478930832245,67.0,206.0,3.074626865671642,0.16603415559772294,budget-top-k,knapsack-redundancy,1.0,1.0,0.0,1.0,1.0,0.0,0.0,0.0,0.0,1.0,1.0,0.0,414.0,414.0,0.9833729216152018,0.9833729216152018,high,low,high_hetero/low_length
hotpotqa,5adf043b5542993a75d263d4,50%,527,1054,8,131.75,40.173840991371485,0.30492478930832245,67.0,206.0,3.074626865671642,0.16603415559772294,budget-top-k,knapsack-redundancy,1.0,1.0,0.0,1.0,1.0,0.0,0.0,0.0,0.0,1.0,1.0,0.0,477.0,477.0,0.905123339658444,0.905123339658444,high,low,high_hetero/low_length
hotpotqa,5abd6bf055429933744ab7c8,30%,524,1748,11,158.9090909090909,40.71956095819427,0.2562443767392088,92.0,217.0,2.358695652173913,0.14229249011857714,budget-top-k,knapsack-redundancy,0.7727272727272727,0.7727272727272727,0.0,0.0,0.0,0.0,0.5,0.5,0.0,0.5,0.5,0.0,500.0,500.0,0.9541984732824428,0.9541984732824428,medium,high,medium_hetero/high_length
hotpotqa,5abd6bf055429933744ab7c8,40%,699,1748,11,158.9090909090909,40.71956095819427,0.2562443767392088,92.0,217.0,2.358695652173913,0.14229249011857714,budget-top-k,knapsack-redundancy,0.9090909090909092,0.9090909090909092,0.0,0.0,0.0,0.0,0.5,0.5,0.0,1.0,1.0,0.0,647.0,647.0,0.9256080114449213,0.9256080114449213,medium,high,medium_hetero/high_length
hotpotqa,5abd6bf055429933744ab7c8,50%,874,1748,11,158.9090909090909,40.71956095819427,0.2562443767392088,92.0,217.0,2.358695652173913,0.14229249011857714,budget-top-k,knapsack-redundancy,1.0,1.0,0.0,1.0,1.0,0.0,0.5,0.5,0.0,1.0,1.0,0.0,864.0,864.0,0.988558352402746,0.988558352402746,medium,high,medium_hetero/high_length
hotpotqa,5ae0038655429925eb1afbe0,30%,357,1190,8,148.75,52.78198082679353,0.3548368458944103,42.0,217.0,5.166666666666667,0.19474789915966384,budget-top-k,knapsack-redundancy,1.0,0.7916666666666667,-0.20833333333333326,1.0,0.0,-1.0,0.0,0.0,0.0,1.0,1.0,0.0,332.0,335.0,0.9299719887955182,0.938375350140056,high,medium,high_hetero/medium_length
hotpotqa,5ae0038655429925eb1afbe0,40%,476,1190,8,148.75,52.78198082679353,0.3548368458944103,42.0,217.0,5.166666666666667,0.19474789915966384,budget-top-k,knapsack-redundancy,1.0,0.8333333333333333,-0.16666666666666674,1.0,0.0,-1.0,0.0,0.0,0.0,1.0,1.0,0.0,374.0,447.0,0.7857142857142857,0.9390756302521008,high,medium,high_hetero/medium_length
hotpotqa,5ae0038655429925eb1afbe0,50%,595,1190,8,148.75,52.78198082679353,0.3548368458944103,42.0,217.0,5.166666666666667,0.19474789915966384,budget-top-k,knapsack-redundancy,1.0,1.0,0.0,1.0,1.0,0.0,0.0,0.0,0.0,1.0,1.0,0.0,583.0,583.0,0.9798319327731092,0.9798319327731092,high,medium,high_hetero/medium_length
hotpotqa,5a73977d554299623ed4ac08,30%,480,1603,11,145.8181818181818,35.182170540871155,0.24127423687629845,83.0,214.0,2.5783132530120483,0.13273634096576759,budget-top-k,knapsack-redundancy,1.0,0.6956521739130435,-0.30434782608695654,1.0,0.0,-1.0,0.0,0.0,0.0,1.0,1.0,0.0,425.0,459.0,0.8854166666666666,0.95625,medium,high,medium_hetero/high_length
hotpotqa,5a73977d554299623ed4ac08,40%,641,1603,11,145.8181818181818,35.182170540871155,0.24127423687629845,83.0,214.0,2.5783132530120483,0.13273634096576759,budget-top-k,knapsack-redundancy,1.0,0.6956521739130435,-0.30434782608695654,1.0,0.0,-1.0,0.0,0.0,0.0,1.0,1.0,0.0,580.0,598.0,0.9048361934477379,0.9329173166926678,medium,high,medium_hetero/high_length
hotpotqa,5a73977d554299623ed4ac08,50%,801,1603,11,145.8181818181818,35.182170540871155,0.24127423687629845,83.0,214.0,2.5783132530120483,0.13273634096576759,budget-top-k,knapsack-redundancy,1.0,1.0,0.0,1.0,1.0,0.0,0.0,0.0,0.0,1.0,1.0,0.0,673.0,800.0,0.8401997503121099,0.9987515605493134,medium,high,medium_hetero/high_length
hotpotqa,5ac2a399554299218029dada,30%,350,1167,8,145.875,31.56516077893474,0.21638499248627072,104.0,215.0,2.0673076923076925,0.11364610111396733,budget-top-k,knapsack-redundancy,1.0,1.0,0.0,1.0,1.0,0.0,0.0,0.0,0.0,1.0,1.0,0.0,270.0,270.0,0.7714285714285715,0.7714285714285715,low,medium,low_hetero/medium_length
hotpotqa,5ac2a399554299218029dada,40%,466,1167,8,145.875,31.56516077893474,0.21638499248627072,104.0,215.0,2.0673076923076925,0.11364610111396733,budget-top-k,knapsack-redundancy,1.0,1.0,0.0,1.0,1.0,0.0,0.0,0.0,0.0,1.0,1.0,0.0,406.0,406.0,0.871244635193133,0.871244635193133,low,medium,low_hetero/medium_length
hotpotqa,5ac2a399554299218029dada,50%,583,1167,8,145.875,31.56516077893474,0.21638499248627072,104.0,215.0,2.0673076923076925,0.11364610111396733,budget-top-k,knapsack-redundancy,1.0,1.0,0.0,1.0,1.0,0.0,0.0,0.0,0.0,1.0,1.0,0.0,576.0,576.0,0.9879931389365352,0.9879931389365352,low,medium,low_hetero/medium_length
hotpotqa,5ae0f6f5554299422ee99583,30%,363,1211,8,151.375,37.56639954800034,0.24816779222461002,71.0,211.0,2.971830985915493,0.129954582989265,budget-top-k,knapsack-redundancy,0.8125,0.8125,0.0,0.0,0.0,0.0,0.0,0.0,0.0,0.0,0.0,0.0,314.0,314.0,0.8650137741046832,0.8650137741046832,medium,medium,medium_hetero/medium_length
hotpotqa,5ae0f6f5554299422ee99583,40%,484,1211,8,151.375,37.56639954800034,0.24816779222461002,71.0,211.0,2.971830985915493,0.129954582989265,budget-top-k,knapsack-redundancy,0.8125,0.8125,0.0,0.0,0.0,0.0,0.0,0.0,0.0,0.0,0.0,0.0,447.0,447.0,0.9235537190082644,0.9235537190082644,medium,medium,medium_hetero/medium_length
hotpotqa,5ae0f6f5554299422ee99583,50%,605,1211,8,151.375,37.56639954800034,0.24816779222461002,71.0,211.0,2.971830985915493,0.129954582989265,budget-top-k,knapsack-redundancy,1.0,1.0,0.0,1.0,1.0,0.0,0.0,0.0,0.0,1.0,1.0,0.0,596.0,596.0,0.9851239669421488,0.9851239669421488,medium,medium,medium_hetero/medium_length
hotpotqa,5adc1ae5554299438c868d5c,30%,418,1396,9,155.11111111111111,30.027559357824178,0.19358741706333638,101.0,197.0,1.9504950495049505,0.10951926138172552,budget-top-k,knapsack-redundancy,0.7166666666666667,0.7166666666666667,0.0,0.0,0.0,0.0,0.5,0.5,0.0,0.0,0.0,0.0,407.0,407.0,0.9736842105263158,0.9736842105263158,low,medium,low_hetero/medium_length
hotpotqa,5adc1ae5554299438c868d5c,40%,558,1396,9,155.11111111111111,30.027559357824178,0.19358741706333638,101.0,197.0,1.9504950495049505,0.10951926138172552,budget-top-k,knapsack-redundancy,0.7333333333333334,0.7166666666666667,-0.01666666666666672,0.0,0.0,0.0,0.5,0.5,0.0,0.0,0.0,0.0,473.0,551.0,0.8476702508960573,0.9874551971326165,low,medium,low_hetero/medium_length
hotpotqa,5adc1ae5554299438c868d5c,50%,698,1396,9,155.11111111111111,30.027559357824178,0.19358741706333638,101.0,197.0,1.9504950495049505,0.10951926138172552,budget-top-k,knapsack-redundancy,0.7333333333333334,0.7333333333333334,0.0,0.0,0.0,0.0,0.5,0.5,0.0,0.0,0.0,0.0,632.0,695.0,0.9054441260744985,0.995702005730659,low,medium,low_hetero/medium_length
hotpotqa,5ae6860e5542991bbc976112,30%,359,1199,8,149.875,24.866832830097202,0.1659171498255026,99.0,191.0,1.9292929292929293,0.08851125938281901,budget-top-k,knapsack-redundancy,0.6875,0.6875,0.0,0.0,0.0,0.0,0.0,0.0,0.0,0.2,0.2,0.0,306.0,306.0,0.8523676880222841,0.8523676880222841,low,medium,low_hetero/medium_length
hotpotqa,5ae6860e5542991bbc976112,40%,479,1199,8,149.875,24.866832830097202,0.1659171498255026,99.0,191.0,1.9292929292929293,0.08851125938281901,budget-top-k,knapsack-redundancy,0.6875,0.6875,0.0,0.0,0.0,0.0,0.0,0.0,0.0,0.2,0.2,0.0,470.0,470.0,0.9812108559498957,0.9812108559498957,low,medium,low_hetero/medium_length
hotpotqa,5ae6860e5542991bbc976112,50%,599,1199,8,149.875,24.866832830097202,0.1659171498255026,99.0,191.0,1.9292929292929293,0.08851125938281901,budget-top-k,knapsack-redundancy,0.6875,0.6875,0.0,0.0,0.0,0.0,0.0,0.0,0.0,0.2,0.2,0.0,569.0,569.0,0.9499165275459098,0.9499165275459098,low,medium,low_hetero/medium_length
hotpotqa,5ae1316555429901ffe4adda,30%,541,1806,13,138.92307692307693,29.582899266199092,0.2129444576193733,78.0,197.0,2.5256410256410255,0.1179827924013972,budget-top-k,knapsack-redundancy,1.0,0.65,-0.35,1.0,0.0,-1.0,1.0,0.5,-0.5,1.0,1.0,0.0,488.0,529.0,0.9020332717190388,0.977818853974122,low,high,low_hetero/high_length
hotpotqa,5ae1316555429901ffe4adda,40%,722,1806,13,138.92307692307693,29.582899266199092,0.2129444576193733,78.0,197.0,2.5256410256410255,0.1179827924013972,budget-top-k,knapsack-redundancy,1.0,1.0,0.0,1.0,1.0,0.0,1.0,1.0,0.0,1.0,1.0,0.0,721.0,721.0,0.9986149584487535,0.9986149584487535,low,high,low_hetero/high_length
hotpotqa,5ae1316555429901ffe4adda,50%,903,1806,13,138.92307692307693,29.582899266199092,0.2129444576193733,78.0,197.0,2.5256410256410255,0.1179827924013972,budget-top-k,knapsack-redundancy,1.0,1.0,0.0,1.0,1.0,0.0,1.0,1.0,0.0,1.0,1.0,0.0,882.0,900.0,0.9767441860465116,0.9966777408637874,low,high,low_hetero/high_length
hotpotqa,5adfeb0555429942ec259b88,30%,435,1450,10,145.0,44.040890090914374,0.30373027648906464,61.0,217.0,3.557377049180328,0.16634482758620672,budget-top-k,knapsack-redundancy,1.0,1.0,0.0,1.0,1.0,0.0,0.0,0.0,0.0,1.0,1.0,0.0,433.0,433.0,0.9954022988505747,0.9954022988505747,high,high,high_hetero/high_length
hotpotqa,5adfeb0555429942ec259b88,40%,580,1450,10,145.0,44.040890090914374,0.30373027648906464,61.0,217.0,3.557377049180328,0.16634482758620672,budget-top-k,knapsack-redundancy,1.0,1.0,0.0,1.0,1.0,0.0,0.0,0.0,0.0,1.0,1.0,0.0,576.0,576.0,0.993103448275862,0.993103448275862,high,high,high_hetero/high_length
hotpotqa,5adfeb0555429942ec259b88,50%,725,1450,10,145.0,44.040890090914374,0.30373027648906464,61.0,217.0,3.557377049180328,0.16634482758620672,budget-top-k,knapsack-redundancy,1.0,1.0,0.0,1.0,1.0,0.0,0.0,0.0,0.0,1.0,1.0,0.0,664.0,717.0,0.9158620689655173,0.9889655172413793,high,high,high_hetero/high_length
hotpotqa,5ab5499e5542992aa134a295,30%,242,808,5,161.6,35.61235740582193,0.22037349879840304,109.0,210.0,1.926605504587156,0.12326732673267338,budget-top-k,knapsack-redundancy,0.7666666666666666,0.7666666666666666,0.0,0.0,0.0,0.0,0.0,0.0,0.0,0.0,0.0,0.0,172.0,172.0,0.7107438016528925,0.7107438016528925,low,low,low_hetero/low_length
hotpotqa,5ab5499e5542992aa134a295,40%,323,808,5,161.6,35.61235740582193,0.22037349879840304,109.0,210.0,1.926605504587156,0.12326732673267338,budget-top-k,knapsack-redundancy,0.7666666666666666,0.7666666666666666,0.0,0.0,0.0,0.0,0.0,0.0,0.0,0.0,0.0,0.0,307.0,307.0,0.9504643962848297,0.9504643962848297,low,low,low_hetero/low_length
hotpotqa,5ab5499e5542992aa134a295,50%,404,808,5,161.6,35.61235740582193,0.22037349879840304,109.0,210.0,1.926605504587156,0.12326732673267338,budget-top-k,knapsack-redundancy,1.0,1.0,0.0,1.0,1.0,0.0,0.0,0.0,0.0,0.0,0.0,0.0,382.0,382.0,0.9455445544554455,0.9455445544554455,low,low,low_hetero/low_length
hotpotqa,5adeffa85542992d7e9f926f,30%,401,1338,9,148.66666666666666,39.40671121635106,0.2650675642355453,69.0,200.0,2.898550724637681,0.14698555057299445,budget-top-k,knapsack-redundancy,1.0,1.0,0.0,1.0,1.0,0.0,1.0,1.0,0.0,1.0,1.0,0.0,399.0,399.0,0.9950124688279302,0.9950124688279302,medium,medium,medium_hetero/medium_length
hotpotqa,5adeffa85542992d7e9f926f,40%,535,1338,9,148.66666666666666,39.40671121635106,0.2650675642355453,69.0,200.0,2.898550724637681,0.14698555057299445,budget-top-k,knapsack-redundancy,1.0,1.0,0.0,1.0,1.0,0.0,1.0,1.0,0.0,1.0,1.0,0.0,525.0,525.0,0.9813084112149533,0.9813084112149533,medium,medium,medium_hetero/medium_length
hotpotqa,5adeffa85542992d7e9f926f,50%,669,1338,9,148.66666666666666,39.40671121635106,0.2650675642355453,69.0,200.0,2.898550724637681,0.14698555057299445,budget-top-k,knapsack-redundancy,1.0,1.0,0.0,1.0,1.0,0.0,1.0,1.0,0.0,1.0,1.0,0.0,657.0,657.0,0.9820627802690582,0.9820627802690582,medium,medium,medium_hetero/medium_length
hotpotqa,5adfd2f255429925eb1afaa5,30%,389,1297,8,162.125,36.30577605560856,0.22393693789118618,113.0,215.0,1.9026548672566372,0.1257710100231304,budget-top-k,knapsack-redundancy,0.9583333333333334,0.9583333333333334,0.0,0.0,0.0,0.0,0.0,0.0,0.0,1.0,1.0,0.0,268.0,268.0,0.6889460154241646,0.6889460154241646,low,medium,low_hetero/medium_length
hotpotqa,5adfd2f255429925eb1afaa5,40%,518,1297,8,162.125,36.30577605560856,0.22393693789118618,113.0,215.0,1.9026548672566372,0.1257710100231304,budget-top-k,knapsack-redundancy,1.0,1.0,0.0,1.0,1.0,0.0,0.0,0.0,0.0,1.0,1.0,0.0,483.0,483.0,0.9324324324324325,0.9324324324324325,low,medium,low_hetero/medium_length
hotpotqa,5adfd2f255429925eb1afaa5,50%,648,1297,8,162.125,36.30577605560856,0.22393693789118618,113.0,215.0,1.9026548672566372,0.1257710100231304,budget-top-k,knapsack-redundancy,1.0,1.0,0.0,1.0,1.0,0.0,0.0,0.0,0.0,1.0,1.0,0.0,615.0,615.0,0.9490740740740741,0.9490740740740741,low,medium,low_hetero/medium_length
hotpotqa,5ae5b301554299546bf82f2d,30%,456,1520,9,168.88888888888889,38.75978570186271,0.22949873112945027,108.0,220.0,2.037037037037037,0.1301169590643274,budget-top-k,knapsack-redundancy,1.0,0.7272727272727273,-0.2727272727272727,1.0,0.0,-1.0,0.5,0.0,-0.5,1.0,0.0,-1.0,385.0,454.0,0.8442982456140351,0.9956140350877193,medium,high,medium_hetero/high_length
hotpotqa,5ae5b301554299546bf82f2d,40%,608,1520,9,168.88888888888889,38.75978570186271,0.22949873112945027,108.0,220.0,2.037037037037037,0.1301169590643274,budget-top-k,knapsack-redundancy,1.0,0.7272727272727273,-0.2727272727272727,1.0,0.0,-1.0,0.5,0.0,-0.5,1.0,0.0,-1.0,557.0,601.0,0.9161184210526315,0.9884868421052632,medium,high,medium_hetero/high_length
hotpotqa,5ae5b301554299546bf82f2d,50%,760,1520,9,168.88888888888889,38.75978570186271,0.22949873112945027,108.0,220.0,2.037037037037037,0.1301169590643274,budget-top-k,knapsack-redundancy,1.0,1.0,0.0,1.0,1.0,0.0,0.5,0.5,0.0,1.0,1.0,0.0,715.0,715.0,0.9407894736842105,0.9407894736842105,medium,high,medium_hetero/high_length
hotpotqa,5ab1eac95542993be8fa987f,30%,429,1430,11,130.0909090909091,42.72843325309814,0.3284505700797201,58.0,203.0,3.5,0.18690045105139452,budget-top-k,knapsack-redundancy,0.9705882352941176,0.9705882352941176,0.0,0.0,0.0,0.0,0.5,0.5,0.0,0.0,0.0,0.0,352.0,418.0,0.8205128205128205,0.9743589743589743,high,high,high_hetero/high_length
hotpotqa,5ab1eac95542993be8fa987f,40%,572,1430,11,130.0909090909091,42.72843325309814,0.3284505700797201,58.0,203.0,3.5,0.18690045105139452,budget-top-k,knapsack-redundancy,0.9705882352941176,0.9705882352941176,0.0,0.0,0.0,0.0,0.5,0.5,0.0,0.0,0.0,0.0,555.0,554.0,0.9702797202797203,0.9685314685314685,high,high,high_hetero/high_length
hotpotqa,5ab1eac95542993be8fa987f,50%,715,1430,11,130.0909090909091,42.72843325309814,0.3284505700797201,58.0,203.0,3.5,0.18690045105139452,budget-top-k,knapsack-redundancy,0.9705882352941176,0.9705882352941176,0.0,0.0,0.0,0.0,0.5,0.5,0.0,0.0,0.0,0.0,664.0,687.0,0.9286713286713286,0.9608391608391609,high,high,high_hetero/high_length
hotpotqa,5ae15e125542990adbacf773,30%,470,1567,10,156.7,53.407958208491735,0.3408293440235593,64.0,214.0,3.34375,0.18551372048500303,budget-top-k,knapsack-redundancy,1.0,1.0,0.0,1.0,1.0,0.0,0.5,0.5,0.0,1.0,1.0,0.0,442.0,444.0,0.9404255319148936,0.9446808510638298,high,high,high_hetero/high_length
hotpotqa,5ae15e125542990adbacf773,40%,626,1567,10,156.7,53.407958208491735,0.3408293440235593,64.0,214.0,3.34375,0.18551372048500303,budget-top-k,knapsack-redundancy,1.0,1.0,0.0,1.0,1.0,0.0,0.5,0.5,0.0,1.0,1.0,0.0,594.0,608.0,0.9488817891373802,0.9712460063897763,high,high,high_hetero/high_length
hotpotqa,5ae15e125542990adbacf773,50%,783,1567,10,156.7,53.407958208491735,0.3408293440235593,64.0,214.0,3.34375,0.18551372048500303,budget-top-k,knapsack-redundancy,1.0,1.0,0.0,1.0,1.0,0.0,0.5,0.5,0.0,1.0,1.0,0.0,759.0,759.0,0.9693486590038314,0.9693486590038314,high,high,high_hetero/high_length
hotpotqa,5a77beae5542992a6e59dfae,30%,287,957,6,159.5,35.00357124637428,0.21945812693651584,104.0,208.0,2.0,0.1224312086381052,budget-top-k,knapsack-redundancy,1.0,1.0,0.0,1.0,1.0,0.0,0.0,0.0,0.0,1.0,1.0,0.0,252.0,252.0,0.8780487804878049,0.8780487804878049,low,low,low_hetero/low_length
hotpotqa,5a77beae5542992a6e59dfae,40%,382,957,6,159.5,35.00357124637428,0.21945812693651584,104.0,208.0,2.0,0.1224312086381052,budget-top-k,knapsack-redundancy,1.0,1.0,0.0,1.0,1.0,0.0,0.0,0.0,0.0,1.0,1.0,0.0,308.0,308.0,0.806282722513089,0.806282722513089,low,low,low_hetero/low_length
hotpotqa,5a77beae5542992a6e59dfae,50%,478,957,6,159.5,35.00357124637428,0.21945812693651584,104.0,208.0,2.0,0.1224312086381052,budget-top-k,knapsack-redundancy,1.0,1.0,0.0,1.0,1.0,0.0,0.0,0.0,0.0,1.0,1.0,0.0,448.0,448.0,0.9372384937238494,0.9372384937238494,low,low,low_hetero/low_length
hotpotqa,5ae1f5a15542997f29b3c1b5,30%,566,1888,14,134.92857142857142,32.80562731717638,0.2431332887456164,63.0,196.0,3.111111111111111,0.1357105044241096,budget-top-k,knapsack-redundancy,1.0,1.0,0.0,1.0,1.0,0.0,1.0,1.0,0.0,0.0,0.0,0.0,537.0,547.0,0.9487632508833922,0.9664310954063604,medium,high,medium_hetero/high_length
hotpotqa,5ae1f5a15542997f29b3c1b5,40%,755,1888,14,134.92857142857142,32.80562731717638,0.2431332887456164,63.0,196.0,3.111111111111111,0.1357105044241096,budget-top-k,knapsack-redundancy,1.0,1.0,0.0,1.0,1.0,0.0,1.0,1.0,0.0,0.0,0.0,0.0,742.0,743.0,0.9827814569536424,0.9841059602649007,medium,high,medium_hetero/high_length
hotpotqa,5ae1f5a15542997f29b3c1b5,50%,944,1888,14,134.92857142857142,32.80562731717638,0.2431332887456164,63.0,196.0,3.111111111111111,0.1357105044241096,budget-top-k,knapsack-redundancy,1.0,1.0,0.0,1.0,1.0,0.0,1.0,1.0,0.0,0.0,0.0,0.0,932.0,932.0,0.9872881355932204,0.9872881355932204,medium,high,medium_hetero/high_length
hotpotqa,5ade908b55429975fa854f13,30%,570,1902,14,135.92857142857142,32.067928539528815,0.23591749845160453,74.0,213.0,2.8783783783783785,0.12465280384355526,budget-top-k,knapsack-redundancy,1.0,1.0,0.0,1.0,1.0,0.0,1.0,1.0,0.0,1.0,1.0,0.0,505.0,557.0,0.8859649122807017,0.9771929824561404,medium,high,medium_hetero/high_length
hotpotqa,5ade908b55429975fa854f13,40%,760,1902,14,135.92857142857142,32.067928539528815,0.23591749845160453,74.0,213.0,2.8783783783783785,0.12465280384355526,budget-top-k,knapsack-redundancy,1.0,1.0,0.0,1.0,1.0,0.0,1.0,1.0,0.0,1.0,1.0,0.0,724.0,724.0,0.9526315789473684,0.9526315789473684,medium,high,medium_hetero/high_length
hotpotqa,5ade908b55429975fa854f13,50%,951,1902,14,135.92857142857142,32.067928539528815,0.23591749845160453,74.0,213.0,2.8783783783783785,0.12465280384355526,budget-top-k,knapsack-redundancy,1.0,1.0,0.0,1.0,1.0,0.0,1.0,1.0,0.0,1.0,1.0,0.0,947.0,947.0,0.9957939011566772,0.9957939011566772,medium,high,medium_hetero/high_length
hotpotqa,5ab47cd75542991751b4d78d,30%,446,1487,10,148.7,28.747347703744776,0.19332446337420833,106.0,220.0,2.0754716981132075,0.09744451916610619,budget-top-k,knapsack-redundancy,0.6666666666666666,0.6666666666666666,0.0,0.0,0.0,0.0,0.5,0.5,0.0,0.0,0.0,0.0,437.0,437.0,0.9798206278026906,0.9798206278026906,low,high,low_hetero/high_length
hotpotqa,5ab47cd75542991751b4d78d,40%,594,1487,10,148.7,28.747347703744776,0.19332446337420833,106.0,220.0,2.0754716981132075,0.09744451916610619,budget-top-k,knapsack-redundancy,0.7083333333333334,0.7083333333333334,0.0,0.0,0.0,0.0,0.5,0.5,0.0,0.0,0.0,0.0,584.0,584.0,0.9831649831649831,0.9831649831649831,low,high,low_hetero/high_length
hotpotqa,5ab47cd75542991751b4d78d,50%,743,1487,10,148.7,28.747347703744776,0.19332446337420833,106.0,220.0,2.0754716981132075,0.09744451916610619,budget-top-k,knapsack-redundancy,0.7083333333333334,0.7083333333333334,0.0,0.0,0.0,0.0,0.5,0.5,0.0,0.0,0.0,0.0,724.0,724.0,0.9744279946164199,0.9744279946164199,low,high,low_hetero/high_length
hotpotqa,5a79b7f6554299029c4b5f6f,30%,264,883,6,147.16666666666666,33.0172513830102,0.2243527840295144,90.0,191.0,2.1222222222222222,0.12438656096640233,budget-top-k,knapsack-redundancy,0.8444444444444444,0.8444444444444444,0.0,0.0,0.0,0.0,0.0,0.0,0.0,0.0,0.0,0.0,235.0,235.0,0.8901515151515151,0.8901515151515151,low,low,low_hetero/low_length
hotpotqa,5a79b7f6554299029c4b5f6f,40%,353,883,6,147.16666666666666,33.0172513830102,0.2243527840295144,90.0,191.0,2.1222222222222222,0.12438656096640233,budget-top-k,knapsack-redundancy,0.8666666666666667,0.8888888888888888,0.022222222222222143,0.0,0.0,0.0,0.0,0.0,0.0,0.0,0.0,0.0,336.0,294.0,0.9518413597733711,0.8328611898016998,low,low,low_hetero/low_length
hotpotqa,5a79b7f6554299029c4b5f6f,50%,441,883,6,147.16666666666666,33.0172513830102,0.2243527840295144,90.0,191.0,2.1222222222222222,0.12438656096640233,budget-top-k,knapsack-redundancy,0.8666666666666667,0.9333333333333332,0.06666666666666654,0.0,0.0,0.0,0.0,0.0,0.0,0.0,0.0,0.0,426.0,423.0,0.9659863945578231,0.9591836734693877,low,low,low_hetero/low_length
hotpotqa,5ab626d555429953192ad279,30%,518,1728,12,144.08333333333334,19.784077492322513,0.13730996524457498,106.0,184.0,1.7358490566037736,0.07562174667437827,budget-top-k,knapsack-redundancy,0.7113095238095237,0.7113095238095237,0.0,0.0,0.0,0.0,0.5,0.5,0.0,0.0,0.0,0.0,503.0,503.0,0.971042471042471,0.971042471042471,low,high,low_hetero/high_length
hotpotqa,5ab626d555429953192ad279,40%,691,1728,12,144.08333333333334,19.784077492322513,0.13730996524457498,106.0,184.0,1.7358490566037736,0.07562174667437827,budget-top-k,knapsack-redundancy,0.8273809523809523,0.8273809523809523,0.0,0.0,0.0,0.0,0.5,0.5,0.0,0.0,0.0,0.0,664.0,664.0,0.9609261939218524,0.9609261939218524,low,high,low_hetero/high_length
hotpotqa,5ab626d555429953192ad279,50%,864,1728,12,144.08333333333334,19.784077492322513,0.13730996524457498,106.0,184.0,1.7358490566037736,0.07562174667437827,budget-top-k,knapsack-redundancy,0.8273809523809523,0.8273809523809523,0.0,0.0,0.0,0.0,0.5,0.5,0.0,0.0,0.0,0.0,816.0,816.0,0.9444444444444444,0.9444444444444444,low,high,low_hetero/high_length
hotpotqa,5a84873e5542997175ce1eec,30%,435,1452,8,181.5,25.782746168707476,0.14205369789921474,125.0,214.0,1.712,0.07575757575757569,budget-top-k,knapsack-redundancy,0.5588235294117647,0.5588235294117647,0.0,0.0,0.0,0.0,0.0,0.0,0.0,0.0,0.0,0.0,420.0,420.0,0.9655172413793104,0.9655172413793104,low,high,low_hetero/high_length
hotpotqa,5a84873e5542997175ce1eec,40%,580,1452,8,181.5,25.782746168707476,0.14205369789921474,125.0,214.0,1.712,0.07575757575757569,budget-top-k,knapsack-redundancy,0.5588235294117647,0.5588235294117647,0.0,0.0,0.0,0.0,0.0,0.0,0.0,0.0,0.0,0.0,545.0,545.0,0.9396551724137931,0.9396551724137931,low,high,low_hetero/high_length
hotpotqa,5a84873e5542997175ce1eec,50%,726,1452,8,181.5,25.782746168707476,0.14205369789921474,125.0,214.0,1.712,0.07575757575757569,budget-top-k,knapsack-redundancy,0.5588235294117647,1.0,0.4411764705882353,0.0,1.0,1.0,0.0,0.5,0.5,0.0,0.0,0.0,617.0,722.0,0.849862258953168,0.9944903581267218,low,high,low_hetero/high_length
hotpotqa,5ac537975542996feb3fea3c,30%,472,1576,9,175.11111111111111,30.156791917666443,0.1722151822709378,127.0,216.0,1.7007874015748032,0.09785673998871958,budget-top-k,knapsack-redundancy,1.0,1.0,0.0,1.0,1.0,0.0,0.0,0.0,0.0,1.0,1.0,0.0,361.0,361.0,0.7648305084745762,0.7648305084745762,low,high,low_hetero/high_length
hotpotqa,5ac537975542996feb3fea3c,40%,630,1576,9,175.11111111111111,30.156791917666443,0.1722151822709378,127.0,216.0,1.7007874015748032,0.09785673998871958,budget-top-k,knapsack-redundancy,1.0,1.0,0.0,1.0,1.0,0.0,0.0,0.0,0.0,1.0,1.0,0.0,572.0,572.0,0.9079365079365079,0.9079365079365079,low,high,low_hetero/high_length
hotpotqa,5ac537975542996feb3fea3c,50%,788,1576,9,175.11111111111111,30.156791917666443,0.1722151822709378,127.0,216.0,1.7007874015748032,0.09785673998871958,budget-top-k,knapsack-redundancy,1.0,1.0,0.0,1.0,1.0,0.0,0.0,0.0,0.0,1.0,1.0,0.0,699.0,784.0,0.8870558375634517,0.9949238578680203,low,high,low_hetero/high_length
hotpotqa,5a8f45ca5542997ba9cb320e,30%,427,1424,10,142.4,41.32360100475272,0.2901938272805668,55.0,187.0,3.4,0.15632022471910112,budget-top-k,knapsack-redundancy,0.7142857142857143,0.7142857142857143,0.0,0.0,0.0,0.0,0.0,0.0,0.0,1.0,1.0,0.0,395.0,395.0,0.9250585480093677,0.9250585480093677,medium,high,medium_hetero/high_length
hotpotqa,5a8f45ca5542997ba9cb320e,40%,569,1424,10,142.4,41.32360100475272,0.2901938272805668,55.0,187.0,3.4,0.15632022471910112,budget-top-k,knapsack-redundancy,0.7142857142857143,0.7142857142857143,0.0,0.0,0.0,0.0,0.0,0.0,0.0,1.0,1.0,0.0,503.0,503.0,0.8840070298769771,0.8840070298769771,medium,high,medium_hetero/high_length
hotpotqa,5a8f45ca5542997ba9cb320e,50%,712,1424,10,142.4,41.32360100475272,0.2901938272805668,55.0,187.0,3.4,0.15632022471910112,budget-top-k,knapsack-redundancy,1.0,1.0,0.0,1.0,1.0,0.0,0.5,0.5,0.0,1.0,1.0,0.0,667.0,667.0,0.9367977528089888,0.9367977528089888,medium,high,medium_hetero/high_length
hotpotqa,5a8ac4085542992d82986f74,30%,323,1077,8,134.625,38.62621357316816,0.2869170924655016,62.0,190.0,3.064516129032258,0.15772980501392753,budget-top-k,knapsack-redundancy,0.6590909090909091,0.6590909090909091,0.0,0.0,0.0,0.0,0.5,0.5,0.0,0.0,0.0,0.0,313.0,313.0,0.9690402476780186,0.9690402476780186,medium,low,medium_hetero/low_length
hotpotqa,5a8ac4085542992d82986f74,40%,430,1077,8,134.625,38.62621357316816,0.2869170924655016,62.0,190.0,3.064516129032258,0.15772980501392753,budget-top-k,knapsack-redundancy,0.7045454545454546,0.7045454545454546,0.0,0.0,0.0,0.0,0.5,0.5,0.0,0.0,0.0,0.0,375.0,375.0,0.872093023255814,0.872093023255814,medium,low,medium_hetero/low_length
hotpotqa,5a8ac4085542992d82986f74,50%,538,1077,8,134.625,38.62621357316816,0.2869170924655016,62.0,190.0,3.064516129032258,0.15772980501392753,budget-top-k,knapsack-redundancy,1.0,0.7045454545454546,-0.2954545454545454,1.0,0.0,-1.0,0.5,0.5,0.0,1.0,0.0,-1.0,492.0,516.0,0.9144981412639405,0.9591078066914498,medium,low,medium_hetero/low_length
hotpotqa,5a7b374c5542995eb53be8cc,30%,252,843,6,140.5,55.3255516616569,0.3937761684103694,64.0,192.0,3.0,0.20502174772637405,budget-top-k,knapsack-redundancy,1.0,1.0,0.0,1.0,1.0,0.0,0.5,0.5,0.0,1.0,1.0,0.0,216.0,216.0,0.8571428571428571,0.8571428571428571,high,low,high_hetero/low_length
hotpotqa,5a7b374c5542995eb53be8cc,40%,337,843,6,140.5,55.3255516616569,0.3937761684103694,64.0,192.0,3.0,0.20502174772637405,budget-top-k,knapsack-redundancy,1.0,1.0,0.0,1.0,1.0,0.0,0.5,0.5,0.0,1.0,1.0,0.0,280.0,280.0,0.8308605341246291,0.8308605341246291,high,low,high_hetero/low_length
hotpotqa,5a7b374c5542995eb53be8cc,50%,421,843,6,140.5,55.3255516616569,0.3937761684103694,64.0,192.0,3.0,0.20502174772637405,budget-top-k,knapsack-redundancy,1.0,1.0,0.0,1.0,1.0,0.0,0.5,0.5,0.0,1.0,1.0,0.0,408.0,408.0,0.9691211401425178,0.9691211401425178,high,low,high_hetero/low_length
hotpotqa,5ab92e02554299753720f775,30%,305,1017,7,145.28571428571428,46.2839505836813,0.3185719312544436,54.0,198.0,3.6666666666666665,0.17418176710212108,budget-top-k,knapsack-redundancy,0.3055555555555556,0.3055555555555556,0.0,0.0,0.0,0.0,0.0,0.0,0.0,0.0,0.0,0.0,252.0,252.0,0.8262295081967214,0.8262295081967214,high,low,high_hetero/low_length
hotpotqa,5ab92e02554299753720f775,40%,406,1017,7,145.28571428571428,46.2839505836813,0.3185719312544436,54.0,198.0,3.6666666666666665,0.17418176710212108,budget-top-k,knapsack-redundancy,1.0,0.3055555555555556,-0.6944444444444444,1.0,0.0,-1.0,0.0,0.0,0.0,0.0,0.0,0.0,369.0,400.0,0.9088669950738916,0.9852216748768473,high,low,high_hetero/low_length
hotpotqa,5ab92e02554299753720f775,50%,508,1017,7,145.28571428571428,46.2839505836813,0.3185719312544436,54.0,198.0,3.6666666666666665,0.17418176710212108,budget-top-k,knapsack-redundancy,1.0,1.0,0.0,1.0,1.0,0.0,0.0,0.0,0.0,0.0,0.0,0.0,488.0,488.0,0.9606299212598425,0.9606299212598425,high,low,high_hetero/low_length
hotpotqa,5ab58f9a554299488d4d99da,30%,360,1202,8,150.25,24.681724007856502,0.1642710416496273,115.0,186.0,1.617391304347826,0.09297004991680535,budget-top-k,knapsack-redundancy,0.8,0.8,0.0,0.0,0.0,0.0,0.0,0.0,0.0,1.0,1.0,0.0,270.0,270.0,0.75,0.75,low,medium,low_hetero/medium_length
hotpotqa,5ab58f9a554299488d4d99da,40%,480,1202,8,150.25,24.681724007856502,0.1642710416496273,115.0,186.0,1.617391304347826,0.09297004991680535,budget-top-k,knapsack-redundancy,0.9333333333333333,0.9333333333333333,0.0,0.0,0.0,0.0,0.0,0.0,0.0,1.0,1.0,0.0,456.0,456.0,0.95,0.95,low,medium,low_hetero/medium_length
hotpotqa,5ab58f9a554299488d4d99da,50%,601,1202,8,150.25,24.681724007856502,0.1642710416496273,115.0,186.0,1.617391304347826,0.09297004991680535,budget-top-k,knapsack-redundancy,0.9666666666666667,0.9666666666666667,0.0,0.0,0.0,0.0,0.0,0.0,0.0,1.0,1.0,0.0,580.0,580.0,0.9650582362728786,0.9650582362728786,low,medium,low_hetero/medium_length
hotpotqa,5adf860e5542993344016cbc,30%,431,1439,9,159.88888888888889,31.83793839097711,0.1991253964689326,120.0,204.0,1.7,0.11149718168481204,budget-top-k,knapsack-redundancy,0.9166666666666666,0.9583333333333334,0.04166666666666674,0.0,0.0,0.0,0.5,0.5,0.0,0.0,0.0,0.0,385.0,425.0,0.8932714617169374,0.9860788863109049,low,high,low_hetero/high_length
hotpotqa,5adf860e5542993344016cbc,40%,575,1439,9,159.88888888888889,31.83793839097711,0.1991253964689326,120.0,204.0,1.7,0.11149718168481204,budget-top-k,knapsack-redundancy,0.9583333333333334,0.9583333333333334,0.0,0.0,0.0,0.0,0.5,0.5,0.0,0.0,0.0,0.0,507.0,573.0,0.8817391304347826,0.9965217391304347,low,high,low_hetero/high_length
hotpotqa,5adf860e5542993344016cbc,50%,719,1439,9,159.88888888888889,31.83793839097711,0.1991253964689326,120.0,204.0,1.7,0.11149718168481204,budget-top-k,knapsack-redundancy,0.9583333333333334,0.9583333333333334,0.0,0.0,0.0,0.0,0.5,0.5,0.0,0.0,0.0,0.0,655.0,655.0,0.9109874826147427,0.9109874826147427,low,high,low_hetero/high_length
hotpotqa,5a7ad9865542995eb53be8aa,30%,456,1522,11,138.36363636363637,40.49752568709426,0.29268908183839476,92.0,214.0,2.3260869565217392,0.1584040138573648,budget-top-k,knapsack-redundancy,0.7081447963800904,0.7081447963800904,0.0,0.0,0.0,0.0,0.5,0.5,0.0,1.0,1.0,0.0,425.0,425.0,0.9320175438596491,0.9320175438596491,medium,high,medium_hetero/high_length
hotpotqa,5a7ad9865542995eb53be8aa,40%,608,1522,11,138.36363636363637,40.49752568709426,0.29268908183839476,92.0,214.0,2.3260869565217392,0.1584040138573648,budget-top-k,knapsack-redundancy,0.7081447963800904,0.7081447963800904,0.0,0.0,0.0,0.0,0.5,0.5,0.0,1.0,1.0,0.0,532.0,532.0,0.875,0.875,medium,high,medium_hetero/high_length
hotpotqa,5a7ad9865542995eb53be8aa,50%,761,1522,11,138.36363636363637,40.49752568709426,0.29268908183839476,92.0,214.0,2.3260869565217392,0.1584040138573648,budget-top-k,knapsack-redundancy,0.7228506787330317,1.0,0.27714932126696834,0.0,1.0,1.0,0.5,1.0,0.5,1.0,1.0,0.0,685.0,729.0,0.900131406044678,0.9579500657030223,medium,high,medium_hetero/high_length
hotpotqa,5a71443f5542994082a3e727,30%,397,1326,8,165.75,33.42809447156688,0.20167779470025265,118.0,219.0,1.8559322033898304,0.11217948717948723,budget-top-k,knapsack-redundancy,0.9523809523809524,0.9523809523809524,0.0,0.0,0.0,0.0,0.0,0.0,0.0,1.0,1.0,0.0,372.0,372.0,0.9370277078085643,0.9370277078085643,low,medium,low_hetero/medium_length
hotpotqa,5a71443f5542994082a3e727,40%,530,1326,8,165.75,33.42809447156688,0.20167779470025265,118.0,219.0,1.8559322033898304,0.11217948717948723,budget-top-k,knapsack-redundancy,0.9285714285714285,1.0,0.07142857142857151,0.0,1.0,1.0,0.0,0.5,0.5,1.0,1.0,0.0,424.0,492.0,0.8,0.9283018867924528,low,medium,low_hetero/medium_length
hotpotqa,5a71443f5542994082a3e727,50%,663,1326,8,165.75,33.42809447156688,0.20167779470025265,118.0,219.0,1.8559322033898304,0.11217948717948723,budget-top-k,knapsack-redundancy,0.9523809523809524,1.0,0.04761904761904756,0.0,1.0,1.0,0.0,0.5,0.5,1.0,1.0,0.0,591.0,660.0,0.8914027149321267,0.995475113122172,low,medium,low_hetero/medium_length
hotpotqa,5a7cbf93554299452d57b9f5,30%,484,1616,11,146.9090909090909,40.193745658779356,0.2735960409941664,59.0,182.0,3.0847457627118646,0.13647614761476157,budget-top-k,knapsack-redundancy,0.8571428571428571,0.8571428571428571,0.0,0.0,0.0,0.0,0.5,0.5,0.0,1.0,1.0,0.0,484.0,484.0,1.0,1.0,medium,high,medium_hetero/high_length
hotpotqa,5a7cbf93554299452d57b9f5,40%,646,1616,11,146.9090909090909,40.193745658779356,0.2735960409941664,59.0,182.0,3.0847457627118646,0.13647614761476157,budget-top-k,knapsack-redundancy,1.0,0.8571428571428571,-0.1428571428571429,1.0,0.0,-1.0,0.5,0.5,0.0,1.0,1.0,0.0,575.0,617.0,0.8900928792569659,0.955108359133127,medium,high,medium_hetero/high_length
hotpotqa,5a7cbf93554299452d57b9f5,50%,808,1616,11,146.9090909090909,40.193745658779356,0.2735960409941664,59.0,182.0,3.0847457627118646,0.13647614761476157,budget-top-k,knapsack-redundancy,1.0,1.0,0.0,1.0,1.0,0.0,0.5,0.5,0.0,1.0,1.0,0.0,801.0,799.0,0.9913366336633663,0.9888613861386139,medium,high,medium_hetero/high_length
hotpotqa,5adf98215542993344016d19,30%,408,1360,9,151.11111111111111,31.33136321623517,0.2073399036368504,113.0,212.0,1.8761061946902655,0.11356209150326801,budget-top-k,knapsack-redundancy,0.6428571428571428,0.6428571428571428,0.0,0.0,0.0,0.0,0.5,0.5,0.0,1.0,1.0,0.0,335.0,335.0,0.821078431372549,0.821078431372549,low,medium,low_hetero/medium_length
hotpotqa,5adf98215542993344016d19,40%,544,1360,9,151.11111111111111,31.33136321623517,0.2073399036368504,113.0,212.0,1.8761061946902655,0.11356209150326801,budget-top-k,knapsack-redundancy,0.6785714285714286,0.6785714285714286,0.0,0.0,0.0,0.0,0.5,0.5,0.0,1.0,1.0,0.0,448.0,448.0,0.8235294117647058,0.8235294117647058,low,medium,low_hetero/medium_length
hotpotqa,5adf98215542993344016d19,50%,680,1360,9,151.11111111111111,31.33136321623517,0.2073399036368504,113.0,212.0,1.8761061946902655,0.11356209150326801,budget-top-k,knapsack-redundancy,0.75,0.75,0.0,0.0,0.0,0.0,0.5,0.5,0.0,1.0,1.0,0.0,660.0,660.0,0.9705882352941176,0.9705882352941176,low,medium,low_hetero/medium_length
hotpotqa,5ae1fa2b5542997f29b3c1df,30%,564,1880,13,144.69230769230768,45.29116846393348,0.31301711325419207,61.0,207.0,3.3934426229508197,0.17748333537807226,budget-top-k,knapsack-redundancy,1.0,1.0,0.0,1.0,1.0,0.0,1.0,1.0,0.0,1.0,1.0,0.0,508.0,562.0,0.900709219858156,0.9964539007092199,high,high,high_hetero/high_length
hotpotqa,5ae1fa2b5542997f29b3c1df,40%,752,1880,13,144.69230769230768,45.29116846393348,0.31301711325419207,61.0,207.0,3.3934426229508197,0.17748333537807226,budget-top-k,knapsack-redundancy,1.0,1.0,0.0,1.0,1.0,0.0,1.0,1.0,0.0,1.0,1.0,0.0,715.0,728.0,0.9507978723404256,0.9680851063829787,high,high,high_hetero/high_length
hotpotqa,5ae1fa2b5542997f29b3c1df,50%,940,1880,13,144.69230769230768,45.29116846393348,0.31301711325419207,61.0,207.0,3.3934426229508197,0.17748333537807226,budget-top-k,knapsack-redundancy,1.0,1.0,0.0,1.0,1.0,0.0,1.0,1.0,0.0,1.0,1.0,0.0,883.0,939.0,0.9393617021276596,0.9989361702127659,high,high,high_hetero/high_length
hotpotqa,5ae650fb55429929b0807b2e,30%,376,1254,8,156.875,31.09436243115462,0.19821107525835616,114.0,205.0,1.7982456140350878,0.11185258964143419,budget-top-k,knapsack-redundancy,1.0,1.0,0.0,1.0,1.0,0.0,0.0,0.0,0.0,1.0,1.0,0.0,335.0,335.0,0.8909574468085106,0.8909574468085106,low,medium,low_hetero/medium_length
hotpotqa,5ae650fb55429929b0807b2e,40%,501,1254,8,156.875,31.09436243115462,0.19821107525835616,114.0,205.0,1.7982456140350878,0.11185258964143419,budget-top-k,knapsack-redundancy,1.0,1.0,0.0,1.0,1.0,0.0,0.0,0.0,0.0,1.0,1.0,0.0,488.0,488.0,0.9740518962075848,0.9740518962075848,low,medium,low_hetero/medium_length
hotpotqa,5ae650fb55429929b0807b2e,50%,627,1254,8,156.875,31.09436243115462,0.19821107525835616,114.0,205.0,1.7982456140350878,0.11185258964143419,budget-top-k,knapsack-redundancy,1.0,1.0,0.0,1.0,1.0,0.0,0.0,0.0,0.0,1.0,1.0,0.0,524.0,602.0,0.835725677830941,0.960127591706539,low,medium,low_hetero/medium_length
hotpotqa,5a85597c5542997175ce1fba,30%,352,1175,7,167.85714285714286,53.56819037832213,0.31912964480702544,45.0,217.0,4.822222222222222,0.15416413373860194,budget-top-k,knapsack-redundancy,0.7999999999999999,0.7999999999999999,0.0,0.0,0.0,0.0,0.0,0.0,0.0,1.0,1.0,0.0,220.0,220.0,0.625,0.625,high,medium,high_hetero/medium_length
hotpotqa,5a85597c5542997175ce1fba,40%,470,1175,7,167.85714285714286,53.56819037832213,0.31912964480702544,45.0,217.0,4.822222222222222,0.15416413373860194,budget-top-k,knapsack-redundancy,0.8222222222222223,0.8222222222222223,0.0,0.0,0.0,0.0,0.0,0.0,0.0,1.0,1.0,0.0,427.0,427.0,0.9085106382978724,0.9085106382978724,high,medium,high_hetero/medium_length
hotpotqa,5a85597c5542997175ce1fba,50%,587,1175,7,167.85714285714286,53.56819037832213,0.31912964480702544,45.0,217.0,4.822222222222222,0.15416413373860194,budget-top-k,knapsack-redundancy,0.8222222222222223,0.8222222222222223,0.0,0.0,0.0,0.0,0.0,0.0,0.0,1.0,1.0,0.0,427.0,427.0,0.727427597955707,0.727427597955707,high,medium,high_hetero/medium_length
hotpotqa,5ac19d4c55429963665198bb,30%,505,1684,13,129.53846153846155,43.90657106001926,0.3389462136462294,25.0,200.0,8.0,0.17915220171752244,budget-top-k,knapsack-redundancy,0.6875,0.65625,-0.03125,0.0,0.0,0.0,0.5,0.5,0.0,1.0,1.0,0.0,491.0,503.0,0.9722772277227723,0.996039603960396,high,high,high_hetero/high_length
hotpotqa,5ac19d4c55429963665198bb,40%,673,1684,13,129.53846153846155,43.90657106001926,0.3389462136462294,25.0,200.0,8.0,0.17915220171752244,budget-top-k,knapsack-redundancy,0.6875,0.78125,0.09375,0.0,0.0,0.0,0.5,0.5,0.0,1.0,1.0,0.0,668.0,657.0,0.9925705794947994,0.9762258543833581,high,high,high_hetero/high_length
hotpotqa,5ac19d4c55429963665198bb,50%,842,1684,13,129.53846153846155,43.90657106001926,0.3389462136462294,25.0,200.0,8.0,0.17915220171752244,budget-top-k,knapsack-redundancy,0.8125,0.78125,-0.03125,0.0,0.0,0.0,0.5,0.5,0.0,1.0,1.0,0.0,835.0,833.0,0.9916864608076009,0.9893111638954869,high,high,high_hetero/high_length
hotpotqa,5ab611cc5542992aa134a411,30%,192,642,5,128.4,49.85819892455001,0.38830372994197826,30.0,168.0,5.6,0.17632398753894085,budget-top-k,knapsack-redundancy,0.7777777777777778,0.7777777777777778,0.0,0.0,0.0,0.0,0.5,0.5,0.0,1.0,1.0,0.0,177.0,177.0,0.921875,0.921875,high,low,high_hetero/low_length
hotpotqa,5ab611cc5542992aa134a411,40%,256,642,5,128.4,49.85819892455001,0.38830372994197826,30.0,168.0,5.6,0.17632398753894085,budget-top-k,knapsack-redundancy,1.0,1.0,0.0,1.0,1.0,0.0,0.5,0.5,0.0,1.0,1.0,0.0,198.0,198.0,0.7734375,0.7734375,high,low,high_hetero/low_length
hotpotqa,5ab611cc5542992aa134a411,50%,321,642,5,128.4,49.85819892455001,0.38830372994197826,30.0,168.0,5.6,0.17632398753894085,budget-top-k,knapsack-redundancy,1.0,1.0,0.0,1.0,1.0,0.0,0.5,0.5,0.0,1.0,1.0,0.0,198.0,198.0,0.616822429906542,0.616822429906542,high,low,high_hetero/low_length
hotpotqa,5ab7c87d55429928e1fe38de,30%,380,1269,7,181.28571428571428,23.456429430598618,0.12938928763923588,140.0,206.0,1.4714285714285715,0.06731959923449282,budget-top-k,knapsack-redundancy,1.0,1.0,0.0,1.0,1.0,0.0,0.0,0.0,0.0,1.0,1.0,0.0,348.0,348.0,0.9157894736842105,0.9157894736842105,low,medium,low_hetero/medium_length
hotpotqa,5ab7c87d55429928e1fe38de,40%,507,1269,7,181.28571428571428,23.456429430598618,0.12938928763923588,140.0,206.0,1.4714285714285715,0.06731959923449282,budget-top-k,knapsack-redundancy,1.0,1.0,0.0,1.0,1.0,0.0,0.0,0.0,0.0,1.0,1.0,0.0,488.0,488.0,0.9625246548323472,0.9625246548323472,low,medium,low_hetero/medium_length
hotpotqa,5ab7c87d55429928e1fe38de,50%,634,1269,7,181.28571428571428,23.456429430598618,0.12938928763923588,140.0,206.0,1.4714285714285715,0.06731959923449282,budget-top-k,knapsack-redundancy,1.0,1.0,0.0,1.0,1.0,0.0,0.0,0.0,0.0,1.0,1.0,0.0,488.0,488.0,0.7697160883280757,0.7697160883280757,low,medium,low_hetero/medium_length
hotpotqa,5ab4bea15542990594ba9cae,30%,467,1559,11,141.72727272727272,43.63087086641732,0.3078509169535539,64.0,207.0,3.234375,0.17388769024432915,budget-top-k,knapsack-redundancy,1.0,1.0,0.0,1.0,1.0,0.0,0.5,0.5,0.0,1.0,1.0,0.0,404.0,404.0,0.8650963597430407,0.8650963597430407,high,high,high_hetero/high_length
hotpotqa,5ab4bea15542990594ba9cae,40%,623,1559,11,141.72727272727272,43.63087086641732,0.3078509169535539,64.0,207.0,3.234375,0.17388769024432915,budget-top-k,knapsack-redundancy,1.0,1.0,0.0,1.0,1.0,0.0,0.5,0.5,0.0,1.0,1.0,0.0,603.0,604.0,0.9678972712680578,0.9695024077046549,high,high,high_hetero/high_length
hotpotqa,5ab4bea15542990594ba9cae,50%,779,1559,11,141.72727272727272,43.63087086641732,0.3078509169535539,64.0,207.0,3.234375,0.17388769024432915,budget-top-k,knapsack-redundancy,1.0,1.0,0.0,1.0,1.0,0.0,0.5,0.5,0.0,1.0,1.0,0.0,739.0,774.0,0.9486521181001284,0.993581514762516,high,high,high_hetero/high_length
hotpotqa,5ade9c9c5542997c77adee8c,30%,519,1730,12,144.16666666666666,33.19847720737939,0.23027845461766053,87.0,212.0,2.4367816091954024,0.125529865125241,budget-top-k,knapsack-redundancy,0.6875,0.8125,0.125,0.0,0.0,0.0,0.5,0.5,0.0,1.0,1.0,0.0,513.0,519.0,0.9884393063583815,1.0,medium,high,medium_hetero/high_length
hotpotqa,5ade9c9c5542997c77adee8c,40%,692,1730,12,144.16666666666666,33.19847720737939,0.23027845461766053,87.0,212.0,2.4367816091954024,0.125529865125241,budget-top-k,knapsack-redundancy,0.6875,0.8125,0.125,0.0,0.0,0.0,0.5,0.5,0.0,1.0,1.0,0.0,665.0,681.0,0.9609826589595376,0.9841040462427746,medium,high,medium_hetero/high_length
hotpotqa,5ade9c9c5542997c77adee8c,50%,865,1730,12,144.16666666666666,33.19847720737939,0.23027845461766053,87.0,212.0,2.4367816091954024,0.125529865125241,budget-top-k,knapsack-redundancy,0.8125,0.8125,0.0,0.0,0.0,0.0,0.5,0.5,0.0,1.0,1.0,0.0,806.0,813.0,0.9317919075144508,0.9398843930635838,medium,high,medium_hetero/high_length
hotpotqa,5ae0d7315542990adbacf678,30%,556,1855,13,142.69230769230768,44.032129205466134,0.3085809593914069,55.0,218.0,3.963636363636364,0.1728384822724447,budget-top-k,knapsack-redundancy,1.0,0.7222222222222222,-0.2777777777777778,1.0,0.0,-1.0,0.5,0.0,-0.5,1.0,1.0,0.0,514.0,554.0,0.9244604316546763,0.9964028776978417,high,high,high_hetero/high_length
hotpotqa,5ae0d7315542990adbacf678,40%,742,1855,13,142.69230769230768,44.032129205466134,0.3085809593914069,55.0,218.0,3.963636363636364,0.1728384822724447,budget-top-k,knapsack-redundancy,1.0,1.0,0.0,1.0,1.0,0.0,0.5,0.5,0.0,1.0,1.0,0.0,735.0,735.0,0.9905660377358491,0.9905660377358491,high,high,high_hetero/high_length
hotpotqa,5ae0d7315542990adbacf678,50%,927,1855,13,142.69230769230768,44.032129205466134,0.3085809593914069,55.0,218.0,3.963636363636364,0.1728384822724447,budget-top-k,knapsack-redundancy,1.0,1.0,0.0,1.0,1.0,0.0,0.5,0.5,0.0,1.0,1.0,0.0,874.0,875.0,0.9428263214670982,0.9439050701186623,high,high,high_hetero/high_length
hotpotqa,5ae1ba55554299234fd042d9,30%,393,1310,8,163.75,37.365592461514645,0.22818682419245584,95.0,211.0,2.221052631578947,0.12595419847328237,budget-top-k,knapsack-redundancy,1.0,1.0,0.0,1.0,1.0,0.0,0.0,0.0,0.0,1.0,1.0,0.0,389.0,389.0,0.989821882951654,0.989821882951654,low,medium,low_hetero/medium_length
hotpotqa,5ae1ba55554299234fd042d9,40%,524,1310,8,163.75,37.365592461514645,0.22818682419245584,95.0,211.0,2.221052631578947,0.12595419847328237,budget-top-k,knapsack-redundancy,1.0,1.0,0.0,1.0,1.0,0.0,0.0,0.0,0.0,1.0,1.0,0.0,484.0,484.0,0.9236641221374046,0.9236641221374046,low,medium,low_hetero/medium_length
hotpotqa,5ae1ba55554299234fd042d9,50%,655,1310,8,163.75,37.365592461514645,0.22818682419245584,95.0,211.0,2.221052631578947,0.12595419847328237,budget-top-k,knapsack-redundancy,1.0,1.0,0.0,1.0,1.0,0.0,0.0,0.0,0.0,1.0,1.0,0.0,649.0,649.0,0.9908396946564886,0.9908396946564886,low,medium,low_hetero/medium_length
hotpotqa,5a839c8b5542996488c2e479,30%,331,1104,8,138.0,29.991665508937647,0.2173309094850554,103.0,194.0,1.883495145631068,0.11865942028985499,budget-top-k,knapsack-redundancy,1.0,1.0,0.0,1.0,1.0,0.0,0.5,0.5,0.0,1.0,1.0,0.0,221.0,221.0,0.6676737160120846,0.6676737160120846,low,low,low_hetero/low_length
hotpotqa,5a839c8b5542996488c2e479,40%,441,1104,8,138.0,29.991665508937647,0.2173309094850554,103.0,194.0,1.883495145631068,0.11865942028985499,budget-top-k,knapsack-redundancy,1.0,1.0,0.0,1.0,1.0,0.0,0.5,0.5,0.0,1.0,1.0,0.0,415.0,386.0,0.9410430839002267,0.8752834467120182,low,low,low_hetero/low_length
hotpotqa,5a839c8b5542996488c2e479,50%,552,1104,8,138.0,29.991665508937647,0.2173309094850554,103.0,194.0,1.883495145631068,0.11865942028985499,budget-top-k,knapsack-redundancy,1.0,1.0,0.0,1.0,1.0,0.0,0.5,0.5,0.0,1.0,1.0,0.0,530.0,501.0,0.9601449275362319,0.907608695652174,low,low,low_hetero/low_length
hotpotqa,5abdd08d5542991f6610604c,30%,399,1331,10,133.1,65.25404202039901,0.49026327588579277,14.0,207.0,14.785714285714286,0.2726521412471825,budget-top-k,knapsack-redundancy,0.6527777777777778,0.6527777777777778,0.0,0.0,0.0,0.0,0.0,0.0,0.0,1.0,1.0,0.0,369.0,369.0,0.924812030075188,0.924812030075188,high,medium,high_hetero/medium_length
hotpotqa,5abdd08d5542991f6610604c,40%,532,1331,10,133.1,65.25404202039901,0.49026327588579277,14.0,207.0,14.785714285714286,0.2726521412471825,budget-top-k,knapsack-redundancy,0.625,0.6527777777777778,0.02777777777777779,0.0,0.0,0.0,0.0,0.0,0.0,1.0,1.0,0.0,471.0,517.0,0.8853383458646616,0.9718045112781954,high,medium,high_hetero/medium_length
hotpotqa,5abdd08d5542991f6610604c,50%,665,1331,10,133.1,65.25404202039901,0.49026327588579277,14.0,207.0,14.785714285714286,0.2726521412471825,budget-top-k,knapsack-redundancy,1.0,1.0,0.0,1.0,1.0,0.0,0.5,0.5,0.0,1.0,1.0,0.0,651.0,651.0,0.9789473684210527,0.9789473684210527,high,medium,high_hetero/medium_length
hotpotqa,5ade190f55429975fa854e40,30%,456,1521,11,138.27272727272728,46.41921802069583,0.33570769114244187,40.0,217.0,5.425,0.18540433925049316,budget-top-k,knapsack-redundancy,1.0,1.0,0.0,1.0,1.0,0.0,1.0,1.0,0.0,1.0,1.0,0.0,455.0,416.0,0.9978070175438597,0.9122807017543859,high,high,high_hetero/high_length
hotpotqa,5ade190f55429975fa854e40,40%,608,1521,11,138.27272727272728,46.41921802069583,0.33570769114244187,40.0,217.0,5.425,0.18540433925049316,budget-top-k,knapsack-redundancy,1.0,1.0,0.0,1.0,1.0,0.0,1.0,1.0,0.0,1.0,1.0,0.0,590.0,590.0,0.9703947368421053,0.9703947368421053,high,high,high_hetero/high_length
hotpotqa,5ade190f55429975fa854e40,50%,760,1521,11,138.27272727272728,46.41921802069583,0.33570769114244187,40.0,217.0,5.425,0.18540433925049316,budget-top-k,knapsack-redundancy,1.0,1.0,0.0,1.0,1.0,0.0,1.0,1.0,0.0,1.0,1.0,0.0,744.0,744.0,0.9789473684210527,0.9789473684210527,high,high,high_hetero/high_length
hotpotqa,5a8cd381554299653c1aa12b,30%,344,1147,7,163.85714285714286,22.484461754913397,0.13721990608927095,134.0,193.0,1.4402985074626866,0.07472910698717161,budget-top-k,knapsack-redundancy,0.20418470418470416,0.20418470418470416,0.0,0.0,0.0,0.0,0.0,0.0,0.0,1.0,1.0,0.0,310.0,310.0,0.9011627906976745,0.9011627906976745,low,low,low_hetero/low_length
hotpotqa,5a8cd381554299653c1aa12b,40%,458,1147,7,163.85714285714286,22.484461754913397,0.13721990608927095,134.0,193.0,1.4402985074626866,0.07472910698717161,budget-top-k,knapsack-redundancy,0.6969696969696969,0.4920634920634921,-0.20490620490620481,0.0,0.0,0.0,0.5,0.5,0.0,1.0,1.0,0.0,357.0,448.0,0.7794759825327511,0.9781659388646288,low,low,low_hetero/low_length
hotpotqa,5a8cd381554299653c1aa12b,50%,573,1147,7,163.85714285714286,22.484461754913397,0.13721990608927095,134.0,193.0,1.4402985074626866,0.07472910698717161,budget-top-k,knapsack-redundancy,0.712121212121212,0.712121212121212,0.0,0.0,0.0,0.0,0.5,0.5,0.0,1.0,1.0,0.0,491.0,491.0,0.8568935427574171,0.8568935427574171,low,low,low_hetero/low_length
hotpotqa,5abd12bb55429933744ab703,30%,432,1440,10,144.0,50.35871324805669,0.3497132864448381,54.0,212.0,3.925925925925926,0.18874999999999997,budget-top-k,knapsack-redundancy,1.0,1.0,0.0,1.0,1.0,0.0,0.5,0.5,0.0,1.0,1.0,0.0,427.0,427.0,0.9884259259259259,0.9884259259259259,high,high,high_hetero/high_length
hotpotqa,5abd12bb55429933744ab703,40%,576,1440,10,144.0,50.35871324805669,0.3497132864448381,54.0,212.0,3.925925925925926,0.18874999999999997,budget-top-k,knapsack-redundancy,1.0,0.8125,-0.1875,1.0,0.0,-1.0,0.5,0.5,0.0,1.0,1.0,0.0,427.0,548.0,0.7413194444444444,0.9513888888888888,high,high,high_hetero/high_length
hotpotqa,5abd12bb55429933744ab703,50%,720,1440,10,144.0,50.35871324805669,0.3497132864448381,54.0,212.0,3.925925925925926,0.18874999999999997,budget-top-k,knapsack-redundancy,1.0,0.84375,-0.15625,1.0,0.0,-1.0,0.5,0.5,0.0,1.0,1.0,0.0,603.0,707.0,0.8375,0.9819444444444444,high,high,high_hetero/high_length
hotpotqa,5abb1e1b5542992ccd8e7f19,30%,393,1312,9,145.77777777777777,19.82017926691985,0.1359615955810051,111.0,179.0,1.6126126126126126,0.07554200542005418,budget-top-k,knapsack-redundancy,0.7105263157894737,0.6842105263157895,-0.02631578947368418,0.0,0.0,0.0,0.5,0.5,0.0,1.0,1.0,0.0,325.0,381.0,0.8269720101781171,0.9694656488549618,low,medium,low_hetero/medium_length
hotpotqa,5abb1e1b5542992ccd8e7f19,40%,524,1312,9,145.77777777777777,19.82017926691985,0.1359615955810051,111.0,179.0,1.6126126126126126,0.07554200542005418,budget-top-k,knapsack-redundancy,0.7105263157894737,0.7105263157894737,0.0,0.0,0.0,0.0,0.5,0.5,0.0,1.0,1.0,0.0,436.0,436.0,0.8320610687022901,0.8320610687022901,low,medium,low_hetero/medium_length
hotpotqa,5abb1e1b5542992ccd8e7f19,50%,656,1312,9,145.77777777777777,19.82017926691985,0.1359615955810051,111.0,179.0,1.6126126126126126,0.07554200542005418,budget-top-k,knapsack-redundancy,0.763157894736842,0.763157894736842,0.0,0.0,0.0,0.0,0.5,0.5,0.0,1.0,1.0,0.0,588.0,588.0,0.8963414634146342,0.8963414634146342,low,medium,low_hetero/medium_length
hotpotqa,5a8ba59a554299240d9c2058,30%,410,1367,9,151.88888888888889,43.29856154768615,0.2850673401091261,76.0,208.0,2.736842105263158,0.1583353653580426,budget-top-k,knapsack-redundancy,1.0,1.0,0.0,1.0,1.0,0.0,0.5,0.5,0.0,0.0,0.0,0.0,366.0,366.0,0.8926829268292683,0.8926829268292683,medium,medium,medium_hetero/medium_length
hotpotqa,5a8ba59a554299240d9c2058,40%,546,1367,9,151.88888888888889,43.29856154768615,0.2850673401091261,76.0,208.0,2.736842105263158,0.1583353653580426,budget-top-k,knapsack-redundancy,1.0,1.0,0.0,1.0,1.0,0.0,0.5,0.5,0.0,0.0,0.0,0.0,479.0,479.0,0.8772893772893773,0.8772893772893773,medium,medium,medium_hetero/medium_length
hotpotqa,5a8ba59a554299240d9c2058,50%,683,1367,9,151.88888888888889,43.29856154768615,0.2850673401091261,76.0,208.0,2.736842105263158,0.1583353653580426,budget-top-k,knapsack-redundancy,1.0,1.0,0.0,1.0,1.0,0.0,0.5,0.5,0.0,0.0,0.0,0.0,571.0,571.0,0.83601756954612,0.83601756954612,medium,medium,medium_hetero/medium_length
hotpotqa,5a7c53a855429935c91b515d,30%,345,1152,8,144.0,57.69532043415653,0.40066194745942035,41.0,199.0,4.853658536585366,0.20768229166666674,budget-top-k,knapsack-redundancy,1.0,1.0,0.0,1.0,1.0,0.0,0.5,0.5,0.0,1.0,1.0,0.0,287.0,287.0,0.8318840579710145,0.8318840579710145,high,low,high_hetero/low_length
hotpotqa,5a7c53a855429935c91b515d,40%,460,1152,8,144.0,57.69532043415653,0.40066194745942035,41.0,199.0,4.853658536585366,0.20768229166666674,budget-top-k,knapsack-redundancy,0.8717948717948718,0.8717948717948718,0.0,0.0,0.0,0.0,0.0,0.0,0.0,1.0,1.0,0.0,431.0,431.0,0.9369565217391305,0.9369565217391305,high,low,high_hetero/low_length
hotpotqa,5a7c53a855429935c91b515d,50%,576,1152,8,144.0,57.69532043415653,0.40066194745942035,41.0,199.0,4.853658536585366,0.20768229166666674,budget-top-k,knapsack-redundancy,1.0,0.8974358974358975,-0.10256410256410253,1.0,0.0,-1.0,0.5,0.0,-0.5,1.0,1.0,0.0,486.0,549.0,0.84375,0.953125,high,low,high_hetero/low_length
hotpotqa,5ae54eea5542993aec5ec19d,30%,389,1299,9,144.44444444444446,35.68725608552135,0.2470656190536093,81.0,212.0,2.617283950617284,0.13606837606837607,budget-top-k,knapsack-redundancy,1.0,0.9583333333333333,-0.04166666666666674,1.0,0.0,-1.0,0.0,0.0,0.0,1.0,1.0,0.0,384.0,359.0,0.987146529562982,0.922879177377892,medium,medium,medium_hetero/medium_length
hotpotqa,5ae54eea5542993aec5ec19d,40%,519,1299,9,144.44444444444446,35.68725608552135,0.2470656190536093,81.0,212.0,2.617283950617284,0.13606837606837607,budget-top-k,knapsack-redundancy,1.0,0.9583333333333333,-0.04166666666666674,1.0,0.0,-1.0,0.0,0.0,0.0,1.0,1.0,0.0,465.0,508.0,0.8959537572254336,0.9788053949903661,medium,medium,medium_hetero/medium_length
hotpotqa,5ae54eea5542993aec5ec19d,50%,649,1299,9,144.44444444444446,35.68725608552135,0.2470656190536093,81.0,212.0,2.617283950617284,0.13606837606837607,budget-top-k,knapsack-redundancy,1.0,1.0,0.0,1.0,1.0,0.0,0.0,0.0,0.0,1.0,1.0,0.0,614.0,614.0,0.9460708782742681,0.9460708782742681,medium,medium,medium_hetero/medium_length
hotpotqa,5a8026a05542992e7d278df8,30%,423,1412,10,141.2,52.296845029121975,0.37037425658018397,23.0,196.0,8.521739130434783,0.1939093484419263,budget-top-k,knapsack-redundancy,0.7083333333333334,0.7083333333333334,0.0,0.0,0.0,0.0,0.0,0.0,0.0,0.0,0.0,0.0,418.0,418.0,0.9881796690307328,0.9881796690307328,high,high,high_hetero/high_length
hotpotqa,5a8026a05542992e7d278df8,40%,564,1412,10,141.2,52.296845029121975,0.37037425658018397,23.0,196.0,8.521739130434783,0.1939093484419263,budget-top-k,knapsack-redundancy,1.0,1.0,0.0,1.0,1.0,0.0,0.0,0.0,0.0,1.0,1.0,0.0,462.0,462.0,0.8191489361702128,0.8191489361702128,high,high,high_hetero/high_length
hotpotqa,5a8026a05542992e7d278df8,50%,706,1412,10,141.2,52.296845029121975,0.37037425658018397,23.0,196.0,8.521739130434783,0.1939093484419263,budget-top-k,knapsack-redundancy,1.0,1.0,0.0,1.0,1.0,0.0,0.0,0.0,0.0,1.0,1.0,0.0,640.0,640.0,0.9065155807365439,0.9065155807365439,high,high,high_hetero/high_length
hotpotqa,5a7a27ce5542996c55b2dd28,30%,523,1744,11,158.54545454545453,39.22513951852732,0.24740626989896822,97.0,219.0,2.2577319587628866,0.1380316930775647,budget-top-k,knapsack-redundancy,0.7564102564102564,0.7564102564102564,0.0,0.0,0.0,0.0,0.5,0.5,0.0,1.0,1.0,0.0,485.0,485.0,0.9273422562141491,0.9273422562141491,medium,high,medium_hetero/high_length
hotpotqa,5a7a27ce5542996c55b2dd28,40%,697,1744,11,158.54545454545453,39.22513951852732,0.24740626989896822,97.0,219.0,2.2577319587628866,0.1380316930775647,budget-top-k,knapsack-redundancy,0.7692307692307692,0.7692307692307692,0.0,0.0,0.0,0.0,0.5,0.5,0.0,1.0,1.0,0.0,634.0,694.0,0.9096126255380201,0.9956958393113343,medium,high,medium_hetero/high_length
hotpotqa,5a7a27ce5542996c55b2dd28,50%,872,1744,11,158.54545454545453,39.22513951852732,0.24740626989896822,97.0,219.0,2.2577319587628866,0.1380316930775647,budget-top-k,knapsack-redundancy,0.7692307692307692,0.782051282051282,0.012820512820512886,0.0,0.0,0.0,0.5,0.5,0.0,1.0,1.0,0.0,779.0,864.0,0.893348623853211,0.9908256880733946,medium,high,medium_hetero/high_length
hotpotqa,5ab9812d554299753720f821,30%,306,1022,7,146.0,37.32100136460895,0.2556232970178695,98.0,214.0,2.183673469387755,0.14229801509644968,budget-top-k,knapsack-redundancy,0.75,0.75,0.0,0.0,0.0,0.0,0.0,0.0,0.0,1.0,1.0,0.0,214.0,214.0,0.6993464052287581,0.6993464052287581,medium,low,medium_hetero/low_length
hotpotqa,5ab9812d554299753720f821,40%,408,1022,7,146.0,37.32100136460895,0.2556232970178695,98.0,214.0,2.183673469387755,0.14229801509644968,budget-top-k,knapsack-redundancy,0.75,0.75,0.0,0.0,0.0,0.0,0.0,0.0,0.0,1.0,1.0,0.0,354.0,354.0,0.8676470588235294,0.8676470588235294,medium,low,medium_hetero/low_length
hotpotqa,5ab9812d554299753720f821,50%,511,1022,7,146.0,37.32100136460895,0.2556232970178695,98.0,214.0,2.183673469387755,0.14229801509644968,budget-top-k,knapsack-redundancy,0.75,0.75,0.0,0.0,0.0,0.0,0.0,0.0,0.0,1.0,1.0,0.0,506.0,506.0,0.9902152641878669,0.9902152641878669,medium,low,medium_hetero/low_length
hotpotqa,5ac3b5d3554299741d48a2f3,30%,411,1373,10,137.3,34.90573018860943,0.2542296444909645,63.0,187.0,2.9682539682539684,0.14093226511289147,budget-top-k,knapsack-redundancy,0.7222222222222222,1.0,0.2777777777777778,0.0,1.0,1.0,0.5,0.5,0.0,0.0,1.0,1.0,384.0,402.0,0.9343065693430657,0.9781021897810219,medium,medium,medium_hetero/medium_length
hotpotqa,5ac3b5d3554299741d48a2f3,40%,549,1373,10,137.3,34.90573018860943,0.2542296444909645,63.0,187.0,2.9682539682539684,0.14093226511289147,budget-top-k,knapsack-redundancy,0.7222222222222222,1.0,0.2777777777777778,0.0,1.0,1.0,0.5,0.5,0.0,0.0,1.0,1.0,516.0,546.0,0.9398907103825137,0.994535519125683,medium,medium,medium_hetero/medium_length
hotpotqa,5ac3b5d3554299741d48a2f3,50%,686,1373,10,137.3,34.90573018860943,0.2542296444909645,63.0,187.0,2.9682539682539684,0.14093226511289147,budget-top-k,knapsack-redundancy,0.7222222222222222,0.7222222222222222,0.0,0.0,0.0,0.0,0.5,0.5,0.0,0.0,0.0,0.0,665.0,665.0,0.9693877551020408,0.9693877551020408,medium,medium,medium_hetero/medium_length
hotpotqa,5ab811e95542995dae37ea22,30%,525,1752,13,134.76923076923077,44.966917490962764,0.3336586343507511,68.0,219.0,3.2205882352941178,0.18818054092026704,budget-top-k,knapsack-redundancy,0.8529411764705882,0.8529411764705882,0.0,0.0,0.0,0.0,1.0,1.0,0.0,1.0,1.0,0.0,523.0,523.0,0.9961904761904762,0.9961904761904762,high,high,high_hetero/high_length
hotpotqa,5ab811e95542995dae37ea22,40%,700,1752,13,134.76923076923077,44.966917490962764,0.3336586343507511,68.0,219.0,3.2205882352941178,0.18818054092026704,budget-top-k,knapsack-redundancy,1.0,1.0,0.0,1.0,1.0,0.0,1.0,1.0,0.0,1.0,1.0,0.0,700.0,700.0,1.0,1.0,high,high,high_hetero/high_length
hotpotqa,5ab811e95542995dae37ea22,50%,876,1752,13,134.76923076923077,44.966917490962764,0.3336586343507511,68.0,219.0,3.2205882352941178,0.18818054092026704,budget-top-k,knapsack-redundancy,1.0,1.0,0.0,1.0,1.0,0.0,1.0,1.0,0.0,1.0,1.0,0.0,843.0,843.0,0.9623287671232876,0.9623287671232876,high,high,high_hetero/high_length
hotpotqa,5a80541d5542996402f6a4d2,30%,388,1294,9,143.77777777777777,31.392772621090767,0.2183423134388075,88.0,197.0,2.2386363636363638,0.12261720762493544,budget-top-k,knapsack-redundancy,1.0,1.0,0.0,1.0,1.0,0.0,0.5,0.5,0.0,0.0,0.0,0.0,317.0,317.0,0.8170103092783505,0.8170103092783505,low,medium,low_hetero/medium_length
hotpotqa,5a80541d5542996402f6a4d2,40%,517,1294,9,143.77777777777777,31.392772621090767,0.2183423134388075,88.0,197.0,2.2386363636363638,0.12261720762493544,budget-top-k,knapsack-redundancy,1.0,1.0,0.0,1.0,1.0,0.0,0.5,0.5,0.0,0.0,0.0,0.0,465.0,465.0,0.8994197292069632,0.8994197292069632,low,medium,low_hetero/medium_length
hotpotqa,5a80541d5542996402f6a4d2,50%,647,1294,9,143.77777777777777,31.392772621090767,0.2183423134388075,88.0,197.0,2.2386363636363638,0.12261720762493544,budget-top-k,knapsack-redundancy,1.0,1.0,0.0,1.0,1.0,0.0,0.5,0.5,0.0,0.0,0.0,0.0,616.0,616.0,0.9520865533230294,0.9520865533230294,low,medium,low_hetero/medium_length
hotpotqa,5ac2546a554299636651997b,30%,398,1328,9,147.55555555555554,29.040627140117998,0.19681147911224547,114.0,200.0,1.7543859649122806,0.1097724230254351,budget-top-k,knapsack-redundancy,1.0,0.8095238095238096,-0.19047619047619035,1.0,0.0,-1.0,0.5,0.5,0.0,1.0,1.0,0.0,291.0,354.0,0.7311557788944724,0.8894472361809045,low,medium,low_hetero/medium_length
hotpotqa,5ac2546a554299636651997b,40%,531,1328,9,147.55555555555554,29.040627140117998,0.19681147911224547,114.0,200.0,1.7543859649122806,0.1097724230254351,budget-top-k,knapsack-redundancy,1.0,1.0,0.0,1.0,1.0,0.0,0.5,0.5,0.0,1.0,1.0,0.0,531.0,531.0,1.0,1.0,low,medium,low_hetero/medium_length
hotpotqa,5ac2546a554299636651997b,50%,664,1328,9,147.55555555555554,29.040627140117998,0.19681147911224547,114.0,200.0,1.7543859649122806,0.1097724230254351,budget-top-k,knapsack-redundancy,1.0,1.0,0.0,1.0,1.0,0.0,0.5,0.5,0.0,1.0,1.0,0.0,655.0,655.0,0.9864457831325302,0.9864457831325302,low,medium,low_hetero/medium_length
hotpotqa,5ab8f3235542991b5579f084,30%,359,1199,8,149.875,45.95497116743737,0.30662199277689656,75.0,208.0,2.7733333333333334,0.16649291075896588,budget-top-k,knapsack-redundancy,0.8611111111111112,0.8611111111111112,0.0,0.0,0.0,0.0,0.5,0.5,0.0,0.0,0.0,0.0,340.0,340.0,0.947075208913649,0.947075208913649,high,medium,high_hetero/medium_length
hotpotqa,5ab8f3235542991b5579f084,40%,479,1199,8,149.875,45.95497116743737,0.30662199277689656,75.0,208.0,2.7733333333333334,0.16649291075896588,budget-top-k,knapsack-redundancy,1.0,1.0,0.0,1.0,1.0,0.0,0.5,0.5,0.0,0.0,0.0,0.0,408.0,479.0,0.8517745302713987,1.0,high,medium,high_hetero/medium_length
hotpotqa,5ab8f3235542991b5579f084,50%,599,1199,8,149.875,45.95497116743737,0.30662199277689656,75.0,208.0,2.7733333333333334,0.16649291075896588,budget-top-k,knapsack-redundancy,1.0,1.0,0.0,1.0,1.0,0.0,0.5,0.5,0.0,0.0,0.0,0.0,483.0,483.0,0.8063439065108514,0.8063439065108514,high,medium,high_hetero/medium_length
hotpotqa,5ac31066554299741d48a19d,30%,366,1221,9,135.77777777777777,38.47301443227672,0.2833528067843621,80.0,203.0,2.5375,0.1589379887252227,budget-top-k,knapsack-redundancy,1.0,1.0,0.0,1.0,1.0,0.0,0.0,0.0,0.0,1.0,1.0,0.0,293.0,319.0,0.8005464480874317,0.8715846994535519,medium,medium,medium_hetero/medium_length
hotpotqa,5ac31066554299741d48a19d,40%,488,1221,9,135.77777777777777,38.47301443227672,0.2833528067843621,80.0,203.0,2.5375,0.1589379887252227,budget-top-k,knapsack-redundancy,1.0,1.0,0.0,1.0,1.0,0.0,0.0,0.0,0.0,1.0,1.0,0.0,468.0,459.0,0.9590163934426229,0.9405737704918032,medium,medium,medium_hetero/medium_length
hotpotqa,5ac31066554299741d48a19d,50%,610,1221,9,135.77777777777777,38.47301443227672,0.2833528067843621,80.0,203.0,2.5375,0.1589379887252227,budget-top-k,knapsack-redundancy,1.0,1.0,0.0,1.0,1.0,0.0,0.0,0.0,0.0,1.0,1.0,0.0,602.0,602.0,0.9868852459016394,0.9868852459016394,medium,medium,medium_hetero/medium_length
hotpotqa,5ac279345542990b17b153b0,30%,293,977,6,163.0,26.733250207684563,0.16400766998579486,113.0,190.0,1.6814159292035398,0.08827539195637346,budget-top-k,knapsack-redundancy,0.6666666666666666,0.7647058823529411,0.0980392156862745,0.0,0.0,0.0,0.0,0.0,0.0,0.0,1.0,1.0,187.0,293.0,0.6382252559726962,1.0,low,low,low_hetero/low_length
hotpotqa,5ac279345542990b17b153b0,40%,390,977,6,163.0,26.733250207684563,0.16400766998579486,113.0,190.0,1.6814159292035398,0.08827539195637346,budget-top-k,knapsack-redundancy,1.0,1.0,0.0,1.0,1.0,0.0,0.0,0.0,0.0,1.0,1.0,0.0,367.0,367.0,0.941025641025641,0.941025641025641,low,low,low_hetero/low_length
hotpotqa,5ac279345542990b17b153b0,50%,488,977,6,163.0,26.733250207684563,0.16400766998579486,113.0,190.0,1.6814159292035398,0.08827539195637346,budget-top-k,knapsack-redundancy,1.0,1.0,0.0,1.0,1.0,0.0,0.0,0.0,0.0,1.0,1.0,0.0,480.0,480.0,0.9836065573770492,0.9836065573770492,low,low,low_hetero/low_length
hotpotqa,5adfc50355429942ec259b43,30%,436,1456,11,132.36363636363637,34.23520975219605,0.2586451286223602,88.0,199.0,2.2613636363636362,0.14285714285714302,budget-top-k,knapsack-redundancy,0.6,0.6,0.0,0.0,0.0,0.0,0.5,0.5,0.0,0.0,0.0,0.0,404.0,404.0,0.926605504587156,0.926605504587156,medium,high,medium_hetero/high_length
hotpotqa,5adfc50355429942ec259b43,40%,582,1456,11,132.36363636363637,34.23520975219605,0.2586451286223602,88.0,199.0,2.2613636363636362,0.14285714285714302,budget-top-k,knapsack-redundancy,0.6,0.6,0.0,0.0,0.0,0.0,0.5,0.5,0.0,0.0,0.0,0.0,546.0,546.0,0.9381443298969072,0.9381443298969072,medium,high,medium_hetero/high_length
hotpotqa,5adfc50355429942ec259b43,50%,728,1456,11,132.36363636363637,34.23520975219605,0.2586451286223602,88.0,199.0,2.2613636363636362,0.14285714285714302,budget-top-k,knapsack-redundancy,0.6,0.6,0.0,0.0,0.0,0.0,0.5,0.5,0.0,0.0,0.0,0.0,683.0,683.0,0.9381868131868132,0.9381868131868132,medium,high,medium_hetero/high_length
hotpotqa,5ae5e1985542996de7b71a54,30%,357,1193,7,170.57142857142858,25.800648623392302,0.15126008405673877,127.0,206.0,1.6220472440944882,0.085427135678392,budget-top-k,knapsack-redundancy,1.0,1.0,0.0,1.0,1.0,0.0,0.0,0.0,0.0,1.0,1.0,0.0,346.0,346.0,0.969187675070028,0.969187675070028,low,medium,low_hetero/medium_length
hotpotqa,5ae5e1985542996de7b71a54,40%,477,1193,7,170.57142857142858,25.800648623392302,0.15126008405673877,127.0,206.0,1.6220472440944882,0.085427135678392,budget-top-k,knapsack-redundancy,1.0,1.0,0.0,1.0,1.0,0.0,0.0,0.0,0.0,1.0,1.0,0.0,473.0,473.0,0.9916142557651991,0.9916142557651991,low,medium,low_hetero/medium_length
hotpotqa,5ae5e1985542996de7b71a54,50%,596,1193,7,170.57142857142858,25.800648623392302,0.15126008405673877,127.0,206.0,1.6220472440944882,0.085427135678392,budget-top-k,knapsack-redundancy,1.0,1.0,0.0,1.0,1.0,0.0,0.0,0.0,0.0,1.0,1.0,0.0,512.0,512.0,0.8590604026845637,0.8590604026845637,low,medium,low_hetero/medium_length
hotpotqa,5a87411d5542994846c1cd37,30%,387,1292,9,143.55555555555554,25.552173689275705,0.1779950179593509,115.0,187.0,1.626086956521739,0.09821121431028557,budget-top-k,knapsack-redundancy,0.8636363636363636,0.8636363636363636,0.0,0.0,0.0,0.0,0.5,0.5,0.0,1.0,1.0,0.0,380.0,380.0,0.9819121447028424,0.9819121447028424,low,medium,low_hetero/medium_length
hotpotqa,5a87411d5542994846c1cd37,40%,516,1292,9,143.55555555555554,25.552173689275705,0.1779950179593509,115.0,187.0,1.626086956521739,0.09821121431028557,budget-top-k,knapsack-redundancy,0.8636363636363636,1.0,0.13636363636363635,0.0,1.0,1.0,0.5,1.0,0.5,1.0,1.0,0.0,440.0,504.0,0.8527131782945736,0.9767441860465116,low,medium,low_hetero/medium_length
hotpotqa,5a87411d5542994846c1cd37,50%,646,1292,9,143.55555555555554,25.552173689275705,0.1779950179593509,115.0,187.0,1.626086956521739,0.09821121431028557,budget-top-k,knapsack-redundancy,0.8636363636363636,0.8636363636363636,0.0,0.0,0.0,0.0,0.5,0.5,0.0,1.0,1.0,0.0,561.0,561.0,0.868421052631579,0.868421052631579,low,medium,low_hetero/medium_length
hotpotqa,5ab4107a554299753aec5a2f,30%,400,1334,8,166.75,53.15014110987853,0.3187414759213105,40.0,217.0,5.425,0.15835832083958024,budget-top-k,knapsack-redundancy,1.0,1.0,0.0,1.0,1.0,0.0,0.5,0.5,0.0,0.0,0.0,0.0,400.0,400.0,1.0,1.0,high,medium,high_hetero/medium_length
hotpotqa,5ab4107a554299753aec5a2f,40%,533,1334,8,166.75,53.15014110987853,0.3187414759213105,40.0,217.0,5.425,0.15835832083958024,budget-top-k,knapsack-redundancy,0.7916666666666667,0.7916666666666667,0.0,0.0,0.0,0.0,0.0,0.0,0.0,0.0,0.0,0.0,500.0,500.0,0.9380863039399625,0.9380863039399625,high,medium,high_hetero/medium_length
hotpotqa,5ab4107a554299753aec5a2f,50%,667,1334,8,166.75,53.15014110987853,0.3187414759213105,40.0,217.0,5.425,0.15835832083958024,budget-top-k,knapsack-redundancy,1.0,1.0,0.0,1.0,1.0,0.0,0.5,0.5,0.0,0.0,0.0,0.0,609.0,609.0,0.9130434782608695,0.9130434782608695,high,medium,high_hetero/medium_length
hotpotqa,5ae3d8415542992f92d8239a,30%,364,1215,9,135.0,48.16637831516918,0.35678798751977175,54.0,199.0,3.685185185185185,0.2017375400091448,budget-top-k,knapsack-redundancy,1.0,1.0,0.0,1.0,1.0,0.0,1.0,1.0,0.0,1.0,1.0,0.0,317.0,317.0,0.8708791208791209,0.8708791208791209,high,medium,high_hetero/medium_length
hotpotqa,5ae3d8415542992f92d8239a,40%,486,1215,9,135.0,48.16637831516918,0.35678798751977175,54.0,199.0,3.685185185185185,0.2017375400091448,budget-top-k,knapsack-redundancy,1.0,1.0,0.0,1.0,1.0,0.0,1.0,1.0,0.0,1.0,1.0,0.0,419.0,419.0,0.8621399176954733,0.8621399176954733,high,medium,high_hetero/medium_length
hotpotqa,5ae3d8415542992f92d8239a,50%,607,1215,9,135.0,48.16637831516918,0.35678798751977175,54.0,199.0,3.685185185185185,0.2017375400091448,budget-top-k,knapsack-redundancy,1.0,1.0,0.0,1.0,1.0,0.0,1.0,1.0,0.0,1.0,1.0,0.0,516.0,576.0,0.8500823723228995,0.9489291598023064,high,medium,high_hetero/medium_length
hotpotqa,5a88a19a5542997e5c09a64b,30%,309,1030,6,171.66666666666666,38.19976730586487,0.2225229163448439,90.0,209.0,2.3222222222222224,0.1061488673139157,budget-top-k,knapsack-redundancy,0.7849462365591399,0.7849462365591399,0.0,0.0,0.0,0.0,0.0,0.0,0.0,1.0,1.0,0.0,273.0,273.0,0.883495145631068,0.883495145631068,low,low,low_hetero/low_length
hotpotqa,5a88a19a5542997e5c09a64b,40%,412,1030,6,171.66666666666666,38.19976730586487,0.2225229163448439,90.0,209.0,2.3222222222222224,0.1061488673139157,budget-top-k,knapsack-redundancy,0.7956989247311829,0.7956989247311829,0.0,0.0,0.0,0.0,0.0,0.0,0.0,1.0,1.0,0.0,365.0,365.0,0.8859223300970874,0.8859223300970874,low,low,low_hetero/low_length
hotpotqa,5a88a19a5542997e5c09a64b,50%,515,1030,6,171.66666666666666,38.19976730586487,0.2225229163448439,90.0,209.0,2.3222222222222224,0.1061488673139157,budget-top-k,knapsack-redundancy,0.7956989247311829,0.7956989247311829,0.0,0.0,0.0,0.0,0.0,0.0,0.0,1.0,1.0,0.0,455.0,455.0,0.883495145631068,0.883495145631068,low,low,low_hetero/low_length
hotpotqa,5a7e1ad155429965cec5ea66,30%,283,944,6,157.33333333333334,43.36537277085896,0.27562736930630694,64.0,197.0,3.078125,0.12888418079096042,budget-top-k,knapsack-redundancy,0.24603174603174605,0.24603174603174605,0.0,0.0,0.0,0.0,0.0,0.0,0.0,0.2,0.2,0.0,232.0,232.0,0.8197879858657244,0.8197879858657244,medium,low,medium_hetero/low_length
hotpotqa,5a7e1ad155429965cec5ea66,40%,377,944,6,157.33333333333334,43.36537277085896,0.27562736930630694,64.0,197.0,3.078125,0.12888418079096042,budget-top-k,knapsack-redundancy,1.0,1.0,0.0,1.0,1.0,0.0,0.0,0.0,0.0,1.0,1.0,0.0,332.0,332.0,0.8806366047745358,0.8806366047745358,medium,low,medium_hetero/low_length
hotpotqa,5a7e1ad155429965cec5ea66,50%,472,944,6,157.33333333333334,43.36537277085896,0.27562736930630694,64.0,197.0,3.078125,0.12888418079096042,budget-top-k,knapsack-redundancy,1.0,1.0,0.0,1.0,1.0,0.0,0.0,0.0,0.0,1.0,1.0,0.0,396.0,396.0,0.8389830508474576,0.8389830508474576,medium,low,medium_hetero/low_length
hotpotqa,5a745e1455429929fddd83fd,30%,324,1083,6,180.5,40.860535157206805,0.22637415599560556,108.0,220.0,2.037037037037037,0.1223453370267773,budget-top-k,knapsack-redundancy,0.6666666666666666,0.6666666666666666,0.0,0.0,0.0,0.0,0.0,0.0,0.0,1.0,1.0,0.0,220.0,220.0,0.6790123456790124,0.6790123456790124,low,low,low_hetero/low_length
hotpotqa,5a745e1455429929fddd83fd,40%,433,1083,6,180.5,40.860535157206805,0.22637415599560556,108.0,220.0,2.037037037037037,0.1223453370267773,budget-top-k,knapsack-redundancy,0.7,0.7,0.0,0.0,0.0,0.0,0.0,0.0,0.0,1.0,1.0,0.0,401.0,401.0,0.9260969976905312,0.9260969976905312,low,low,low_hetero/low_length
hotpotqa,5a745e1455429929fddd83fd,50%,541,1083,6,180.5,40.860535157206805,0.22637415599560556,108.0,220.0,2.037037037037037,0.1223453370267773,budget-top-k,knapsack-redundancy,1.0,1.0,0.0,1.0,1.0,0.0,0.0,0.0,0.0,1.0,1.0,0.0,437.0,437.0,0.8077634011090573,0.8077634011090573,low,low,low_hetero/low_length
hotpotqa,5a8ca7d4554299240d9c21b8,30%,285,951,6,158.5,26.550266790875504,0.16750956965852054,116.0,195.0,1.6810344827586208,0.09481247809323512,budget-top-k,knapsack-redundancy,1.0,1.0,0.0,1.0,1.0,0.0,0.0,0.0,0.0,1.0,1.0,0.0,252.0,252.0,0.8842105263157894,0.8842105263157894,low,low,low_hetero/low_length
hotpotqa,5a8ca7d4554299240d9c21b8,40%,380,951,6,158.5,26.550266790875504,0.16750956965852054,116.0,195.0,1.6810344827586208,0.09481247809323512,budget-top-k,knapsack-redundancy,0.7307692307692308,0.7307692307692308,0.0,0.0,0.0,0.0,0.0,0.0,0.0,0.0,0.0,0.0,311.0,311.0,0.8184210526315789,0.8184210526315789,low,low,low_hetero/low_length
hotpotqa,5a8ca7d4554299240d9c21b8,50%,475,951,6,158.5,26.550266790875504,0.16750956965852054,116.0,195.0,1.6810344827586208,0.09481247809323512,budget-top-k,knapsack-redundancy,1.0,1.0,0.0,1.0,1.0,0.0,0.0,0.0,0.0,1.0,1.0,0.0,447.0,447.0,0.9410526315789474,0.9410526315789474,low,low,low_hetero/low_length
hotpotqa,5a7ec90055429934daa2fc66,30%,284,949,6,158.16666666666666,34.5707808544859,0.21857184944880445,104.0,205.0,1.9711538461538463,0.12100456621004563,budget-top-k,knapsack-redundancy,0.7857142857142857,0.7857142857142857,0.0,0.0,0.0,0.0,0.5,0.5,0.0,0.25,0.25,0.0,243.0,243.0,0.8556338028169014,0.8556338028169014,low,low,low_hetero/low_length
hotpotqa,5a7ec90055429934daa2fc66,40%,379,949,6,158.16666666666666,34.5707808544859,0.21857184944880445,104.0,205.0,1.9711538461538463,0.12100456621004563,budget-top-k,knapsack-redundancy,0.7142857142857143,0.8095238095238095,0.09523809523809523,0.0,0.0,0.0,0.5,0.5,0.0,0.25,0.5,0.25,286.0,379.0,0.7546174142480211,1.0,low,low,low_hetero/low_length
hotpotqa,5a7ec90055429934daa2fc66,50%,474,949,6,158.16666666666666,34.5707808544859,0.21857184944880445,104.0,205.0,1.9711538461538463,0.12100456621004563,budget-top-k,knapsack-redundancy,0.7857142857142857,0.7857142857142857,0.0,0.0,0.0,0.0,0.5,0.5,0.0,0.25,0.25,0.0,425.0,425.0,0.8966244725738397,0.8966244725738397,low,low,low_hetero/low_length
hotpotqa,5a82112955429926c1cdae25,30%,175,585,4,146.25,20.54720175595694,0.1404936872202184,111.0,162.0,1.4594594594594594,0.06709401709401708,budget-top-k,knapsack-redundancy,0.7142857142857143,0.7142857142857143,0.0,0.0,0.0,0.0,0.0,0.0,0.0,1.0,1.0,0.0,154.0,154.0,0.88,0.88,low,low,low_hetero/low_length
hotpotqa,5a82112955429926c1cdae25,40%,234,585,4,146.25,20.54720175595694,0.1404936872202184,111.0,162.0,1.4594594594594594,0.06709401709401708,budget-top-k,knapsack-redundancy,0.7142857142857143,0.7142857142857143,0.0,0.0,0.0,0.0,0.0,0.0,0.0,1.0,1.0,0.0,154.0,154.0,0.6581196581196581,0.6581196581196581,low,low,low_hetero/low_length
hotpotqa,5a82112955429926c1cdae25,50%,292,585,4,146.25,20.54720175595694,0.1404936872202184,111.0,162.0,1.4594594594594594,0.06709401709401708,budget-top-k,knapsack-redundancy,0.7142857142857143,0.7142857142857143,0.0,0.0,0.0,0.0,0.0,0.0,0.0,1.0,1.0,0.0,265.0,265.0,0.9075342465753424,0.9075342465753424,low,low,low_hetero/low_length
hotpotqa,5a85a3005542991dd0999e72,30%,444,1480,9,164.44444444444446,33.317033051549245,0.20260357936752918,120.0,216.0,1.8,0.11396396396396402,budget-top-k,knapsack-redundancy,1.0,1.0,0.0,1.0,1.0,0.0,0.5,0.5,0.0,1.0,1.0,0.0,373.0,373.0,0.8400900900900901,0.8400900900900901,low,high,low_hetero/high_length
hotpotqa,5a85a3005542991dd0999e72,40%,592,1480,9,164.44444444444446,33.317033051549245,0.20260357936752918,120.0,216.0,1.8,0.11396396396396402,budget-top-k,knapsack-redundancy,1.0,1.0,0.0,1.0,1.0,0.0,0.5,0.5,0.0,1.0,1.0,0.0,506.0,506.0,0.8547297297297297,0.8547297297297297,low,high,low_hetero/high_length
hotpotqa,5a85a3005542991dd0999e72,50%,740,1480,9,164.44444444444446,33.317033051549245,0.20260357936752918,120.0,216.0,1.8,0.11396396396396402,budget-top-k,knapsack-redundancy,1.0,1.0,0.0,1.0,1.0,0.0,0.5,0.5,0.0,1.0,1.0,0.0,626.0,626.0,0.845945945945946,0.845945945945946,low,high,low_hetero/high_length
hotpotqa,5ab4475c5542996a3a969f6c,30%,318,1062,8,132.75,29.64688010567048,0.22332866369619947,70.0,159.0,2.2714285714285714,0.11605461393596994,budget-top-k,knapsack-redundancy,0.6538461538461539,0.6538461538461539,0.0,0.0,0.0,0.0,0.5,0.5,0.0,1.0,1.0,0.0,301.0,301.0,0.9465408805031447,0.9465408805031447,low,low,low_hetero/low_length
hotpotqa,5ab4475c5542996a3a969f6c,40%,424,1062,8,132.75,29.64688010567048,0.22332866369619947,70.0,159.0,2.2714285714285714,0.11605461393596994,budget-top-k,knapsack-redundancy,0.8076923076923077,0.8076923076923077,0.0,0.0,0.0,0.0,0.5,0.5,0.0,1.0,1.0,0.0,371.0,371.0,0.875,0.875,low,low,low_hetero/low_length
hotpotqa,5ab4475c5542996a3a969f6c,50%,531,1062,8,132.75,29.64688010567048,0.22332866369619947,70.0,159.0,2.2714285714285714,0.11605461393596994,budget-top-k,knapsack-redundancy,0.8076923076923077,0.8076923076923077,0.0,0.0,0.0,0.0,0.5,0.5,0.0,1.0,1.0,0.0,530.0,530.0,0.9981167608286252,0.9981167608286252,low,low,low_hetero/low_length
hotpotqa,5ac1a04e5542991316484b63,30%,272,909,6,151.5,34.09178786746157,0.2250283027555219,86.0,187.0,2.1744186046511627,0.12046204620462042,budget-top-k,knapsack-redundancy,0.7916666666666667,0.7916666666666667,0.0,0.0,0.0,0.0,0.0,0.0,0.0,1.0,1.0,0.0,187.0,187.0,0.6875,0.6875,low,low,low_hetero/low_length
hotpotqa,5ac1a04e5542991316484b63,40%,363,909,6,151.5,34.09178786746157,0.2250283027555219,86.0,187.0,2.1744186046511627,0.12046204620462042,budget-top-k,knapsack-redundancy,0.7916666666666667,0.7916666666666667,0.0,0.0,0.0,0.0,0.0,0.0,0.0,1.0,1.0,0.0,356.0,356.0,0.9807162534435262,0.9807162534435262,low,low,low_hetero/low_length
hotpotqa,5ac1a04e5542991316484b63,50%,454,909,6,151.5,34.09178786746157,0.2250283027555219,86.0,187.0,2.1744186046511627,0.12046204620462042,budget-top-k,knapsack-redundancy,1.0,1.0,0.0,1.0,1.0,0.0,0.0,0.0,0.0,1.0,1.0,0.0,369.0,369.0,0.8127753303964758,0.8127753303964758,low,low,low_hetero/low_length
hotpotqa,5ae09ce855429924de1b7113,30%,397,1324,9,147.0,47.24404724407086,0.321388076490278,60.0,197.0,3.283333333333333,0.17300747459477606,budget-top-k,knapsack-redundancy,0.7971014492753623,0.7971014492753623,0.0,0.0,0.0,0.0,0.0,0.0,0.0,0.0,0.0,0.0,384.0,384.0,0.9672544080604534,0.9672544080604534,high,medium,high_hetero/medium_length
hotpotqa,5ae09ce855429924de1b7113,40%,529,1324,9,147.0,47.24404724407086,0.321388076490278,60.0,197.0,3.283333333333333,0.17300747459477606,budget-top-k,knapsack-redundancy,1.0,1.0,0.0,1.0,1.0,0.0,0.0,0.0,0.0,0.0,0.0,0.0,519.0,519.0,0.9810964083175804,0.9810964083175804,high,medium,high_hetero/medium_length
hotpotqa,5ae09ce855429924de1b7113,50%,662,1324,9,147.0,47.24404724407086,0.321388076490278,60.0,197.0,3.283333333333333,0.17300747459477606,budget-top-k,knapsack-redundancy,1.0,0.8115942028985508,-0.18840579710144922,1.0,0.0,-1.0,0.0,0.0,0.0,0.0,0.0,0.0,653.0,651.0,0.986404833836858,0.9833836858006042,high,medium,high_hetero/medium_length
hotpotqa,5a78bc6b554299148911f979,30%,568,1896,14,135.35714285714286,44.50458586781036,0.32879377422129025,37.0,200.0,5.405405405405405,0.18239728609121753,budget-top-k,knapsack-redundancy,0.7777777777777778,1.0,0.2222222222222222,0.0,1.0,1.0,0.0,0.5,0.5,0.75,1.0,0.25,548.0,548.0,0.9647887323943662,0.9647887323943662,high,high,high_hetero/high_length
hotpotqa,5a78bc6b554299148911f979,40%,758,1896,14,135.35714285714286,44.50458586781036,0.32879377422129025,37.0,200.0,5.405405405405405,0.18239728609121753,budget-top-k,knapsack-redundancy,1.0,1.0,0.0,1.0,1.0,0.0,0.5,0.5,0.0,1.0,1.0,0.0,736.0,736.0,0.9709762532981531,0.9709762532981531,high,high,high_hetero/high_length
hotpotqa,5a78bc6b554299148911f979,50%,948,1896,14,135.35714285714286,44.50458586781036,0.32879377422129025,37.0,200.0,5.405405405405405,0.18239728609121753,budget-top-k,knapsack-redundancy,1.0,1.0,0.0,1.0,1.0,0.0,0.5,0.5,0.0,1.0,1.0,0.0,933.0,933.0,0.9841772151898734,0.9841772151898734,high,high,high_hetero/high_length
hotpotqa,5ab2a8b655429929539467ab,30%,318,1063,7,151.85714285714286,54.61927595750834,0.35967538259883197,46.0,209.0,4.543478260869565,0.19405993818035228,budget-top-k,knapsack-redundancy,0.7647058823529411,0.7647058823529411,0.0,0.0,0.0,0.0,0.0,0.0,0.0,1.0,1.0,0.0,306.0,306.0,0.9622641509433962,0.9622641509433962,high,low,high_hetero/low_length
hotpotqa,5ab2a8b655429929539467ab,40%,425,1063,7,151.85714285714286,54.61927595750834,0.35967538259883197,46.0,209.0,4.543478260869565,0.19405993818035228,budget-top-k,knapsack-redundancy,0.7647058823529411,0.7647058823529411,0.0,0.0,0.0,0.0,0.0,0.0,0.0,1.0,1.0,0.0,352.0,352.0,0.8282352941176471,0.8282352941176471,high,low,high_hetero/low_length
hotpotqa,5ab2a8b655429929539467ab,50%,531,1063,7,151.85714285714286,54.61927595750834,0.35967538259883197,46.0,209.0,4.543478260869565,0.19405993818035228,budget-top-k,knapsack-redundancy,0.7647058823529411,1.0,0.23529411764705888,0.0,1.0,1.0,0.0,0.0,0.0,1.0,1.0,0.0,515.0,495.0,0.9698681732580038,0.9322033898305084,high,low,high_hetero/low_length
hotpotqa,5a8a7d2b55429930ff3c0dfc,30%,409,1364,10,136.4,36.535462225076614,0.2678552949052538,102.0,212.0,2.0784313725490198,0.13636363636363624,budget-top-k,knapsack-redundancy,0.7105263157894737,0.7105263157894737,0.0,0.0,0.0,0.0,0.5,0.5,0.0,1.0,1.0,0.0,347.0,347.0,0.8484107579462102,0.8484107579462102,medium,medium,medium_hetero/medium_length
hotpotqa,5a8a7d2b55429930ff3c0dfc,40%,545,1364,10,136.4,36.535462225076614,0.2678552949052538,102.0,212.0,2.0784313725490198,0.13636363636363624,budget-top-k,knapsack-redundancy,0.39473684210526316,1.0,0.6052631578947368,0.0,1.0,1.0,0.0,1.0,1.0,1.0,1.0,0.0,541.0,481.0,0.9926605504587156,0.8825688073394495,medium,medium,medium_hetero/medium_length
hotpotqa,5a8a7d2b55429930ff3c0dfc,50%,682,1364,10,136.4,36.535462225076614,0.2678552949052538,102.0,212.0,2.0784313725490198,0.13636363636363624,budget-top-k,knapsack-redundancy,1.0,1.0,0.0,1.0,1.0,0.0,1.0,1.0,0.0,1.0,1.0,0.0,680.0,680.0,0.9970674486803519,0.9970674486803519,medium,medium,medium_hetero/medium_length
hotpotqa,5ae3f2395542995ad6573cc6,30%,229,765,4,191.25,14.600941750448838,0.07634479346639915,167.0,206.0,1.2335329341317365,0.03888888888888897,budget-top-k,knapsack-redundancy,0.34375,0.34375,0.0,0.0,0.0,0.0,0.0,0.0,0.0,0.0,0.0,0.0,197.0,197.0,0.8602620087336245,0.8602620087336245,low,low,low_hetero/low_length
hotpotqa,5ae3f2395542995ad6573cc6,40%,306,765,4,191.25,14.600941750448838,0.07634479346639915,167.0,206.0,1.2335329341317365,0.03888888888888897,budget-top-k,knapsack-redundancy,0.34375,0.34375,0.0,0.0,0.0,0.0,0.0,0.0,0.0,0.0,0.0,0.0,197.0,197.0,0.6437908496732027,0.6437908496732027,low,low,low_hetero/low_length
hotpotqa,5ae3f2395542995ad6573cc6,50%,382,765,4,191.25,14.600941750448838,0.07634479346639915,167.0,206.0,1.2335329341317365,0.03888888888888897,budget-top-k,knapsack-redundancy,0.875,0.875,0.0,0.0,0.0,0.0,0.0,0.0,0.0,0.0,0.0,0.0,364.0,364.0,0.9528795811518325,0.9528795811518325,low,low,low_hetero/low_length
hotpotqa,5a90bd7b55429916514e7547,30%,289,965,7,138.0,45.55373592959042,0.33009953572166967,54.0,189.0,3.5,0.1783496007098493,budget-top-k,knapsack-redundancy,0.1715686274509804,0.1715686274509804,0.0,0.0,0.0,0.0,0.0,0.0,0.0,1.0,1.0,0.0,242.0,242.0,0.8373702422145328,0.8373702422145328,high,low,high_hetero/low_length
hotpotqa,5a90bd7b55429916514e7547,40%,386,965,7,138.0,45.55373592959042,0.33009953572166967,54.0,189.0,3.5,0.1783496007098493,budget-top-k,knapsack-redundancy,1.0,1.0,0.0,1.0,1.0,0.0,0.0,0.0,0.0,1.0,1.0,0.0,370.0,370.0,0.9585492227979274,0.9585492227979274,high,low,high_hetero/low_length
hotpotqa,5a90bd7b55429916514e7547,50%,482,965,7,138.0,45.55373592959042,0.33009953572166967,54.0,189.0,3.5,0.1783496007098493,budget-top-k,knapsack-redundancy,1.0,1.0,0.0,1.0,1.0,0.0,0.0,0.0,0.0,1.0,1.0,0.0,458.0,458.0,0.950207468879668,0.950207468879668,high,low,high_hetero/low_length
hotpotqa,5ae20e265542994d89d5b325,30%,374,1247,9,138.55555555555554,49.42359110814077,0.35670595025923574,45.0,203.0,4.511111111111111,0.2001247438296354,budget-top-k,knapsack-redundancy,1.0,0.48412698412698413,-0.5158730158730158,1.0,0.0,-1.0,0.0,0.0,0.0,1.0,0.0,-1.0,349.0,371.0,0.9331550802139037,0.9919786096256684,high,medium,high_hetero/medium_length
hotpotqa,5ae20e265542994d89d5b325,40%,498,1247,9,138.55555555555554,49.42359110814077,0.35670595025923574,45.0,203.0,4.511111111111111,0.2001247438296354,budget-top-k,knapsack-redundancy,1.0,1.0,0.0,1.0,1.0,0.0,0.0,0.0,0.0,1.0,1.0,0.0,469.0,469.0,0.9417670682730924,0.9417670682730924,high,medium,high_hetero/medium_length
hotpotqa,5ae20e265542994d89d5b325,50%,623,1247,9,138.55555555555554,49.42359110814077,0.35670595025923574,45.0,203.0,4.511111111111111,0.2001247438296354,budget-top-k,knapsack-redundancy,1.0,1.0,0.0,1.0,1.0,0.0,0.0,0.0,0.0,1.0,1.0,0.0,603.0,603.0,0.9678972712680578,0.9678972712680578,high,medium,high_hetero/medium_length
hotpotqa,5abc039a5542993f40c73c49,30%,431,1438,10,143.9,35.71400285602273,0.2481862602920273,94.0,209.0,2.223404255319149,0.13877692842251554,budget-top-k,knapsack-redundancy,1.0,1.0,0.0,1.0,1.0,0.0,0.5,0.5,0.0,1.0,1.0,0.0,430.0,430.0,0.9976798143851509,0.9976798143851509,medium,high,medium_hetero/high_length
hotpotqa,5abc039a5542993f40c73c49,40%,575,1438,10,143.9,35.71400285602273,0.2481862602920273,94.0,209.0,2.223404255319149,0.13877692842251554,budget-top-k,knapsack-redundancy,1.0,1.0,0.0,1.0,1.0,0.0,0.5,0.5,0.0,1.0,1.0,0.0,528.0,528.0,0.9182608695652174,0.9182608695652174,medium,high,medium_hetero/high_length
hotpotqa,5abc039a5542993f40c73c49,50%,719,1438,10,143.9,35.71400285602273,0.2481862602920273,94.0,209.0,2.223404255319149,0.13877692842251554,budget-top-k,knapsack-redundancy,1.0,1.0,0.0,1.0,1.0,0.0,0.5,0.5,0.0,1.0,1.0,0.0,693.0,693.0,0.9638386648122392,0.9638386648122392,medium,high,medium_hetero/high_length
hotpotqa,5a77c74155429967ab105291,30%,298,996,6,166.0,52.00640986134946,0.3132916256707799,60.0,215.0,3.5833333333333335,0.16030789825970548,budget-top-k,knapsack-redundancy,0.6428571428571428,0.6428571428571428,0.0,0.0,0.0,0.0,0.0,0.0,0.0,0.2857142857142857,0.2857142857142857,0.0,273.0,273.0,0.9161073825503355,0.9161073825503355,high,low,high_hetero/low_length
hotpotqa,5a77c74155429967ab105291,40%,398,996,6,166.0,52.00640986134946,0.3132916256707799,60.0,215.0,3.5833333333333335,0.16030789825970548,budget-top-k,knapsack-redundancy,0.9285714285714286,0.9285714285714286,0.0,0.0,0.0,0.0,0.0,0.0,0.0,0.8571428571428571,0.8571428571428571,0.0,385.0,385.0,0.9673366834170855,0.9673366834170855,high,low,high_hetero/low_length
hotpotqa,5a77c74155429967ab105291,50%,498,996,6,166.0,52.00640986134946,0.3132916256707799,60.0,215.0,3.5833333333333335,0.16030789825970548,budget-top-k,knapsack-redundancy,1.0,1.0,0.0,1.0,1.0,0.0,0.0,0.0,0.0,1.0,1.0,0.0,488.0,488.0,0.9799196787148594,0.9799196787148594,high,low,high_hetero/low_length
hotpotqa,5ae48e7e55429913cc20449d,30%,374,1247,8,155.875,39.36825339026358,0.2525629728324849,102.0,216.0,2.1176470588235294,0.14123897353648762,budget-top-k,knapsack-redundancy,0.9,0.9,0.0,0.0,0.0,0.0,0.0,0.0,0.0,0.0,0.0,0.0,324.0,324.0,0.8663101604278075,0.8663101604278075,medium,medium,medium_hetero/medium_length
hotpotqa,5ae48e7e55429913cc20449d,40%,498,1247,8,155.875,39.36825339026358,0.2525629728324849,102.0,216.0,2.1176470588235294,0.14123897353648762,budget-top-k,knapsack-redundancy,0.9,0.9,0.0,0.0,0.0,0.0,0.0,0.0,0.0,0.0,0.0,0.0,426.0,426.0,0.8554216867469879,0.8554216867469879,medium,medium,medium_hetero/medium_length
hotpotqa,5ae48e7e55429913cc20449d,50%,623,1247,8,155.875,39.36825339026358,0.2525629728324849,102.0,216.0,2.1176470588235294,0.14123897353648762,budget-top-k,knapsack-redundancy,0.9,0.9,0.0,0.0,0.0,0.0,0.0,0.0,0.0,0.0,0.0,0.0,571.0,571.0,0.9165329052969502,0.9165329052969502,medium,medium,medium_hetero/medium_length
hotpotqa,5abaf4535542996cc5e49f35,30%,463,1545,10,154.5,49.60695515751798,0.32108061590626524,30.0,206.0,6.866666666666666,0.164336569579288,budget-top-k,knapsack-redundancy,1.0,1.0,0.0,1.0,1.0,0.0,0.0,0.0,0.0,1.0,1.0,0.0,386.0,454.0,0.8336933045356372,0.980561555075594,high,high,high_hetero/high_length
hotpotqa,5abaf4535542996cc5e49f35,40%,618,1545,10,154.5,49.60695515751798,0.32108061590626524,30.0,206.0,6.866666666666666,0.164336569579288,budget-top-k,knapsack-redundancy,1.0,1.0,0.0,1.0,1.0,0.0,0.0,0.0,0.0,1.0,1.0,0.0,614.0,614.0,0.9935275080906149,0.9935275080906149,high,high,high_hetero/high_length
hotpotqa,5abaf4535542996cc5e49f35,50%,772,1545,10,154.5,49.60695515751798,0.32108061590626524,30.0,206.0,6.866666666666666,0.164336569579288,budget-top-k,knapsack-redundancy,1.0,1.0,0.0,1.0,1.0,0.0,0.0,0.0,0.0,1.0,1.0,0.0,733.0,770.0,0.9494818652849741,0.9974093264248705,high,high,high_hetero/high_length
hotpotqa,5a901e5c55429933b8a2047c,30%,357,1193,8,149.125,39.457057353533095,0.2645904935693753,85.0,218.0,2.5647058823529414,0.14302179379715008,budget-top-k,knapsack-redundancy,0.5714285714285714,0.6071428571428571,0.0357142857142857,0.0,0.0,0.0,0.5,0.5,0.0,0.0,0.0,0.0,290.0,351.0,0.8123249299719888,0.9831932773109243,medium,medium,medium_hetero/medium_length
hotpotqa,5a901e5c55429933b8a2047c,40%,477,1193,8,149.125,39.457057353533095,0.2645904935693753,85.0,218.0,2.5647058823529414,0.14302179379715008,budget-top-k,knapsack-redundancy,1.0,0.6428571428571428,-0.3571428571428572,1.0,0.0,-1.0,0.5,0.5,0.0,1.0,0.0,-1.0,443.0,416.0,0.9287211740041929,0.8721174004192872,medium,medium,medium_hetero/medium_length
hotpotqa,5a901e5c55429933b8a2047c,50%,596,1193,8,149.125,39.457057353533095,0.2645904935693753,85.0,218.0,2.5647058823529414,0.14302179379715008,budget-top-k,knapsack-redundancy,1.0,1.0,0.0,1.0,1.0,0.0,0.5,0.5,0.0,1.0,1.0,0.0,593.0,569.0,0.9949664429530202,0.9546979865771812,medium,medium,medium_hetero/medium_length
hotpotqa,5ab528a3554299637185c4e5,30%,420,1403,11,127.54545454545455,31.30019934982592,0.24540427145266225,74.0,189.0,2.554054054054054,0.1371087928464978,budget-top-k,knapsack-redundancy,0.6363636363636364,0.7045454545454546,0.06818181818181823,0.0,0.0,0.0,0.0,0.0,0.0,1.0,1.0,0.0,420.0,417.0,1.0,0.9928571428571429,medium,medium,medium_hetero/medium_length
hotpotqa,5ab528a3554299637185c4e5,40%,561,1403,11,127.54545454545455,31.30019934982592,0.24540427145266225,74.0,189.0,2.554054054054054,0.1371087928464978,budget-top-k,knapsack-redundancy,0.7045454545454546,0.7045454545454546,0.0,0.0,0.0,0.0,0.0,0.0,0.0,1.0,1.0,0.0,488.0,488.0,0.8698752228163993,0.8698752228163993,medium,medium,medium_hetero/medium_length
hotpotqa,5ab528a3554299637185c4e5,50%,701,1403,11,127.54545454545455,31.30019934982592,0.24540427145266225,74.0,189.0,2.554054054054054,0.1371087928464978,budget-top-k,knapsack-redundancy,0.7272727272727273,0.7045454545454546,-0.022727272727272707,0.0,0.0,0.0,0.0,0.0,0.0,1.0,1.0,0.0,644.0,688.0,0.9186875891583453,0.9814550641940085,medium,medium,medium_hetero/medium_length
hotpotqa,5a88fc4255429938390d4019,30%,368,1228,7,175.42857142857142,48.35244754584269,0.2756247009942173,96.0,220.0,2.2916666666666665,0.14285714285714302,budget-top-k,knapsack-redundancy,0.6333333333333334,0.6333333333333334,0.0,0.0,0.0,0.0,0.0,0.0,0.0,1.0,1.0,0.0,284.0,284.0,0.7717391304347826,0.7717391304347826,medium,medium,medium_hetero/medium_length
hotpotqa,5a88fc4255429938390d4019,40%,491,1228,7,175.42857142857142,48.35244754584269,0.2756247009942173,96.0,220.0,2.2916666666666665,0.14285714285714302,budget-top-k,knapsack-redundancy,1.0,1.0,0.0,1.0,1.0,0.0,0.0,0.0,0.0,1.0,1.0,0.0,478.0,478.0,0.9735234215885947,0.9735234215885947,medium,medium,medium_hetero/medium_length
hotpotqa,5a88fc4255429938390d4019,50%,614,1228,7,175.42857142857142,48.35244754584269,0.2756247009942173,96.0,220.0,2.2916666666666665,0.14285714285714302,budget-top-k,knapsack-redundancy,1.0,1.0,0.0,1.0,1.0,0.0,0.0,0.0,0.0,1.0,1.0,0.0,602.0,584.0,0.9804560260586319,0.9511400651465798,medium,medium,medium_hetero/medium_length
hotpotqa,5ae0345855429924de1b705f,30%,416,1387,10,138.8,29.53912659507725,0.21281791495012425,96.0,196.0,2.0416666666666665,0.11714697406340058,budget-top-k,knapsack-redundancy,0.6538461538461539,0.17692307692307693,-0.4769230769230769,0.0,0.0,0.0,0.0,0.0,0.0,0.25,0.25,0.0,329.0,368.0,0.7908653846153846,0.8846153846153846,low,medium,low_hetero/medium_length
hotpotqa,5ae0345855429924de1b705f,40%,554,1387,10,138.8,29.53912659507725,0.21281791495012425,96.0,196.0,2.0416666666666665,0.11714697406340058,budget-top-k,knapsack-redundancy,0.6538461538461539,1.0,0.34615384615384615,0.0,1.0,1.0,0.0,0.5,0.5,0.25,1.0,0.75,542.0,549.0,0.9783393501805054,0.9909747292418772,low,medium,low_hetero/medium_length
hotpotqa,5ae0345855429924de1b705f,50%,693,1387,10,138.8,29.53912659507725,0.21281791495012425,96.0,196.0,2.0416666666666665,0.11714697406340058,budget-top-k,knapsack-redundancy,1.0,1.0,0.0,1.0,1.0,0.0,0.5,0.5,0.0,1.0,1.0,0.0,682.0,682.0,0.9841269841269841,0.9841269841269841,low,medium,low_hetero/medium_length
hotpotqa,5ac1b5de5542994d76dccec6,30%,447,1493,10,149.3,42.156968581718495,0.28236415660896513,69.0,220.0,3.1884057971014492,0.15787006028131279,budget-top-k,knapsack-redundancy,1.0,1.0,0.0,1.0,1.0,0.0,0.5,0.5,0.0,1.0,1.0,0.0,425.0,425.0,0.9507829977628636,0.9507829977628636,medium,high,medium_hetero/high_length
hotpotqa,5ac1b5de5542994d76dccec6,40%,597,1493,10,149.3,42.156968581718495,0.28236415660896513,69.0,220.0,3.1884057971014492,0.15787006028131279,budget-top-k,knapsack-redundancy,1.0,1.0,0.0,1.0,1.0,0.0,0.5,0.5,0.0,1.0,1.0,0.0,568.0,568.0,0.9514237855946399,0.9514237855946399,medium,high,medium_hetero/high_length
hotpotqa,5ac1b5de5542994d76dccec6,50%,746,1493,10,149.3,42.156968581718495,0.28236415660896513,69.0,220.0,3.1884057971014492,0.15787006028131279,budget-top-k,knapsack-redundancy,1.0,1.0,0.0,1.0,1.0,0.0,0.5,0.5,0.0,1.0,1.0,0.0,738.0,738.0,0.9892761394101877,0.9892761394101877,medium,high,medium_hetero/high_length
hotpotqa,5a82fe5055429966c78a6ad3,30%,632,2107,14,150.57142857142858,44.1049305402376,0.2929169959977829,52.0,212.0,4.076923076923077,0.16237462727026308,budget-top-k,knapsack-redundancy,1.0,0.6791666666666667,-0.3208333333333333,1.0,0.0,-1.0,0.0,0.0,0.0,1.0,0.0,-1.0,632.0,630.0,1.0,0.9968354430379747,medium,high,medium_hetero/high_length
hotpotqa,5a82fe5055429966c78a6ad3,40%,842,2107,14,150.57142857142858,44.1049305402376,0.2929169959977829,52.0,212.0,4.076923076923077,0.16237462727026308,budget-top-k,knapsack-redundancy,1.0,1.0,0.0,1.0,1.0,0.0,0.0,0.0,0.0,1.0,1.0,0.0,817.0,812.0,0.9703087885985748,0.9643705463182898,medium,high,medium_hetero/high_length
hotpotqa,5a82fe5055429966c78a6ad3,50%,1053,2107,14,150.57142857142858,44.1049305402376,0.2929169959977829,52.0,212.0,4.076923076923077,0.16237462727026308,budget-top-k,knapsack-redundancy,1.0,1.0,0.0,1.0,1.0,0.0,0.0,0.0,0.0,1.0,1.0,0.0,1027.0,1024.0,0.9753086419753086,0.9724596391263058,medium,high,medium_hetero/high_length
hotpotqa,5a798f8c5542994bb9457023,30%,224,748,5,149.6,53.64550307341707,0.3585929349827344,58.0,220.0,3.793103448275862,0.19358288770053478,budget-top-k,knapsack-redundancy,0.8,0.8,0.0,0.0,0.0,0.0,0.0,0.0,0.0,1.0,1.0,0.0,201.0,201.0,0.8973214285714286,0.8973214285714286,high,low,high_hetero/low_length
hotpotqa,5a798f8c5542994bb9457023,40%,299,748,5,149.6,53.64550307341707,0.3585929349827344,58.0,220.0,3.793103448275862,0.19358288770053478,budget-top-k,knapsack-redundancy,0.8,0.8,0.0,0.0,0.0,0.0,0.0,0.0,0.0,1.0,1.0,0.0,289.0,289.0,0.9665551839464883,0.9665551839464883,high,low,high_hetero/low_length
hotpotqa,5a798f8c5542994bb9457023,50%,374,748,5,149.6,53.64550307341707,0.3585929349827344,58.0,220.0,3.793103448275862,0.19358288770053478,budget-top-k,knapsack-redundancy,1.0,1.0,0.0,1.0,1.0,0.0,0.0,0.0,0.0,1.0,1.0,0.0,324.0,324.0,0.8663101604278075,0.8663101604278075,high,low,high_hetero/low_length
hotpotqa,5add63845542992ae4cec541,30%,450,1503,10,150.3,33.172428310269964,0.2207081058567529,93.0,178.0,1.913978494623656,0.11397205588822357,budget-top-k,knapsack-redundancy,0.9041666666666667,0.9041666666666667,0.0,0.0,0.0,0.0,0.5,0.5,0.0,0.5,0.5,0.0,429.0,429.0,0.9533333333333334,0.9533333333333334,low,high,low_hetero/high_length
hotpotqa,5add63845542992ae4cec541,40%,601,1503,10,150.3,33.172428310269964,0.2207081058567529,93.0,178.0,1.913978494623656,0.11397205588822357,budget-top-k,knapsack-redundancy,1.0,1.0,0.0,1.0,1.0,0.0,1.0,1.0,0.0,1.0,1.0,0.0,590.0,590.0,0.9816971713810316,0.9816971713810316,low,high,low_hetero/high_length
hotpotqa,5add63845542992ae4cec541,50%,751,1503,10,150.3,33.172428310269964,0.2207081058567529,93.0,178.0,1.913978494623656,0.11397205588822357,budget-top-k,knapsack-redundancy,1.0,1.0,0.0,1.0,1.0,0.0,1.0,1.0,0.0,1.0,1.0,0.0,683.0,683.0,0.9094540612516645,0.9094540612516645,low,high,low_hetero/high_length
hotpotqa,5ababbe9554299232ef4a38a,30%,340,1136,6,189.33333333333334,27.237637358788827,0.1438607606978283,138.0,219.0,1.5869565217391304,0.07805164319248825,budget-top-k,knapsack-redundancy,1.0,0.36213235294117646,-0.6378676470588236,1.0,0.0,-1.0,0.0,0.0,0.0,1.0,0.0,-1.0,212.0,328.0,0.6235294117647059,0.9647058823529412,low,low,low_hetero/low_length
hotpotqa,5ababbe9554299232ef4a38a,40%,454,1136,6,189.33333333333334,27.237637358788827,0.1438607606978283,138.0,219.0,1.5869565217391304,0.07805164319248825,budget-top-k,knapsack-redundancy,1.0,1.0,0.0,1.0,1.0,0.0,0.0,0.0,0.0,1.0,1.0,0.0,402.0,402.0,0.8854625550660793,0.8854625550660793,low,low,low_hetero/low_length
hotpotqa,5ababbe9554299232ef4a38a,50%,568,1136,6,189.33333333333334,27.237637358788827,0.1438607606978283,138.0,219.0,1.5869565217391304,0.07805164319248825,budget-top-k,knapsack-redundancy,1.0,1.0,0.0,1.0,1.0,0.0,0.0,0.0,0.0,1.0,1.0,0.0,540.0,540.0,0.9507042253521126,0.9507042253521126,low,low,low_hetero/low_length
hotpotqa,5ae3205c55429928c423961e,30%,418,1395,10,139.5,33.84154251803543,0.24259170263824684,84.0,193.0,2.2976190476190474,0.1372759856630823,budget-top-k,knapsack-redundancy,1.0,1.0,0.0,1.0,1.0,0.0,0.5,0.5,0.0,1.0,1.0,0.0,393.0,393.0,0.9401913875598086,0.9401913875598086,medium,medium,medium_hetero/medium_length
hotpotqa,5ae3205c55429928c423961e,40%,558,1395,10,139.5,33.84154251803543,0.24259170263824684,84.0,193.0,2.2976190476190474,0.1372759856630823,budget-top-k,knapsack-redundancy,1.0,1.0,0.0,1.0,1.0,0.0,0.5,0.5,0.0,1.0,1.0,0.0,540.0,540.0,0.967741935483871,0.967741935483871,medium,medium,medium_hetero/medium_length
hotpotqa,5ae3205c55429928c423961e,50%,697,1395,10,139.5,33.84154251803543,0.24259170263824684,84.0,193.0,2.2976190476190474,0.1372759856630823,budget-top-k,knapsack-redundancy,1.0,1.0,0.0,1.0,1.0,0.0,0.5,0.5,0.0,1.0,1.0,0.0,679.0,683.0,0.9741750358680057,0.9799139167862266,medium,medium,medium_hetero/medium_length
hotpotqa,5abcf2b4554299700f9d7937,30%,630,2100,16,131.25,38.91095604068345,0.29646442697663583,40.0,208.0,5.2,0.1613095238095239,budget-top-k,knapsack-redundancy,1.0,1.0,0.0,1.0,1.0,0.0,0.0,0.0,0.0,1.0,1.0,0.0,623.0,615.0,0.9888888888888889,0.9761904761904762,medium,high,medium_hetero/high_length
hotpotqa,5abcf2b4554299700f9d7937,40%,840,2100,16,131.25,38.91095604068345,0.29646442697663583,40.0,208.0,5.2,0.1613095238095239,budget-top-k,knapsack-redundancy,1.0,1.0,0.0,1.0,1.0,0.0,0.0,0.0,0.0,1.0,1.0,0.0,821.0,821.0,0.9773809523809524,0.9773809523809524,medium,high,medium_hetero/high_length
hotpotqa,5abcf2b4554299700f9d7937,50%,1050,2100,16,131.25,38.91095604068345,0.29646442697663583,40.0,208.0,5.2,0.1613095238095239,budget-top-k,knapsack-redundancy,1.0,1.0,0.0,1.0,1.0,0.0,0.0,0.0,0.0,1.0,1.0,0.0,1008.0,1008.0,0.96,0.96,medium,high,medium_hetero/high_length
hotpotqa,5a8b4a5f55429949d91db531,30%,275,917,6,152.83333333333334,22.34887518919514,0.14623037201218195,128.0,188.0,1.46875,0.08051617593602312,budget-top-k,knapsack-redundancy,1.0,1.0,0.0,1.0,1.0,0.0,0.0,0.0,0.0,1.0,1.0,0.0,176.0,176.0,0.64,0.64,low,low,low_hetero/low_length
hotpotqa,5a8b4a5f55429949d91db531,40%,366,917,6,152.83333333333334,22.34887518919514,0.14623037201218195,128.0,188.0,1.46875,0.08051617593602312,budget-top-k,knapsack-redundancy,1.0,1.0,0.0,1.0,1.0,0.0,0.0,0.0,0.0,1.0,1.0,0.0,364.0,364.0,0.994535519125683,0.994535519125683,low,low,low_hetero/low_length
hotpotqa,5a8b4a5f55429949d91db531,50%,458,917,6,152.83333333333334,22.34887518919514,0.14623037201218195,128.0,188.0,1.46875,0.08051617593602312,budget-top-k,knapsack-redundancy,1.0,1.0,0.0,1.0,1.0,0.0,0.0,0.0,0.0,1.0,1.0,0.0,364.0,458.0,0.7947598253275109,1.0,low,low,low_hetero/low_length
hotpotqa,5a79be0e5542994f819ef084,30%,437,1457,9,161.88888888888889,36.56788039445559,0.22588258308174353,113.0,219.0,1.9380530973451326,0.12674445207046436,budget-top-k,knapsack-redundancy,1.0,0.7111111111111111,-0.28888888888888886,1.0,0.0,-1.0,0.5,0.0,-0.5,1.0,0.0,-1.0,431.0,380.0,0.9862700228832952,0.8695652173913043,low,high,low_hetero/high_length
hotpotqa,5a79be0e5542994f819ef084,40%,582,1457,9,161.88888888888889,36.56788039445559,0.22588258308174353,113.0,219.0,1.9380530973451326,0.12674445207046436,budget-top-k,knapsack-redundancy,1.0,0.8666666666666667,-0.1333333333333333,1.0,0.0,-1.0,0.5,0.5,0.0,1.0,0.0,-1.0,544.0,582.0,0.9347079037800687,1.0,low,high,low_hetero/high_length
hotpotqa,5a79be0e5542994f819ef084,50%,728,1457,9,161.88888888888889,36.56788039445559,0.22588258308174353,113.0,219.0,1.9380530973451326,0.12674445207046436,budget-top-k,knapsack-redundancy,1.0,1.0,0.0,1.0,1.0,0.0,0.5,0.5,0.0,1.0,1.0,0.0,698.0,698.0,0.9587912087912088,0.9587912087912088,low,high,low_hetero/high_length
hotpotqa,5ae69e3f5542996d980e7c61,30%,515,1718,11,156.1818181818182,27.636662677807937,0.1769518564935316,89.0,188.0,2.1123595505617976,0.09334321092179065,budget-top-k,knapsack-redundancy,1.0,1.0,0.0,1.0,1.0,0.0,1.0,1.0,0.0,1.0,1.0,0.0,503.0,503.0,0.9766990291262136,0.9766990291262136,low,high,low_hetero/high_length
hotpotqa,5ae69e3f5542996d980e7c61,40%,687,1718,11,156.1818181818182,27.636662677807937,0.1769518564935316,89.0,188.0,2.1123595505617976,0.09334321092179065,budget-top-k,knapsack-redundancy,1.0,1.0,0.0,1.0,1.0,0.0,1.0,1.0,0.0,1.0,1.0,0.0,670.0,670.0,0.975254730713246,0.975254730713246,low,high,low_hetero/high_length
hotpotqa,5ae69e3f5542996d980e7c61,50%,859,1718,11,156.1818181818182,27.636662677807937,0.1769518564935316,89.0,188.0,2.1123595505617976,0.09334321092179065,budget-top-k,knapsack-redundancy,1.0,1.0,0.0,1.0,1.0,0.0,1.0,1.0,0.0,1.0,1.0,0.0,854.0,854.0,0.9941792782305006,0.9941792782305006,low,high,low_hetero/high_length
hotpotqa,5a8a495055429930ff3c0d6a,30%,407,1358,9,150.88888888888889,41.29149615018797,0.27365498184955206,73.0,218.0,2.9863013698630136,0.15283914252986408,budget-top-k,knapsack-redundancy,1.0,1.0,0.0,1.0,1.0,0.0,1.0,1.0,0.0,1.0,1.0,0.0,403.0,403.0,0.9901719901719902,0.9901719901719902,medium,medium,medium_hetero/medium_length
hotpotqa,5a8a495055429930ff3c0d6a,40%,543,1358,9,150.88888888888889,41.29149615018797,0.27365498184955206,73.0,218.0,2.9863013698630136,0.15283914252986408,budget-top-k,knapsack-redundancy,1.0,1.0,0.0,1.0,1.0,0.0,1.0,1.0,0.0,1.0,1.0,0.0,476.0,476.0,0.8766114180478821,0.8766114180478821,medium,medium,medium_hetero/medium_length
hotpotqa,5a8a495055429930ff3c0d6a,50%,679,1358,9,150.88888888888889,41.29149615018797,0.27365498184955206,73.0,218.0,2.9863013698630136,0.15283914252986408,budget-top-k,knapsack-redundancy,1.0,1.0,0.0,1.0,1.0,0.0,1.0,1.0,0.0,1.0,1.0,0.0,660.0,660.0,0.9720176730486009,0.9720176730486009,medium,medium,medium_hetero/medium_length
hotpotqa,5a8c5c6f554299653c1aa04d,30%,392,1307,9,145.22222222222223,33.39586726853016,0.2299638909080118,109.0,219.0,2.0091743119266057,0.11969735611663679,budget-top-k,knapsack-redundancy,0.6538461538461539,0.7564102564102564,0.10256410256410253,0.0,0.0,0.0,0.5,0.5,0.0,1.0,1.0,0.0,318.0,362.0,0.8112244897959183,0.923469387755102,medium,medium,medium_hetero/medium_length
hotpotqa,5a8c5c6f554299653c1aa04d,40%,522,1307,9,145.22222222222223,33.39586726853016,0.2299638909080118,109.0,219.0,2.0091743119266057,0.11969735611663679,budget-top-k,knapsack-redundancy,0.7307692307692308,1.0,0.26923076923076916,0.0,1.0,1.0,0.5,0.5,0.0,1.0,1.0,0.0,438.0,513.0,0.8390804597701149,0.9827586206896551,medium,medium,medium_hetero/medium_length
hotpotqa,5a8c5c6f554299653c1aa04d,50%,653,1307,9,145.22222222222223,33.39586726853016,0.2299638909080118,109.0,219.0,2.0091743119266057,0.11969735611663679,budget-top-k,knapsack-redundancy,0.7692307692307692,1.0,0.23076923076923084,0.0,1.0,1.0,0.5,0.5,0.0,1.0,1.0,0.0,547.0,647.0,0.8376722817764165,0.9908116385911179,medium,medium,medium_hetero/medium_length
hotpotqa,5a80ecea55429938b6142254,30%,480,1600,11,145.45454545454547,51.66036574037927,0.35516501446510745,51.0,217.0,4.254901960784314,0.1995454545454547,budget-top-k,knapsack-redundancy,1.0,1.0,0.0,1.0,1.0,0.0,1.0,1.0,0.0,1.0,1.0,0.0,438.0,451.0,0.9125,0.9395833333333333,high,high,high_hetero/high_length
hotpotqa,5a80ecea55429938b6142254,40%,640,1600,11,145.45454545454547,51.66036574037927,0.35516501446510745,51.0,217.0,4.254901960784314,0.1995454545454547,budget-top-k,knapsack-redundancy,1.0,1.0,0.0,1.0,1.0,0.0,1.0,1.0,0.0,1.0,1.0,0.0,596.0,609.0,0.93125,0.9515625,high,high,high_hetero/high_length
hotpotqa,5a80ecea55429938b6142254,50%,800,1600,11,145.45454545454547,51.66036574037927,0.35516501446510745,51.0,217.0,4.254901960784314,0.1995454545454547,budget-top-k,knapsack-redundancy,1.0,1.0,0.0,1.0,1.0,0.0,1.0,1.0,0.0,1.0,1.0,0.0,761.0,759.0,0.95125,0.94875,high,high,high_hetero/high_length
hotpotqa,5a8242c155429940e5e1a81d,30%,417,1392,10,139.2,42.75932646803502,0.3071790694542746,59.0,194.0,3.288135593220339,0.1737068965517241,budget-top-k,knapsack-redundancy,0.75,1.0,0.25,0.0,1.0,1.0,0.0,0.5,0.5,0.0,1.0,1.0,404.0,412.0,0.9688249400479616,0.988009592326139,high,medium,high_hetero/medium_length
hotpotqa,5a8242c155429940e5e1a81d,40%,556,1392,10,139.2,42.75932646803502,0.3071790694542746,59.0,194.0,3.288135593220339,0.1737068965517241,budget-top-k,knapsack-redundancy,1.0,1.0,0.0,1.0,1.0,0.0,0.5,0.5,0.0,1.0,1.0,0.0,542.0,542.0,0.9748201438848921,0.9748201438848921,high,medium,high_hetero/medium_length
hotpotqa,5a8242c155429940e5e1a81d,50%,696,1392,10,139.2,42.75932646803502,0.3071790694542746,59.0,194.0,3.288135593220339,0.1737068965517241,budget-top-k,knapsack-redundancy,1.0,1.0,0.0,1.0,1.0,0.0,0.5,0.5,0.0,1.0,1.0,0.0,688.0,691.0,0.9885057471264368,0.992816091954023,high,medium,high_hetero/medium_length
hotpotqa,5a7cef5d55429909bec768ac,30%,565,1884,13,144.92307692307693,34.08013528878333,0.2351601691901185,64.0,182.0,2.84375,0.12518373346398826,budget-top-k,knapsack-redundancy,0.9642857142857143,0.9642857142857143,0.0,0.0,0.0,0.0,0.5,0.5,0.0,1.0,1.0,0.0,513.0,513.0,0.9079646017699115,0.9079646017699115,medium,high,medium_hetero/high_length
hotpotqa,5a7cef5d55429909bec768ac,40%,753,1884,13,144.92307692307693,34.08013528878333,0.2351601691901185,64.0,182.0,2.84375,0.12518373346398826,budget-top-k,knapsack-redundancy,1.0,0.9642857142857143,-0.0357142857142857,1.0,0.0,-1.0,1.0,0.5,-0.5,1.0,1.0,0.0,682.0,748.0,0.9057104913678619,0.9933598937583001,medium,high,medium_hetero/high_length
hotpotqa,5a7cef5d55429909bec768ac,50%,942,1884,13,144.92307692307693,34.08013528878333,0.2351601691901185,64.0,182.0,2.84375,0.12518373346398826,budget-top-k,knapsack-redundancy,1.0,1.0,0.0,1.0,1.0,0.0,1.0,1.0,0.0,1.0,1.0,0.0,942.0,942.0,1.0,1.0,medium,high,medium_hetero/high_length
hotpotqa,5a7319e755429901807daf86,30%,377,1259,8,157.375,30.08295821557448,0.19115461932056857,114.0,199.0,1.7456140350877194,0.1083200953137411,budget-top-k,knapsack-redundancy,1.0,1.0,0.0,1.0,1.0,0.0,0.0,0.0,0.0,1.0,1.0,0.0,376.0,376.0,0.9973474801061007,0.9973474801061007,low,medium,low_hetero/medium_length
hotpotqa,5a7319e755429901807daf86,40%,503,1259,8,157.375,30.08295821557448,0.19115461932056857,114.0,199.0,1.7456140350877194,0.1083200953137411,budget-top-k,knapsack-redundancy,1.0,1.0,0.0,1.0,1.0,0.0,0.0,0.0,0.0,1.0,1.0,0.0,490.0,490.0,0.974155069582505,0.974155069582505,low,medium,low_hetero/medium_length
hotpotqa,5a7319e755429901807daf86,50%,629,1259,8,157.375,30.08295821557448,0.19115461932056857,114.0,199.0,1.7456140350877194,0.1083200953137411,budget-top-k,knapsack-redundancy,1.0,1.0,0.0,1.0,1.0,0.0,0.0,0.0,0.0,1.0,1.0,0.0,517.0,611.0,0.821939586645469,0.9713831478537361,low,medium,low_hetero/medium_length
hotpotqa,5ae1d0e8554299234fd0430a,30%,518,1728,12,144.0,44.31703961232068,0.3077572195300047,44.0,208.0,4.7272727272727275,0.16859567901234573,budget-top-k,knapsack-redundancy,0.7083333333333334,1.0,0.29166666666666663,0.0,1.0,1.0,0.5,1.0,0.5,0.5,1.0,0.5,480.0,474.0,0.9266409266409267,0.915057915057915,high,high,high_hetero/high_length
hotpotqa,5ae1d0e8554299234fd0430a,40%,691,1728,12,144.0,44.31703961232068,0.3077572195300047,44.0,208.0,4.7272727272727275,0.16859567901234573,budget-top-k,knapsack-redundancy,0.7083333333333334,1.0,0.29166666666666663,0.0,1.0,1.0,0.5,1.0,0.5,0.5,1.0,0.5,689.0,682.0,0.9971056439942113,0.9869753979739508,high,high,high_hetero/high_length
hotpotqa,5ae1d0e8554299234fd0430a,50%,864,1728,12,144.0,44.31703961232068,0.3077572195300047,44.0,208.0,4.7272727272727275,0.16859567901234573,budget-top-k,knapsack-redundancy,0.75,0.75,0.0,0.0,0.0,0.0,0.5,0.5,0.0,0.5,0.5,0.0,841.0,858.0,0.9733796296296297,0.9930555555555556,high,high,high_hetero/high_length
hotpotqa,5ade99295542992fa25da7d8,30%,554,1847,12,153.91666666666666,29.078796207698986,0.18892558445716723,98.0,202.0,2.061224489795918,0.10381700054141851,budget-top-k,knapsack-redundancy,0.7804878048780487,1.0,0.2195121951219513,0.0,1.0,1.0,0.5,1.0,0.5,0.0,1.0,1.0,518.0,548.0,0.9350180505415162,0.9891696750902527,low,high,low_hetero/high_length
hotpotqa,5ade99295542992fa25da7d8,40%,738,1847,12,153.91666666666666,29.078796207698986,0.18892558445716723,98.0,202.0,2.061224489795918,0.10381700054141851,budget-top-k,knapsack-redundancy,0.7886178861788617,1.0,0.21138211382113825,0.0,1.0,1.0,0.5,1.0,0.5,0.0,1.0,1.0,687.0,734.0,0.9308943089430894,0.994579945799458,low,high,low_hetero/high_length
hotpotqa,5ade99295542992fa25da7d8,50%,923,1847,12,153.91666666666666,29.078796207698986,0.18892558445716723,98.0,202.0,2.061224489795918,0.10381700054141851,budget-top-k,knapsack-redundancy,1.0,1.0,0.0,1.0,1.0,0.0,1.0,1.0,0.0,1.0,1.0,0.0,918.0,918.0,0.9945828819068255,0.9945828819068255,low,high,low_hetero/high_length
hotpotqa,5a734bb65542994cef4bc50f,30%,280,934,5,186.8,28.540497542965156,0.15278638941630168,137.0,218.0,1.5912408759124088,0.08222698072805135,budget-top-k,knapsack-redundancy,0.5697674418604651,0.5697674418604651,0.0,0.0,0.0,0.0,0.0,0.0,0.0,0.3333333333333333,0.3333333333333333,0.0,175.0,175.0,0.625,0.625,low,low,low_hetero/low_length
hotpotqa,5a734bb65542994cef4bc50f,40%,373,934,5,186.8,28.540497542965156,0.15278638941630168,137.0,218.0,1.5912408759124088,0.08222698072805135,budget-top-k,knapsack-redundancy,0.5930232558139534,0.5930232558139534,0.0,0.0,0.0,0.0,0.0,0.0,0.0,0.3333333333333333,0.3333333333333333,0.0,312.0,312.0,0.8364611260053619,0.8364611260053619,low,low,low_hetero/low_length
hotpotqa,5a734bb65542994cef4bc50f,50%,467,934,5,186.8,28.540497542965156,0.15278638941630168,137.0,218.0,1.5912408759124088,0.08222698072805135,budget-top-k,knapsack-redundancy,1.0,1.0,0.0,1.0,1.0,0.0,0.0,0.0,0.0,1.0,1.0,0.0,393.0,393.0,0.841541755888651,0.841541755888651,low,low,low_hetero/low_length
hotpotqa,5abe7eb05542993f32c2a12c,30%,277,924,6,154.0,29.591665493288254,0.1921536720343393,110.0,189.0,1.7181818181818183,0.1064213564213563,budget-top-k,knapsack-redundancy,0.4343891402714932,0.4343891402714932,0.0,0.0,0.0,0.0,0.0,0.0,0.0,0.0,0.0,0.0,276.0,276.0,0.9963898916967509,0.9963898916967509,low,low,low_hetero/low_length
hotpotqa,5abe7eb05542993f32c2a12c,40%,369,924,6,154.0,29.591665493288254,0.1921536720343393,110.0,189.0,1.7181818181818183,0.1064213564213563,budget-top-k,knapsack-redundancy,0.5735294117647058,0.5735294117647058,0.0,0.0,0.0,0.0,0.0,0.0,0.0,0.0,0.0,0.0,299.0,299.0,0.8102981029810298,0.8102981029810298,low,low,low_hetero/low_length
hotpotqa,5abe7eb05542993f32c2a12c,50%,462,924,6,154.0,29.591665493288254,0.1921536720343393,110.0,189.0,1.7181818181818183,0.1064213564213563,budget-top-k,knapsack-redundancy,1.0,1.0,0.0,1.0,1.0,0.0,0.5,0.5,0.0,1.0,1.0,0.0,456.0,456.0,0.987012987012987,0.987012987012987,low,low,low_hetero/low_length
hotpotqa,5a84f7255542991dd0999e33,30%,396,1320,9,146.66666666666666,30.081371127142607,0.20510025768506324,95.0,213.0,2.2421052631578946,0.1074074074074074,budget-top-k,knapsack-redundancy,0.8055555555555556,0.8055555555555556,0.0,0.0,0.0,0.0,0.5,0.5,0.0,1.0,1.0,0.0,373.0,373.0,0.9419191919191919,0.9419191919191919,low,medium,low_hetero/medium_length
hotpotqa,5a84f7255542991dd0999e33,40%,528,1320,9,146.66666666666666,30.081371127142607,0.20510025768506324,95.0,213.0,2.2421052631578946,0.1074074074074074,budget-top-k,knapsack-redundancy,0.8263888888888888,0.8263888888888888,0.0,0.0,0.0,0.0,0.5,0.5,0.0,1.0,1.0,0.0,510.0,510.0,0.9659090909090909,0.9659090909090909,low,medium,low_hetero/medium_length
hotpotqa,5a84f7255542991dd0999e33,50%,660,1320,9,146.66666666666666,30.081371127142607,0.20510025768506324,95.0,213.0,2.2421052631578946,0.1074074074074074,budget-top-k,knapsack-redundancy,1.0,1.0,0.0,1.0,1.0,0.0,1.0,1.0,0.0,1.0,1.0,0.0,639.0,639.0,0.9681818181818181,0.9681818181818181,low,medium,low_hetero/medium_length
hotpotqa,5a70f1685542994082a3e40f,30%,314,1049,7,149.85714285714286,33.47249861102852,0.2233627171374639,111.0,212.0,1.90990990990991,0.12283807708021244,budget-top-k,knapsack-redundancy,1.0,1.0,0.0,1.0,1.0,0.0,0.0,0.0,0.0,1.0,1.0,0.0,280.0,280.0,0.89171974522293,0.89171974522293,low,low,low_hetero/low_length
hotpotqa,5a70f1685542994082a3e40f,40%,419,1049,7,149.85714285714286,33.47249861102852,0.2233627171374639,111.0,212.0,1.90990990990991,0.12283807708021244,budget-top-k,knapsack-redundancy,0.9047619047619048,1.0,0.09523809523809523,0.0,1.0,1.0,0.0,0.5,0.5,1.0,1.0,0.0,316.0,391.0,0.7541766109785203,0.9331742243436754,low,low,low_hetero/low_length
hotpotqa,5a70f1685542994082a3e40f,50%,524,1049,7,149.85714285714286,33.47249861102852,0.2233627171374639,111.0,212.0,1.90990990990991,0.12283807708021244,budget-top-k,knapsack-redundancy,1.0,1.0,0.0,1.0,1.0,0.0,0.0,0.5,0.5,1.0,1.0,0.0,440.0,506.0,0.8396946564885496,0.9656488549618321,low,low,low_hetero/low_length
hotpotqa,5ae0de1455429924de1b71b4,30%,290,967,6,161.16666666666666,46.781109672839335,0.29026541679114376,64.0,205.0,3.203125,0.14495001723543588,budget-top-k,knapsack-redundancy,0.6574074074074074,0.6574074074074074,0.0,0.0,0.0,0.0,0.0,0.0,0.0,0.5,0.5,0.0,256.0,256.0,0.8827586206896552,0.8827586206896552,medium,low,medium_hetero/low_length
hotpotqa,5ae0de1455429924de1b71b4,40%,386,967,6,161.16666666666666,46.781109672839335,0.29026541679114376,64.0,205.0,3.203125,0.14495001723543588,budget-top-k,knapsack-redundancy,1.0,1.0,0.0,1.0,1.0,0.0,0.0,0.0,0.0,1.0,1.0,0.0,369.0,369.0,0.9559585492227979,0.9559585492227979,medium,low,medium_hetero/low_length
hotpotqa,5ae0de1455429924de1b71b4,50%,483,967,6,161.16666666666666,46.781109672839335,0.29026541679114376,64.0,205.0,3.203125,0.14495001723543588,budget-top-k,knapsack-redundancy,1.0,1.0,0.0,1.0,1.0,0.0,0.0,0.0,0.0,1.0,1.0,0.0,433.0,433.0,0.8964803312629399,0.8964803312629399,medium,low,medium_hetero/low_length
hotpotqa,5ae4a2b25542995ad6573de0,30%,413,1379,10,137.9,28.654668031579078,0.20779309667570034,96.0,201.0,2.09375,0.11392313270485843,budget-top-k,knapsack-redundancy,1.0,1.0,0.0,1.0,1.0,0.0,0.0,0.0,0.0,1.0,1.0,0.0,406.0,406.0,0.9830508474576272,0.9830508474576272,low,medium,low_hetero/medium_length
hotpotqa,5ae4a2b25542995ad6573de0,40%,551,1379,10,137.9,28.654668031579078,0.20779309667570034,96.0,201.0,2.09375,0.11392313270485843,budget-top-k,knapsack-redundancy,1.0,1.0,0.0,1.0,1.0,0.0,0.0,0.0,0.0,1.0,1.0,0.0,541.0,541.0,0.9818511796733213,0.9818511796733213,low,medium,low_hetero/medium_length
hotpotqa,5ae4a2b25542995ad6573de0,50%,689,1379,10,137.9,28.654668031579078,0.20779309667570034,96.0,201.0,2.09375,0.11392313270485843,budget-top-k,knapsack-redundancy,1.0,1.0,0.0,1.0,1.0,0.0,0.0,0.0,0.0,1.0,1.0,0.0,637.0,637.0,0.9245283018867925,0.9245283018867925,low,medium,low_hetero/medium_length
hotpotqa,5abd9c2355429924427fd06c,30%,413,1379,9,153.33333333333334,40.20503008883894,0.26220671797068873,69.0,219.0,3.1739130434782608,0.14170692431561993,budget-top-k,knapsack-redundancy,0.6086956521739131,0.6304347826086957,0.021739130434782594,0.0,0.0,0.0,0.5,0.5,0.0,0.0,0.0,0.0,357.0,405.0,0.864406779661017,0.9806295399515739,medium,medium,medium_hetero/medium_length
hotpotqa,5abd9c2355429924427fd06c,40%,551,1379,9,153.33333333333334,40.20503008883894,0.26220671797068873,69.0,219.0,3.1739130434782608,0.14170692431561993,budget-top-k,knapsack-redundancy,0.6304347826086957,0.6956521739130435,0.06521739130434778,0.0,0.0,0.0,0.5,0.5,0.0,0.0,0.0,0.0,510.0,540.0,0.925589836660617,0.9800362976406534,medium,medium,medium_hetero/medium_length
hotpotqa,5abd9c2355429924427fd06c,50%,689,1379,9,153.33333333333334,40.20503008883894,0.26220671797068873,69.0,219.0,3.1739130434782608,0.14170692431561993,budget-top-k,knapsack-redundancy,1.0,1.0,0.0,1.0,1.0,0.0,0.5,0.5,0.0,0.0,0.0,0.0,676.0,685.0,0.9811320754716981,0.9941944847605225,medium,medium,medium_hetero/medium_length
hotpotqa,5a74701655429979e2882952,30%,370,1235,8,154.375,32.52282852090205,0.21067419284794853,90.0,199.0,2.2111111111111112,0.11487854251012153,budget-top-k,knapsack-redundancy,0.7555555555555555,0.7555555555555555,0.0,0.0,0.0,0.0,0.0,0.0,0.0,1.0,1.0,0.0,357.0,357.0,0.9648648648648649,0.9648648648648649,low,medium,low_hetero/medium_length
hotpotqa,5a74701655429979e2882952,40%,494,1235,8,154.375,32.52282852090205,0.21067419284794853,90.0,199.0,2.2111111111111112,0.11487854251012153,budget-top-k,knapsack-redundancy,1.0,1.0,0.0,1.0,1.0,0.0,0.5,0.5,0.0,1.0,1.0,0.0,490.0,490.0,0.9919028340080972,0.9919028340080972,low,medium,low_hetero/medium_length
hotpotqa,5a74701655429979e2882952,50%,617,1235,8,154.375,32.52282852090205,0.21067419284794853,90.0,199.0,2.2111111111111112,0.11487854251012153,budget-top-k,knapsack-redundancy,1.0,1.0,0.0,1.0,1.0,0.0,0.5,0.5,0.0,1.0,1.0,0.0,580.0,580.0,0.940032414910859,0.940032414910859,low,medium,low_hetero/medium_length
hotpotqa,5ab7f7465542993667794071,30%,301,1006,7,143.71428571428572,48.17146246397723,0.33518910263204826,67.0,211.0,3.1492537313432836,0.18773075830729913,budget-top-k,knapsack-redundancy,0.631578947368421,0.631578947368421,0.0,0.0,0.0,0.0,0.0,0.0,0.0,1.0,1.0,0.0,278.0,278.0,0.9235880398671097,0.9235880398671097,high,low,high_hetero/low_length
hotpotqa,5ab7f7465542993667794071,40%,402,1006,7,143.71428571428572,48.17146246397723,0.33518910263204826,67.0,211.0,3.1492537313432836,0.18773075830729913,budget-top-k,knapsack-redundancy,1.0,0.763157894736842,-0.23684210526315796,1.0,0.0,-1.0,0.5,0.0,-0.5,1.0,1.0,0.0,337.0,382.0,0.8383084577114428,0.9502487562189055,high,low,high_hetero/low_length
hotpotqa,5ab7f7465542993667794071,50%,503,1006,7,143.71428571428572,48.17146246397723,0.33518910263204826,67.0,211.0,3.1492537313432836,0.18773075830729913,budget-top-k,knapsack-redundancy,1.0,1.0,0.0,1.0,1.0,0.0,0.5,0.5,0.0,1.0,1.0,0.0,404.0,404.0,0.8031809145129225,0.8031809145129225,high,low,high_hetero/low_length
hotpotqa,5a7a6ee75542996c55b2ddac,30%,283,945,6,157.5,46.88905344889501,0.29770827586600007,71.0,213.0,3.0,0.16349206349206336,budget-top-k,knapsack-redundancy,0.75,0.75,0.0,0.0,0.0,0.0,0.0,0.0,0.0,1.0,1.0,0.0,213.0,213.0,0.7526501766784452,0.7526501766784452,medium,low,medium_hetero/low_length
hotpotqa,5a7a6ee75542996c55b2ddac,40%,378,945,6,157.5,46.88905344889501,0.29770827586600007,71.0,213.0,3.0,0.16349206349206336,budget-top-k,knapsack-redundancy,0.75,0.75,0.0,0.0,0.0,0.0,0.0,0.0,0.0,1.0,1.0,0.0,345.0,345.0,0.9126984126984127,0.9126984126984127,medium,low,medium_hetero/low_length
hotpotqa,5a7a6ee75542996c55b2ddac,50%,472,945,6,157.5,46.88905344889501,0.29770827586600007,71.0,213.0,3.0,0.16349206349206336,budget-top-k,knapsack-redundancy,0.75,0.75,0.0,0.0,0.0,0.0,0.0,0.0,0.0,1.0,1.0,0.0,416.0,416.0,0.8813559322033898,0.8813559322033898,medium,low,medium_hetero/low_length
hotpotqa,5a85fa815542996432c57155,30%,414,1383,9,153.66666666666666,38.02630668366309,0.24745969642297022,87.0,214.0,2.4597701149425286,0.13850727082831193,budget-top-k,knapsack-redundancy,1.0,1.0,0.0,1.0,1.0,0.0,0.5,0.5,0.0,1.0,1.0,0.0,381.0,381.0,0.9202898550724637,0.9202898550724637,medium,medium,medium_hetero/medium_length
hotpotqa,5a85fa815542996432c57155,40%,553,1383,9,153.66666666666666,38.02630668366309,0.24745969642297022,87.0,214.0,2.4597701149425286,0.13850727082831193,budget-top-k,knapsack-redundancy,1.0,1.0,0.0,1.0,1.0,0.0,0.5,0.5,0.0,1.0,1.0,0.0,531.0,531.0,0.9602169981916817,0.9602169981916817,medium,medium,medium_hetero/medium_length
hotpotqa,5a85fa815542996432c57155,50%,691,1383,9,153.66666666666666,38.02630668366309,0.24745969642297022,87.0,214.0,2.4597701149425286,0.13850727082831193,budget-top-k,knapsack-redundancy,1.0,1.0,0.0,1.0,1.0,0.0,0.5,0.5,0.0,1.0,1.0,0.0,672.0,672.0,0.9725036179450073,0.9725036179450073,medium,medium,medium_hetero/medium_length
hotpotqa,5ae27f555542992decbdcd30,30%,316,1056,8,132.0,49.65128397131337,0.37614609069176796,57.0,190.0,3.3333333333333335,0.2078598484848484,budget-top-k,knapsack-redundancy,0.7380952380952381,1.0,0.26190476190476186,0.0,1.0,1.0,0.5,1.0,0.5,1.0,1.0,0.0,310.0,286.0,0.9810126582278481,0.9050632911392406,high,low,high_hetero/low_length
hotpotqa,5ae27f555542992decbdcd30,40%,422,1056,8,132.0,49.65128397131337,0.37614609069176796,57.0,190.0,3.3333333333333335,0.2078598484848484,budget-top-k,knapsack-redundancy,0.7380952380952381,0.7380952380952381,0.0,0.0,0.0,0.0,0.5,0.5,0.0,1.0,1.0,0.0,405.0,405.0,0.9597156398104265,0.9597156398104265,high,low,high_hetero/low_length
hotpotqa,5ae27f555542992decbdcd30,50%,528,1056,8,132.0,49.65128397131337,0.37614609069176796,57.0,190.0,3.3333333333333335,0.2078598484848484,budget-top-k,knapsack-redundancy,0.7380952380952381,1.0,0.26190476190476186,0.0,1.0,1.0,0.5,1.0,0.5,1.0,1.0,0.0,507.0,469.0,0.9602272727272727,0.8882575757575758,high,low,high_hetero/low_length
hotpotqa,5ade3d75554299728e26c68b,30%,396,1321,9,146.77777777777777,41.97824245375422,0.285998623833299,104.0,215.0,2.0673076923076925,0.15526957691984178,budget-top-k,knapsack-redundancy,0.5846153846153846,0.8405797101449276,0.25596432552954296,0.0,0.0,0.0,0.0,0.5,0.5,0.0,1.0,1.0,376.0,369.0,0.9494949494949495,0.9318181818181818,medium,medium,medium_hetero/medium_length
hotpotqa,5ade3d75554299728e26c68b,40%,528,1321,9,146.77777777777777,41.97824245375422,0.285998623833299,104.0,215.0,2.0673076923076925,0.15526957691984178,budget-top-k,knapsack-redundancy,1.0,0.8405797101449276,-0.1594202898550724,1.0,0.0,-1.0,0.5,0.5,0.0,1.0,1.0,0.0,480.0,479.0,0.9090909090909091,0.9071969696969697,medium,medium,medium_hetero/medium_length
hotpotqa,5ade3d75554299728e26c68b,50%,660,1321,9,146.77777777777777,41.97824245375422,0.285998623833299,104.0,215.0,2.0673076923076925,0.15526957691984178,budget-top-k,knapsack-redundancy,1.0,0.8550724637681159,-0.14492753623188415,1.0,0.0,-1.0,0.5,0.5,0.0,1.0,1.0,0.0,584.0,643.0,0.8848484848484849,0.9742424242424242,medium,medium,medium_hetero/medium_length
hotpotqa,5ae236da5542994d89d5b397,30%,280,934,6,155.66666666666666,54.658535980719016,0.3511254988054755,70.0,215.0,3.0714285714285716,0.1909350463954318,budget-top-k,knapsack-redundancy,0.3307692307692308,0.3307692307692308,0.0,0.0,0.0,0.0,0.0,0.0,0.0,0.0,0.0,0.0,280.0,280.0,1.0,1.0,high,low,high_hetero/low_length
hotpotqa,5ae236da5542994d89d5b397,40%,373,934,6,155.66666666666666,54.658535980719016,0.3511254988054755,70.0,215.0,3.0714285714285716,0.1909350463954318,budget-top-k,knapsack-redundancy,0.4307692307692308,0.4307692307692308,0.0,0.0,0.0,0.0,0.0,0.0,0.0,0.0,0.0,0.0,330.0,330.0,0.8847184986595175,0.8847184986595175,high,low,high_hetero/low_length
hotpotqa,5ae236da5542994d89d5b397,50%,467,934,6,155.66666666666666,54.658535980719016,0.3511254988054755,70.0,215.0,3.0714285714285716,0.1909350463954318,budget-top-k,knapsack-redundancy,0.8076923076923077,0.8076923076923077,0.0,0.0,0.0,0.0,0.0,0.0,0.0,0.0,0.0,0.0,407.0,407.0,0.8715203426124197,0.8715203426124197,high,low,high_hetero/low_length
hotpotqa,5adfad2b554299603e41835c,30%,339,1133,8,141.625,44.84400043484078,0.3166390145443303,80.0,194.0,2.425,0.17597087378640786,budget-top-k,knapsack-redundancy,1.0,1.0,0.0,1.0,1.0,0.0,0.0,0.0,0.0,1.0,1.0,0.0,280.0,280.0,0.8259587020648967,0.8259587020648967,high,low,high_hetero/low_length
hotpotqa,5adfad2b554299603e41835c,40%,453,1133,8,141.625,44.84400043484078,0.3166390145443303,80.0,194.0,2.425,0.17597087378640786,budget-top-k,knapsack-redundancy,1.0,1.0,0.0,1.0,1.0,0.0,0.0,0.0,0.0,1.0,1.0,0.0,420.0,451.0,0.9271523178807947,0.9955849889624724,high,low,high_hetero/low_length
hotpotqa,5adfad2b554299603e41835c,50%,566,1133,8,141.625,44.84400043484078,0.3166390145443303,80.0,194.0,2.425,0.17597087378640786,budget-top-k,knapsack-redundancy,1.0,1.0,0.0,1.0,1.0,0.0,0.0,0.0,0.0,1.0,1.0,0.0,500.0,500.0,0.8833922261484098,0.8833922261484098,high,low,high_hetero/low_length
hotpotqa,5abbc58455429931dba14502,30%,329,1099,8,137.375,48.445684792352765,0.35265284653214024,75.0,200.0,2.6666666666666665,0.19369881710646042,budget-top-k,knapsack-redundancy,0.6060606060606061,0.6060606060606061,0.0,0.0,0.0,0.0,0.0,0.0,0.0,1.0,1.0,0.0,262.0,262.0,0.7963525835866262,0.7963525835866262,high,low,high_hetero/low_length
hotpotqa,5abbc58455429931dba14502,40%,439,1099,8,137.375,48.445684792352765,0.35265284653214024,75.0,200.0,2.6666666666666665,0.19369881710646042,budget-top-k,knapsack-redundancy,1.0,0.6363636363636364,-0.36363636363636365,1.0,0.0,-1.0,0.0,0.0,0.0,1.0,1.0,0.0,379.0,382.0,0.8633257403189066,0.8701594533029613,high,low,high_hetero/low_length
hotpotqa,5abbc58455429931dba14502,50%,549,1099,8,137.375,48.445684792352765,0.35265284653214024,75.0,200.0,2.6666666666666665,0.19369881710646042,budget-top-k,knapsack-redundancy,1.0,1.0,0.0,1.0,1.0,0.0,0.0,0.0,0.0,1.0,1.0,0.0,548.0,548.0,0.9981785063752276,0.9981785063752276,high,low,high_hetero/low_length
hotpotqa,5a861fa75542994775f60706,30%,326,1088,8,136.0,30.33974291255613,0.22308634494526566,79.0,185.0,2.3417721518987342,0.1222426470588236,budget-top-k,knapsack-redundancy,0.39957264957264954,0.3226495726495726,-0.07692307692307693,0.0,0.0,0.0,0.0,0.5,0.5,0.75,0.75,0.0,284.0,311.0,0.8711656441717791,0.9539877300613497,low,low,low_hetero/low_length
hotpotqa,5a861fa75542994775f60706,40%,435,1088,8,136.0,30.33974291255613,0.22308634494526566,79.0,185.0,2.3417721518987342,0.1222426470588236,budget-top-k,knapsack-redundancy,0.39957264957264954,0.4188034188034188,0.019230769230769273,0.0,0.0,0.0,0.0,0.0,0.0,0.75,0.75,0.0,390.0,429.0,0.896551724137931,0.9862068965517241,low,low,low_hetero/low_length
hotpotqa,5a861fa75542994775f60706,50%,544,1088,8,136.0,30.33974291255613,0.22308634494526566,79.0,185.0,2.3417721518987342,0.1222426470588236,budget-top-k,knapsack-redundancy,0.8269230769230769,0.4188034188034188,-0.40811965811965806,0.0,0.0,0.0,0.0,0.0,0.0,1.0,0.75,-0.25,469.0,535.0,0.8621323529411765,0.9834558823529411,low,low,low_hetero/low_length
hotpotqa,5a888fe6554299206df2b2f7,30%,434,1448,10,144.8,43.817348162571406,0.3026059955978688,81.0,215.0,2.654320987654321,0.1715469613259668,budget-top-k,knapsack-redundancy,1.0,0.8571428571428572,-0.1428571428571428,1.0,0.0,-1.0,1.0,0.5,-0.5,1.0,1.0,0.0,365.0,407.0,0.8410138248847926,0.9377880184331797,high,high,high_hetero/high_length
hotpotqa,5a888fe6554299206df2b2f7,40%,579,1448,10,144.8,43.817348162571406,0.3026059955978688,81.0,215.0,2.654320987654321,0.1715469613259668,budget-top-k,knapsack-redundancy,1.0,1.0,0.0,1.0,1.0,0.0,1.0,1.0,0.0,1.0,1.0,0.0,564.0,564.0,0.9740932642487047,0.9740932642487047,high,high,high_hetero/high_length
hotpotqa,5a888fe6554299206df2b2f7,50%,724,1448,10,144.8,43.817348162571406,0.3026059955978688,81.0,215.0,2.654320987654321,0.1715469613259668,budget-top-k,knapsack-redundancy,1.0,1.0,0.0,1.0,1.0,0.0,1.0,1.0,0.0,1.0,1.0,0.0,695.0,707.0,0.9599447513812155,0.9765193370165746,high,high,high_hetero/high_length
hotpotqa,5ab865235542992aa3b8c8db,30%,263,879,6,146.5,62.11749619336997,0.42401021292402713,49.0,219.0,4.469387755102041,0.23568448995070157,budget-top-k,knapsack-redundancy,0.7708333333333333,0.7708333333333333,0.0,0.0,0.0,0.0,0.0,0.0,0.0,1.0,1.0,0.0,197.0,197.0,0.7490494296577946,0.7490494296577946,high,low,high_hetero/low_length
hotpotqa,5ab865235542992aa3b8c8db,40%,351,879,6,146.5,62.11749619336997,0.42401021292402713,49.0,219.0,4.469387755102041,0.23568448995070157,budget-top-k,knapsack-redundancy,0.9236111111111112,0.9236111111111112,0.0,0.0,0.0,0.0,0.0,0.0,0.0,1.0,1.0,0.0,305.0,305.0,0.8689458689458689,0.8689458689458689,high,low,high_hetero/low_length
hotpotqa,5ab865235542992aa3b8c8db,50%,439,879,6,146.5,62.11749619336997,0.42401021292402713,49.0,219.0,4.469387755102041,0.23568448995070157,budget-top-k,knapsack-redundancy,1.0,1.0,0.0,1.0,1.0,0.0,0.0,0.0,0.0,1.0,1.0,0.0,416.0,416.0,0.9476082004555809,0.9476082004555809,high,low,high_hetero/low_length
hotpotqa,5ae064985542993d6555eb47,30%,478,1594,12,132.83333333333334,46.862979940341916,0.3527953320477434,34.0,212.0,6.235294117647059,0.19709326641572567,budget-top-k,knapsack-redundancy,1.0,1.0,0.0,1.0,1.0,0.0,1.0,1.0,0.0,1.0,1.0,0.0,407.0,470.0,0.8514644351464435,0.9832635983263598,high,high,high_hetero/high_length
hotpotqa,5ae064985542993d6555eb47,40%,637,1594,12,132.83333333333334,46.862979940341916,0.3527953320477434,34.0,212.0,6.235294117647059,0.19709326641572567,budget-top-k,knapsack-redundancy,1.0,1.0,0.0,1.0,1.0,0.0,1.0,1.0,0.0,1.0,1.0,0.0,556.0,626.0,0.8728414442700158,0.9827315541601256,high,high,high_hetero/high_length
hotpotqa,5ae064985542993d6555eb47,50%,797,1594,12,132.83333333333334,46.862979940341916,0.3527953320477434,34.0,212.0,6.235294117647059,0.19709326641572567,budget-top-k,knapsack-redundancy,1.0,1.0,0.0,1.0,1.0,0.0,1.0,1.0,0.0,1.0,1.0,0.0,775.0,775.0,0.972396486825596,0.972396486825596,high,high,high_hetero/high_length
hotpotqa,5ae531a95542990ba0bbb1fc,30%,346,1154,9,128.22222222222223,37.395120827835214,0.29164305671621915,57.0,169.0,2.9649122807017543,0.15906027344502216,budget-top-k,knapsack-redundancy,0.8888888888888888,0.8888888888888888,0.0,0.0,0.0,0.0,0.0,0.0,0.0,0.0,0.0,0.0,317.0,317.0,0.9161849710982659,0.9161849710982659,medium,low,medium_hetero/low_length
hotpotqa,5ae531a95542990ba0bbb1fc,40%,461,1154,9,128.22222222222223,37.395120827835214,0.29164305671621915,57.0,169.0,2.9649122807017543,0.15906027344502216,budget-top-k,knapsack-redundancy,0.8888888888888888,1.0,0.11111111111111116,0.0,1.0,1.0,0.0,0.0,0.0,0.0,0.0,0.0,406.0,459.0,0.8806941431670282,0.9956616052060737,medium,low,medium_hetero/low_length
hotpotqa,5ae531a95542990ba0bbb1fc,50%,577,1154,9,128.22222222222223,37.395120827835214,0.29164305671621915,57.0,169.0,2.9649122807017543,0.15906027344502216,budget-top-k,knapsack-redundancy,0.8888888888888888,0.8888888888888888,0.0,0.0,0.0,0.0,0.0,0.0,0.0,0.0,0.0,0.0,566.0,547.0,0.9809358752166378,0.9480069324090121,medium,low,medium_hetero/low_length
hotpotqa,5ae533535542993aec5ec173,30%,333,1112,8,139.0,41.212862069989754,0.29649541057546586,67.0,200.0,2.985074626865672,0.16569244604316546,budget-top-k,knapsack-redundancy,1.0,1.0,0.0,1.0,1.0,0.0,0.0,0.0,0.0,1.0,1.0,0.0,244.0,244.0,0.7327327327327328,0.7327327327327328,medium,low,medium_hetero/low_length
hotpotqa,5ae533535542993aec5ec173,40%,444,1112,8,139.0,41.212862069989754,0.29649541057546586,67.0,200.0,2.985074626865672,0.16569244604316546,budget-top-k,knapsack-redundancy,1.0,1.0,0.0,1.0,1.0,0.0,0.0,0.0,0.0,1.0,1.0,0.0,444.0,444.0,1.0,1.0,medium,low,medium_hetero/low_length
hotpotqa,5ae533535542993aec5ec173,50%,556,1112,8,139.0,41.212862069989754,0.29649541057546586,67.0,200.0,2.985074626865672,0.16569244604316546,budget-top-k,knapsack-redundancy,1.0,1.0,0.0,1.0,1.0,0.0,0.0,0.0,0.0,1.0,1.0,0.0,552.0,552.0,0.9928057553956835,0.9928057553956835,medium,low,medium_hetero/low_length
hotpotqa,5adebea1554299728e26c7b6,30%,411,1370,8,171.25,57.96712430334974,0.3384941565159109,40.0,220.0,5.5,0.1656934306569342,budget-top-k,knapsack-redundancy,0.8333333333333333,0.8333333333333333,0.0,0.0,0.0,0.0,0.0,0.0,0.0,0.5,0.5,0.0,397.0,360.0,0.9659367396593674,0.8759124087591241,high,medium,high_hetero/medium_length
hotpotqa,5adebea1554299728e26c7b6,40%,548,1370,8,171.25,57.96712430334974,0.3384941565159109,40.0,220.0,5.5,0.1656934306569342,budget-top-k,knapsack-redundancy,0.8333333333333333,0.8333333333333333,0.0,0.0,0.0,0.0,0.0,0.0,0.0,0.5,0.5,0.0,514.0,514.0,0.9379562043795621,0.9379562043795621,high,medium,high_hetero/medium_length
hotpotqa,5adebea1554299728e26c7b6,50%,685,1370,8,171.25,57.96712430334974,0.3384941565159109,40.0,220.0,5.5,0.1656934306569342,budget-top-k,knapsack-redundancy,0.8333333333333333,0.8333333333333333,0.0,0.0,0.0,0.0,0.0,0.0,0.0,0.5,0.5,0.0,554.0,554.0,0.8087591240875912,0.8087591240875912,high,medium,high_hetero/medium_length
hotpotqa,5adfdc7d55429942ec259b64,30%,295,986,6,164.33333333333334,33.84605672091737,0.20595977720639372,122.0,214.0,1.7540983606557377,0.11122379986477338,budget-top-k,knapsack-redundancy,0.875,0.875,0.0,0.0,0.0,0.0,0.0,0.0,0.0,1.0,1.0,0.0,275.0,275.0,0.9322033898305084,0.9322033898305084,low,low,low_hetero/low_length
hotpotqa,5adfdc7d55429942ec259b64,40%,394,986,6,164.33333333333334,33.84605672091737,0.20595977720639372,122.0,214.0,1.7540983606557377,0.11122379986477338,budget-top-k,knapsack-redundancy,0.875,0.875,0.0,0.0,0.0,0.0,0.0,0.0,0.0,1.0,1.0,0.0,275.0,275.0,0.6979695431472082,0.6979695431472082,low,low,low_hetero/low_length
hotpotqa,5adfdc7d55429942ec259b64,50%,493,986,6,164.33333333333334,33.84605672091737,0.20595977720639372,122.0,214.0,1.7540983606557377,0.11122379986477338,budget-top-k,knapsack-redundancy,0.875,0.875,0.0,0.0,0.0,0.0,0.0,0.0,0.0,1.0,1.0,0.0,489.0,489.0,0.9918864097363083,0.9918864097363083,low,low,low_hetero/low_length
hotpotqa,5ae31bbd55429928c42395fc,30%,295,986,6,164.33333333333334,40.31404497470109,0.24531873209757254,107.0,219.0,2.046728971962617,0.13624070317782278,budget-top-k,knapsack-redundancy,0.5972222222222222,0.5972222222222222,0.0,0.0,0.0,0.0,0.0,0.0,0.0,0.0,0.0,0.0,293.0,293.0,0.9932203389830508,0.9932203389830508,medium,low,medium_hetero/low_length
hotpotqa,5ae31bbd55429928c42395fc,40%,394,986,6,164.33333333333334,40.31404497470109,0.24531873209757254,107.0,219.0,2.046728971962617,0.13624070317782278,budget-top-k,knapsack-redundancy,0.5972222222222222,0.5972222222222222,0.0,0.0,0.0,0.0,0.0,0.0,0.0,0.0,0.0,0.0,293.0,293.0,0.7436548223350253,0.7436548223350253,medium,low,medium_hetero/low_length
hotpotqa,5ae31bbd55429928c42395fc,50%,493,986,6,164.33333333333334,40.31404497470109,0.24531873209757254,107.0,219.0,2.046728971962617,0.13624070317782278,budget-top-k,knapsack-redundancy,0.7638888888888888,0.7638888888888888,0.0,0.0,0.0,0.0,0.0,0.0,0.0,0.0,0.0,0.0,490.0,490.0,0.9939148073022313,0.9939148073022313,medium,low,medium_hetero/low_length
hotpotqa,5ae2120e5542997283cd23ad,30%,317,1059,7,151.28571428571428,18.029454359181145,0.11917486356399247,127.0,174.0,1.3700787401574803,0.0647511129097531,budget-top-k,knapsack-redundancy,0.6818181818181819,0.6818181818181819,0.0,0.0,0.0,0.0,0.0,0.0,0.0,0.0,0.0,0.0,292.0,292.0,0.9211356466876972,0.9211356466876972,low,low,low_hetero/low_length
hotpotqa,5ae2120e5542997283cd23ad,40%,423,1059,7,151.28571428571428,18.029454359181145,0.11917486356399247,127.0,174.0,1.3700787401574803,0.0647511129097531,budget-top-k,knapsack-redundancy,0.6818181818181819,1.0,0.3181818181818181,0.0,1.0,1.0,0.0,0.0,0.0,0.0,0.0,0.0,292.0,393.0,0.6903073286052009,0.9290780141843972,low,low,low_hetero/low_length
hotpotqa,5ae2120e5542997283cd23ad,50%,529,1059,7,151.28571428571428,18.029454359181145,0.11917486356399247,127.0,174.0,1.3700787401574803,0.0647511129097531,budget-top-k,knapsack-redundancy,1.0,1.0,0.0,1.0,1.0,0.0,0.0,0.0,0.0,0.0,0.0,0.0,424.0,424.0,0.8015122873345936,0.8015122873345936,low,low,low_hetero/low_length
hotpotqa,5a9052765542995651fb513d,30%,570,1903,13,146.3846153846154,52.30316722508445,0.3572996184582753,12.0,220.0,18.333333333333332,0.19046849104652575,budget-top-k,knapsack-redundancy,0.85,0.5423076923076923,-0.3076923076923077,0.0,0.0,0.0,0.5,0.5,0.0,1.0,0.6666666666666666,-0.33333333333333337,564.0,570.0,0.9894736842105263,1.0,high,high,high_hetero/high_length
hotpotqa,5a9052765542995651fb513d,40%,761,1903,13,146.3846153846154,52.30316722508445,0.3572996184582753,12.0,220.0,18.333333333333332,0.19046849104652575,budget-top-k,knapsack-redundancy,0.9,0.9,0.0,0.0,0.0,0.0,0.5,0.5,0.0,1.0,1.0,0.0,759.0,759.0,0.9973718791064389,0.9973718791064389,high,high,high_hetero/high_length
hotpotqa,5a9052765542995651fb513d,50%,951,1903,13,146.3846153846154,52.30316722508445,0.3572996184582753,12.0,220.0,18.333333333333332,0.19046849104652575,budget-top-k,knapsack-redundancy,0.9,0.9,0.0,0.0,0.0,0.0,0.5,0.5,0.0,1.0,1.0,0.0,940.0,904.0,0.9884332281808622,0.9505783385909569,high,high,high_hetero/high_length
hotpotqa,5ae6795855429908198fa5e4,30%,303,1013,6,168.83333333333334,22.79193327083559,0.13499664326259972,135.0,205.0,1.5185185185185186,0.07518920697597897,budget-top-k,knapsack-redundancy,0.6515151515151516,0.6515151515151516,0.0,0.0,0.0,0.0,0.0,0.0,0.0,0.0,0.0,0.0,293.0,293.0,0.966996699669967,0.966996699669967,low,low,low_hetero/low_length
hotpotqa,5ae6795855429908198fa5e4,40%,405,1013,6,168.83333333333334,22.79193327083559,0.13499664326259972,135.0,205.0,1.5185185185185186,0.07518920697597897,budget-top-k,knapsack-redundancy,1.0,1.0,0.0,1.0,1.0,0.0,0.0,0.0,0.0,1.0,1.0,0.0,304.0,304.0,0.7506172839506173,0.7506172839506173,low,low,low_hetero/low_length
hotpotqa,5ae6795855429908198fa5e4,50%,506,1013,6,168.83333333333334,22.79193327083559,0.13499664326259972,135.0,205.0,1.5185185185185186,0.07518920697597897,budget-top-k,knapsack-redundancy,1.0,1.0,0.0,1.0,1.0,0.0,0.0,0.0,0.0,1.0,1.0,0.0,462.0,462.0,0.9130434782608695,0.9130434782608695,low,low,low_hetero/low_length
hotpotqa,5a84e61b5542997b5ce3ff86,30%,507,1692,12,141.0,29.433540958120098,0.20874851743347586,87.0,187.0,2.1494252873563218,0.11583924349881802,budget-top-k,knapsack-redundancy,1.0,0.9666666666666667,-0.033333333333333326,1.0,0.0,-1.0,1.0,0.5,-0.5,1.0,1.0,0.0,411.0,506.0,0.8106508875739645,0.9980276134122288,low,high,low_hetero/high_length
hotpotqa,5a84e61b5542997b5ce3ff86,40%,676,1692,12,141.0,29.433540958120098,0.20874851743347586,87.0,187.0,2.1494252873563218,0.11583924349881802,budget-top-k,knapsack-redundancy,1.0,1.0,0.0,1.0,1.0,0.0,1.0,1.0,0.0,1.0,1.0,0.0,598.0,669.0,0.8846153846153846,0.9896449704142012,low,high,low_hetero/high_length
hotpotqa,5a84e61b5542997b5ce3ff86,50%,846,1692,12,141.0,29.433540958120098,0.20874851743347586,87.0,187.0,2.1494252873563218,0.11583924349881802,budget-top-k,knapsack-redundancy,1.0,1.0,0.0,1.0,1.0,0.0,1.0,1.0,0.0,1.0,1.0,0.0,841.0,843.0,0.9940898345153665,0.9964539007092199,low,high,low_hetero/high_length
hotpotqa,5ab266b5554299340b5254b4,30%,869,2897,22,131.6818181818182,35.572443834105336,0.27013937326555654,57.0,177.0,3.1052631578947367,0.14979445821696435,budget-top-k,knapsack-redundancy,1.0,1.0,0.0,1.0,1.0,0.0,1.0,1.0,0.0,1.0,1.0,0.0,855.0,867.0,0.9838895281933256,0.997698504027618,medium,high,medium_hetero/high_length
hotpotqa,5ab266b5554299340b5254b4,40%,1158,2897,22,131.6818181818182,35.572443834105336,0.27013937326555654,57.0,177.0,3.1052631578947367,0.14979445821696435,budget-top-k,knapsack-redundancy,1.0,1.0,0.0,1.0,1.0,0.0,1.0,1.0,0.0,1.0,1.0,0.0,1094.0,1153.0,0.9447322970639033,0.9956822107081175,medium,high,medium_hetero/high_length
hotpotqa,5ab266b5554299340b5254b4,50%,1448,2897,22,131.6818181818182,35.572443834105336,0.27013937326555654,57.0,177.0,3.1052631578947367,0.14979445821696435,budget-top-k,knapsack-redundancy,1.0,1.0,0.0,1.0,1.0,0.0,1.0,1.0,0.0,1.0,1.0,0.0,1434.0,1442.0,0.9903314917127072,0.9958563535911602,medium,high,medium_hetero/high_length
hotpotqa,5ab5ec0a5542997d4ad1f250,30%,333,1111,7,158.85714285714286,27.82305606829688,0.17514513712057386,123.0,207.0,1.6829268292682926,0.09737923946557037,budget-top-k,knapsack-redundancy,1.0,1.0,0.0,1.0,1.0,0.0,0.5,0.5,0.0,1.0,1.0,0.0,315.0,315.0,0.9459459459459459,0.9459459459459459,low,low,low_hetero/low_length
hotpotqa,5ab5ec0a5542997d4ad1f250,40%,444,1111,7,158.85714285714286,27.82305606829688,0.17514513712057386,123.0,207.0,1.6829268292682926,0.09737923946557037,budget-top-k,knapsack-redundancy,1.0,1.0,0.0,1.0,1.0,0.0,0.5,0.5,0.0,1.0,1.0,0.0,438.0,438.0,0.9864864864864865,0.9864864864864865,low,low,low_hetero/low_length
hotpotqa,5ab5ec0a5542997d4ad1f250,50%,555,1111,7,158.85714285714286,27.82305606829688,0.17514513712057386,123.0,207.0,1.6829268292682926,0.09737923946557037,budget-top-k,knapsack-redundancy,1.0,1.0,0.0,1.0,1.0,0.0,0.5,0.5,0.0,1.0,1.0,0.0,490.0,490.0,0.8828828828828829,0.8828828828828829,low,low,low_hetero/low_length
hotpotqa,5a72a9ab5542992359bc315a,30%,388,1295,9,143.88888888888889,57.02522725259301,0.3963143206743916,46.0,213.0,4.630434782608695,0.2215358215358214,budget-top-k,knapsack-redundancy,1.0,1.0,0.0,1.0,1.0,0.0,0.5,0.5,0.0,1.0,1.0,0.0,353.0,353.0,0.9097938144329897,0.9097938144329897,high,medium,high_hetero/medium_length
hotpotqa,5a72a9ab5542992359bc315a,40%,518,1295,9,143.88888888888889,57.02522725259301,0.3963143206743916,46.0,213.0,4.630434782608695,0.2215358215358214,budget-top-k,knapsack-redundancy,1.0,1.0,0.0,1.0,1.0,0.0,0.5,0.5,0.0,1.0,1.0,0.0,513.0,502.0,0.9903474903474904,0.9691119691119691,high,medium,high_hetero/medium_length
hotpotqa,5a72a9ab5542992359bc315a,50%,647,1295,9,143.88888888888889,57.02522725259301,0.3963143206743916,46.0,213.0,4.630434782608695,0.2215358215358214,budget-top-k,knapsack-redundancy,1.0,1.0,0.0,1.0,1.0,0.0,0.5,0.5,0.0,1.0,1.0,0.0,598.0,632.0,0.9242658423493045,0.9768160741885626,high,medium,high_hetero/medium_length
hotpotqa,5a848b5c5542997175ce1ef2,30%,379,1265,8,158.25,39.823830805184976,0.25165137949563965,80.0,207.0,2.5875,0.1388230647709321,budget-top-k,knapsack-redundancy,0.6052631578947368,0.6052631578947368,0.0,0.0,0.0,0.0,0.0,0.0,0.0,0.5,0.5,0.0,326.0,326.0,0.8601583113456465,0.8601583113456465,medium,medium,medium_hetero/medium_length
hotpotqa,5a848b5c5542997175ce1ef2,40%,506,1265,8,158.25,39.823830805184976,0.25165137949563965,80.0,207.0,2.5875,0.1388230647709321,budget-top-k,knapsack-redundancy,0.631578947368421,0.6842105263157895,0.052631578947368474,0.0,0.0,0.0,0.0,0.0,0.0,0.5,0.5,0.0,472.0,456.0,0.932806324110672,0.9011857707509882,medium,medium,medium_hetero/medium_length
hotpotqa,5a848b5c5542997175ce1ef2,50%,632,1265,8,158.25,39.823830805184976,0.25165137949563965,80.0,207.0,2.5875,0.1388230647709321,budget-top-k,knapsack-redundancy,0.6578947368421053,0.6842105263157895,0.02631578947368418,0.0,0.0,0.0,0.0,0.0,0.0,0.5,0.5,0.0,613.0,614.0,0.9699367088607594,0.9715189873417721,medium,medium,medium_hetero/medium_length
hotpotqa,5ab467975542991751b4d75f,30%,276,920,6,153.33333333333334,39.43207943906698,0.25716573547217597,87.0,197.0,2.264367816091954,0.14275362318840568,budget-top-k,knapsack-redundancy,0.8888888888888888,0.8888888888888888,0.0,0.0,0.0,0.0,0.5,0.5,0.0,0.0,0.0,0.0,272.0,272.0,0.9855072463768116,0.9855072463768116,medium,low,medium_hetero/low_length
hotpotqa,5ab467975542991751b4d75f,40%,368,920,6,153.33333333333334,39.43207943906698,0.25716573547217597,87.0,197.0,2.264367816091954,0.14275362318840568,budget-top-k,knapsack-redundancy,1.0,1.0,0.0,1.0,1.0,0.0,0.5,0.5,0.0,0.0,0.0,0.0,345.0,345.0,0.9375,0.9375,medium,low,medium_hetero/low_length
hotpotqa,5ab467975542991751b4d75f,50%,460,920,6,153.33333333333334,39.43207943906698,0.25716573547217597,87.0,197.0,2.264367816091954,0.14275362318840568,budget-top-k,knapsack-redundancy,1.0,1.0,0.0,1.0,1.0,0.0,0.5,0.5,0.0,0.0,0.0,0.0,432.0,432.0,0.9391304347826087,0.9391304347826087,medium,low,medium_hetero/low_length
hotpotqa,5a75ebfc5542992d0ec06018,30%,402,1341,9,149.0,39.06404996924922,0.26217483200838404,107.0,220.0,2.05607476635514,0.13472532935620185,budget-top-k,knapsack-redundancy,1.0,1.0,0.0,1.0,1.0,0.0,0.5,0.5,0.0,1.0,1.0,0.0,327.0,327.0,0.8134328358208955,0.8134328358208955,medium,medium,medium_hetero/medium_length
hotpotqa,5a75ebfc5542992d0ec06018,40%,536,1341,9,149.0,39.06404996924922,0.26217483200838404,107.0,220.0,2.05607476635514,0.13472532935620185,budget-top-k,knapsack-redundancy,1.0,1.0,0.0,1.0,1.0,0.0,0.5,0.5,0.0,1.0,1.0,0.0,468.0,468.0,0.8731343283582089,0.8731343283582089,medium,medium,medium_hetero/medium_length
hotpotqa,5a75ebfc5542992d0ec06018,50%,670,1341,9,149.0,39.06404996924922,0.26217483200838404,107.0,220.0,2.05607476635514,0.13472532935620185,budget-top-k,knapsack-redundancy,1.0,1.0,0.0,1.0,1.0,0.0,0.5,0.5,0.0,1.0,1.0,0.0,663.0,663.0,0.9895522388059701,0.9895522388059701,medium,medium,medium_hetero/medium_length
hotpotqa,5a7cdd6b55429909bec76858,30%,369,1230,9,136.66666666666666,47.41307836451879,0.34692496364282044,61.0,217.0,3.557377049180328,0.19530261969286355,budget-top-k,knapsack-redundancy,0.8888888888888888,0.8888888888888888,0.0,0.0,0.0,0.0,0.0,0.0,0.0,1.0,1.0,0.0,365.0,365.0,0.989159891598916,0.989159891598916,high,medium,high_hetero/medium_length
hotpotqa,5a7cdd6b55429909bec76858,40%,492,1230,9,136.66666666666666,47.41307836451879,0.34692496364282044,61.0,217.0,3.557377049180328,0.19530261969286355,budget-top-k,knapsack-redundancy,1.0,1.0,0.0,1.0,1.0,0.0,0.5,0.5,0.0,1.0,1.0,0.0,459.0,459.0,0.9329268292682927,0.9329268292682927,high,medium,high_hetero/medium_length
hotpotqa,5a7cdd6b55429909bec76858,50%,615,1230,9,136.66666666666666,47.41307836451879,0.34692496364282044,61.0,217.0,3.557377049180328,0.19530261969286355,budget-top-k,knapsack-redundancy,1.0,1.0,0.0,1.0,1.0,0.0,0.5,0.5,0.0,1.0,1.0,0.0,607.0,607.0,0.9869918699186991,0.9869918699186991,high,medium,high_hetero/medium_length
hotpotqa,5a8209845542990a1d231f1f,30%,336,1121,8,140.125,38.647242786517126,0.2758054792971784,75.0,216.0,2.88,0.148193577163247,budget-top-k,knapsack-redundancy,1.0,1.0,0.0,1.0,1.0,0.0,0.0,0.0,0.0,1.0,1.0,0.0,303.0,303.0,0.9017857142857143,0.9017857142857143,medium,low,medium_hetero/low_length
hotpotqa,5a8209845542990a1d231f1f,40%,448,1121,8,140.125,38.647242786517126,0.2758054792971784,75.0,216.0,2.88,0.148193577163247,budget-top-k,knapsack-redundancy,1.0,1.0,0.0,1.0,1.0,0.0,0.0,0.0,0.0,1.0,1.0,0.0,436.0,436.0,0.9732142857142857,0.9732142857142857,medium,low,medium_hetero/low_length
hotpotqa,5a8209845542990a1d231f1f,50%,560,1121,8,140.125,38.647242786517126,0.2758054792971784,75.0,216.0,2.88,0.148193577163247,budget-top-k,knapsack-redundancy,1.0,1.0,0.0,1.0,1.0,0.0,0.0,0.0,0.0,1.0,1.0,0.0,511.0,511.0,0.9125,0.9125,medium,low,medium_hetero/low_length
hotpotqa,5a726b0f5542997f827839be,30%,310,1035,7,148.0,42.65476024347777,0.28820783948295786,77.0,205.0,2.6623376623376624,0.15995587424158852,budget-top-k,knapsack-redundancy,1.0,1.0,0.0,1.0,1.0,0.0,0.5,0.5,0.0,1.0,1.0,0.0,274.0,274.0,0.8838709677419355,0.8838709677419355,medium,low,medium_hetero/low_length
hotpotqa,5a726b0f5542997f827839be,40%,414,1035,7,148.0,42.65476024347777,0.28820783948295786,77.0,205.0,2.6623376623376624,0.15995587424158852,budget-top-k,knapsack-redundancy,1.0,1.0,0.0,1.0,1.0,0.0,0.5,0.5,0.0,1.0,1.0,0.0,351.0,351.0,0.8478260869565217,0.8478260869565217,medium,low,medium_hetero/low_length
hotpotqa,5a726b0f5542997f827839be,50%,517,1035,7,148.0,42.65476024347777,0.28820783948295786,77.0,205.0,2.6623376623376624,0.15995587424158852,budget-top-k,knapsack-redundancy,1.0,1.0,0.0,1.0,1.0,0.0,0.5,0.5,0.0,1.0,1.0,0.0,477.0,504.0,0.9226305609284333,0.9748549323017408,medium,low,medium_hetero/low_length
hotpotqa,5ac2616b5542996366519997,30%,382,1274,8,159.375,38.20974188606879,0.23974740006945125,111.0,212.0,1.90990990990991,0.13284313725490193,budget-top-k,knapsack-redundancy,1.0,1.0,0.0,1.0,1.0,0.0,0.0,0.0,0.0,1.0,1.0,0.0,371.0,371.0,0.9712041884816754,0.9712041884816754,medium,medium,medium_hetero/medium_length
hotpotqa,5ac2616b5542996366519997,40%,509,1274,8,159.375,38.20974188606879,0.23974740006945125,111.0,212.0,1.90990990990991,0.13284313725490193,budget-top-k,knapsack-redundancy,1.0,1.0,0.0,1.0,1.0,0.0,0.0,0.0,0.0,1.0,1.0,0.0,497.0,497.0,0.9764243614931237,0.9764243614931237,medium,medium,medium_hetero/medium_length
hotpotqa,5ac2616b5542996366519997,50%,637,1274,8,159.375,38.20974188606879,0.23974740006945125,111.0,212.0,1.90990990990991,0.13284313725490193,budget-top-k,knapsack-redundancy,1.0,1.0,0.0,1.0,1.0,0.0,0.0,0.0,0.0,1.0,1.0,0.0,624.0,624.0,0.9795918367346939,0.9795918367346939,medium,medium,medium_hetero/medium_length
hotpotqa,5ae4f3c455429960a22e0221,30%,422,1409,10,140.9,53.360003748125806,0.3787083303628517,41.0,216.0,5.2682926829268295,0.21199432221433634,budget-top-k,knapsack-redundancy,0.5882352941176471,0.5882352941176471,0.0,0.0,0.0,0.0,0.5,0.5,0.0,0.0,0.0,0.0,406.0,406.0,0.9620853080568721,0.9620853080568721,high,high,high_hetero/high_length
hotpotqa,5ae4f3c455429960a22e0221,40%,563,1409,10,140.9,53.360003748125806,0.3787083303628517,41.0,216.0,5.2682926829268295,0.21199432221433634,budget-top-k,knapsack-redundancy,0.5882352941176471,0.5882352941176471,0.0,0.0,0.0,0.0,0.5,0.5,0.0,0.0,0.0,0.0,553.0,553.0,0.9822380106571936,0.9822380106571936,high,high,high_hetero/high_length
hotpotqa,5ae4f3c455429960a22e0221,50%,704,1409,10,140.9,53.360003748125806,0.3787083303628517,41.0,216.0,5.2682926829268295,0.21199432221433634,budget-top-k,knapsack-redundancy,0.5882352941176471,0.5882352941176471,0.0,0.0,0.0,0.0,0.5,0.5,0.0,0.0,0.0,0.0,691.0,691.0,0.9815340909090909,0.9815340909090909,high,high,high_hetero/high_length
hotpotqa,5a8b4ec155429949d91db53f,30%,419,1399,11,127.18181818181819,48.918890535657795,0.3846374523890177,20.0,189.0,9.45,0.20768081096887392,budget-top-k,knapsack-redundancy,1.0,1.0,0.0,1.0,1.0,0.0,0.5,0.5,0.0,1.0,1.0,0.0,398.0,398.0,0.9498806682577565,0.9498806682577565,high,medium,high_hetero/medium_length
hotpotqa,5a8b4ec155429949d91db53f,40%,559,1399,11,127.18181818181819,48.918890535657795,0.3846374523890177,20.0,189.0,9.45,0.20768081096887392,budget-top-k,knapsack-redundancy,1.0,1.0,0.0,1.0,1.0,0.0,0.5,0.5,0.0,1.0,1.0,0.0,541.0,541.0,0.9677996422182469,0.9677996422182469,high,medium,high_hetero/medium_length
hotpotqa,5a8b4ec155429949d91db53f,50%,699,1399,11,127.18181818181819,48.918890535657795,0.3846374523890177,20.0,189.0,9.45,0.20768081096887392,budget-top-k,knapsack-redundancy,1.0,1.0,0.0,1.0,1.0,0.0,0.5,0.5,0.0,1.0,1.0,0.0,684.0,684.0,0.9785407725321889,0.9785407725321889,high,medium,high_hetero/medium_length
hotpotqa,5ac52f455542996feb3fea12,30%,400,1336,8,167.0,36.54107278118693,0.21880881904902352,97.0,217.0,2.2371134020618557,0.12069610778443107,budget-top-k,knapsack-redundancy,0.54,0.54,0.0,0.0,0.0,0.0,0.0,0.0,0.0,0.0,0.0,0.0,303.0,303.0,0.7575,0.7575,low,medium,low_hetero/medium_length
hotpotqa,5ac52f455542996feb3fea12,40%,534,1336,8,167.0,36.54107278118693,0.21880881904902352,97.0,217.0,2.2371134020618557,0.12069610778443107,budget-top-k,knapsack-redundancy,1.0,1.0,0.0,1.0,1.0,0.0,0.0,0.0,0.0,0.0,0.0,0.0,498.0,498.0,0.9325842696629213,0.9325842696629213,low,medium,low_hetero/medium_length
hotpotqa,5ac52f455542996feb3fea12,50%,668,1336,8,167.0,36.54107278118693,0.21880881904902352,97.0,217.0,2.2371134020618557,0.12069610778443107,budget-top-k,knapsack-redundancy,1.0,1.0,0.0,1.0,1.0,0.0,0.0,0.0,0.0,0.0,0.0,0.0,649.0,649.0,0.9715568862275449,0.9715568862275449,low,medium,low_hetero/medium_length
hotpotqa,5ab438395542990594ba9bb9,30%,503,1679,10,167.9,30.3791046609343,0.18093570375779808,130.0,217.0,1.6692307692307693,0.10214413341274553,budget-top-k,knapsack-redundancy,0.75,0.34027777777777773,-0.40972222222222227,0.0,0.0,0.0,0.5,0.0,-0.5,0.0,0.0,0.0,379.0,479.0,0.7534791252485089,0.952286282306163,low,high,low_hetero/high_length
hotpotqa,5ab438395542990594ba9bb9,40%,671,1679,10,167.9,30.3791046609343,0.18093570375779808,130.0,217.0,1.6692307692307693,0.10214413341274553,budget-top-k,knapsack-redundancy,0.75,0.7777777777777778,0.02777777777777779,0.0,0.0,0.0,0.5,0.5,0.0,0.0,0.0,0.0,566.0,656.0,0.8435171385991058,0.977645305514158,low,high,low_hetero/high_length
hotpotqa,5ab438395542990594ba9bb9,50%,839,1679,10,167.9,30.3791046609343,0.18093570375779808,130.0,217.0,1.6692307692307693,0.10214413341274553,budget-top-k,knapsack-redundancy,1.0,0.9583333333333334,-0.04166666666666663,1.0,0.0,-1.0,0.5,0.0,-0.5,1.0,1.0,0.0,765.0,825.0,0.9117997616209773,0.9833134684147795,low,high,low_hetero/high_length
hotpotqa,5a81a7f75542995ce29dcc25,30%,459,1533,11,139.36363636363637,51.01563526334171,0.36606130978262147,45.0,206.0,4.5777777777777775,0.20316669631738127,budget-top-k,knapsack-redundancy,1.0,1.0,0.0,1.0,1.0,0.0,0.5,0.5,0.0,1.0,1.0,0.0,433.0,433.0,0.9433551198257081,0.9433551198257081,high,high,high_hetero/high_length
hotpotqa,5a81a7f75542995ce29dcc25,40%,613,1533,11,139.36363636363637,51.01563526334171,0.36606130978262147,45.0,206.0,4.5777777777777775,0.20316669631738127,budget-top-k,knapsack-redundancy,1.0,1.0,0.0,1.0,1.0,0.0,0.5,0.5,0.0,1.0,1.0,0.0,598.0,551.0,0.9755301794453507,0.8988580750407831,high,high,high_hetero/high_length
hotpotqa,5a81a7f75542995ce29dcc25,50%,766,1533,11,139.36363636363637,51.01563526334171,0.36606130978262147,45.0,206.0,4.5777777777777775,0.20316669631738127,budget-top-k,knapsack-redundancy,1.0,1.0,0.0,1.0,1.0,0.0,0.5,0.5,0.0,1.0,1.0,0.0,759.0,748.0,0.9908616187989556,0.9765013054830287,high,high,high_hetero/high_length
hotpotqa,5add98985542990dbb2f7e82,30%,337,1125,8,140.625,41.33381636142494,0.2939293607923551,55.0,177.0,3.2181818181818183,0.15477777777777768,budget-top-k,knapsack-redundancy,0.2435064935064935,0.2435064935064935,0.0,0.0,0.0,0.0,0.0,0.0,0.0,0.0,0.0,0.0,325.0,325.0,0.9643916913946587,0.9643916913946587,medium,low,medium_hetero/low_length
hotpotqa,5add98985542990dbb2f7e82,40%,450,1125,8,140.625,41.33381636142494,0.2939293607923551,55.0,177.0,3.2181818181818183,0.15477777777777768,budget-top-k,knapsack-redundancy,0.6785714285714286,0.6785714285714286,0.0,0.0,0.0,0.0,0.0,0.0,0.0,0.0,0.0,0.0,403.0,403.0,0.8955555555555555,0.8955555555555555,medium,low,medium_hetero/low_length
hotpotqa,5add98985542990dbb2f7e82,50%,562,1125,8,140.625,41.33381636142494,0.2939293607923551,55.0,177.0,3.2181818181818183,0.15477777777777768,budget-top-k,knapsack-redundancy,1.0,0.6785714285714286,-0.3214285714285714,1.0,0.0,-1.0,0.0,0.0,0.0,1.0,0.0,-1.0,517.0,502.0,0.9199288256227758,0.8932384341637011,medium,low,medium_hetero/low_length
hotpotqa,5ae1465855429920d5234373,30%,351,1173,8,146.625,44.36760501762519,0.3025923615865315,75.0,206.0,2.7466666666666666,0.1622975277067349,budget-top-k,knapsack-redundancy,0.8974358974358975,0.4006734006734007,-0.4967624967624968,0.0,0.0,0.0,0.5,0.0,-0.5,0.6666666666666666,1.0,0.33333333333333337,281.0,331.0,0.8005698005698005,0.9430199430199431,high,medium,high_hetero/medium_length
hotpotqa,5ae1465855429920d5234373,40%,469,1173,8,146.625,44.36760501762519,0.3025923615865315,75.0,206.0,2.7466666666666666,0.1622975277067349,budget-top-k,knapsack-redundancy,1.0,1.0,0.0,1.0,1.0,0.0,0.5,0.5,0.0,1.0,1.0,0.0,461.0,461.0,0.9829424307036247,0.9829424307036247,high,medium,high_hetero/medium_length
hotpotqa,5ae1465855429920d5234373,50%,586,1173,8,146.625,44.36760501762519,0.3025923615865315,75.0,206.0,2.7466666666666666,0.1622975277067349,budget-top-k,knapsack-redundancy,1.0,1.0,0.0,1.0,1.0,0.0,0.5,0.5,0.0,1.0,1.0,0.0,537.0,537.0,0.9163822525597269,0.9163822525597269,high,medium,high_hetero/medium_length
hotpotqa,5a721d5a55429971e9dc9283,30%,393,1313,9,145.88888888888889,47.8944312338071,0.3282938926917471,37.0,198.0,5.351351351351352,0.17381738173817385,budget-top-k,knapsack-redundancy,0.7999999999999999,0.7999999999999999,0.0,0.0,0.0,0.0,0.5,0.5,0.0,1.0,1.0,0.0,290.0,290.0,0.7379134860050891,0.7379134860050891,high,medium,high_hetero/medium_length
hotpotqa,5a721d5a55429971e9dc9283,40%,525,1313,9,145.88888888888889,47.8944312338071,0.3282938926917471,37.0,198.0,5.351351351351352,0.17381738173817385,budget-top-k,knapsack-redundancy,1.0,1.0,0.0,1.0,1.0,0.0,0.5,0.5,0.0,1.0,1.0,0.0,436.0,436.0,0.8304761904761905,0.8304761904761905,high,medium,high_hetero/medium_length
hotpotqa,5a721d5a55429971e9dc9283,50%,656,1313,9,145.88888888888889,47.8944312338071,0.3282938926917471,37.0,198.0,5.351351351351352,0.17381738173817385,budget-top-k,knapsack-redundancy,1.0,1.0,0.0,1.0,1.0,0.0,0.5,0.5,0.0,1.0,1.0,0.0,624.0,624.0,0.9512195121951219,0.9512195121951219,high,medium,high_hetero/medium_length
hotpotqa,5ae7ea695542994a481bbe17,30%,308,1029,7,147.0,36.11885142929421,0.24570647230812387,94.0,193.0,2.0531914893617023,0.13744273219491876,budget-top-k,knapsack-redundancy,1.0,1.0,0.0,1.0,1.0,0.0,0.5,0.5,0.0,1.0,1.0,0.0,287.0,287.0,0.9318181818181818,0.9318181818181818,medium,low,medium_hetero/low_length
hotpotqa,5ae7ea695542994a481bbe17,40%,411,1029,7,147.0,36.11885142929421,0.24570647230812387,94.0,193.0,2.0531914893617023,0.13744273219491876,budget-top-k,knapsack-redundancy,1.0,1.0,0.0,1.0,1.0,0.0,0.5,0.5,0.0,1.0,1.0,0.0,386.0,386.0,0.9391727493917275,0.9391727493917275,medium,low,medium_hetero/low_length
hotpotqa,5ae7ea695542994a481bbe17,50%,514,1029,7,147.0,36.11885142929421,0.24570647230812387,94.0,193.0,2.0531914893617023,0.13744273219491876,budget-top-k,knapsack-redundancy,1.0,1.0,0.0,1.0,1.0,0.0,0.5,0.5,0.0,1.0,1.0,0.0,469.0,469.0,0.9124513618677043,0.9124513618677043,medium,low,medium_hetero/low_length
hotpotqa,5ae7eb3c5542994a481bbe20,30%,846,2823,19,148.6315789473684,25.367219888575615,0.1706718051993402,92.0,201.0,2.1847826086956523,0.09292530192336379,budget-top-k,knapsack-redundancy,1.0,1.0,0.0,1.0,1.0,0.0,0.5,0.5,0.0,1.0,1.0,0.0,840.0,844.0,0.9929078014184397,0.9976359338061466,low,high,low_hetero/high_length
hotpotqa,5ae7eb3c5542994a481bbe20,40%,1129,2823,19,148.6315789473684,25.367219888575615,0.1706718051993402,92.0,201.0,2.1847826086956523,0.09292530192336379,budget-top-k,knapsack-redundancy,1.0,1.0,0.0,1.0,1.0,0.0,0.5,0.5,0.0,1.0,1.0,0.0,1056.0,1118.0,0.9353410097431355,0.9902568644818424,low,high,low_hetero/high_length
hotpotqa,5ae7eb3c5542994a481bbe20,50%,1411,2823,19,148.6315789473684,25.367219888575615,0.1706718051993402,92.0,201.0,2.1847826086956523,0.09292530192336379,budget-top-k,knapsack-redundancy,1.0,1.0,0.0,1.0,1.0,0.0,0.5,0.5,0.0,1.0,1.0,0.0,1411.0,1408.0,1.0,0.9978738483345145,low,high,low_hetero/high_length
hotpotqa,5adf69055542995534e8c7a4,30%,359,1198,7,171.14285714285714,49.345512377892426,0.28832937115629964,68.0,217.0,3.1911764705882355,0.15096589554018602,budget-top-k,knapsack-redundancy,0.6333333333333333,0.6333333333333333,0.0,0.0,0.0,0.0,0.0,0.0,0.0,0.3333333333333333,0.3333333333333333,0.0,285.0,285.0,0.7938718662952646,0.7938718662952646,medium,medium,medium_hetero/medium_length
hotpotqa,5adf69055542995534e8c7a4,40%,479,1198,7,171.14285714285714,49.345512377892426,0.28832937115629964,68.0,217.0,3.1911764705882355,0.15096589554018602,budget-top-k,knapsack-redundancy,0.6666666666666666,0.6666666666666666,0.0,0.0,0.0,0.0,0.0,0.0,0.0,0.3333333333333333,0.3333333333333333,0.0,470.0,470.0,0.9812108559498957,0.9812108559498957,medium,medium,medium_hetero/medium_length
hotpotqa,5adf69055542995534e8c7a4,50%,599,1198,7,171.14285714285714,49.345512377892426,0.28832937115629964,68.0,217.0,3.1911764705882355,0.15096589554018602,budget-top-k,knapsack-redundancy,0.6666666666666666,0.6666666666666666,0.0,0.0,0.0,0.0,0.0,0.0,0.0,0.3333333333333333,0.3333333333333333,0.0,470.0,470.0,0.7846410684474123,0.7846410684474123,medium,medium,medium_hetero/medium_length
hotpotqa,5a806cdf5542996402f6a508,30%,464,1547,12,128.91666666666666,43.71395340417316,0.3390869042340517,41.0,203.0,4.951219512195122,0.19096099978452918,budget-top-k,knapsack-redundancy,1.0,1.0,0.0,1.0,1.0,0.0,0.5,0.5,0.0,1.0,1.0,0.0,454.0,454.0,0.978448275862069,0.978448275862069,high,high,high_hetero/high_length
hotpotqa,5a806cdf5542996402f6a508,40%,618,1547,12,128.91666666666666,43.71395340417316,0.3390869042340517,41.0,203.0,4.951219512195122,0.19096099978452918,budget-top-k,knapsack-redundancy,1.0,1.0,0.0,1.0,1.0,0.0,0.5,0.5,0.0,1.0,1.0,0.0,612.0,612.0,0.9902912621359223,0.9902912621359223,high,high,high_hetero/high_length
hotpotqa,5a806cdf5542996402f6a508,50%,773,1547,12,128.91666666666666,43.71395340417316,0.3390869042340517,41.0,203.0,4.951219512195122,0.19096099978452918,budget-top-k,knapsack-redundancy,1.0,1.0,0.0,1.0,1.0,0.0,0.5,0.5,0.0,1.0,1.0,0.0,724.0,724.0,0.9366106080206986,0.9366106080206986,high,high,high_hetero/high_length
hotpotqa,5a78d01d55429974737f78b3,30%,513,1711,13,131.6153846153846,38.81621085129345,0.2949215318917679,67.0,187.0,2.791044776119403,0.1659848042080656,budget-top-k,knapsack-redundancy,0.2700534759358289,0.2700534759358289,0.0,0.0,0.0,0.0,0.0,0.0,0.0,0.0,0.0,0.0,496.0,496.0,0.9668615984405458,0.9668615984405458,medium,high,medium_hetero/high_length
hotpotqa,5a78d01d55429974737f78b3,40%,684,1711,13,131.6153846153846,38.81621085129345,0.2949215318917679,67.0,187.0,2.791044776119403,0.1659848042080656,budget-top-k,knapsack-redundancy,0.2700534759358289,0.6764705882352942,0.40641711229946526,0.0,0.0,0.0,0.0,0.5,0.5,0.0,1.0,1.0,683.0,669.0,0.9985380116959064,0.9780701754385965,medium,high,medium_hetero/high_length
hotpotqa,5a78d01d55429974737f78b3,50%,855,1711,13,131.6153846153846,38.81621085129345,0.2949215318917679,67.0,187.0,2.791044776119403,0.1659848042080656,budget-top-k,knapsack-redundancy,0.8181818181818181,0.2994652406417112,-0.5187165775401069,0.0,0.0,0.0,0.5,0.0,-0.5,0.0,0.0,0.0,802.0,850.0,0.9380116959064327,0.9941520467836257,medium,high,medium_hetero/high_length
hotpotqa,5adf62d05542992d7e9f932d,30%,494,1648,12,137.33333333333334,37.128904583296766,0.2703561013346852,49.0,175.0,3.5714285714285716,0.14158576051779947,budget-top-k,knapsack-redundancy,0.625,1.0,0.375,0.0,1.0,1.0,0.0,0.5,0.5,1.0,1.0,0.0,473.0,492.0,0.9574898785425101,0.9959514170040485,medium,high,medium_hetero/high_length
hotpotqa,5adf62d05542992d7e9f932d,40%,659,1648,12,137.33333333333334,37.128904583296766,0.2703561013346852,49.0,175.0,3.5714285714285716,0.14158576051779947,budget-top-k,knapsack-redundancy,0.625,0.625,0.0,0.0,0.0,0.0,0.0,0.0,0.0,1.0,1.0,0.0,619.0,619.0,0.9393019726858877,0.9393019726858877,medium,high,medium_hetero/high_length
hotpotqa,5adf62d05542992d7e9f932d,50%,824,1648,12,137.33333333333334,37.128904583296766,0.2703561013346852,49.0,175.0,3.5714285714285716,0.14158576051779947,budget-top-k,knapsack-redundancy,0.625,1.0,0.375,0.0,1.0,1.0,0.0,0.5,0.5,1.0,1.0,0.0,794.0,794.0,0.9635922330097088,0.9635922330097088,medium,high,medium_hetero/high_length
hotpotqa,5a8b3fe85542995d1e6f1323,30%,210,701,4,175.25,18.30812661087966,0.10446862545437753,153.0,203.0,1.326797385620915,0.05741797432239659,budget-top-k,knapsack-redundancy,0.5166666666666667,0.5166666666666667,0.0,0.0,0.0,0.0,0.0,0.0,0.0,0.0,0.0,0.0,167.0,167.0,0.7952380952380952,0.7952380952380952,low,low,low_hetero/low_length
hotpotqa,5a8b3fe85542995d1e6f1323,40%,280,701,4,175.25,18.30812661087966,0.10446862545437753,153.0,203.0,1.326797385620915,0.05741797432239659,budget-top-k,knapsack-redundancy,0.5166666666666667,0.5166666666666667,0.0,0.0,0.0,0.0,0.0,0.0,0.0,0.0,0.0,0.0,167.0,167.0,0.5964285714285714,0.5964285714285714,low,low,low_hetero/low_length
hotpotqa,5a8b3fe85542995d1e6f1323,50%,350,701,4,175.25,18.30812661087966,0.10446862545437753,153.0,203.0,1.326797385620915,0.05741797432239659,budget-top-k,knapsack-redundancy,0.5444444444444444,0.5444444444444444,0.0,0.0,0.0,0.0,0.0,0.0,0.0,0.0,0.0,0.0,345.0,345.0,0.9857142857142858,0.9857142857142858,low,low,low_hetero/low_length
hotpotqa,5a7dedef5542995f4f40231a,30%,251,838,7,119.71428571428571,50.98939465562362,0.42592573101356246,54.0,181.0,3.3518518518518516,0.2301397886123424,budget-top-k,knapsack-redundancy,0.7083333333333334,0.7083333333333334,0.0,0.0,0.0,0.0,0.0,0.0,0.0,1.0,1.0,0.0,216.0,216.0,0.8605577689243028,0.8605577689243028,high,low,high_hetero/low_length
hotpotqa,5a7dedef5542995f4f40231a,40%,335,838,7,119.71428571428571,50.98939465562362,0.42592573101356246,54.0,181.0,3.3518518518518516,0.2301397886123424,budget-top-k,knapsack-redundancy,0.7083333333333334,0.75,0.04166666666666663,0.0,0.0,0.0,0.0,0.0,0.0,1.0,1.0,0.0,321.0,270.0,0.9582089552238806,0.8059701492537313,high,low,high_hetero/low_length
hotpotqa,5a7dedef5542995f4f40231a,50%,419,838,7,119.71428571428571,50.98939465562362,0.42592573101356246,54.0,181.0,3.3518518518518516,0.2301397886123424,budget-top-k,knapsack-redundancy,1.0,1.0,0.0,1.0,1.0,0.0,0.0,0.0,0.0,1.0,1.0,0.0,397.0,397.0,0.9474940334128878,0.9474940334128878,high,low,high_hetero/low_length
hotpotqa,5a88c68d55429938390d3fba,30%,425,1419,10,142.0,53.39475629684998,0.37601941054119703,46.0,213.0,4.630434782608695,0.21197183098591532,budget-top-k,knapsack-redundancy,0.7142857142857143,0.7142857142857143,0.0,0.0,0.0,0.0,0.0,0.0,0.0,0.0,0.0,0.0,422.0,422.0,0.9929411764705882,0.9929411764705882,high,high,high_hetero/high_length
hotpotqa,5a88c68d55429938390d3fba,40%,567,1419,10,142.0,53.39475629684998,0.37601941054119703,46.0,213.0,4.630434782608695,0.21197183098591532,budget-top-k,knapsack-redundancy,0.7142857142857143,0.7142857142857143,0.0,0.0,0.0,0.0,0.0,0.0,0.0,0.0,0.0,0.0,527.0,527.0,0.9294532627865961,0.9294532627865961,high,high,high_hetero/high_length
hotpotqa,5a88c68d55429938390d3fba,50%,709,1419,10,142.0,53.39475629684998,0.37601941054119703,46.0,213.0,4.630434782608695,0.21197183098591532,budget-top-k,knapsack-redundancy,1.0,0.7142857142857143,-0.2857142857142857,1.0,0.0,-1.0,0.0,0.0,0.0,1.0,0.0,-1.0,677.0,665.0,0.9548660084626234,0.9379407616361072,high,high,high_hetero/high_length
hotpotqa,5abc0bea554299658360040d,30%,349,1165,8,145.625,54.41492786910592,0.3736647407320578,49.0,220.0,4.489795918367347,0.2065450643776825,budget-top-k,knapsack-redundancy,0.6111111111111112,0.6111111111111112,0.0,0.0,0.0,0.0,0.0,0.0,0.0,0.0,0.0,0.0,338.0,338.0,0.9684813753581661,0.9684813753581661,high,medium,high_hetero/medium_length
hotpotqa,5abc0bea554299658360040d,40%,466,1165,8,145.625,54.41492786910592,0.3736647407320578,49.0,220.0,4.489795918367347,0.2065450643776825,budget-top-k,knapsack-redundancy,0.6666666666666666,0.6666666666666666,0.0,0.0,0.0,0.0,0.0,0.0,0.0,0.0,0.0,0.0,421.0,421.0,0.9034334763948498,0.9034334763948498,high,medium,high_hetero/medium_length
hotpotqa,5abc0bea554299658360040d,50%,582,1165,8,145.625,54.41492786910592,0.3736647407320578,49.0,220.0,4.489795918367347,0.2065450643776825,budget-top-k,knapsack-redundancy,0.6666666666666666,0.6666666666666666,0.0,0.0,0.0,0.0,0.0,0.0,0.0,0.0,0.0,0.0,518.0,518.0,0.8900343642611683,0.8900343642611683,high,medium,high_hetero/medium_length
hotpotqa,5abb2f245542996cc5e49fd2,30%,340,1136,7,162.28571428571428,37.84069723653277,0.2331733104363815,104.0,210.0,2.019230769230769,0.13204225352112675,budget-top-k,knapsack-redundancy,0.625,0.625,0.0,0.0,0.0,0.0,0.0,0.0,0.0,0.0,0.0,0.0,311.0,311.0,0.9147058823529411,0.9147058823529411,medium,low,medium_hetero/low_length
hotpotqa,5abb2f245542996cc5e49fd2,40%,454,1136,7,162.28571428571428,37.84069723653277,0.2331733104363815,104.0,210.0,2.019230769230769,0.13204225352112675,budget-top-k,knapsack-redundancy,1.0,1.0,0.0,1.0,1.0,0.0,0.0,0.0,0.0,1.0,1.0,0.0,370.0,370.0,0.8149779735682819,0.8149779735682819,medium,low,medium_hetero/low_length
hotpotqa,5abb2f245542996cc5e49fd2,50%,568,1136,7,162.28571428571428,37.84069723653277,0.2331733104363815,104.0,210.0,2.019230769230769,0.13204225352112675,budget-top-k,knapsack-redundancy,1.0,1.0,0.0,1.0,1.0,0.0,0.0,0.0,0.0,1.0,1.0,0.0,474.0,474.0,0.8345070422535211,0.8345070422535211,medium,low,medium_hetero/low_length
hotpotqa,5a72f74a55429901807daf59,30%,308,1028,7,146.85714285714286,44.33453530159263,0.3018888590575374,75.0,215.0,2.8666666666666667,0.16842690383546421,budget-top-k,knapsack-redundancy,0.42095238095238097,0.42095238095238097,0.0,0.0,0.0,0.0,0.5,0.5,0.0,1.0,1.0,0.0,290.0,290.0,0.9415584415584416,0.9415584415584416,high,low,high_hetero/low_length
hotpotqa,5a72f74a55429901807daf59,40%,411,1028,7,146.85714285714286,44.33453530159263,0.3018888590575374,75.0,215.0,2.8666666666666667,0.16842690383546421,budget-top-k,knapsack-redundancy,0.2799134199134199,1.0,0.7200865800865801,0.0,1.0,1.0,0.0,1.0,1.0,0.0,1.0,1.0,401.0,389.0,0.975669099756691,0.9464720194647201,high,low,high_hetero/low_length
hotpotqa,5a72f74a55429901807daf59,50%,514,1028,7,146.85714285714286,44.33453530159263,0.3018888590575374,75.0,215.0,2.8666666666666667,0.16842690383546421,budget-top-k,knapsack-redundancy,0.9090909090909092,0.9090909090909092,0.0,0.0,0.0,0.0,0.5,0.5,0.0,1.0,1.0,0.0,500.0,500.0,0.9727626459143969,0.9727626459143969,high,low,high_hetero/low_length
hotpotqa,5ae0a54e5542993d6555ebdd,30%,611,2038,19,107.3157894736842,67.47011239417046,0.6287062949922702,4.0,211.0,52.75,0.3464030355437393,budget-top-k,knapsack-redundancy,0.9117647058823529,0.75,-0.16176470588235292,0.0,0.0,0.0,0.5,0.5,0.0,0.6666666666666666,1.0,0.33333333333333337,611.0,608.0,1.0,0.9950900163666121,high,high,high_hetero/high_length
hotpotqa,5ae0a54e5542993d6555ebdd,40%,815,2038,19,107.3157894736842,67.47011239417046,0.6287062949922702,4.0,211.0,52.75,0.3464030355437393,budget-top-k,knapsack-redundancy,0.9117647058823529,1.0,0.08823529411764708,0.0,1.0,1.0,0.5,1.0,0.5,0.6666666666666666,1.0,0.33333333333333337,807.0,814.0,0.9901840490797545,0.9987730061349693,high,high,high_hetero/high_length
hotpotqa,5ae0a54e5542993d6555ebdd,50%,1019,2038,19,107.3157894736842,67.47011239417046,0.6287062949922702,4.0,211.0,52.75,0.3464030355437393,budget-top-k,knapsack-redundancy,0.9705882352941176,1.0,0.02941176470588236,0.0,1.0,1.0,0.5,1.0,0.5,0.6666666666666666,1.0,0.33333333333333337,1016.0,1018.0,0.9970559371933267,0.9990186457311089,high,high,high_hetero/high_length
hotpotqa,5a866e7e554299211dda2b29,30%,663,2211,16,138.1875,40.49725106411545,0.2930601614770906,40.0,199.0,4.975,0.1608152419719584,budget-top-k,knapsack-redundancy,0.8787878787878788,0.8787878787878788,0.0,0.0,0.0,0.0,1.0,1.0,0.0,1.0,1.0,0.0,652.0,642.0,0.9834087481146304,0.9683257918552036,medium,high,medium_hetero/high_length
hotpotqa,5a866e7e554299211dda2b29,40%,884,2211,16,138.1875,40.49725106411545,0.2930601614770906,40.0,199.0,4.975,0.1608152419719584,budget-top-k,knapsack-redundancy,0.8787878787878788,0.8787878787878788,0.0,0.0,0.0,0.0,1.0,1.0,0.0,1.0,1.0,0.0,878.0,877.0,0.9932126696832579,0.9920814479638009,medium,high,medium_hetero/high_length
hotpotqa,5a866e7e554299211dda2b29,50%,1105,2211,16,138.1875,40.49725106411545,0.2930601614770906,40.0,199.0,4.975,0.1608152419719584,budget-top-k,knapsack-redundancy,0.8787878787878788,0.8787878787878788,0.0,0.0,0.0,0.0,1.0,1.0,0.0,1.0,1.0,0.0,1091.0,1091.0,0.9873303167420815,0.9873303167420815,medium,high,medium_hetero/high_length
hotpotqa,5abaf6865542996cc5e49f3c,30%,440,1469,12,122.41666666666667,29.917827275537388,0.2443934154570787,84.0,169.0,2.011904761904762,0.1371114136600864,budget-top-k,knapsack-redundancy,1.0,1.0,0.0,1.0,1.0,0.0,1.0,1.0,0.0,1.0,1.0,0.0,431.0,431.0,0.9795454545454545,0.9795454545454545,medium,high,medium_hetero/high_length
hotpotqa,5abaf6865542996cc5e49f3c,40%,587,1469,12,122.41666666666667,29.917827275537388,0.2443934154570787,84.0,169.0,2.011904761904762,0.1371114136600864,budget-top-k,knapsack-redundancy,1.0,1.0,0.0,1.0,1.0,0.0,1.0,1.0,0.0,1.0,1.0,0.0,563.0,563.0,0.959114139693356,0.959114139693356,medium,high,medium_hetero/high_length
hotpotqa,5abaf6865542996cc5e49f3c,50%,734,1469,12,122.41666666666667,29.917827275537388,0.2443934154570787,84.0,169.0,2.011904761904762,0.1371114136600864,budget-top-k,knapsack-redundancy,1.0,1.0,0.0,1.0,1.0,0.0,1.0,1.0,0.0,1.0,1.0,0.0,688.0,688.0,0.9373297002724795,0.9373297002724795,medium,high,medium_hetero/high_length
hotpotqa,5ae534bb5542990ba0bbb21d,30%,291,970,6,161.66666666666666,55.826118936887916,0.345316199609616,47.0,218.0,4.638297872340425,0.17560137457044656,budget-top-k,knapsack-redundancy,1.0,1.0,0.0,1.0,1.0,0.0,0.5,0.5,0.0,1.0,1.0,0.0,194.0,194.0,0.6666666666666666,0.6666666666666666,high,low,high_hetero/low_length
hotpotqa,5ae534bb5542990ba0bbb21d,40%,388,970,6,161.66666666666666,55.826118936887916,0.345316199609616,47.0,218.0,4.638297872340425,0.17560137457044656,budget-top-k,knapsack-redundancy,1.0,1.0,0.0,1.0,1.0,0.0,0.5,0.5,0.0,1.0,1.0,0.0,387.0,387.0,0.9974226804123711,0.9974226804123711,high,low,high_hetero/low_length
hotpotqa,5ae534bb5542990ba0bbb21d,50%,485,970,6,161.66666666666666,55.826118936887916,0.345316199609616,47.0,218.0,4.638297872340425,0.17560137457044656,budget-top-k,knapsack-redundancy,1.0,1.0,0.0,1.0,1.0,0.0,0.5,0.5,0.0,1.0,1.0,0.0,389.0,389.0,0.8020618556701031,0.8020618556701031,high,low,high_hetero/low_length
hotpotqa,5ae327e05542992f92d82220,30%,276,922,6,153.66666666666666,43.64885132763773,0.28404892404102644,94.0,211.0,2.24468085106383,0.1561822125813448,budget-top-k,knapsack-redundancy,1.0,1.0,0.0,1.0,1.0,0.0,0.0,0.0,0.0,0.0,0.0,0.0,211.0,211.0,0.7644927536231884,0.7644927536231884,medium,low,medium_hetero/low_length
hotpotqa,5ae327e05542992f92d82220,40%,368,922,6,153.66666666666666,43.64885132763773,0.28404892404102644,94.0,211.0,2.24468085106383,0.1561822125813448,budget-top-k,knapsack-redundancy,1.0,1.0,0.0,1.0,1.0,0.0,0.0,0.0,0.0,0.0,0.0,0.0,306.0,335.0,0.8315217391304348,0.9103260869565217,medium,low,medium_hetero/low_length
hotpotqa,5ae327e05542992f92d82220,50%,461,922,6,153.66666666666666,43.64885132763773,0.28404892404102644,94.0,211.0,2.24468085106383,0.1561822125813448,budget-top-k,knapsack-redundancy,1.0,1.0,0.0,1.0,1.0,0.0,0.0,0.0,0.0,0.0,0.0,0.0,400.0,400.0,0.8676789587852495,0.8676789587852495,medium,low,medium_hetero/low_length
hotpotqa,5abebbe65542997719eab59d,30%,321,1073,6,179.0,14.708274315273473,0.08216913025292442,153.0,198.0,1.2941176470588236,0.04531346989447549,budget-top-k,knapsack-redundancy,0.49849849849849853,0.49849849849849853,0.0,0.0,0.0,0.0,0.0,0.0,0.0,1.0,1.0,0.0,171.0,171.0,0.5327102803738317,0.5327102803738317,low,low,low_hetero/low_length
hotpotqa,5abebbe65542997719eab59d,40%,429,1073,6,179.0,14.708274315273473,0.08216913025292442,153.0,198.0,1.2941176470588236,0.04531346989447549,budget-top-k,knapsack-redundancy,0.5713213213213213,0.5713213213213213,0.0,0.0,0.0,0.0,0.0,0.0,0.0,1.0,1.0,0.0,369.0,369.0,0.8601398601398601,0.8601398601398601,low,low,low_hetero/low_length
hotpotqa,5abebbe65542997719eab59d,50%,536,1073,6,179.0,14.708274315273473,0.08216913025292442,153.0,198.0,1.2941176470588236,0.04531346989447549,budget-top-k,knapsack-redundancy,0.6914414414414415,0.6914414414414415,0.0,0.0,0.0,0.0,0.0,0.0,0.0,1.0,1.0,0.0,522.0,522.0,0.9738805970149254,0.9738805970149254,low,low,low_hetero/low_length
hotpotqa,5ab5e9865542992aa134a3db,30%,410,1367,9,151.88888888888889,41.43118644060949,0.2727729904648759,77.0,205.0,2.6623376623376624,0.15085751442737538,budget-top-k,knapsack-redundancy,1.0,0.6896551724137931,-0.31034482758620685,1.0,0.0,-1.0,0.5,0.0,-0.5,1.0,1.0,0.0,380.0,406.0,0.926829268292683,0.9902439024390244,medium,medium,medium_hetero/medium_length
hotpotqa,5ab5e9865542992aa134a3db,40%,546,1367,9,151.88888888888889,41.43118644060949,0.2727729904648759,77.0,205.0,2.6623376623376624,0.15085751442737538,budget-top-k,knapsack-redundancy,1.0,1.0,0.0,1.0,1.0,0.0,0.5,0.5,0.0,1.0,1.0,0.0,522.0,522.0,0.9560439560439561,0.9560439560439561,medium,medium,medium_hetero/medium_length
hotpotqa,5ab5e9865542992aa134a3db,50%,683,1367,9,151.88888888888889,41.43118644060949,0.2727729904648759,77.0,205.0,2.6623376623376624,0.15085751442737538,budget-top-k,knapsack-redundancy,1.0,1.0,0.0,1.0,1.0,0.0,0.5,0.5,0.0,1.0,1.0,0.0,662.0,670.0,0.9692532942898975,0.9809663250366032,medium,medium,medium_hetero/medium_length
hotpotqa,5a7a112a5542990783324e2b,30%,290,969,6,161.5,34.69750231164581,0.21484521555198646,109.0,213.0,1.9541284403669725,0.11953904368765045,budget-top-k,knapsack-redundancy,0.6,0.7,0.09999999999999998,0.0,0.0,0.0,0.0,0.0,0.0,1.0,1.0,0.0,197.0,262.0,0.6793103448275862,0.903448275862069,low,low,low_hetero/low_length
hotpotqa,5a7a112a5542990783324e2b,40%,387,969,6,161.5,34.69750231164581,0.21484521555198646,109.0,213.0,1.9541284403669725,0.11953904368765045,budget-top-k,knapsack-redundancy,0.8,0.8,0.0,0.0,0.0,0.0,0.0,0.0,0.0,1.0,1.0,0.0,350.0,350.0,0.9043927648578811,0.9043927648578811,low,low,low_hetero/low_length
hotpotqa,5a7a112a5542990783324e2b,50%,484,969,6,161.5,34.69750231164581,0.21484521555198646,109.0,213.0,1.9541284403669725,0.11953904368765045,budget-top-k,knapsack-redundancy,1.0,0.8,-0.19999999999999996,1.0,0.0,-1.0,0.0,0.0,0.0,1.0,1.0,0.0,410.0,459.0,0.8471074380165289,0.9483471074380165,low,low,low_hetero/low_length
hotpotqa,5adf430e5542993a75d2645e,30%,430,1436,9,159.55555555555554,30.394118989301244,0.19049238920871256,97.0,201.0,2.0721649484536084,0.1056948313215722,budget-top-k,knapsack-redundancy,1.0,1.0,0.0,1.0,1.0,0.0,0.0,0.0,0.0,1.0,1.0,0.0,385.0,385.0,0.8953488372093024,0.8953488372093024,low,high,low_hetero/high_length
hotpotqa,5adf430e5542993a75d2645e,40%,574,1436,9,159.55555555555554,30.394118989301244,0.19049238920871256,97.0,201.0,2.0721649484536084,0.1056948313215722,budget-top-k,knapsack-redundancy,1.0,1.0,0.0,1.0,1.0,0.0,0.0,0.0,0.0,1.0,1.0,0.0,523.0,523.0,0.9111498257839721,0.9111498257839721,low,high,low_hetero/high_length
hotpotqa,5adf430e5542993a75d2645e,50%,718,1436,9,159.55555555555554,30.394118989301244,0.19049238920871256,97.0,201.0,2.0721649484536084,0.1056948313215722,budget-top-k,knapsack-redundancy,1.0,1.0,0.0,1.0,1.0,0.0,0.0,0.0,0.0,1.0,1.0,0.0,713.0,713.0,0.9930362116991643,0.9930362116991643,low,high,low_hetero/high_length
hotpotqa,5a779be75542995d83181215,30%,418,1394,10,139.4,42.802336384828344,0.3070468894177069,71.0,196.0,2.76056338028169,0.17446197991391665,budget-top-k,knapsack-redundancy,0.6666666666666666,1.0,0.33333333333333337,0.0,1.0,1.0,0.5,1.0,0.5,0.0,1.0,1.0,408.0,396.0,0.9760765550239234,0.9473684210526315,high,medium,high_hetero/medium_length
hotpotqa,5a779be75542995d83181215,40%,557,1394,10,139.4,42.802336384828344,0.3070468894177069,71.0,196.0,2.76056338028169,0.17446197991391665,budget-top-k,knapsack-redundancy,0.7083333333333334,1.0,0.29166666666666663,0.0,1.0,1.0,0.5,1.0,0.5,1.0,1.0,0.0,506.0,521.0,0.9084380610412927,0.9353680430879713,high,medium,high_hetero/medium_length
hotpotqa,5a779be75542995d83181215,50%,697,1394,10,139.4,42.802336384828344,0.3070468894177069,71.0,196.0,2.76056338028169,0.17446197991391665,budget-top-k,knapsack-redundancy,1.0,1.0,0.0,1.0,1.0,0.0,1.0,1.0,0.0,1.0,1.0,0.0,690.0,690.0,0.9899569583931134,0.9899569583931134,high,medium,high_hetero/medium_length
hotpotqa,5a809b575542996402f6a59c,30%,155,518,3,172.66666666666666,29.23848301278452,0.16933484370338525,151.0,214.0,1.4172185430463575,0.08108108108108114,budget-top-k,knapsack-redundancy,0.6666666666666666,0.6666666666666666,0.0,0.0,0.0,0.0,0.0,0.0,0.0,1.0,1.0,0.0,153.0,153.0,0.9870967741935484,0.9870967741935484,low,low,low_hetero/low_length
hotpotqa,5a809b575542996402f6a59c,40%,207,518,3,172.66666666666666,29.23848301278452,0.16933484370338525,151.0,214.0,1.4172185430463575,0.08108108108108114,budget-top-k,knapsack-redundancy,0.6666666666666666,0.6666666666666666,0.0,0.0,0.0,0.0,0.0,0.0,0.0,1.0,1.0,0.0,153.0,153.0,0.7391304347826086,0.7391304347826086,low,low,low_hetero/low_length
hotpotqa,5a809b575542996402f6a59c,50%,259,518,3,172.66666666666666,29.23848301278452,0.16933484370338525,151.0,214.0,1.4172185430463575,0.08108108108108114,budget-top-k,knapsack-redundancy,0.8888888888888888,0.8888888888888888,0.0,0.0,0.0,0.0,0.0,0.0,0.0,1.0,1.0,0.0,214.0,214.0,0.8262548262548263,0.8262548262548263,low,low,low_hetero/low_length
hotpotqa,5abed9435542994516f45457,30%,344,1148,8,143.5,36.59234892706397,0.2549989472269266,96.0,195.0,2.03125,0.14002613240418116,budget-top-k,knapsack-redundancy,0.8421052631578947,0.8421052631578947,0.0,0.0,0.0,0.0,0.5,0.5,0.0,1.0,1.0,0.0,273.0,273.0,0.7936046511627907,0.7936046511627907,medium,low,medium_hetero/low_length
hotpotqa,5abed9435542994516f45457,40%,459,1148,8,143.5,36.59234892706397,0.2549989472269266,96.0,195.0,2.03125,0.14002613240418116,budget-top-k,knapsack-redundancy,0.6666666666666666,0.8596491228070176,0.19298245614035092,0.0,0.0,0.0,0.0,0.5,0.5,1.0,1.0,0.0,372.0,439.0,0.8104575163398693,0.9564270152505446,medium,low,medium_hetero/low_length
hotpotqa,5abed9435542994516f45457,50%,574,1148,8,143.5,36.59234892706397,0.2549989472269266,96.0,195.0,2.03125,0.14002613240418116,budget-top-k,knapsack-redundancy,1.0,1.0,0.0,1.0,1.0,0.0,0.5,0.5,0.0,1.0,1.0,0.0,565.0,565.0,0.9843205574912892,0.9843205574912892,medium,low,medium_hetero/low_length
hotpotqa,5adf4ba65542992d7e9f931c,30%,446,1487,10,148.7,47.941735471298905,0.32240575300133767,50.0,213.0,4.26,0.17989240080699376,budget-top-k,knapsack-redundancy,0.7,0.7166666666666667,0.01666666666666672,0.0,0.0,0.0,0.5,0.5,0.0,1.0,1.0,0.0,445.0,440.0,0.9977578475336323,0.9865470852017937,high,high,high_hetero/high_length
hotpotqa,5adf4ba65542992d7e9f931c,40%,594,1487,10,148.7,47.941735471298905,0.32240575300133767,50.0,213.0,4.26,0.17989240080699376,budget-top-k,knapsack-redundancy,0.7166666666666667,0.7333333333333334,0.01666666666666672,0.0,0.0,0.0,0.5,1.0,0.5,1.0,1.0,0.0,558.0,572.0,0.9393939393939394,0.9629629629629629,high,high,high_hetero/high_length
hotpotqa,5adf4ba65542992d7e9f931c,50%,743,1487,10,148.7,47.941735471298905,0.32240575300133767,50.0,213.0,4.26,0.17989240080699376,budget-top-k,knapsack-redundancy,0.7333333333333334,0.75,0.016666666666666607,0.0,0.0,0.0,1.0,0.5,-0.5,1.0,1.0,0.0,703.0,730.0,0.946164199192463,0.9825033647375505,high,high,high_hetero/high_length
hotpotqa,5ae491155542995ad6573da3,30%,428,1429,10,142.9,32.56823605908063,0.22790927962967553,108.0,202.0,1.8703703703703705,0.12547235829251213,budget-top-k,knapsack-redundancy,1.0,1.0,0.0,1.0,1.0,0.0,1.0,1.0,0.0,1.0,1.0,0.0,414.0,414.0,0.9672897196261683,0.9672897196261683,low,high,low_hetero/high_length
hotpotqa,5ae491155542995ad6573da3,40%,571,1429,10,142.9,32.56823605908063,0.22790927962967553,108.0,202.0,1.8703703703703705,0.12547235829251213,budget-top-k,knapsack-redundancy,1.0,1.0,0.0,1.0,1.0,0.0,1.0,1.0,0.0,1.0,1.0,0.0,534.0,560.0,0.9352014010507881,0.9807355516637478,low,high,low_hetero/high_length
hotpotqa,5ae491155542995ad6573da3,50%,714,1429,10,142.9,32.56823605908063,0.22790927962967553,108.0,202.0,1.8703703703703705,0.12547235829251213,budget-top-k,knapsack-redundancy,1.0,1.0,0.0,1.0,1.0,0.0,1.0,1.0,0.0,1.0,1.0,0.0,680.0,680.0,0.9523809523809523,0.9523809523809523,low,high,low_hetero/high_length
hotpotqa,5ac440385542997ea680ca4e,30%,287,957,6,159.5,38.50865703535592,0.24143358642856375,92.0,215.0,2.3369565217391304,0.1339254615116683,budget-top-k,knapsack-redundancy,0.6666666666666666,0.6666666666666666,0.0,0.0,0.0,0.0,0.0,0.0,0.0,0.0,0.0,0.0,279.0,279.0,0.9721254355400697,0.9721254355400697,medium,low,medium_hetero/low_length
hotpotqa,5ac440385542997ea680ca4e,40%,382,957,6,159.5,38.50865703535592,0.24143358642856375,92.0,215.0,2.3369565217391304,0.1339254615116683,budget-top-k,knapsack-redundancy,0.6666666666666666,0.6666666666666666,0.0,0.0,0.0,0.0,0.0,0.0,0.0,0.0,0.0,0.0,279.0,279.0,0.7303664921465969,0.7303664921465969,medium,low,medium_hetero/low_length
hotpotqa,5ac440385542997ea680ca4e,50%,478,957,6,159.5,38.50865703535592,0.24143358642856375,92.0,215.0,2.3369565217391304,0.1339254615116683,budget-top-k,knapsack-redundancy,0.43333333333333335,0.6666666666666666,0.23333333333333328,0.0,0.0,0.0,0.0,0.0,0.0,1.0,0.0,-1.0,402.0,417.0,0.8410041841004184,0.8723849372384938,medium,low,medium_hetero/low_length
hotpotqa,5a84d80c5542992a431d1ab5,30%,427,1424,10,142.4,28.436596139481953,0.19969519760872156,68.0,181.0,2.661764705882353,0.09789325842696628,budget-top-k,knapsack-redundancy,0.45578259373925006,0.45578259373925006,0.0,0.0,0.0,0.0,0.0,0.0,0.0,0.0,0.0,0.0,378.0,378.0,0.8852459016393442,0.8852459016393442,low,high,low_hetero/high_length
hotpotqa,5a84d80c5542992a431d1ab5,40%,569,1424,10,142.4,28.436596139481953,0.19969519760872156,68.0,181.0,2.661764705882353,0.09789325842696628,budget-top-k,knapsack-redundancy,0.4663089095287238,0.4663089095287238,0.0,0.0,0.0,0.0,0.0,0.0,0.0,0.0,0.0,0.0,519.0,519.0,0.9121265377855887,0.9121265377855887,low,high,low_hetero/high_length
hotpotqa,5a84d80c5542992a431d1ab5,50%,712,1424,10,142.4,28.436596139481953,0.19969519760872156,68.0,181.0,2.661764705882353,0.09789325842696628,budget-top-k,knapsack-redundancy,0.5002958376332989,0.5002958376332989,0.0,0.0,0.0,0.0,0.0,0.0,0.0,0.0,0.0,0.0,673.0,673.0,0.9452247191011236,0.9452247191011236,low,high,low_hetero/high_length
hotpotqa,5ae7945d5542997b22f6a7ba,30%,254,849,7,121.28571428571429,59.93261522198859,0.49414405954525337,25.0,208.0,8.32,0.2783106175332324,budget-top-k,knapsack-redundancy,1.0,0.8333333333333333,-0.16666666666666674,1.0,0.0,-1.0,0.5,0.5,0.0,1.0,0.0,-1.0,233.0,252.0,0.9173228346456693,0.9921259842519685,high,low,high_hetero/low_length
hotpotqa,5ae7945d5542997b22f6a7ba,40%,339,849,7,121.28571428571429,59.93261522198859,0.49414405954525337,25.0,208.0,8.32,0.2783106175332324,budget-top-k,knapsack-redundancy,1.0,1.0,0.0,1.0,1.0,0.0,0.5,0.5,0.0,1.0,1.0,0.0,319.0,319.0,0.9410029498525073,0.9410029498525073,high,low,high_hetero/low_length
hotpotqa,5ae7945d5542997b22f6a7ba,50%,424,849,7,121.28571428571429,59.93261522198859,0.49414405954525337,25.0,208.0,8.32,0.2783106175332324,budget-top-k,knapsack-redundancy,1.0,0.8666666666666667,-0.1333333333333333,1.0,0.0,-1.0,0.5,0.5,0.0,1.0,0.0,-1.0,374.0,419.0,0.8820754716981132,0.9882075471698113,high,low,high_hetero/low_length
hotpotqa,5ab98608554299131ca42362,30%,418,1396,9,155.11111111111111,23.28301452630434,0.15010539451055804,107.0,186.0,1.7383177570093458,0.08245781598217117,budget-top-k,knapsack-redundancy,1.0,1.0,0.0,1.0,1.0,0.0,0.0,0.0,0.0,1.0,1.0,0.0,359.0,359.0,0.8588516746411483,0.8588516746411483,low,medium,low_hetero/medium_length
hotpotqa,5ab98608554299131ca42362,40%,558,1396,9,155.11111111111111,23.28301452630434,0.15010539451055804,107.0,186.0,1.7383177570093458,0.08245781598217117,budget-top-k,knapsack-redundancy,1.0,1.0,0.0,1.0,1.0,0.0,0.0,0.0,0.0,1.0,1.0,0.0,530.0,530.0,0.9498207885304659,0.9498207885304659,low,medium,low_hetero/medium_length
hotpotqa,5ab98608554299131ca42362,50%,698,1396,9,155.11111111111111,23.28301452630434,0.15010539451055804,107.0,186.0,1.7383177570093458,0.08245781598217117,budget-top-k,knapsack-redundancy,1.0,1.0,0.0,1.0,1.0,0.0,0.0,0.0,0.0,1.0,1.0,0.0,673.0,689.0,0.9641833810888252,0.9871060171919771,low,medium,low_hetero/medium_length
hotpotqa,5ab3eeb5554299233954fff4,30%,457,1525,11,138.63636363636363,48.63644859805663,0.35082028496958884,48.0,207.0,4.3125,0.19207153502235474,budget-top-k,knapsack-redundancy,1.0,1.0,0.0,1.0,1.0,0.0,0.5,0.5,0.0,0.0,0.0,0.0,456.0,422.0,0.9978118161925602,0.9234135667396062,high,high,high_hetero/high_length
hotpotqa,5ab3eeb5554299233954fff4,40%,610,1525,11,138.63636363636363,48.63644859805663,0.35082028496958884,48.0,207.0,4.3125,0.19207153502235474,budget-top-k,knapsack-redundancy,1.0,1.0,0.0,1.0,1.0,0.0,0.5,0.5,0.0,0.0,0.0,0.0,610.0,610.0,1.0,1.0,high,high,high_hetero/high_length
hotpotqa,5ab3eeb5554299233954fff4,50%,762,1525,11,138.63636363636363,48.63644859805663,0.35082028496958884,48.0,207.0,4.3125,0.19207153502235474,budget-top-k,knapsack-redundancy,1.0,1.0,0.0,1.0,1.0,0.0,0.5,0.5,0.0,0.0,0.0,0.0,753.0,753.0,0.9881889763779528,0.9881889763779528,high,high,high_hetero/high_length
hotpotqa,5a7ce50f55429909bec76869,30%,324,1081,7,154.42857142857142,32.20850439095303,0.20856570835954785,109.0,197.0,1.8073394495412844,0.11629443636844194,budget-top-k,knapsack-redundancy,0.6666666666666666,0.6666666666666666,0.0,0.0,0.0,0.0,0.0,0.0,0.0,0.0,0.0,0.0,306.0,306.0,0.9444444444444444,0.9444444444444444,low,low,low_hetero/low_length
hotpotqa,5a7ce50f55429909bec76869,40%,432,1081,7,154.42857142857142,32.20850439095303,0.20856570835954785,109.0,197.0,1.8073394495412844,0.11629443636844194,budget-top-k,knapsack-redundancy,1.0,1.0,0.0,1.0,1.0,0.0,0.5,0.5,0.0,0.0,0.0,0.0,364.0,364.0,0.8425925925925926,0.8425925925925926,low,low,low_hetero/low_length
hotpotqa,5a7ce50f55429909bec76869,50%,540,1081,7,154.42857142857142,32.20850439095303,0.20856570835954785,109.0,197.0,1.8073394495412844,0.11629443636844194,budget-top-k,knapsack-redundancy,1.0,1.0,0.0,1.0,1.0,0.0,0.5,0.5,0.0,0.0,0.0,0.0,473.0,473.0,0.8759259259259259,0.8759259259259259,low,low,low_hetero/low_length
hotpotqa,5a8fa4d95542995b4424207b,30%,388,1295,8,161.875,36.223050327105256,0.2237717394724649,80.0,194.0,2.425,0.11129343629343635,budget-top-k,knapsack-redundancy,1.0,1.0,0.0,1.0,1.0,0.0,1.0,1.0,0.0,1.0,1.0,0.0,379.0,379.0,0.9768041237113402,0.9768041237113402,low,medium,low_hetero/medium_length
hotpotqa,5a8fa4d95542995b4424207b,40%,518,1295,8,161.875,36.223050327105256,0.2237717394724649,80.0,194.0,2.425,0.11129343629343635,budget-top-k,knapsack-redundancy,1.0,1.0,0.0,1.0,1.0,0.0,1.0,1.0,0.0,1.0,1.0,0.0,391.0,391.0,0.7548262548262549,0.7548262548262549,low,medium,low_hetero/medium_length
hotpotqa,5a8fa4d95542995b4424207b,50%,647,1295,8,161.875,36.223050327105256,0.2237717394724649,80.0,194.0,2.425,0.11129343629343635,budget-top-k,knapsack-redundancy,1.0,1.0,0.0,1.0,1.0,0.0,1.0,1.0,0.0,1.0,1.0,0.0,585.0,585.0,0.9041731066460588,0.9041731066460588,low,medium,low_hetero/medium_length
hotpotqa,5a72ba165542992359bc318a,30%,396,1322,11,120.18181818181819,47.483620490396824,0.3950982037778858,12.0,168.0,14.0,0.20629899601155288,budget-top-k,knapsack-redundancy,0.6,0.6,0.0,0.0,0.0,0.0,0.5,0.5,0.0,0.0,0.0,0.0,386.0,386.0,0.9747474747474747,0.9747474747474747,high,medium,high_hetero/medium_length
hotpotqa,5a72ba165542992359bc318a,40%,528,1322,11,120.18181818181819,47.483620490396824,0.3950982037778858,12.0,168.0,14.0,0.20629899601155288,budget-top-k,knapsack-redundancy,0.6,0.6,0.0,0.0,0.0,0.0,0.5,0.5,0.0,0.0,0.0,0.0,496.0,524.0,0.9393939393939394,0.9924242424242424,high,medium,high_hetero/medium_length
hotpotqa,5a72ba165542992359bc318a,50%,661,1322,11,120.18181818181819,47.483620490396824,0.3950982037778858,12.0,168.0,14.0,0.20629899601155288,budget-top-k,knapsack-redundancy,1.0,1.0,0.0,1.0,1.0,0.0,0.5,0.5,0.0,1.0,1.0,0.0,651.0,651.0,0.9848714069591528,0.9848714069591528,high,medium,high_hetero/medium_length
hotpotqa,5a85ae455542997175ce1ff0,30%,454,1515,10,151.5,29.679117237546,0.195901763944198,93.0,190.0,2.043010752688172,0.10541254125412536,budget-top-k,knapsack-redundancy,0.75,0.75,0.0,0.0,0.0,0.0,0.0,0.0,0.0,1.0,1.0,0.0,434.0,452.0,0.9559471365638766,0.9955947136563876,low,high,low_hetero/high_length
hotpotqa,5a85ae455542997175ce1ff0,40%,606,1515,10,151.5,29.679117237546,0.195901763944198,93.0,190.0,2.043010752688172,0.10541254125412536,budget-top-k,knapsack-redundancy,0.75,0.75,0.0,0.0,0.0,0.0,0.0,0.0,0.0,1.0,1.0,0.0,594.0,594.0,0.9801980198019802,0.9801980198019802,low,high,low_hetero/high_length
hotpotqa,5a85ae455542997175ce1ff0,50%,757,1515,10,151.5,29.679117237546,0.195901763944198,93.0,190.0,2.043010752688172,0.10541254125412536,budget-top-k,knapsack-redundancy,0.75,0.75,0.0,0.0,0.0,0.0,0.0,0.0,0.0,1.0,1.0,0.0,751.0,751.0,0.9920739762219286,0.9920739762219286,low,high,low_hetero/high_length
hotpotqa,5a8bbfb15542995e66a474f6,30%,175,586,4,146.5,39.39860403618382,0.2689324507589339,108.0,205.0,1.8981481481481481,0.14419795221843001,budget-top-k,knapsack-redundancy,0.7222222222222222,0.7222222222222222,0.0,0.0,0.0,0.0,0.0,0.0,0.0,1.0,1.0,0.0,108.0,108.0,0.6171428571428571,0.6171428571428571,medium,low,medium_hetero/low_length
hotpotqa,5a8bbfb15542995e66a474f6,40%,234,586,4,146.5,39.39860403618382,0.2689324507589339,108.0,205.0,1.8981481481481481,0.14419795221843001,budget-top-k,knapsack-redundancy,0.85,0.85,0.0,0.0,0.0,0.0,0.0,0.0,0.0,1.0,1.0,0.0,205.0,205.0,0.8760683760683761,0.8760683760683761,medium,low,medium_hetero/low_length
hotpotqa,5a8bbfb15542995e66a474f6,50%,293,586,4,146.5,39.39860403618382,0.2689324507589339,108.0,205.0,1.8981481481481481,0.14419795221843001,budget-top-k,knapsack-redundancy,0.85,0.85,0.0,0.0,0.0,0.0,0.0,0.0,0.0,1.0,1.0,0.0,205.0,205.0,0.6996587030716723,0.6996587030716723,medium,low,medium_hetero/low_length
hotpotqa,5ac240ef55429951e9e684ef,30%,355,1185,7,169.28571428571428,34.36657132286833,0.20300928207601546,120.0,216.0,1.8,0.1111512959614227,budget-top-k,knapsack-redundancy,0.7999999999999999,0.7999999999999999,0.0,0.0,0.0,0.0,0.0,0.0,0.0,0.0,0.0,0.0,336.0,336.0,0.9464788732394366,0.9464788732394366,low,medium,low_hetero/medium_length
hotpotqa,5ac240ef55429951e9e684ef,40%,474,1185,7,169.28571428571428,34.36657132286833,0.20300928207601546,120.0,216.0,1.8,0.1111512959614227,budget-top-k,knapsack-redundancy,1.0,0.7999999999999999,-0.20000000000000007,1.0,0.0,-1.0,0.0,0.0,0.0,0.0,0.0,0.0,425.0,460.0,0.8966244725738397,0.9704641350210971,low,medium,low_hetero/medium_length
hotpotqa,5ac240ef55429951e9e684ef,50%,592,1185,7,169.28571428571428,34.36657132286833,0.20300928207601546,120.0,216.0,1.8,0.1111512959614227,budget-top-k,knapsack-redundancy,1.0,1.0,0.0,1.0,1.0,0.0,0.0,0.0,0.0,0.0,0.0,0.0,545.0,545.0,0.9206081081081081,0.9206081081081081,low,medium,low_hetero/medium_length
hotpotqa,5ab72b5c5542993667793f63,30%,435,1452,11,132.0,41.5101301984336,0.31447068332146666,59.0,200.0,3.389830508474576,0.17568244427748558,budget-top-k,knapsack-redundancy,0.8181818181818181,0.8181818181818181,0.0,0.0,0.0,0.0,0.0,0.0,0.0,1.0,1.0,0.0,432.0,430.0,0.993103448275862,0.9885057471264368,high,high,high_hetero/high_length
hotpotqa,5ab72b5c5542993667793f63,40%,580,1452,11,132.0,41.5101301984336,0.31447068332146666,59.0,200.0,3.389830508474576,0.17568244427748558,budget-top-k,knapsack-redundancy,0.8181818181818181,0.8181818181818181,0.0,0.0,0.0,0.0,0.0,0.0,0.0,1.0,1.0,0.0,571.0,573.0,0.9844827586206897,0.9879310344827587,high,high,high_hetero/high_length
hotpotqa,5ab72b5c5542993667793f63,50%,726,1452,11,132.0,41.5101301984336,0.31447068332146666,59.0,200.0,3.389830508474576,0.17568244427748558,budget-top-k,knapsack-redundancy,0.8181818181818181,1.0,0.18181818181818188,0.0,1.0,1.0,0.0,0.5,0.5,1.0,1.0,0.0,722.0,707.0,0.9944903581267218,0.9738292011019284,high,high,high_hetero/high_length
hotpotqa,5ab3af70554299233954ff81,30%,325,1085,7,155.0,34.93667741173205,0.22539791878536805,103.0,202.0,1.9611650485436893,0.12692560895325888,budget-top-k,knapsack-redundancy,0.7941176470588236,0.7941176470588236,0.0,0.0,0.0,0.0,0.0,0.0,0.0,1.0,1.0,0.0,296.0,296.0,0.9107692307692308,0.9107692307692308,low,low,low_hetero/low_length
hotpotqa,5ab3af70554299233954ff81,40%,434,1085,7,155.0,34.93667741173205,0.22539791878536805,103.0,202.0,1.9611650485436893,0.12692560895325888,budget-top-k,knapsack-redundancy,1.0,1.0,0.0,1.0,1.0,0.0,0.5,0.5,0.0,1.0,1.0,0.0,399.0,399.0,0.9193548387096774,0.9193548387096774,low,low,low_hetero/low_length
hotpotqa,5ab3af70554299233954ff81,50%,542,1085,7,155.0,34.93667741173205,0.22539791878536805,103.0,202.0,1.9611650485436893,0.12692560895325888,budget-top-k,knapsack-redundancy,1.0,1.0,0.0,1.0,1.0,0.0,0.5,0.5,0.0,1.0,1.0,0.0,513.0,513.0,0.9464944649446494,0.9464944649446494,low,low,low_hetero/low_length
hotpotqa,5ae320a95542991a06ce992e,30%,432,1443,10,144.3,43.405184022187946,0.30079822607198853,82.0,209.0,2.548780487804878,0.1670824670824671,budget-top-k,knapsack-redundancy,0.5625,1.0,0.4375,0.0,1.0,1.0,0.0,1.0,1.0,0.0,1.0,1.0,407.0,408.0,0.9421296296296297,0.9444444444444444,high,high,high_hetero/high_length
hotpotqa,5ae320a95542991a06ce992e,40%,577,1443,10,144.3,43.405184022187946,0.30079822607198853,82.0,209.0,2.548780487804878,0.1670824670824671,budget-top-k,knapsack-redundancy,0.5625,1.0,0.4375,0.0,1.0,1.0,0.0,1.0,1.0,0.0,1.0,1.0,576.0,524.0,0.9982668977469671,0.9081455805892548,high,high,high_hetero/high_length
hotpotqa,5ae320a95542991a06ce992e,50%,721,1443,10,144.3,43.405184022187946,0.30079822607198853,82.0,209.0,2.548780487804878,0.1670824670824671,budget-top-k,knapsack-redundancy,1.0,1.0,0.0,1.0,1.0,0.0,0.5,0.5,0.0,1.0,1.0,0.0,662.0,662.0,0.9181692094313454,0.9181692094313454,high,high,high_hetero/high_length
hotpotqa,5ae28b76554299495565daa8,30%,467,1558,11,141.63636363636363,48.675685039345744,0.3436665824344052,55.0,211.0,3.8363636363636364,0.19477185202474034,budget-top-k,knapsack-redundancy,1.0,1.0,0.0,1.0,1.0,0.0,1.0,1.0,0.0,1.0,1.0,0.0,429.0,429.0,0.9186295503211992,0.9186295503211992,high,high,high_hetero/high_length
hotpotqa,5ae28b76554299495565daa8,40%,623,1558,11,141.63636363636363,48.675685039345744,0.3436665824344052,55.0,211.0,3.8363636363636364,0.19477185202474034,budget-top-k,knapsack-redundancy,1.0,1.0,0.0,1.0,1.0,0.0,1.0,1.0,0.0,1.0,1.0,0.0,616.0,616.0,0.9887640449438202,0.9887640449438202,high,high,high_hetero/high_length
hotpotqa,5ae28b76554299495565daa8,50%,779,1558,11,141.63636363636363,48.675685039345744,0.3436665824344052,55.0,211.0,3.8363636363636364,0.19477185202474034,budget-top-k,knapsack-redundancy,1.0,1.0,0.0,1.0,1.0,0.0,1.0,1.0,0.0,1.0,1.0,0.0,777.0,773.0,0.9974326059050064,0.9922978177150192,high,high,high_hetero/high_length
hotpotqa,5ab6a8b5554299710c8d1f30,30%,415,1384,8,173.0,25.913317039699876,0.1497879597670513,126.0,214.0,1.6984126984126984,0.08273121387283244,budget-top-k,knapsack-redundancy,1.0,1.0,0.0,1.0,1.0,0.0,0.0,0.0,0.0,1.0,1.0,0.0,381.0,381.0,0.9180722891566265,0.9180722891566265,low,medium,low_hetero/medium_length
hotpotqa,5ab6a8b5554299710c8d1f30,40%,553,1384,8,173.0,25.913317039699876,0.1497879597670513,126.0,214.0,1.6984126984126984,0.08273121387283244,budget-top-k,knapsack-redundancy,1.0,1.0,0.0,1.0,1.0,0.0,0.0,0.0,0.0,1.0,1.0,0.0,530.0,530.0,0.9584086799276673,0.9584086799276673,low,medium,low_hetero/medium_length
hotpotqa,5ab6a8b5554299710c8d1f30,50%,692,1384,8,173.0,25.913317039699876,0.1497879597670513,126.0,214.0,1.6984126984126984,0.08273121387283244,budget-top-k,knapsack-redundancy,1.0,1.0,0.0,1.0,1.0,0.0,0.0,0.0,0.0,1.0,1.0,0.0,656.0,656.0,0.9479768786127167,0.9479768786127167,low,medium,low_hetero/medium_length
hotpotqa,5a8b8f5b55429949d91db5e1,30%,467,1559,11,141.8181818181818,28.991591827531906,0.20442789109157114,94.0,192.0,2.0425531914893615,0.11620046620046631,budget-top-k,knapsack-redundancy,0.5666666666666667,0.5666666666666667,0.0,0.0,0.0,0.0,0.0,0.0,0.0,1.0,1.0,0.0,452.0,452.0,0.9678800856531049,0.9678800856531049,low,high,low_hetero/high_length
hotpotqa,5a8b8f5b55429949d91db5e1,40%,623,1559,11,141.8181818181818,28.991591827531906,0.20442789109157114,94.0,192.0,2.0425531914893615,0.11620046620046631,budget-top-k,knapsack-redundancy,0.5666666666666667,0.3222222222222222,-0.24444444444444446,0.0,0.0,0.0,0.0,0.0,0.0,1.0,0.5,-0.5,570.0,621.0,0.9149277688603531,0.9967897271268058,low,high,low_hetero/high_length
hotpotqa,5a8b8f5b55429949d91db5e1,50%,779,1559,11,141.8181818181818,28.991591827531906,0.20442789109157114,94.0,192.0,2.0425531914893615,0.11620046620046631,budget-top-k,knapsack-redundancy,0.6,0.8333333333333333,0.23333333333333328,0.0,0.0,0.0,0.0,0.0,0.0,1.0,1.0,0.0,762.0,773.0,0.9781771501925546,0.9922978177150192,low,high,low_hetero/high_length
hotpotqa,5ae829ea5542997ec2727738,30%,235,785,6,130.83333333333334,58.78610001994991,0.4493205097066235,25.0,209.0,8.36,0.24734607218683635,budget-top-k,knapsack-redundancy,0.5769230769230769,0.5769230769230769,0.0,0.0,0.0,0.0,0.0,0.0,0.0,0.3333333333333333,0.3333333333333333,0.0,194.0,194.0,0.825531914893617,0.825531914893617,high,low,high_hetero/low_length
hotpotqa,5ae829ea5542997ec2727738,40%,314,785,6,130.83333333333334,58.78610001994991,0.4493205097066235,25.0,209.0,8.36,0.24734607218683635,budget-top-k,knapsack-redundancy,1.0,1.0,0.0,1.0,1.0,0.0,0.0,0.0,0.0,1.0,1.0,0.0,312.0,312.0,0.9936305732484076,0.9936305732484076,high,low,high_hetero/low_length
hotpotqa,5ae829ea5542997ec2727738,50%,392,785,6,130.83333333333334,58.78610001994991,0.4493205097066235,25.0,209.0,8.36,0.24734607218683635,budget-top-k,knapsack-redundancy,1.0,1.0,0.0,1.0,1.0,0.0,0.0,0.0,0.0,1.0,1.0,0.0,389.0,389.0,0.9923469387755102,0.9923469387755102,high,low,high_hetero/low_length
hotpotqa,5aba14195542994dbf0198a9,30%,697,2325,17,136.8235294117647,45.09758738051574,0.32960403502526553,42.0,215.0,5.119047619047619,0.16787213595670436,budget-top-k,knapsack-redundancy,1.0,1.0,0.0,1.0,1.0,0.0,0.5,0.5,0.0,0.0,0.0,0.0,644.0,685.0,0.9239598278335724,0.9827833572453372,high,high,high_hetero/high_length
hotpotqa,5aba14195542994dbf0198a9,40%,930,2325,17,136.8235294117647,45.09758738051574,0.32960403502526553,42.0,215.0,5.119047619047619,0.16787213595670436,budget-top-k,knapsack-redundancy,1.0,1.0,0.0,1.0,1.0,0.0,0.5,0.5,0.0,0.0,0.0,0.0,914.0,911.0,0.9827956989247312,0.9795698924731183,high,high,high_hetero/high_length
hotpotqa,5aba14195542994dbf0198a9,50%,1162,2325,17,136.8235294117647,45.09758738051574,0.32960403502526553,42.0,215.0,5.119047619047619,0.16787213595670436,budget-top-k,knapsack-redundancy,1.0,1.0,0.0,1.0,1.0,0.0,0.5,0.5,0.0,0.0,0.0,0.0,1126.0,1126.0,0.9690189328743546,0.9690189328743546,high,high,high_hetero/high_length
hotpotqa,5ae370295542992e3233c402,30%,318,1062,7,151.71428571428572,33.47798545617824,0.22066468756426333,92.0,204.0,2.217391304347826,0.12106537530266359,budget-top-k,knapsack-redundancy,0.7916666666666667,1.0,0.20833333333333326,0.0,1.0,1.0,0.0,0.5,0.5,1.0,1.0,0.0,309.0,255.0,0.9716981132075472,0.8018867924528302,low,low,low_hetero/low_length
hotpotqa,5ae370295542992e3233c402,40%,424,1062,7,151.71428571428572,33.47798545617824,0.22066468756426333,92.0,204.0,2.217391304347826,0.12106537530266359,budget-top-k,knapsack-redundancy,1.0,1.0,0.0,1.0,1.0,0.0,0.5,0.5,0.0,1.0,1.0,0.0,421.0,421.0,0.9929245283018868,0.9929245283018868,low,low,low_hetero/low_length
hotpotqa,5ae370295542992e3233c402,50%,531,1062,7,151.71428571428572,33.47798545617824,0.22066468756426333,92.0,204.0,2.217391304347826,0.12106537530266359,budget-top-k,knapsack-redundancy,0.7916666666666667,1.0,0.20833333333333326,0.0,1.0,1.0,0.0,0.5,0.5,1.0,1.0,0.0,475.0,523.0,0.8945386064030132,0.9849340866290018,low,low,low_hetero/low_length
hotpotqa,5abdba405542993f32c2a023,30%,334,1114,8,139.25,49.89175783634006,0.35828910474930026,73.0,217.0,2.9726027397260273,0.19950628366247747,budget-top-k,knapsack-redundancy,0.6875,0.45825163398692814,-0.22924836601307186,0.0,0.0,0.0,0.0,0.0,0.0,0.0,0.0,0.0,301.0,313.0,0.9011976047904192,0.937125748502994,high,low,high_hetero/low_length
hotpotqa,5abdba405542993f32c2a023,40%,445,1114,8,139.25,49.89175783634006,0.35828910474930026,73.0,217.0,2.9726027397260273,0.19950628366247747,budget-top-k,knapsack-redundancy,0.6916666666666667,0.7458333333333333,0.054166666666666696,0.0,0.0,0.0,0.0,0.0,0.0,0.0,0.0,0.0,373.0,445.0,0.8382022471910112,1.0,high,low,high_hetero/low_length
hotpotqa,5abdba405542993f32c2a023,50%,557,1114,8,139.25,49.89175783634006,0.35828910474930026,73.0,217.0,2.9726027397260273,0.19950628366247747,budget-top-k,knapsack-redundancy,0.7125,0.7458333333333333,0.033333333333333326,0.0,0.0,0.0,0.0,0.0,0.0,0.0,0.0,0.0,528.0,530.0,0.947935368043088,0.9515260323159784,high,low,high_hetero/low_length
hotpotqa,5a855b5c5542997b5ce3ffeb,30%,364,1214,7,173.42857142857142,31.286040441874587,0.18039726778675627,128.0,220.0,1.71875,0.1023770298893858,budget-top-k,knapsack-redundancy,1.0,1.0,0.0,1.0,1.0,0.0,0.0,0.0,0.0,1.0,1.0,0.0,308.0,308.0,0.8461538461538461,0.8461538461538461,low,medium,low_hetero/medium_length
hotpotqa,5a855b5c5542997b5ce3ffeb,40%,485,1214,7,173.42857142857142,31.286040441874587,0.18039726778675627,128.0,220.0,1.71875,0.1023770298893858,budget-top-k,knapsack-redundancy,1.0,1.0,0.0,1.0,1.0,0.0,0.0,0.0,0.0,1.0,1.0,0.0,466.0,466.0,0.9608247422680413,0.9608247422680413,low,medium,low_hetero/medium_length
hotpotqa,5a855b5c5542997b5ce3ffeb,50%,607,1214,7,173.42857142857142,31.286040441874587,0.18039726778675627,128.0,220.0,1.71875,0.1023770298893858,budget-top-k,knapsack-redundancy,1.0,1.0,0.0,1.0,1.0,0.0,0.0,0.0,0.0,1.0,1.0,0.0,491.0,605.0,0.8088962108731467,0.9967051070840197,low,medium,low_hetero/medium_length
hotpotqa,5adf734b5542995ec70e9016,30%,300,1000,6,166.66666666666666,53.05238501288661,0.3183143100773197,58.0,217.0,3.7413793103448274,0.16233333333333322,budget-top-k,knapsack-redundancy,0.9333333333333333,0.9333333333333333,0.0,0.0,0.0,0.0,0.0,0.0,0.0,1.0,1.0,0.0,230.0,230.0,0.7666666666666667,0.7666666666666667,high,low,high_hetero/low_length
hotpotqa,5adf734b5542995ec70e9016,40%,400,1000,6,166.66666666666666,53.05238501288661,0.3183143100773197,58.0,217.0,3.7413793103448274,0.16233333333333322,budget-top-k,knapsack-redundancy,1.0,0.9666666666666667,-0.033333333333333326,1.0,0.0,-1.0,0.0,0.0,0.0,1.0,1.0,0.0,389.0,382.0,0.9725,0.955,high,low,high_hetero/low_length
hotpotqa,5adf734b5542995ec70e9016,50%,500,1000,6,166.66666666666666,53.05238501288661,0.3183143100773197,58.0,217.0,3.7413793103448274,0.16233333333333322,budget-top-k,knapsack-redundancy,1.0,1.0,0.0,1.0,1.0,0.0,0.0,0.0,0.0,1.0,1.0,0.0,447.0,447.0,0.894,0.894,high,low,high_hetero/low_length
hotpotqa,5a81ca835542990a1d231ebd,30%,488,1628,11,148.0,42.35778344273716,0.2862012394779538,75.0,220.0,2.933333333333333,0.1610453428635248,budget-top-k,knapsack-redundancy,0.125,0.1607142857142857,0.0357142857142857,0.0,0.0,0.0,0.0,0.0,0.0,0.0,0.0,0.0,476.0,482.0,0.9754098360655737,0.9877049180327869,medium,high,medium_hetero/high_length
hotpotqa,5a81ca835542990a1d231ebd,40%,651,1628,11,148.0,42.35778344273716,0.2862012394779538,75.0,220.0,2.933333333333333,0.1610453428635248,budget-top-k,knapsack-redundancy,0.1607142857142857,0.1607142857142857,0.0,0.0,0.0,0.0,0.0,0.0,0.0,0.0,0.0,0.0,627.0,627.0,0.9631336405529954,0.9631336405529954,medium,high,medium_hetero/high_length
hotpotqa,5a81ca835542990a1d231ebd,50%,814,1628,11,148.0,42.35778344273716,0.2862012394779538,75.0,220.0,2.933333333333333,0.1610453428635248,budget-top-k,knapsack-redundancy,0.6428571428571428,0.6428571428571428,0.0,0.0,0.0,0.0,0.5,0.5,0.0,0.0,0.0,0.0,804.0,804.0,0.9877149877149877,0.9877149877149877,medium,high,medium_hetero/high_length
hotpotqa,5abba581554299642a094af9,30%,400,1336,9,148.44444444444446,28.25719617730091,0.19035536346984144,109.0,197.0,1.8073394495412844,0.1061210911510313,budget-top-k,knapsack-redundancy,0.5552631578947369,0.5552631578947369,0.0,0.0,0.0,0.0,0.0,0.0,0.0,1.0,1.0,0.0,353.0,353.0,0.8825,0.8825,low,medium,low_hetero/medium_length
hotpotqa,5abba581554299642a094af9,40%,534,1336,9,148.44444444444446,28.25719617730091,0.19035536346984144,109.0,197.0,1.8073394495412844,0.1061210911510313,budget-top-k,knapsack-redundancy,0.6070175438596491,0.6070175438596491,0.0,0.0,0.0,0.0,0.0,0.0,0.0,1.0,1.0,0.0,509.0,509.0,0.9531835205992509,0.9531835205992509,low,medium,low_hetero/medium_length
hotpotqa,5abba581554299642a094af9,50%,668,1336,9,148.44444444444446,28.25719617730091,0.19035536346984144,109.0,197.0,1.8073394495412844,0.1061210911510313,budget-top-k,knapsack-redundancy,0.6245614035087719,0.6245614035087719,0.0,0.0,0.0,0.0,0.0,0.0,0.0,1.0,1.0,0.0,626.0,626.0,0.937125748502994,0.937125748502994,low,medium,low_hetero/medium_length
hotpotqa,5a887f5c554299206df2b2c0,30%,306,1023,6,170.5,33.34041591422238,0.1955449613737383,120.0,216.0,1.8,0.10931899641577059,budget-top-k,knapsack-redundancy,0.65,0.65,0.0,0.0,0.0,0.0,0.0,0.0,0.0,0.0,0.0,0.0,216.0,216.0,0.7058823529411765,0.7058823529411765,low,low,low_hetero/low_length
hotpotqa,5a887f5c554299206df2b2c0,40%,409,1023,6,170.5,33.34041591422238,0.1955449613737383,120.0,216.0,1.8,0.10931899641577059,budget-top-k,knapsack-redundancy,1.0,1.0,0.0,1.0,1.0,0.0,0.0,0.0,0.0,1.0,1.0,0.0,392.0,392.0,0.9584352078239609,0.9584352078239609,low,low,low_hetero/low_length
hotpotqa,5a887f5c554299206df2b2c0,50%,511,1023,6,170.5,33.34041591422238,0.1955449613737383,120.0,216.0,1.8,0.10931899641577059,budget-top-k,knapsack-redundancy,1.0,1.0,0.0,1.0,1.0,0.0,0.0,0.0,0.0,1.0,1.0,0.0,392.0,392.0,0.7671232876712328,0.7671232876712328,low,low,low_hetero/low_length
hotpotqa,5a80956e5542996402f6a579,30%,384,1282,9,142.44444444444446,55.940665214952155,0.39271917857610716,21.0,214.0,10.19047619047619,0.2111284451378055,budget-top-k,knapsack-redundancy,0.6363636363636364,0.6363636363636364,0.0,0.0,0.0,0.0,0.0,0.0,0.0,0.0,0.0,0.0,339.0,339.0,0.8828125,0.8828125,high,medium,high_hetero/medium_length
hotpotqa,5a80956e5542996402f6a579,40%,512,1282,9,142.44444444444446,55.940665214952155,0.39271917857610716,21.0,214.0,10.19047619047619,0.2111284451378055,budget-top-k,knapsack-redundancy,0.6363636363636364,0.6363636363636364,0.0,0.0,0.0,0.0,0.0,0.0,0.0,0.0,0.0,0.0,489.0,489.0,0.955078125,0.955078125,high,medium,high_hetero/medium_length
hotpotqa,5a80956e5542996402f6a579,50%,641,1282,9,142.44444444444446,55.940665214952155,0.39271917857610716,21.0,214.0,10.19047619047619,0.2111284451378055,budget-top-k,knapsack-redundancy,0.6363636363636364,0.6363636363636364,0.0,0.0,0.0,0.0,0.0,0.0,0.0,0.0,0.0,0.0,636.0,636.0,0.9921996879875195,0.9921996879875195,high,medium,high_hetero/medium_length
hotpotqa,5ac2efd65542990b17b154c7,30%,366,1220,8,152.625,40.10903109026694,0.2627946344980635,70.0,201.0,2.8714285714285714,0.14076576576576572,budget-top-k,knapsack-redundancy,0.9523809523809524,0.9523809523809524,0.0,0.0,0.0,0.0,0.0,0.0,0.0,0.5,0.5,0.0,362.0,362.0,0.9890710382513661,0.9890710382513661,medium,medium,medium_hetero/medium_length
hotpotqa,5ac2efd65542990b17b154c7,40%,488,1220,8,152.625,40.10903109026694,0.2627946344980635,70.0,201.0,2.8714285714285714,0.14076576576576572,budget-top-k,knapsack-redundancy,0.9523809523809524,1.0,0.04761904761904756,0.0,1.0,1.0,0.0,0.5,0.5,0.5,1.0,0.5,459.0,473.0,0.9405737704918032,0.9692622950819673,medium,medium,medium_hetero/medium_length
hotpotqa,5ac2efd65542990b17b154c7,50%,610,1220,8,152.625,40.10903109026694,0.2627946344980635,70.0,201.0,2.8714285714285714,0.14076576576576572,budget-top-k,knapsack-redundancy,0.9523809523809524,0.9523809523809524,0.0,0.0,0.0,0.0,0.0,0.0,0.0,0.5,0.5,0.0,566.0,566.0,0.9278688524590164,0.9278688524590164,medium,medium,medium_hetero/medium_length
hotpotqa,5a7af32e55429931da12c99c,30%,443,1478,11,134.45454545454547,50.51977765078047,0.3757387113986377,28.0,199.0,7.107142857142857,0.20554428668018931,budget-top-k,knapsack-redundancy,0.8333333333333333,0.8333333333333333,0.0,0.0,0.0,0.0,0.5,0.5,0.0,0.0,0.0,0.0,427.0,427.0,0.963882618510158,0.963882618510158,high,high,high_hetero/high_length
hotpotqa,5a7af32e55429931da12c99c,40%,591,1478,11,134.45454545454547,50.51977765078047,0.3757387113986377,28.0,199.0,7.107142857142857,0.20554428668018931,budget-top-k,knapsack-redundancy,0.7222222222222222,0.8333333333333333,0.11111111111111105,0.0,0.0,0.0,0.5,0.5,0.0,0.0,0.0,0.0,549.0,568.0,0.9289340101522843,0.961082910321489,high,high,high_hetero/high_length
hotpotqa,5a7af32e55429931da12c99c,50%,739,1478,11,134.45454545454547,50.51977765078047,0.3757387113986377,28.0,199.0,7.107142857142857,0.20554428668018931,budget-top-k,knapsack-redundancy,0.8333333333333333,0.8333333333333333,0.0,0.0,0.0,0.0,0.5,0.5,0.0,0.0,0.0,0.0,736.0,736.0,0.9959404600811907,0.9959404600811907,high,high,high_hetero/high_length
hotpotqa,5a7c9d2e55429935c91b5261,30%,254,848,5,169.6,34.994856764959046,0.2063375988499944,102.0,200.0,1.9607843137254901,0.10094339622641524,budget-top-k,knapsack-redundancy,0.7101449275362319,0.7101449275362319,0.0,0.0,0.0,0.0,0.0,0.0,0.0,0.0,0.0,0.0,180.0,180.0,0.7086614173228346,0.7086614173228346,low,low,low_hetero/low_length
hotpotqa,5a7c9d2e55429935c91b5261,40%,339,848,5,169.6,34.994856764959046,0.2063375988499944,102.0,200.0,1.9607843137254901,0.10094339622641524,budget-top-k,knapsack-redundancy,0.7391304347826088,0.7391304347826088,0.0,0.0,0.0,0.0,0.0,0.0,0.0,0.0,0.0,0.0,282.0,282.0,0.831858407079646,0.831858407079646,low,low,low_hetero/low_length
hotpotqa,5a7c9d2e55429935c91b5261,50%,424,848,5,169.6,34.994856764959046,0.2063375988499944,102.0,200.0,1.9607843137254901,0.10094339622641524,budget-top-k,knapsack-redundancy,1.0,1.0,0.0,1.0,1.0,0.0,0.0,0.0,0.0,1.0,1.0,0.0,372.0,372.0,0.8773584905660378,0.8773584905660378,low,low,low_hetero/low_length
hotpotqa,5a8752955542994775f607d1,30%,546,1821,12,151.75,50.17988474810732,0.33067469356248647,37.0,219.0,5.918918918918919,0.18309536884495703,budget-top-k,knapsack-redundancy,1.0,1.0,0.0,1.0,1.0,0.0,0.5,0.5,0.0,1.0,1.0,0.0,519.0,519.0,0.9505494505494505,0.9505494505494505,high,high,high_hetero/high_length
hotpotqa,5a8752955542994775f607d1,40%,728,1821,12,151.75,50.17988474810732,0.33067469356248647,37.0,219.0,5.918918918918919,0.18309536884495703,budget-top-k,knapsack-redundancy,1.0,1.0,0.0,1.0,1.0,0.0,0.5,0.5,0.0,1.0,1.0,0.0,703.0,717.0,0.9656593406593407,0.9848901098901099,high,high,high_hetero/high_length
hotpotqa,5a8752955542994775f607d1,50%,910,1821,12,151.75,50.17988474810732,0.33067469356248647,37.0,219.0,5.918918918918919,0.18309536884495703,budget-top-k,knapsack-redundancy,1.0,1.0,0.0,1.0,1.0,0.0,0.5,0.5,0.0,1.0,1.0,0.0,863.0,910.0,0.9483516483516483,1.0,high,high,high_hetero/high_length
hotpotqa,5ae3e2455542994393b9e78c,30%,280,936,6,156.0,39.378505134992956,0.2524263149679036,81.0,205.0,2.5308641975308643,0.1367521367521367,budget-top-k,knapsack-redundancy,0.6818181818181819,0.6818181818181819,0.0,0.0,0.0,0.0,0.5,0.5,0.0,1.0,1.0,0.0,266.0,266.0,0.95,0.95,medium,low,medium_hetero/low_length
hotpotqa,5ae3e2455542994393b9e78c,40%,374,936,6,156.0,39.378505134992956,0.2524263149679036,81.0,205.0,2.5308641975308643,0.1367521367521367,budget-top-k,knapsack-redundancy,1.0,1.0,0.0,1.0,1.0,0.0,0.5,0.5,0.0,1.0,1.0,0.0,356.0,356.0,0.9518716577540107,0.9518716577540107,medium,low,medium_hetero/low_length
hotpotqa,5ae3e2455542994393b9e78c,50%,468,936,6,156.0,39.378505134992956,0.2524263149679036,81.0,205.0,2.5308641975308643,0.1367521367521367,budget-top-k,knapsack-redundancy,1.0,1.0,0.0,1.0,1.0,0.0,0.5,0.5,0.0,1.0,1.0,0.0,437.0,437.0,0.9337606837606838,0.9337606837606838,medium,low,medium_hetero/low_length
hotpotqa,5abd552555429933744ab776,30%,442,1474,10,147.4,36.57376108633073,0.24812592324512026,64.0,185.0,2.890625,0.12238805970149236,budget-top-k,knapsack-redundancy,0.6666666666666666,0.6666666666666666,0.0,0.0,0.0,0.0,0.5,0.5,0.0,1.0,1.0,0.0,408.0,408.0,0.9230769230769231,0.9230769230769231,medium,high,medium_hetero/high_length
hotpotqa,5abd552555429933744ab776,40%,589,1474,10,147.4,36.57376108633073,0.24812592324512026,64.0,185.0,2.890625,0.12238805970149236,budget-top-k,knapsack-redundancy,0.6666666666666666,0.6666666666666666,0.0,0.0,0.0,0.0,0.5,0.5,0.0,1.0,1.0,0.0,567.0,567.0,0.9626485568760611,0.9626485568760611,medium,high,medium_hetero/high_length
hotpotqa,5abd552555429933744ab776,50%,737,1474,10,147.4,36.57376108633073,0.24812592324512026,64.0,185.0,2.890625,0.12238805970149236,budget-top-k,knapsack-redundancy,0.6666666666666666,0.6666666666666666,0.0,0.0,0.0,0.0,0.5,0.5,0.0,1.0,1.0,0.0,722.0,727.0,0.9796472184531886,0.9864314789687924,medium,high,medium_hetero/high_length
hotpotqa,5ac048cc554299294b218f73,30%,416,1387,10,138.7,48.5057728523111,0.3497171799013057,39.0,211.0,5.410256410256411,0.1868060562364815,budget-top-k,knapsack-redundancy,1.0,1.0,0.0,1.0,1.0,0.0,1.0,1.0,0.0,1.0,1.0,0.0,391.0,391.0,0.9399038461538461,0.9399038461538461,high,medium,high_hetero/medium_length
hotpotqa,5ac048cc554299294b218f73,40%,554,1387,10,138.7,48.5057728523111,0.3497171799013057,39.0,211.0,5.410256410256411,0.1868060562364815,budget-top-k,knapsack-redundancy,1.0,0.7727272727272727,-0.2272727272727273,1.0,0.0,-1.0,1.0,0.5,-0.5,1.0,0.6,-0.4,552.0,540.0,0.9963898916967509,0.9747292418772563,high,medium,high_hetero/medium_length
hotpotqa,5ac048cc554299294b218f73,50%,693,1387,10,138.7,48.5057728523111,0.3497171799013057,39.0,211.0,5.410256410256411,0.1868060562364815,budget-top-k,knapsack-redundancy,1.0,0.7727272727272727,-0.2272727272727273,1.0,0.0,-1.0,1.0,0.5,-0.5,1.0,0.6,-0.4,641.0,671.0,0.924963924963925,0.9682539682539683,high,medium,high_hetero/medium_length
hotpotqa,5ac048ea554299294b218f74,30%,524,1748,11,159.0,28.803408889163858,0.1811535150261878,96.0,213.0,2.21875,0.09792608763449251,budget-top-k,knapsack-redundancy,1.0,1.0,0.0,1.0,1.0,0.0,1.0,1.0,0.0,1.0,1.0,0.0,485.0,485.0,0.9255725190839694,0.9255725190839694,low,high,low_hetero/high_length
hotpotqa,5ac048ea554299294b218f74,40%,699,1748,11,159.0,28.803408889163858,0.1811535150261878,96.0,213.0,2.21875,0.09792608763449251,budget-top-k,knapsack-redundancy,1.0,1.0,0.0,1.0,1.0,0.0,1.0,1.0,0.0,1.0,1.0,0.0,658.0,658.0,0.9413447782546495,0.9413447782546495,low,high,low_hetero/high_length
hotpotqa,5ac048ea554299294b218f74,50%,874,1748,11,159.0,28.803408889163858,0.1811535150261878,96.0,213.0,2.21875,0.09792608763449251,budget-top-k,knapsack-redundancy,1.0,1.0,0.0,1.0,1.0,0.0,1.0,1.0,0.0,1.0,1.0,0.0,838.0,838.0,0.9588100686498856,0.9588100686498856,low,high,low_hetero/high_length
hotpotqa,5ab474135542991751b4d77b,30%,417,1393,10,139.3,43.98874856142193,0.31578426820834116,76.0,216.0,2.8421052631578947,0.1795405599425699,budget-top-k,knapsack-redundancy,0.7826086956521738,0.6481481481481481,-0.1344605475040257,0.0,0.0,0.0,0.0,0.5,0.5,1.0,0.75,-0.25,406.0,399.0,0.973621103117506,0.9568345323741008,high,medium,high_hetero/medium_length
hotpotqa,5ab474135542991751b4d77b,40%,557,1393,10,139.3,43.98874856142193,0.31578426820834116,76.0,216.0,2.8421052631578947,0.1795405599425699,budget-top-k,knapsack-redundancy,1.0,0.6481481481481481,-0.35185185185185186,1.0,0.0,-1.0,0.5,0.5,0.0,1.0,0.75,-0.25,513.0,475.0,0.9210053859964094,0.8527827648114902,high,medium,high_hetero/medium_length
hotpotqa,5ab474135542991751b4d77b,50%,696,1393,10,139.3,43.98874856142193,0.31578426820834116,76.0,216.0,2.8421052631578947,0.1795405599425699,budget-top-k,knapsack-redundancy,1.0,1.0,0.0,1.0,1.0,0.0,0.5,0.5,0.0,1.0,1.0,0.0,691.0,691.0,0.992816091954023,0.992816091954023,high,medium,high_hetero/medium_length
hotpotqa,5a711cb45542994082a3e59f,30%,375,1252,9,139.0,36.609045633862436,0.26337442902059305,86.0,205.0,2.383720930232558,0.146727062794209,budget-top-k,knapsack-redundancy,1.0,1.0,0.0,1.0,1.0,0.0,0.0,0.0,0.0,1.0,1.0,0.0,347.0,347.0,0.9253333333333333,0.9253333333333333,medium,medium,medium_hetero/medium_length
hotpotqa,5a711cb45542994082a3e59f,40%,500,1252,9,139.0,36.609045633862436,0.26337442902059305,86.0,205.0,2.383720930232558,0.146727062794209,budget-top-k,knapsack-redundancy,1.0,1.0,0.0,1.0,1.0,0.0,0.0,0.0,0.0,1.0,1.0,0.0,449.0,489.0,0.898,0.978,medium,medium,medium_hetero/medium_length
hotpotqa,5a711cb45542994082a3e59f,50%,626,1252,9,139.0,36.609045633862436,0.26337442902059305,86.0,205.0,2.383720930232558,0.146727062794209,budget-top-k,knapsack-redundancy,1.0,1.0,0.0,1.0,1.0,0.0,0.0,0.0,0.0,1.0,1.0,0.0,535.0,622.0,0.854632587859425,0.9936102236421726,medium,medium,medium_hetero/medium_length
hotpotqa,5ae60db1554299546bf83041,30%,360,1200,8,150.0,45.89389937671455,0.305959329178097,90.0,200.0,2.2222222222222223,0.16500000000000004,budget-top-k,knapsack-redundancy,1.0,1.0,0.0,1.0,1.0,0.0,0.5,0.5,0.0,1.0,1.0,0.0,335.0,335.0,0.9305555555555556,0.9305555555555556,high,medium,high_hetero/medium_length
hotpotqa,5ae60db1554299546bf83041,40%,480,1200,8,150.0,45.89389937671455,0.305959329178097,90.0,200.0,2.2222222222222223,0.16500000000000004,budget-top-k,knapsack-redundancy,0.8095238095238094,0.8095238095238094,0.0,0.0,0.0,0.0,0.5,0.5,0.0,1.0,1.0,0.0,439.0,439.0,0.9145833333333333,0.9145833333333333,high,medium,high_hetero/medium_length
hotpotqa,5ae60db1554299546bf83041,50%,600,1200,8,150.0,45.89389937671455,0.305959329178097,90.0,200.0,2.2222222222222223,0.16500000000000004,budget-top-k,knapsack-redundancy,1.0,1.0,0.0,1.0,1.0,0.0,0.5,0.5,0.0,1.0,1.0,0.0,529.0,529.0,0.8816666666666667,0.8816666666666667,high,medium,high_hetero/medium_length
hotpotqa,5a8b81bc55429949d91db5b8,30%,380,1268,8,158.5,41.6353215431321,0.26268341667591233,74.0,217.0,2.9324324324324325,0.14235015772870652,budget-top-k,knapsack-redundancy,0.6666666666666666,0.6666666666666666,0.0,0.0,0.0,0.0,0.0,0.0,0.0,1.0,1.0,0.0,380.0,380.0,1.0,1.0,medium,medium,medium_hetero/medium_length
hotpotqa,5a8b81bc55429949d91db5b8,40%,507,1268,8,158.5,41.6353215431321,0.26268341667591233,74.0,217.0,2.9324324324324325,0.14235015772870652,budget-top-k,knapsack-redundancy,0.6666666666666666,0.6666666666666666,0.0,0.0,0.0,0.0,0.0,0.0,0.0,1.0,1.0,0.0,380.0,500.0,0.7495069033530573,0.9861932938856016,medium,medium,medium_hetero/medium_length
hotpotqa,5a8b81bc55429949d91db5b8,50%,634,1268,8,158.5,41.6353215431321,0.26268341667591233,74.0,217.0,2.9324324324324325,0.14235015772870652,budget-top-k,knapsack-redundancy,0.6666666666666666,0.6666666666666666,0.0,0.0,0.0,0.0,0.0,0.0,0.0,1.0,1.0,0.0,573.0,573.0,0.9037854889589906,0.9037854889589906,medium,medium,medium_hetero/medium_length
hotpotqa,5a73bcf055429978a71e909c,30%,236,788,5,157.6,44.10260763265592,0.2798388809178675,94.0,207.0,2.202127659574468,0.1543147208121829,budget-top-k,knapsack-redundancy,0.8222222222222223,0.8222222222222223,0.0,0.0,0.0,0.0,0.0,0.0,0.0,1.0,1.0,0.0,153.0,153.0,0.6483050847457628,0.6483050847457628,medium,low,medium_hetero/low_length
hotpotqa,5a73bcf055429978a71e909c,40%,315,788,5,157.6,44.10260763265592,0.2798388809178675,94.0,207.0,2.202127659574468,0.1543147208121829,budget-top-k,knapsack-redundancy,0.8222222222222223,0.8222222222222223,0.0,0.0,0.0,0.0,0.0,0.0,0.0,1.0,1.0,0.0,247.0,247.0,0.7841269841269841,0.7841269841269841,medium,low,medium_hetero/low_length
hotpotqa,5a73bcf055429978a71e909c,50%,394,788,5,157.6,44.10260763265592,0.2798388809178675,94.0,207.0,2.202127659574468,0.1543147208121829,budget-top-k,knapsack-redundancy,0.8444444444444444,0.8444444444444444,0.0,0.0,0.0,0.0,0.0,0.0,0.0,1.0,1.0,0.0,360.0,360.0,0.9137055837563451,0.9137055837563451,medium,low,medium_hetero/low_length
hotpotqa,5ae1436e55429901ffe4ae31,30%,438,1463,10,146.3,43.22742185233813,0.29547109946916017,70.0,214.0,3.057142857142857,0.16630211893369773,budget-top-k,knapsack-redundancy,0.5185185185185185,0.5185185185185185,0.0,0.0,0.0,0.0,0.5,0.5,0.0,0.5,0.5,0.0,421.0,421.0,0.9611872146118722,0.9611872146118722,medium,high,medium_hetero/high_length
hotpotqa,5ae1436e55429901ffe4ae31,40%,585,1463,10,146.3,43.22742185233813,0.29547109946916017,70.0,214.0,3.057142857142857,0.16630211893369773,budget-top-k,knapsack-redundancy,0.5555555555555555,0.5555555555555555,0.0,0.0,0.0,0.0,0.5,0.5,0.0,0.5,0.5,0.0,583.0,583.0,0.9965811965811966,0.9965811965811966,medium,high,medium_hetero/high_length
hotpotqa,5ae1436e55429901ffe4ae31,50%,731,1463,10,146.3,43.22742185233813,0.29547109946916017,70.0,214.0,3.057142857142857,0.16630211893369773,budget-top-k,knapsack-redundancy,0.5370370370370371,0.5740740740740741,0.03703703703703698,0.0,0.0,0.0,0.5,0.5,0.0,0.5,0.5,0.0,694.0,714.0,0.9493844049247606,0.9767441860465116,medium,high,medium_hetero/high_length
hotpotqa,5ab207f65542993be8fa98b8,30%,327,1090,7,155.71428571428572,27.855311295100236,0.17888732024376297,125.0,203.0,1.624,0.0961992136304064,budget-top-k,knapsack-redundancy,0.6818181818181819,0.6818181818181819,0.0,0.0,0.0,0.0,0.0,0.0,0.0,1.0,1.0,0.0,277.0,277.0,0.8470948012232415,0.8470948012232415,low,low,low_hetero/low_length
hotpotqa,5ab207f65542993be8fa98b8,40%,436,1090,7,155.71428571428572,27.855311295100236,0.17888732024376297,125.0,203.0,1.624,0.0961992136304064,budget-top-k,knapsack-redundancy,0.7272727272727273,1.0,0.2727272727272727,0.0,1.0,1.0,0.0,0.0,0.0,1.0,1.0,0.0,336.0,402.0,0.7706422018348624,0.9220183486238532,low,low,low_hetero/low_length
hotpotqa,5ab207f65542993be8fa98b8,50%,545,1090,7,155.71428571428572,27.855311295100236,0.17888732024376297,125.0,203.0,1.624,0.0961992136304064,budget-top-k,knapsack-redundancy,0.7272727272727273,1.0,0.2727272727272727,0.0,1.0,1.0,0.0,0.0,0.0,1.0,1.0,0.0,480.0,541.0,0.8807339449541285,0.9926605504587156,low,low,low_hetero/low_length
hotpotqa,5a7766b15542993569682d7e,30%,418,1394,9,154.88888888888889,23.038346991456773,0.14874112117870228,126.0,197.0,1.5634920634920635,0.08130081300813008,budget-top-k,knapsack-redundancy,0.5511111111111111,0.5511111111111111,0.0,0.0,0.0,0.0,0.5,0.5,0.0,0.5,0.5,0.0,410.0,410.0,0.9808612440191388,0.9808612440191388,low,medium,low_hetero/medium_length
hotpotqa,5a7766b15542993569682d7e,40%,557,1394,9,154.88888888888889,23.038346991456773,0.14874112117870228,126.0,197.0,1.5634920634920635,0.08130081300813008,budget-top-k,knapsack-redundancy,0.5511111111111111,0.5511111111111111,0.0,0.0,0.0,0.0,0.5,0.5,0.0,0.5,0.5,0.0,480.0,537.0,0.8617594254937163,0.9640933572710951,low,medium,low_hetero/medium_length
hotpotqa,5a7766b15542993569682d7e,50%,697,1394,9,154.88888888888889,23.038346991456773,0.14874112117870228,126.0,197.0,1.5634920634920635,0.08130081300813008,budget-top-k,knapsack-redundancy,0.5511111111111111,0.5511111111111111,0.0,0.0,0.0,0.0,0.5,0.5,0.0,0.5,0.5,0.0,657.0,657.0,0.9426111908177905,0.9426111908177905,low,medium,low_hetero/medium_length
hotpotqa,5ac1a3fa5542991316484b7d,30%,287,959,7,137.0,42.78183860338069,0.31227619418526054,70.0,191.0,2.7285714285714286,0.16684045881126175,budget-top-k,knapsack-redundancy,0.65,0.65,0.0,0.0,0.0,0.0,0.0,0.0,0.0,0.0,0.0,0.0,234.0,234.0,0.8153310104529616,0.8153310104529616,high,low,high_hetero/low_length
hotpotqa,5ac1a3fa5542991316484b7d,40%,383,959,7,137.0,42.78183860338069,0.31227619418526054,70.0,191.0,2.7285714285714286,0.16684045881126175,budget-top-k,knapsack-redundancy,0.65,0.65,0.0,0.0,0.0,0.0,0.0,0.0,0.0,0.0,0.0,0.0,381.0,381.0,0.9947780678851175,0.9947780678851175,high,low,high_hetero/low_length
hotpotqa,5ac1a3fa5542991316484b7d,50%,479,959,7,137.0,42.78183860338069,0.31227619418526054,70.0,191.0,2.7285714285714286,0.16684045881126175,budget-top-k,knapsack-redundancy,0.65,0.65,0.0,0.0,0.0,0.0,0.0,0.0,0.0,0.0,0.0,0.0,451.0,451.0,0.941544885177453,0.941544885177453,high,low,high_hetero/low_length
hotpotqa,5a790f5e55429970f5fffe40,30%,389,1298,9,144.22222222222223,51.01149713060942,0.3537006734788018,50.0,215.0,4.3,0.19893853792158867,budget-top-k,knapsack-redundancy,0.6018518518518519,0.6018518518518519,0.0,0.0,0.0,0.0,0.0,0.0,0.0,1.0,1.0,0.0,369.0,369.0,0.9485861182519281,0.9485861182519281,high,medium,high_hetero/medium_length
hotpotqa,5a790f5e55429970f5fffe40,40%,519,1298,9,144.22222222222223,51.01149713060942,0.3537006734788018,50.0,215.0,4.3,0.19893853792158867,budget-top-k,knapsack-redundancy,0.6018518518518519,0.6018518518518519,0.0,0.0,0.0,0.0,0.0,0.0,0.0,1.0,1.0,0.0,514.0,514.0,0.9903660886319846,0.9903660886319846,high,medium,high_hetero/medium_length
hotpotqa,5a790f5e55429970f5fffe40,50%,649,1298,9,144.22222222222223,51.01149713060942,0.3537006734788018,50.0,215.0,4.3,0.19893853792158867,budget-top-k,knapsack-redundancy,0.6018518518518519,0.6018518518518519,0.0,0.0,0.0,0.0,0.0,0.0,0.0,1.0,1.0,0.0,632.0,632.0,0.9738058551617874,0.9738058551617874,high,medium,high_hetero/medium_length
hotpotqa,5add10ca5542994ed6169c59,30%,410,1368,9,152.22222222222223,41.63005799173311,0.2734821327924073,66.0,196.0,2.9696969696969697,0.14209245742092458,budget-top-k,knapsack-redundancy,0.6764705882352942,0.6764705882352942,0.0,0.0,0.0,0.0,0.0,0.0,0.0,0.0,0.0,0.0,388.0,388.0,0.9463414634146341,0.9463414634146341,medium,medium,medium_hetero/medium_length
hotpotqa,5add10ca5542994ed6169c59,40%,547,1368,9,152.22222222222223,41.63005799173311,0.2734821327924073,66.0,196.0,2.9696969696969697,0.14209245742092458,budget-top-k,knapsack-redundancy,1.0,1.0,0.0,1.0,1.0,0.0,0.0,0.0,0.0,0.0,0.0,0.0,507.0,507.0,0.926873857404022,0.926873857404022,medium,medium,medium_hetero/medium_length
hotpotqa,5add10ca5542994ed6169c59,50%,684,1368,9,152.22222222222223,41.63005799173311,0.2734821327924073,66.0,196.0,2.9696969696969697,0.14209245742092458,budget-top-k,knapsack-redundancy,1.0,1.0,0.0,1.0,1.0,0.0,0.0,0.0,0.0,0.0,0.0,0.0,670.0,666.0,0.97953216374269,0.9736842105263158,medium,medium,medium_hetero/medium_length
hotpotqa,5ae1b2b9554299422ee99684,30%,486,1623,11,147.54545454545453,39.83685738874956,0.26999718501309006,79.0,203.0,2.569620253164557,0.15358763233070083,budget-top-k,knapsack-redundancy,0.625,0.625,0.0,0.0,0.0,0.0,0.0,0.0,0.0,0.0,0.0,0.0,469.0,469.0,0.9650205761316872,0.9650205761316872,medium,high,medium_hetero/high_length
hotpotqa,5ae1b2b9554299422ee99684,40%,649,1623,11,147.54545454545453,39.83685738874956,0.26999718501309006,79.0,203.0,2.569620253164557,0.15358763233070083,budget-top-k,knapsack-redundancy,0.6666666666666666,0.6666666666666666,0.0,0.0,0.0,0.0,0.0,0.0,0.0,0.0,0.0,0.0,648.0,648.0,0.9984591679506933,0.9984591679506933,medium,high,medium_hetero/high_length
hotpotqa,5ae1b2b9554299422ee99684,50%,811,1623,11,147.54545454545453,39.83685738874956,0.26999718501309006,79.0,203.0,2.569620253164557,0.15358763233070083,budget-top-k,knapsack-redundancy,1.0,1.0,0.0,1.0,1.0,0.0,0.5,0.5,0.0,1.0,1.0,0.0,796.0,796.0,0.9815043156596794,0.9815043156596794,medium,high,medium_hetero/high_length
hotpotqa,5a7f81425542992097ad2f8e,30%,445,1485,10,148.5,49.02091390416951,0.3301071643378418,70.0,204.0,2.914285714285714,0.18377104377104359,budget-top-k,knapsack-redundancy,0.7083333333333334,1.0,0.29166666666666663,0.0,1.0,1.0,0.5,1.0,0.5,1.0,1.0,0.0,392.0,377.0,0.8808988764044944,0.8471910112359551,high,high,high_hetero/high_length
hotpotqa,5a7f81425542992097ad2f8e,40%,594,1485,10,148.5,49.02091390416951,0.3301071643378418,70.0,204.0,2.914285714285714,0.18377104377104359,budget-top-k,knapsack-redundancy,0.7083333333333334,1.0,0.29166666666666663,0.0,1.0,1.0,0.5,1.0,0.5,1.0,1.0,0.0,575.0,571.0,0.968013468013468,0.9612794612794613,high,high,high_hetero/high_length
hotpotqa,5a7f81425542992097ad2f8e,50%,742,1485,10,148.5,49.02091390416951,0.3301071643378418,70.0,204.0,2.914285714285714,0.18377104377104359,budget-top-k,knapsack-redundancy,0.7083333333333334,1.0,0.29166666666666663,0.0,1.0,1.0,0.5,1.0,0.5,1.0,1.0,0.0,684.0,708.0,0.921832884097035,0.954177897574124,high,high,high_hetero/high_length
hotpotqa,5a817f6655429938b6142349,30%,457,1524,9,169.33333333333334,44.69899327725402,0.26397043273968906,54.0,218.0,4.037037037037037,0.12685914260717412,budget-top-k,knapsack-redundancy,1.0,1.0,0.0,1.0,1.0,0.0,1.0,1.0,0.0,1.0,1.0,0.0,423.0,423.0,0.925601750547046,0.925601750547046,medium,high,medium_hetero/high_length
hotpotqa,5a817f6655429938b6142349,40%,609,1524,9,169.33333333333334,44.69899327725402,0.26397043273968906,54.0,218.0,4.037037037037037,0.12685914260717412,budget-top-k,knapsack-redundancy,1.0,1.0,0.0,1.0,1.0,0.0,1.0,1.0,0.0,1.0,1.0,0.0,584.0,584.0,0.9589490968801314,0.9589490968801314,medium,high,medium_hetero/high_length
hotpotqa,5a817f6655429938b6142349,50%,762,1524,9,169.33333333333334,44.69899327725402,0.26397043273968906,54.0,218.0,4.037037037037037,0.12685914260717412,budget-top-k,knapsack-redundancy,1.0,1.0,0.0,1.0,1.0,0.0,1.0,1.0,0.0,1.0,1.0,0.0,641.0,757.0,0.8412073490813649,0.9934383202099738,medium,high,medium_hetero/high_length
hotpotqa,5ab6ddb655429953192ad39e,30%,464,1549,12,129.08333333333334,29.13605536482628,0.22571508352350894,55.0,174.0,3.1636363636363636,0.11701097482246614,budget-top-k,knapsack-redundancy,0.6666666666666666,0.6666666666666666,0.0,0.0,0.0,0.0,0.5,0.5,0.0,0.0,0.0,0.0,462.0,462.0,0.9956896551724138,0.9956896551724138,low,high,low_hetero/high_length
hotpotqa,5ab6ddb655429953192ad39e,40%,619,1549,12,129.08333333333334,29.13605536482628,0.22571508352350894,55.0,174.0,3.1636363636363636,0.11701097482246614,budget-top-k,knapsack-redundancy,0.6666666666666666,0.6666666666666666,0.0,0.0,0.0,0.0,0.5,0.5,0.0,0.0,0.0,0.0,596.0,596.0,0.962843295638126,0.962843295638126,low,high,low_hetero/high_length
hotpotqa,5ab6ddb655429953192ad39e,50%,774,1549,12,129.08333333333334,29.13605536482628,0.22571508352350894,55.0,174.0,3.1636363636363636,0.11701097482246614,budget-top-k,knapsack-redundancy,0.6666666666666666,0.6666666666666666,0.0,0.0,0.0,0.0,0.5,0.5,0.0,0.0,0.0,0.0,722.0,722.0,0.9328165374677002,0.9328165374677002,low,high,low_hetero/high_length
hotpotqa,5a76cb9b55429966f1a36bf2,30%,414,1383,10,138.3,50.65382512703261,0.3662604853726147,41.0,198.0,4.829268292682927,0.20412147505422995,budget-top-k,knapsack-redundancy,1.0,1.0,0.0,1.0,1.0,0.0,0.5,0.5,0.0,1.0,1.0,0.0,373.0,373.0,0.9009661835748792,0.9009661835748792,high,medium,high_hetero/medium_length
hotpotqa,5a76cb9b55429966f1a36bf2,40%,553,1383,10,138.3,50.65382512703261,0.3662604853726147,41.0,198.0,4.829268292682927,0.20412147505422995,budget-top-k,knapsack-redundancy,1.0,1.0,0.0,1.0,1.0,0.0,0.5,0.5,0.0,1.0,1.0,0.0,553.0,553.0,1.0,1.0,high,medium,high_hetero/medium_length
hotpotqa,5a76cb9b55429966f1a36bf2,50%,691,1383,10,138.3,50.65382512703261,0.3662604853726147,41.0,198.0,4.829268292682927,0.20412147505422995,budget-top-k,knapsack-redundancy,1.0,1.0,0.0,1.0,1.0,0.0,0.5,0.5,0.0,1.0,1.0,0.0,682.0,682.0,0.9869753979739508,0.9869753979739508,high,medium,high_hetero/medium_length
hotpotqa,5ae4808455429970de88d990,30%,359,1199,9,133.44444444444446,31.927386750114046,0.23925602060868142,72.0,168.0,2.3333333333333335,0.13155703580349698,budget-top-k,knapsack-redundancy,0.7692307692307692,0.7692307692307692,0.0,0.0,0.0,0.0,0.0,0.0,0.0,1.0,1.0,0.0,316.0,316.0,0.8802228412256268,0.8802228412256268,medium,medium,medium_hetero/medium_length
hotpotqa,5ae4808455429970de88d990,40%,479,1199,9,133.44444444444446,31.927386750114046,0.23925602060868142,72.0,168.0,2.3333333333333335,0.13155703580349698,budget-top-k,knapsack-redundancy,1.0,1.0,0.0,1.0,1.0,0.0,0.5,0.5,0.0,1.0,1.0,0.0,469.0,469.0,0.9791231732776617,0.9791231732776617,medium,medium,medium_hetero/medium_length
hotpotqa,5ae4808455429970de88d990,50%,599,1199,9,133.44444444444446,31.927386750114046,0.23925602060868142,72.0,168.0,2.3333333333333335,0.13155703580349698,budget-top-k,knapsack-redundancy,1.0,1.0,0.0,1.0,1.0,0.0,0.5,0.5,0.0,1.0,1.0,0.0,562.0,562.0,0.9382303839732888,0.9382303839732888,medium,medium,medium_hetero/medium_length
hotpotqa,5ab7f6d35542993667794070,30%,442,1474,12,122.83333333333333,41.139667259498125,0.3349226642564298,60.0,190.0,3.1666666666666665,0.1899592944369064,budget-top-k,knapsack-redundancy,1.0,1.0,0.0,1.0,1.0,0.0,0.5,0.5,0.0,1.0,1.0,0.0,396.0,424.0,0.8959276018099548,0.9592760180995475,high,high,high_hetero/high_length
hotpotqa,5ab7f6d35542993667794070,40%,589,1474,12,122.83333333333333,41.139667259498125,0.3349226642564298,60.0,190.0,3.1666666666666665,0.1899592944369064,budget-top-k,knapsack-redundancy,1.0,1.0,0.0,1.0,1.0,0.0,0.5,0.5,0.0,1.0,1.0,0.0,559.0,587.0,0.9490662139219015,0.9966044142614601,high,high,high_hetero/high_length
hotpotqa,5ab7f6d35542993667794070,50%,737,1474,12,122.83333333333333,41.139667259498125,0.3349226642564298,60.0,190.0,3.1666666666666665,0.1899592944369064,budget-top-k,knapsack-redundancy,1.0,1.0,0.0,1.0,1.0,0.0,0.5,0.5,0.0,1.0,1.0,0.0,699.0,727.0,0.9484396200814111,0.9864314789687924,high,high,high_hetero/high_length
hotpotqa,5abe86365542993f32c2a14d,30%,389,1298,9,144.22222222222223,37.83525040011637,0.26233994884518286,81.0,194.0,2.3950617283950617,0.13918849512069853,budget-top-k,knapsack-redundancy,1.0,1.0,0.0,1.0,1.0,0.0,0.5,0.5,0.0,1.0,1.0,0.0,357.0,357.0,0.9177377892030848,0.9177377892030848,medium,medium,medium_hetero/medium_length
hotpotqa,5abe86365542993f32c2a14d,40%,519,1298,9,144.22222222222223,37.83525040011637,0.26233994884518286,81.0,194.0,2.3950617283950617,0.13918849512069853,budget-top-k,knapsack-redundancy,1.0,1.0,0.0,1.0,1.0,0.0,0.5,0.5,0.0,1.0,1.0,0.0,504.0,504.0,0.9710982658959537,0.9710982658959537,medium,medium,medium_hetero/medium_length
hotpotqa,5abe86365542993f32c2a14d,50%,649,1298,9,144.22222222222223,37.83525040011637,0.26233994884518286,81.0,194.0,2.3950617283950617,0.13918849512069853,budget-top-k,knapsack-redundancy,1.0,1.0,0.0,1.0,1.0,0.0,0.5,0.5,0.0,1.0,1.0,0.0,575.0,647.0,0.8859784283513097,0.9969183359013868,medium,medium,medium_hetero/medium_length
hotpotqa,5a7571095542992d0ec05f97,30%,331,1104,6,184.0,33.08574718314016,0.17981384338663128,125.0,211.0,1.688,0.09178743961352653,budget-top-k,knapsack-redundancy,0.6785714285714286,0.6785714285714286,0.0,0.0,0.0,0.0,0.0,0.0,0.0,1.0,1.0,0.0,211.0,211.0,0.6374622356495468,0.6374622356495468,low,low,low_hetero/low_length
hotpotqa,5a7571095542992d0ec05f97,40%,441,1104,6,184.0,33.08574718314016,0.17981384338663128,125.0,211.0,1.688,0.09178743961352653,budget-top-k,knapsack-redundancy,1.0,1.0,0.0,1.0,1.0,0.0,0.0,0.0,0.0,1.0,1.0,0.0,419.0,419.0,0.9501133786848073,0.9501133786848073,low,low,low_hetero/low_length
hotpotqa,5a7571095542992d0ec05f97,50%,552,1104,6,184.0,33.08574718314016,0.17981384338663128,125.0,211.0,1.688,0.09178743961352653,budget-top-k,knapsack-redundancy,1.0,1.0,0.0,1.0,1.0,0.0,0.0,0.0,0.0,1.0,1.0,0.0,544.0,544.0,0.9855072463768116,0.9855072463768116,low,low,low_hetero/low_length
hotpotqa,5adcfbf45542990d50227d86,30%,577,1925,14,137.5,55.39307589530353,0.4028587337840257,29.0,208.0,7.172413793103448,0.21554730983302406,budget-top-k,knapsack-redundancy,0.763157894736842,1.0,0.23684210526315796,0.0,1.0,1.0,0.0,0.5,0.5,0.0,1.0,1.0,571.0,486.0,0.9896013864818024,0.8422876949740035,high,high,high_hetero/high_length
hotpotqa,5adcfbf45542990d50227d86,40%,770,1925,14,137.5,55.39307589530353,0.4028587337840257,29.0,208.0,7.172413793103448,0.21554730983302406,budget-top-k,knapsack-redundancy,1.0,1.0,0.0,1.0,1.0,0.0,0.5,0.5,0.0,1.0,1.0,0.0,761.0,769.0,0.9883116883116884,0.9987012987012988,high,high,high_hetero/high_length
hotpotqa,5adcfbf45542990d50227d86,50%,962,1925,14,137.5,55.39307589530353,0.4028587337840257,29.0,208.0,7.172413793103448,0.21554730983302406,budget-top-k,knapsack-redundancy,1.0,1.0,0.0,1.0,1.0,0.0,0.5,0.5,0.0,1.0,1.0,0.0,961.0,961.0,0.998960498960499,0.998960498960499,high,high,high_hetero/high_length
hotpotqa,5ab30d1155429976abd1bc3d,30%,613,2046,15,136.4,35.07097565414075,0.25711858983974156,69.0,194.0,2.8115942028985508,0.1453893776474422,budget-top-k,knapsack-redundancy,0.3295169742538163,0.35332649806334016,0.023809523809523836,0.0,0.0,0.0,0.0,0.0,0.0,0.0,0.0,0.0,569.0,591.0,0.9282218597063622,0.964110929853181,medium,high,medium_hetero/high_length
hotpotqa,5ab30d1155429976abd1bc3d,40%,818,2046,15,136.4,35.07097565414075,0.25711858983974156,69.0,194.0,2.8115942028985508,0.1453893776474422,budget-top-k,knapsack-redundancy,0.6478696741854637,0.8320802005012531,0.18421052631578938,0.0,0.0,0.0,0.5,1.0,0.5,1.0,1.0,0.0,787.0,785.0,0.9621026894865525,0.9596577017114915,medium,high,medium_hetero/high_length
hotpotqa,5ab30d1155429976abd1bc3d,50%,1023,2046,15,136.4,35.07097565414075,0.25711858983974156,69.0,194.0,2.8115942028985508,0.1453893776474422,budget-top-k,knapsack-redundancy,0.6848370927318296,0.6848370927318296,0.0,0.0,0.0,0.0,1.0,1.0,0.0,1.0,1.0,0.0,1013.0,1013.0,0.9902248289345064,0.9902248289345064,medium,high,medium_hetero/high_length
hotpotqa,5ae6069c55429929b0807a67,30%,291,973,6,162.16666666666666,30.95920254499819,0.19090977931139685,117.0,213.0,1.8205128205128205,0.10774237752655003,budget-top-k,knapsack-redundancy,0.7666666666666666,0.7666666666666666,0.0,0.0,0.0,0.0,0.0,0.0,0.0,0.0,0.0,0.0,257.0,257.0,0.8831615120274914,0.8831615120274914,low,low,low_hetero/low_length
hotpotqa,5ae6069c55429929b0807a67,40%,389,973,6,162.16666666666666,30.95920254499819,0.19090977931139685,117.0,213.0,1.8205128205128205,0.10774237752655003,budget-top-k,knapsack-redundancy,0.7666666666666666,0.7666666666666666,0.0,0.0,0.0,0.0,0.0,0.0,0.0,0.0,0.0,0.0,257.0,257.0,0.6606683804627249,0.6606683804627249,low,low,low_hetero/low_length
hotpotqa,5ae6069c55429929b0807a67,50%,486,973,6,162.16666666666666,30.95920254499819,0.19090977931139685,117.0,213.0,1.8205128205128205,0.10774237752655003,budget-top-k,knapsack-redundancy,1.0,1.0,0.0,1.0,1.0,0.0,0.0,0.0,0.0,1.0,1.0,0.0,470.0,470.0,0.9670781893004116,0.9670781893004116,low,low,low_hetero/low_length
hotpotqa,5a711c535542994082a3e59b,30%,490,1635,12,136.33333333333334,44.18395887901199,0.32408771793896324,27.0,206.0,7.62962962962963,0.17318663406682977,budget-top-k,knapsack-redundancy,0.6428571428571428,1.0,0.3571428571428572,0.0,1.0,1.0,0.5,0.5,0.0,0.5,1.0,0.5,464.0,477.0,0.9469387755102041,0.9734693877551021,high,high,high_hetero/high_length
hotpotqa,5a711c535542994082a3e59b,40%,654,1635,12,136.33333333333334,44.18395887901199,0.32408771793896324,27.0,206.0,7.62962962962963,0.17318663406682977,budget-top-k,knapsack-redundancy,0.6428571428571428,1.0,0.3571428571428572,0.0,1.0,1.0,0.5,0.5,0.0,0.5,1.0,0.5,643.0,648.0,0.9831804281345565,0.9908256880733946,high,high,high_hetero/high_length
hotpotqa,5a711c535542994082a3e59b,50%,817,1635,12,136.33333333333334,44.18395887901199,0.32408771793896324,27.0,206.0,7.62962962962963,0.17318663406682977,budget-top-k,knapsack-redundancy,0.6428571428571428,1.0,0.3571428571428572,0.0,1.0,1.0,0.5,0.5,0.0,0.5,1.0,0.5,814.0,817.0,0.996328029375765,1.0,high,high,high_hetero/high_length
hotpotqa,5adf85e05542993344016cba,30%,324,1082,7,154.57142857142858,41.091734110948615,0.2658430118083552,70.0,204.0,2.914285714285714,0.14285714285714302,budget-top-k,knapsack-redundancy,0.75,0.75,0.0,0.0,0.0,0.0,0.5,0.5,0.0,1.0,1.0,0.0,274.0,274.0,0.845679012345679,0.845679012345679,medium,low,medium_hetero/low_length
hotpotqa,5adf85e05542993344016cba,40%,432,1082,7,154.57142857142858,41.091734110948615,0.2658430118083552,70.0,204.0,2.914285714285714,0.14285714285714302,budget-top-k,knapsack-redundancy,0.75,0.75,0.0,0.0,0.0,0.0,0.5,0.5,0.0,1.0,1.0,0.0,408.0,408.0,0.9444444444444444,0.9444444444444444,medium,low,medium_hetero/low_length
hotpotqa,5adf85e05542993344016cba,50%,541,1082,7,154.57142857142858,41.091734110948615,0.2658430118083552,70.0,204.0,2.914285714285714,0.14285714285714302,budget-top-k,knapsack-redundancy,1.0,1.0,0.0,1.0,1.0,0.0,0.5,0.5,0.0,1.0,1.0,0.0,462.0,462.0,0.8539741219963032,0.8539741219963032,medium,low,medium_hetero/low_length
hotpotqa,5a77897f55429949eeb29edc,30%,465,1550,10,155.0,42.35563716909474,0.2732621752844822,57.0,194.0,3.4035087719298245,0.1411612903225805,budget-top-k,knapsack-redundancy,1.0,1.0,0.0,1.0,1.0,0.0,0.5,0.5,0.0,1.0,1.0,0.0,431.0,431.0,0.9268817204301075,0.9268817204301075,medium,high,medium_hetero/high_length
hotpotqa,5a77897f55429949eeb29edc,40%,620,1550,10,155.0,42.35563716909474,0.2732621752844822,57.0,194.0,3.4035087719298245,0.1411612903225805,budget-top-k,knapsack-redundancy,1.0,1.0,0.0,1.0,1.0,0.0,0.5,0.5,0.0,1.0,1.0,0.0,568.0,604.0,0.9161290322580645,0.9741935483870968,medium,high,medium_hetero/high_length
hotpotqa,5a77897f55429949eeb29edc,50%,775,1550,10,155.0,42.35563716909474,0.2732621752844822,57.0,194.0,3.4035087719298245,0.1411612903225805,budget-top-k,knapsack-redundancy,1.0,1.0,0.0,1.0,1.0,0.0,0.5,0.5,0.0,1.0,1.0,0.0,740.0,740.0,0.9548387096774194,0.9548387096774194,medium,high,medium_hetero/high_length
hotpotqa,5ae10a5b55429920d52342a0,30%,396,1320,11,120.0,39.94086537961749,0.33284054483014575,44.0,179.0,4.068181818181818,0.1892561983471075,budget-top-k,knapsack-redundancy,0.8181818181818182,0.8181818181818182,0.0,0.0,0.0,0.0,0.5,0.5,0.0,0.0,0.0,0.0,394.0,394.0,0.9949494949494949,0.9949494949494949,high,medium,high_hetero/medium_length
hotpotqa,5ae10a5b55429920d52342a0,40%,528,1320,11,120.0,39.94086537961749,0.33284054483014575,44.0,179.0,4.068181818181818,0.1892561983471075,budget-top-k,knapsack-redundancy,0.8181818181818182,0.8181818181818182,0.0,0.0,0.0,0.0,0.5,0.5,0.0,0.0,0.0,0.0,512.0,512.0,0.9696969696969697,0.9696969696969697,high,medium,high_hetero/medium_length
hotpotqa,5ae10a5b55429920d52342a0,50%,660,1320,11,120.0,39.94086537961749,0.33284054483014575,44.0,179.0,4.068181818181818,0.1892561983471075,budget-top-k,knapsack-redundancy,0.8484848484848485,0.8484848484848485,0.0,0.0,0.0,0.0,0.5,0.5,0.0,0.0,0.0,0.0,638.0,638.0,0.9666666666666667,0.9666666666666667,high,medium,high_hetero/medium_length
hotpotqa,5ab639e65542995eadeeff7f,30%,421,1404,11,127.63636363636364,53.04247479361615,0.4155749449642291,57.0,212.0,3.719298245614035,0.23141673141673147,budget-top-k,knapsack-redundancy,1.0,0.6922619047619047,-0.30773809523809526,1.0,0.0,-1.0,0.5,0.5,0.0,1.0,1.0,0.0,403.0,357.0,0.9572446555819477,0.8479809976247031,high,medium,high_hetero/medium_length
hotpotqa,5ab639e65542995eadeeff7f,40%,561,1404,11,127.63636363636364,53.04247479361615,0.4155749449642291,57.0,212.0,3.719298245614035,0.23141673141673147,budget-top-k,knapsack-redundancy,1.0,1.0,0.0,1.0,1.0,0.0,0.5,0.5,0.0,1.0,1.0,0.0,527.0,527.0,0.9393939393939394,0.9393939393939394,high,medium,high_hetero/medium_length
hotpotqa,5ab639e65542995eadeeff7f,50%,702,1404,11,127.63636363636364,53.04247479361615,0.4155749449642291,57.0,212.0,3.719298245614035,0.23141673141673147,budget-top-k,knapsack-redundancy,1.0,1.0,0.0,1.0,1.0,0.0,0.5,0.5,0.0,1.0,1.0,0.0,691.0,691.0,0.9843304843304843,0.9843304843304843,high,medium,high_hetero/medium_length
hotpotqa,5a8bae135542996e8ac889b6,30%,383,1279,9,142.11111111111111,43.0644076921597,0.30303336139909093,69.0,190.0,2.753623188405797,0.16905568586569353,budget-top-k,knapsack-redundancy,1.0,1.0,0.0,1.0,1.0,0.0,0.0,0.0,0.0,1.0,1.0,0.0,344.0,344.0,0.8981723237597912,0.8981723237597912,high,medium,high_hetero/medium_length
hotpotqa,5a8bae135542996e8ac889b6,40%,511,1279,9,142.11111111111111,43.0644076921597,0.30303336139909093,69.0,190.0,2.753623188405797,0.16905568586569353,budget-top-k,knapsack-redundancy,1.0,1.0,0.0,1.0,1.0,0.0,0.0,0.0,0.0,1.0,1.0,0.0,465.0,469.0,0.9099804305283757,0.9178082191780822,high,medium,high_hetero/medium_length
hotpotqa,5a8bae135542996e8ac889b6,50%,639,1279,9,142.11111111111111,43.0644076921597,0.30303336139909093,69.0,190.0,2.753623188405797,0.16905568586569353,budget-top-k,knapsack-redundancy,1.0,1.0,0.0,1.0,1.0,0.0,0.0,0.0,0.0,1.0,1.0,0.0,590.0,590.0,0.9233176838810642,0.9233176838810642,high,medium,high_hetero/medium_length
hotpotqa,5a75e33855429976ec32bc74,30%,330,1103,8,137.875,18.428493562958423,0.13366087806316174,105.0,171.0,1.6285714285714286,0.07422937443336353,budget-top-k,knapsack-redundancy,0.7463235294117647,0.6917420814479638,-0.05458144796380093,0.0,0.0,0.0,0.5,0.5,0.0,1.0,1.0,0.0,276.0,296.0,0.8363636363636363,0.896969696969697,low,low,low_hetero/low_length
hotpotqa,5a75e33855429976ec32bc74,40%,441,1103,8,137.875,18.428493562958423,0.13366087806316174,105.0,171.0,1.6285714285714286,0.07422937443336353,budget-top-k,knapsack-redundancy,0.9852941176470589,0.9852941176470589,0.0,0.0,0.0,0.0,1.0,1.0,0.0,1.0,1.0,0.0,401.0,401.0,0.909297052154195,0.909297052154195,low,low,low_hetero/low_length
hotpotqa,5a75e33855429976ec32bc74,50%,551,1103,8,137.875,18.428493562958423,0.13366087806316174,105.0,171.0,1.6285714285714286,0.07422937443336353,budget-top-k,knapsack-redundancy,0.9852941176470589,0.9852941176470589,0.0,0.0,0.0,0.0,1.0,1.0,0.0,1.0,1.0,0.0,531.0,531.0,0.9637023593466425,0.9637023593466425,low,low,low_hetero/low_length
hotpotqa,5ae363ff5542992f92d822bc,30%,555,1850,13,142.30769230769232,34.739435838350396,0.2441149545397595,51.0,192.0,3.764705882352941,0.12523908523908522,budget-top-k,knapsack-redundancy,1.0,0.74,-0.26,1.0,0.0,-1.0,1.0,0.5,-0.5,1.0,1.0,0.0,536.0,555.0,0.9657657657657658,1.0,medium,high,medium_hetero/high_length
hotpotqa,5ae363ff5542992f92d822bc,40%,740,1850,13,142.30769230769232,34.739435838350396,0.2441149545397595,51.0,192.0,3.764705882352941,0.12523908523908522,budget-top-k,knapsack-redundancy,1.0,1.0,0.0,1.0,1.0,0.0,1.0,1.0,0.0,1.0,1.0,0.0,687.0,737.0,0.9283783783783783,0.995945945945946,medium,high,medium_hetero/high_length
hotpotqa,5ae363ff5542992f92d822bc,50%,925,1850,13,142.30769230769232,34.739435838350396,0.2441149545397595,51.0,192.0,3.764705882352941,0.12523908523908522,budget-top-k,knapsack-redundancy,1.0,1.0,0.0,1.0,1.0,0.0,1.0,1.0,0.0,1.0,1.0,0.0,898.0,898.0,0.9708108108108108,0.9708108108108108,medium,high,medium_hetero/high_length
hotpotqa,5ac0e6fa5542996f0d89cc35,30%,341,1139,8,142.375,45.94817052941281,0.3227263952899934,64.0,212.0,3.3125,0.18140913081650578,budget-top-k,knapsack-redundancy,0.34600389863547754,0.34600389863547754,0.0,0.0,0.0,0.0,0.0,0.0,0.0,1.0,1.0,0.0,331.0,331.0,0.9706744868035191,0.9706744868035191,high,low,high_hetero/low_length
hotpotqa,5ac0e6fa5542996f0d89cc35,40%,455,1139,8,142.375,45.94817052941281,0.3227263952899934,64.0,212.0,3.3125,0.18140913081650578,budget-top-k,knapsack-redundancy,1.0,1.0,0.0,1.0,1.0,0.0,0.5,0.5,0.0,1.0,1.0,0.0,433.0,433.0,0.9516483516483516,0.9516483516483516,high,low,high_hetero/low_length
hotpotqa,5ac0e6fa5542996f0d89cc35,50%,569,1139,8,142.375,45.94817052941281,0.3227263952899934,64.0,212.0,3.3125,0.18140913081650578,budget-top-k,knapsack-redundancy,0.7407407407407407,1.0,0.2592592592592593,0.0,1.0,1.0,0.0,0.5,0.5,1.0,1.0,0.0,510.0,547.0,0.8963093145869947,0.961335676625659,high,low,high_hetero/low_length
hotpotqa,5ade6b67554299728e26c71c,30%,437,1457,11,132.45454545454547,41.51968566259457,0.3134636529090873,80.0,216.0,2.7,0.1749547638360267,budget-top-k,knapsack-redundancy,1.0,1.0,0.0,1.0,1.0,0.0,0.5,1.0,0.5,1.0,1.0,0.0,402.0,429.0,0.919908466819222,0.9816933638443935,high,high,high_hetero/high_length
hotpotqa,5ade6b67554299728e26c71c,40%,582,1457,11,132.45454545454547,41.51968566259457,0.3134636529090873,80.0,216.0,2.7,0.1749547638360267,budget-top-k,knapsack-redundancy,1.0,1.0,0.0,1.0,1.0,0.0,1.0,1.0,0.0,1.0,1.0,0.0,565.0,573.0,0.9707903780068728,0.9845360824742269,high,high,high_hetero/high_length
hotpotqa,5ade6b67554299728e26c71c,50%,728,1457,11,132.45454545454547,41.51968566259457,0.3134636529090873,80.0,216.0,2.7,0.1749547638360267,budget-top-k,knapsack-redundancy,1.0,1.0,0.0,1.0,1.0,0.0,1.0,1.0,0.0,1.0,1.0,0.0,725.0,715.0,0.9958791208791209,0.9821428571428571,high,high,high_hetero/high_length
hotpotqa,5ae0c7e755429945ae95944c,30%,440,1469,11,133.54545454545453,47.331257472037414,0.35442058011736666,35.0,203.0,5.8,0.195556655733647,budget-top-k,knapsack-redundancy,1.0,1.0,0.0,1.0,1.0,0.0,0.5,0.5,0.0,1.0,1.0,0.0,425.0,425.0,0.9659090909090909,0.9659090909090909,high,high,high_hetero/high_length
hotpotqa,5ae0c7e755429945ae95944c,40%,587,1469,11,133.54545454545453,47.331257472037414,0.35442058011736666,35.0,203.0,5.8,0.195556655733647,budget-top-k,knapsack-redundancy,1.0,1.0,0.0,1.0,1.0,0.0,0.5,0.5,0.0,1.0,1.0,0.0,530.0,581.0,0.9028960817717206,0.989778534923339,high,high,high_hetero/high_length
hotpotqa,5ae0c7e755429945ae95944c,50%,734,1469,11,133.54545454545453,47.331257472037414,0.35442058011736666,35.0,203.0,5.8,0.195556655733647,budget-top-k,knapsack-redundancy,1.0,1.0,0.0,1.0,1.0,0.0,0.5,0.5,0.0,1.0,1.0,0.0,716.0,722.0,0.9754768392370572,0.9836512261580381,high,high,high_hetero/high_length
hotpotqa,5a78f753554299078472776e,30%,283,946,5,189.2,12.496399481450647,0.06604862305206473,173.0,209.0,1.2080924855491328,0.036363636363636376,budget-top-k,knapsack-redundancy,0.75,0.75,0.0,0.0,0.0,0.0,0.0,0.0,0.0,1.0,1.0,0.0,192.0,192.0,0.6784452296819788,0.6784452296819788,low,low,low_hetero/low_length
hotpotqa,5a78f753554299078472776e,40%,378,946,5,189.2,12.496399481450647,0.06604862305206473,173.0,209.0,1.2080924855491328,0.036363636363636376,budget-top-k,knapsack-redundancy,0.75,0.75,0.0,0.0,0.0,0.0,0.0,0.0,0.0,1.0,1.0,0.0,371.0,371.0,0.9814814814814815,0.9814814814814815,low,low,low_hetero/low_length
hotpotqa,5a78f753554299078472776e,50%,473,946,5,189.2,12.496399481450647,0.06604862305206473,173.0,209.0,1.2080924855491328,0.036363636363636376,budget-top-k,knapsack-redundancy,0.75,0.75,0.0,0.0,0.0,0.0,0.0,0.0,0.0,1.0,1.0,0.0,371.0,371.0,0.7843551797040169,0.7843551797040169,low,low,low_hetero/low_length
hotpotqa,5adcde255542992c1e3a243f,30%,397,1325,10,132.5,29.13159796509625,0.21986111671770756,79.0,170.0,2.151898734177215,0.12294339622641504,budget-top-k,knapsack-redundancy,1.0,1.0,0.0,1.0,1.0,0.0,0.0,0.0,0.0,1.0,1.0,0.0,352.0,352.0,0.8866498740554156,0.8866498740554156,low,medium,low_hetero/medium_length
hotpotqa,5adcde255542992c1e3a243f,40%,530,1325,10,132.5,29.13159796509625,0.21986111671770756,79.0,170.0,2.151898734177215,0.12294339622641504,budget-top-k,knapsack-redundancy,1.0,1.0,0.0,1.0,1.0,0.0,0.0,0.0,0.0,1.0,1.0,0.0,494.0,494.0,0.9320754716981132,0.9320754716981132,low,medium,low_hetero/medium_length
hotpotqa,5adcde255542992c1e3a243f,50%,662,1325,10,132.5,29.13159796509625,0.21986111671770756,79.0,170.0,2.151898734177215,0.12294339622641504,budget-top-k,knapsack-redundancy,1.0,1.0,0.0,1.0,1.0,0.0,0.0,0.0,0.0,1.0,1.0,0.0,652.0,591.0,0.9848942598187311,0.8927492447129909,low,medium,low_hetero/medium_length
hotpotqa,5ae73d505542991e8301cc2c,30%,279,933,6,155.5,48.811713075176264,0.31390169180177663,78.0,211.0,2.7051282051282053,0.1745266166488031,budget-top-k,knapsack-redundancy,0.42834138486312395,0.42834138486312395,0.0,0.0,0.0,0.0,0.0,0.0,0.0,0.0,0.0,0.0,209.0,209.0,0.7491039426523297,0.7491039426523297,high,low,high_hetero/low_length
hotpotqa,5ae73d505542991e8301cc2c,40%,373,933,6,155.5,48.811713075176264,0.31390169180177663,78.0,211.0,2.7051282051282053,0.1745266166488031,budget-top-k,knapsack-redundancy,0.44283413848631237,0.44283413848631237,0.0,0.0,0.0,0.0,0.0,0.0,0.0,0.0,0.0,0.0,287.0,287.0,0.7694369973190348,0.7694369973190348,high,low,high_hetero/low_length
hotpotqa,5ae73d505542991e8301cc2c,50%,466,933,6,155.5,48.811713075176264,0.31390169180177663,78.0,211.0,2.7051282051282053,0.1745266166488031,budget-top-k,knapsack-redundancy,1.0,0.5152979066022544,-0.4847020933977456,1.0,0.0,-1.0,0.0,0.0,0.0,1.0,0.0,-1.0,420.0,444.0,0.9012875536480687,0.9527896995708155,high,low,high_hetero/low_length
hotpotqa,5ae18d615542997283cd2229,30%,402,1340,9,148.88888888888889,43.02568856559079,0.28897850529128144,50.0,208.0,4.16,0.14311774461028182,budget-top-k,knapsack-redundancy,0.8181818181818181,0.08712121212121213,-0.731060606060606,0.0,0.0,0.0,0.0,0.0,0.0,1.0,0.0,-1.0,373.0,372.0,0.927860696517413,0.9253731343283582,medium,medium,medium_hetero/medium_length
hotpotqa,5ae18d615542997283cd2229,40%,536,1340,9,148.88888888888889,43.02568856559079,0.28897850529128144,50.0,208.0,4.16,0.14311774461028182,budget-top-k,knapsack-redundancy,0.8181818181818181,0.8181818181818181,0.0,0.0,0.0,0.0,0.0,0.0,0.0,1.0,1.0,0.0,530.0,527.0,0.9888059701492538,0.9832089552238806,medium,medium,medium_hetero/medium_length
hotpotqa,5ae18d615542997283cd2229,50%,670,1340,9,148.88888888888889,43.02568856559079,0.28897850529128144,50.0,208.0,4.16,0.14311774461028182,budget-top-k,knapsack-redundancy,0.8181818181818181,0.12878787878787878,-0.6893939393939393,0.0,0.0,0.0,0.0,0.0,0.0,1.0,0.0,-1.0,634.0,635.0,0.9462686567164179,0.9477611940298507,medium,medium,medium_hetero/medium_length
hotpotqa,5ac3ad7f5542995ef918c1de,30%,409,1364,9,151.55555555555554,33.885792208243366,0.22358660547961168,89.0,199.0,2.235955056179775,0.12512218963831856,budget-top-k,knapsack-redundancy,0.763157894736842,1.0,0.23684210526315796,0.0,1.0,1.0,0.5,1.0,0.5,0.0,1.0,1.0,384.0,404.0,0.9388753056234719,0.9877750611246944,low,medium,low_hetero/medium_length
hotpotqa,5ac3ad7f5542995ef918c1de,40%,545,1364,9,151.55555555555554,33.885792208243366,0.22358660547961168,89.0,199.0,2.235955056179775,0.12512218963831856,budget-top-k,knapsack-redundancy,0.7894736842105263,0.7894736842105263,0.0,0.0,0.0,0.0,0.5,0.5,0.0,0.0,0.0,0.0,534.0,534.0,0.9798165137614679,0.9798165137614679,low,medium,low_hetero/medium_length
hotpotqa,5ac3ad7f5542995ef918c1de,50%,682,1364,9,151.55555555555554,33.885792208243366,0.22358660547961168,89.0,199.0,2.235955056179775,0.12512218963831856,budget-top-k,knapsack-redundancy,1.0,1.0,0.0,1.0,1.0,0.0,1.0,1.0,0.0,1.0,1.0,0.0,679.0,679.0,0.9956011730205279,0.9956011730205279,low,medium,low_hetero/medium_length
hotpotqa,5ab9d44255429939ce03dc36,30%,322,1075,7,153.57142857142858,17.879414682470873,0.11642409560678707,127.0,182.0,1.4330708661417322,0.06538205980066447,budget-top-k,knapsack-redundancy,0.6263736263736264,0.6263736263736264,0.0,0.0,0.0,0.0,0.5,0.5,0.0,0.5,0.5,0.0,306.0,306.0,0.9503105590062112,0.9503105590062112,low,low,low_hetero/low_length
hotpotqa,5ab9d44255429939ce03dc36,40%,430,1075,7,153.57142857142858,17.879414682470873,0.11642409560678707,127.0,182.0,1.4330708661417322,0.06538205980066447,budget-top-k,knapsack-redundancy,0.6263736263736264,0.6263736263736264,0.0,0.0,0.0,0.0,0.5,0.5,0.0,0.5,0.5,0.0,306.0,306.0,0.7116279069767442,0.7116279069767442,low,low,low_hetero/low_length
hotpotqa,5ab9d44255429939ce03dc36,50%,537,1075,7,153.57142857142858,17.879414682470873,0.11642409560678707,127.0,182.0,1.4330708661417322,0.06538205980066447,budget-top-k,knapsack-redundancy,0.6739926739926739,0.6739926739926739,0.0,0.0,0.0,0.0,0.5,0.5,0.0,0.5,0.5,0.0,474.0,474.0,0.88268156424581,0.88268156424581,low,low,low_hetero/low_length
hotpotqa,5a863b27554299211dda2ab6,30%,444,1483,10,148.3,33.72550963291734,0.22741409057934817,84.0,209.0,2.488095238095238,0.12535401213755892,budget-top-k,knapsack-redundancy,0.31666666666666665,0.5,0.18333333333333335,0.0,0.0,0.0,0.0,0.0,0.0,1.0,1.0,0.0,438.0,387.0,0.9864864864864865,0.8716216216216216,low,high,low_hetero/high_length
hotpotqa,5a863b27554299211dda2ab6,40%,593,1483,10,148.3,33.72550963291734,0.22741409057934817,84.0,209.0,2.488095238095238,0.12535401213755892,budget-top-k,knapsack-redundancy,0.7916666666666666,0.6,-0.19166666666666665,0.0,0.0,0.0,0.0,0.0,0.0,1.0,1.0,0.0,574.0,563.0,0.9679595278246206,0.9494097807757167,low,high,low_hetero/high_length
hotpotqa,5a863b27554299211dda2ab6,50%,741,1483,10,148.3,33.72550963291734,0.22741409057934817,84.0,209.0,2.488095238095238,0.12535401213755892,budget-top-k,knapsack-redundancy,0.8333333333333334,0.6333333333333334,-0.19999999999999996,0.0,0.0,0.0,0.0,0.0,0.0,1.0,1.0,0.0,666.0,720.0,0.8987854251012146,0.97165991902834,low,high,low_hetero/high_length
hotpotqa,5a79118755429974737f7962,30%,395,1318,9,146.44444444444446,42.000293943709785,0.28680018626205467,54.0,198.0,3.6666666666666665,0.1561288147024109,budget-top-k,knapsack-redundancy,0.625,1.0,0.375,0.0,1.0,1.0,0.0,0.5,0.5,1.0,1.0,0.0,348.0,394.0,0.8810126582278481,0.9974683544303797,medium,medium,medium_hetero/medium_length
hotpotqa,5a79118755429974737f7962,40%,527,1318,9,146.44444444444446,42.000293943709785,0.28680018626205467,54.0,198.0,3.6666666666666665,0.1561288147024109,budget-top-k,knapsack-redundancy,0.6666666666666666,0.6666666666666666,0.0,0.0,0.0,0.0,0.0,0.0,0.0,1.0,1.0,0.0,517.0,517.0,0.9810246679316889,0.9810246679316889,medium,medium,medium_hetero/medium_length
hotpotqa,5a79118755429974737f7962,50%,659,1318,9,146.44444444444446,42.000293943709785,0.28680018626205467,54.0,198.0,3.6666666666666665,0.1561288147024109,budget-top-k,knapsack-redundancy,1.0,0.6666666666666666,-0.33333333333333337,1.0,0.0,-1.0,0.5,0.0,-0.5,1.0,1.0,0.0,592.0,647.0,0.8983308042488619,0.9817905918057663,medium,medium,medium_hetero/medium_length
hotpotqa,5abfa9745542997ec76fd426,30%,454,1514,10,151.4,55.24889139159264,0.3649200224015366,68.0,213.0,3.1323529411764706,0.2027741083223249,budget-top-k,knapsack-redundancy,1.0,0.8888888888888888,-0.11111111111111116,1.0,0.0,-1.0,0.0,0.0,0.0,1.0,1.0,0.0,414.0,452.0,0.9118942731277533,0.9955947136563876,high,high,high_hetero/high_length
hotpotqa,5abfa9745542997ec76fd426,40%,605,1514,10,151.4,55.24889139159264,0.3649200224015366,68.0,213.0,3.1323529411764706,0.2027741083223249,budget-top-k,knapsack-redundancy,1.0,1.0,0.0,1.0,1.0,0.0,0.0,0.0,0.0,1.0,1.0,0.0,597.0,554.0,0.9867768595041322,0.915702479338843,high,high,high_hetero/high_length
hotpotqa,5abfa9745542997ec76fd426,50%,757,1514,10,151.4,55.24889139159264,0.3649200224015366,68.0,213.0,3.1323529411764706,0.2027741083223249,budget-top-k,knapsack-redundancy,1.0,1.0,0.0,1.0,1.0,0.0,0.0,0.0,0.0,1.0,1.0,0.0,755.0,737.0,0.9973579920739762,0.9735799207397622,high,high,high_hetero/high_length
hotpotqa,5abfc8675542993fe9a41e52,30%,339,1130,7,161.42857142857142,44.43569074792129,0.2752653409163266,86.0,218.0,2.5348837209302326,0.15221238938053094,budget-top-k,knapsack-redundancy,1.0,1.0,0.0,1.0,1.0,0.0,0.5,0.5,0.0,1.0,1.0,0.0,306.0,306.0,0.9026548672566371,0.9026548672566371,medium,low,medium_hetero/low_length
hotpotqa,5abfc8675542993fe9a41e52,40%,452,1130,7,161.42857142857142,44.43569074792129,0.2752653409163266,86.0,218.0,2.5348837209302326,0.15221238938053094,budget-top-k,knapsack-redundancy,0.6041666666666666,0.6041666666666666,0.0,0.0,0.0,0.0,0.0,0.0,0.0,0.0,0.0,0.0,444.0,444.0,0.9823008849557522,0.9823008849557522,medium,low,medium_hetero/low_length
hotpotqa,5abfc8675542993fe9a41e52,50%,565,1130,7,161.42857142857142,44.43569074792129,0.2752653409163266,86.0,218.0,2.5348837209302326,0.15221238938053094,budget-top-k,knapsack-redundancy,1.0,1.0,0.0,1.0,1.0,0.0,0.5,0.5,0.0,1.0,1.0,0.0,553.0,553.0,0.9787610619469026,0.9787610619469026,medium,low,medium_hetero/low_length
hotpotqa,5a866c04554299211dda2b25,30%,323,1078,8,134.75,38.336503492102665,0.28450095355920346,74.0,192.0,2.5945945945945947,0.16001855287569566,budget-top-k,knapsack-redundancy,1.0,0.9074074074074074,-0.09259259259259256,1.0,0.0,-1.0,0.0,0.0,0.0,0.0,0.0,0.0,248.0,323.0,0.7678018575851393,1.0,medium,low,medium_hetero/low_length
hotpotqa,5a866c04554299211dda2b25,40%,431,1078,8,134.75,38.336503492102665,0.28450095355920346,74.0,192.0,2.5945945945945947,0.16001855287569566,budget-top-k,knapsack-redundancy,1.0,1.0,0.0,1.0,1.0,0.0,0.0,0.0,0.0,0.0,0.0,0.0,395.0,395.0,0.9164733178654292,0.9164733178654292,medium,low,medium_hetero/low_length
hotpotqa,5a866c04554299211dda2b25,50%,539,1078,8,134.75,38.336503492102665,0.28450095355920346,74.0,192.0,2.5945945945945947,0.16001855287569566,budget-top-k,knapsack-redundancy,1.0,1.0,0.0,1.0,1.0,0.0,0.0,0.0,0.0,0.0,0.0,0.0,534.0,497.0,0.9907235621521335,0.922077922077922,medium,low,medium_hetero/low_length
hotpotqa,5a80c74f554299260e20a158,30%,334,1116,7,159.42857142857142,37.305139986170204,0.23399281353332566,100.0,216.0,2.16,0.13236047107014848,budget-top-k,knapsack-redundancy,0.7051282051282052,0.7272727272727272,0.022144522144522005,0.0,0.0,0.0,0.5,0.5,0.0,0.5,1.0,0.5,316.0,264.0,0.9461077844311377,0.7904191616766467,medium,low,medium_hetero/low_length
hotpotqa,5a80c74f554299260e20a158,40%,446,1116,7,159.42857142857142,37.305139986170204,0.23399281353332566,100.0,216.0,2.16,0.13236047107014848,budget-top-k,knapsack-redundancy,1.0,1.0,0.0,1.0,1.0,0.0,1.0,1.0,0.0,1.0,1.0,0.0,439.0,439.0,0.984304932735426,0.984304932735426,medium,low,medium_hetero/low_length
hotpotqa,5a80c74f554299260e20a158,50%,558,1116,7,159.42857142857142,37.305139986170204,0.23399281353332566,100.0,216.0,2.16,0.13236047107014848,budget-top-k,knapsack-redundancy,0.7575757575757575,0.7575757575757575,0.0,0.0,0.0,0.0,0.5,0.5,0.0,1.0,1.0,0.0,480.0,480.0,0.8602150537634409,0.8602150537634409,medium,low,medium_hetero/low_length
hotpotqa,5ae5691055429960a22e02f3,30%,358,1194,8,149.25,45.09919622343618,0.30217216900124744,48.0,194.0,4.041666666666667,0.15221943048576225,budget-top-k,knapsack-redundancy,1.0,1.0,0.0,1.0,1.0,0.0,0.5,0.5,0.0,0.0,0.0,0.0,325.0,325.0,0.9078212290502793,0.9078212290502793,high,medium,high_hetero/medium_length
hotpotqa,5ae5691055429960a22e02f3,40%,477,1194,8,149.25,45.09919622343618,0.30217216900124744,48.0,194.0,4.041666666666667,0.15221943048576225,budget-top-k,knapsack-redundancy,1.0,1.0,0.0,1.0,1.0,0.0,0.5,0.5,0.0,0.0,0.0,0.0,385.0,475.0,0.8071278825995807,0.9958071278825996,high,medium,high_hetero/medium_length
hotpotqa,5ae5691055429960a22e02f3,50%,597,1194,8,149.25,45.09919622343618,0.30217216900124744,48.0,194.0,4.041666666666667,0.15221943048576225,budget-top-k,knapsack-redundancy,1.0,1.0,0.0,1.0,1.0,0.0,0.5,0.5,0.0,0.0,0.0,0.0,579.0,579.0,0.9698492462311558,0.9698492462311558,high,medium,high_hetero/medium_length
hotpotqa,5ab1d983554299340b52540a,30%,353,1177,8,147.125,25.275667646968298,0.17179723124532403,113.0,182.0,1.6106194690265487,0.09568819031435849,budget-top-k,knapsack-redundancy,1.0,1.0,0.0,1.0,1.0,0.0,0.0,0.0,0.0,1.0,1.0,0.0,322.0,322.0,0.9121813031161473,0.9121813031161473,low,medium,low_hetero/medium_length
hotpotqa,5ab1d983554299340b52540a,40%,470,1177,8,147.125,25.275667646968298,0.17179723124532403,113.0,182.0,1.6106194690265487,0.09568819031435849,budget-top-k,knapsack-redundancy,1.0,1.0,0.0,1.0,1.0,0.0,0.0,0.0,0.0,1.0,1.0,0.0,451.0,451.0,0.9595744680851064,0.9595744680851064,low,medium,low_hetero/medium_length
hotpotqa,5ab1d983554299340b52540a,50%,588,1177,8,147.125,25.275667646968298,0.17179723124532403,113.0,182.0,1.6106194690265487,0.09568819031435849,budget-top-k,knapsack-redundancy,1.0,1.0,0.0,1.0,1.0,0.0,0.0,0.0,0.0,1.0,1.0,0.0,575.0,575.0,0.9778911564625851,0.9778911564625851,low,medium,low_hetero/medium_length
hotpotqa,5ab28e2a5542993be8fa9947,30%,523,1744,11,158.54545454545453,45.1308474153738,0.2846555742942155,60.0,219.0,3.65,0.15658882402001684,budget-top-k,knapsack-redundancy,1.0,1.0,0.0,1.0,1.0,0.0,0.5,0.5,0.0,1.0,1.0,0.0,496.0,496.0,0.9483747609942639,0.9483747609942639,medium,high,medium_hetero/high_length
hotpotqa,5ab28e2a5542993be8fa9947,40%,697,1744,11,158.54545454545453,45.1308474153738,0.2846555742942155,60.0,219.0,3.65,0.15658882402001684,budget-top-k,knapsack-redundancy,1.0,1.0,0.0,1.0,1.0,0.0,0.5,0.5,0.0,1.0,1.0,0.0,676.0,676.0,0.96987087517934,0.96987087517934,medium,high,medium_hetero/high_length
hotpotqa,5ab28e2a5542993be8fa9947,50%,872,1744,11,158.54545454545453,45.1308474153738,0.2846555742942155,60.0,219.0,3.65,0.15658882402001684,budget-top-k,knapsack-redundancy,1.0,1.0,0.0,1.0,1.0,0.0,0.5,0.5,0.0,1.0,1.0,0.0,858.0,858.0,0.9839449541284404,0.9839449541284404,medium,high,medium_hetero/high_length
hotpotqa,5ab9547755429970cfb8ea6c,30%,387,1293,10,129.3,52.57765685155625,0.4066330769648588,54.0,219.0,4.055555555555555,0.22745552977571526,budget-top-k,knapsack-redundancy,0.6820512820512821,0.7205128205128205,0.038461538461538436,0.0,0.0,0.0,0.0,0.0,0.0,0.0,0.0,0.0,336.0,385.0,0.8682170542635659,0.9948320413436692,high,medium,high_hetero/medium_length
hotpotqa,5ab9547755429970cfb8ea6c,40%,517,1293,10,129.3,52.57765685155625,0.4066330769648588,54.0,219.0,4.055555555555555,0.22745552977571526,budget-top-k,knapsack-redundancy,0.7205128205128205,0.7205128205128205,0.0,0.0,0.0,0.0,0.0,0.0,0.0,0.0,0.0,0.0,465.0,465.0,0.8994197292069632,0.8994197292069632,high,medium,high_hetero/medium_length
hotpotqa,5ab9547755429970cfb8ea6c,50%,646,1293,10,129.3,52.57765685155625,0.4066330769648588,54.0,219.0,4.055555555555555,0.22745552977571526,budget-top-k,knapsack-redundancy,0.7538461538461538,0.7205128205128205,-0.033333333333333326,0.0,0.0,0.0,0.0,0.0,0.0,0.0,0.0,0.0,625.0,618.0,0.9674922600619195,0.9566563467492261,high,medium,high_hetero/medium_length
hotpotqa,5a7ce0bc55429909bec76863,30%,437,1458,10,145.8,52.16090490012611,0.357756549383581,30.0,210.0,7.0,0.191358024691358,budget-top-k,knapsack-redundancy,1.0,1.0,0.0,1.0,1.0,0.0,0.5,0.5,0.0,1.0,1.0,0.0,418.0,418.0,0.9565217391304348,0.9565217391304348,high,high,high_hetero/high_length
hotpotqa,5a7ce0bc55429909bec76863,40%,583,1458,10,145.8,52.16090490012611,0.357756549383581,30.0,210.0,7.0,0.191358024691358,budget-top-k,knapsack-redundancy,1.0,1.0,0.0,1.0,1.0,0.0,0.5,0.5,0.0,1.0,1.0,0.0,545.0,571.0,0.934819897084048,0.9794168096054888,high,high,high_hetero/high_length
hotpotqa,5a7ce0bc55429909bec76863,50%,729,1458,10,145.8,52.16090490012611,0.357756549383581,30.0,210.0,7.0,0.191358024691358,budget-top-k,knapsack-redundancy,1.0,1.0,0.0,1.0,1.0,0.0,0.5,0.5,0.0,1.0,1.0,0.0,725.0,718.0,0.9945130315500685,0.9849108367626886,high,high,high_hetero/high_length
hotpotqa,5ae17daa55429901ffe4aea9,30%,321,1072,6,178.66666666666666,33.737549143679985,0.1888295661026865,123.0,219.0,1.7804878048780488,0.10509950248756206,budget-top-k,knapsack-redundancy,0.7941176470588236,0.7941176470588236,0.0,0.0,0.0,0.0,0.0,0.0,0.0,1.0,1.0,0.0,305.0,305.0,0.9501557632398754,0.9501557632398754,low,low,low_hetero/low_length
hotpotqa,5ae17daa55429901ffe4aea9,40%,428,1072,6,178.66666666666666,33.737549143679985,0.1888295661026865,123.0,219.0,1.7804878048780488,0.10509950248756206,budget-top-k,knapsack-redundancy,0.7941176470588236,0.7941176470588236,0.0,0.0,0.0,0.0,0.0,0.0,0.0,1.0,1.0,0.0,305.0,305.0,0.7126168224299065,0.7126168224299065,low,low,low_hetero/low_length
hotpotqa,5ae17daa55429901ffe4aea9,50%,536,1072,6,178.66666666666666,33.737549143679985,0.1888295661026865,123.0,219.0,1.7804878048780488,0.10509950248756206,budget-top-k,knapsack-redundancy,0.7941176470588236,0.7941176470588236,0.0,0.0,0.0,0.0,0.0,0.0,0.0,1.0,1.0,0.0,524.0,524.0,0.9776119402985075,0.9776119402985075,low,low,low_hetero/low_length
hotpotqa,5ae7c5ef5542993210983f44,30%,501,1673,11,152.0909090909091,38.022611802248186,0.2499992407798745,83.0,215.0,2.5903614457831323,0.14106395696353857,budget-top-k,knapsack-redundancy,1.0,1.0,0.0,1.0,1.0,0.0,0.5,0.5,0.0,1.0,1.0,0.0,464.0,464.0,0.9261477045908184,0.9261477045908184,medium,high,medium_hetero/high_length
hotpotqa,5ae7c5ef5542993210983f44,40%,669,1673,11,152.0909090909091,38.022611802248186,0.2499992407798745,83.0,215.0,2.5903614457831323,0.14106395696353857,budget-top-k,knapsack-redundancy,1.0,1.0,0.0,1.0,1.0,0.0,0.5,0.5,0.0,1.0,1.0,0.0,641.0,641.0,0.9581464872944694,0.9581464872944694,medium,high,medium_hetero/high_length
hotpotqa,5ae7c5ef5542993210983f44,50%,836,1673,11,152.0909090909091,38.022611802248186,0.2499992407798745,83.0,215.0,2.5903614457831323,0.14106395696353857,budget-top-k,knapsack-redundancy,1.0,1.0,0.0,1.0,1.0,0.0,0.5,0.5,0.0,1.0,1.0,0.0,816.0,816.0,0.9760765550239234,0.9760765550239234,medium,high,medium_hetero/high_length
hotpotqa,5a7313865542994cef4bc442,30%,412,1375,10,137.6,38.670919306372845,0.2810386577498027,64.0,205.0,3.203125,0.1540697674418603,budget-top-k,knapsack-redundancy,1.0,1.0,0.0,1.0,1.0,0.0,0.0,0.0,0.0,1.0,1.0,0.0,361.0,361.0,0.8762135922330098,0.8762135922330098,medium,medium,medium_hetero/medium_length
hotpotqa,5a7313865542994cef4bc442,40%,550,1375,10,137.6,38.670919306372845,0.2810386577498027,64.0,205.0,3.203125,0.1540697674418603,budget-top-k,knapsack-redundancy,1.0,1.0,0.0,1.0,1.0,0.0,0.0,0.0,0.0,1.0,1.0,0.0,519.0,549.0,0.9436363636363636,0.9981818181818182,medium,medium,medium_hetero/medium_length
hotpotqa,5a7313865542994cef4bc442,50%,687,1375,10,137.6,38.670919306372845,0.2810386577498027,64.0,205.0,3.203125,0.1540697674418603,budget-top-k,knapsack-redundancy,1.0,1.0,0.0,1.0,1.0,0.0,0.0,0.0,0.0,1.0,1.0,0.0,648.0,648.0,0.9432314410480349,0.9432314410480349,medium,medium,medium_hetero/medium_length
hotpotqa,5adccf645542990d50227d32,30%,478,1594,10,159.4,31.875382350647968,0.19997103105801736,105.0,217.0,2.066666666666667,0.10903387703889567,budget-top-k,knapsack-redundancy,0.7575757575757575,1.0,0.24242424242424254,0.0,1.0,1.0,0.0,0.5,0.5,0.0,1.0,1.0,387.0,455.0,0.8096234309623431,0.9518828451882845,low,high,low_hetero/high_length
hotpotqa,5adccf645542990d50227d32,40%,637,1594,10,159.4,31.875382350647968,0.19997103105801736,105.0,217.0,2.066666666666667,0.10903387703889567,budget-top-k,knapsack-redundancy,0.7575757575757575,1.0,0.24242424242424254,0.0,1.0,1.0,0.0,0.5,0.5,0.0,1.0,1.0,604.0,635.0,0.9481946624803768,0.9968602825745683,low,high,low_hetero/high_length
hotpotqa,5adccf645542990d50227d32,50%,797,1594,10,159.4,31.875382350647968,0.19997103105801736,105.0,217.0,2.066666666666667,0.10903387703889567,budget-top-k,knapsack-redundancy,0.7575757575757575,1.0,0.24242424242424254,0.0,1.0,1.0,0.0,0.5,0.5,0.0,1.0,1.0,747.0,786.0,0.9372647427854455,0.986198243412798,low,high,low_hetero/high_length
hotpotqa,5ac176555542994d76dcce47,30%,419,1398,11,127.0909090909091,42.57283501238478,0.33497938850946535,67.0,205.0,3.0597014925373136,0.18962153726102238,budget-top-k,knapsack-redundancy,0.25,0.25,0.0,0.0,0.0,0.0,0.0,0.0,0.0,0.0,0.0,0.0,414.0,414.0,0.9880668257756563,0.9880668257756563,high,medium,high_hetero/medium_length
hotpotqa,5ac176555542994d76dcce47,40%,559,1398,11,127.0909090909091,42.57283501238478,0.33497938850946535,67.0,205.0,3.0597014925373136,0.18962153726102238,budget-top-k,knapsack-redundancy,0.875,0.3125,-0.5625,0.0,0.0,0.0,0.5,0.0,-0.5,1.0,0.0,-1.0,533.0,549.0,0.9534883720930233,0.9821109123434705,high,medium,high_hetero/medium_length
hotpotqa,5ac176555542994d76dcce47,50%,699,1398,11,127.0909090909091,42.57283501238478,0.33497938850946535,67.0,205.0,3.0597014925373136,0.18962153726102238,budget-top-k,knapsack-redundancy,0.3125,0.9375,0.625,0.0,0.0,0.0,0.0,0.5,0.5,0.0,1.0,1.0,686.0,668.0,0.9814020028612304,0.9556509298998569,high,medium,high_hetero/medium_length
hotpotqa,5abbf3845542993f40c73c2e,30%,510,1700,12,141.66666666666666,39.06476104567332,0.275751254440047,48.0,216.0,4.5,0.14509803921568643,budget-top-k,knapsack-redundancy,0.5952380952380952,0.5952380952380952,0.0,0.0,0.0,0.0,0.0,0.0,0.0,0.0,0.0,0.0,500.0,478.0,0.9803921568627451,0.9372549019607843,medium,high,medium_hetero/high_length
hotpotqa,5abbf3845542993f40c73c2e,40%,680,1700,12,141.66666666666666,39.06476104567332,0.275751254440047,48.0,216.0,4.5,0.14509803921568643,budget-top-k,knapsack-redundancy,0.6190476190476191,0.6190476190476191,0.0,0.0,0.0,0.0,0.0,0.0,0.0,0.0,0.0,0.0,655.0,655.0,0.9632352941176471,0.9632352941176471,medium,high,medium_hetero/high_length
hotpotqa,5abbf3845542993f40c73c2e,50%,850,1700,12,141.66666666666666,39.06476104567332,0.275751254440047,48.0,216.0,4.5,0.14509803921568643,budget-top-k,knapsack-redundancy,1.0,0.6190476190476191,-0.38095238095238093,1.0,0.0,-1.0,0.0,0.0,0.0,1.0,0.0,-1.0,823.0,843.0,0.9682352941176471,0.991764705882353,medium,high,medium_hetero/high_length
hotpotqa,5a8781b65542993e715abf8f,30%,258,862,5,172.4,48.01083211109759,0.27848510505277024,78.0,211.0,2.7051282051282053,0.1294663573085848,budget-top-k,knapsack-redundancy,0.631578947368421,0.631578947368421,0.0,0.0,0.0,0.0,0.5,0.5,0.0,0.0,0.0,0.0,78.0,78.0,0.3023255813953488,0.3023255813953488,medium,low,medium_hetero/low_length
hotpotqa,5a8781b65542993e715abf8f,40%,344,862,5,172.4,48.01083211109759,0.27848510505277024,78.0,211.0,2.7051282051282053,0.1294663573085848,budget-top-k,knapsack-redundancy,0.7894736842105263,0.7894736842105263,0.0,0.0,0.0,0.0,0.5,0.5,0.0,1.0,1.0,0.0,276.0,276.0,0.8023255813953488,0.8023255813953488,medium,low,medium_hetero/low_length
hotpotqa,5a8781b65542993e715abf8f,50%,431,862,5,172.4,48.01083211109759,0.27848510505277024,78.0,211.0,2.7051282051282053,0.1294663573085848,budget-top-k,knapsack-redundancy,0.7894736842105263,0.7894736842105263,0.0,0.0,0.0,0.0,0.5,0.5,0.0,1.0,1.0,0.0,276.0,276.0,0.6403712296983759,0.6403712296983759,medium,low,medium_hetero/low_length
hotpotqa,5a807ea1554299485f598624,30%,272,907,6,151.16666666666666,26.43493059486927,0.17487274924941085,109.0,185.0,1.6972477064220184,0.09794193311282617,budget-top-k,knapsack-redundancy,0.5555555555555555,0.8333333333333334,0.2777777777777779,0.0,0.0,0.0,0.0,0.0,0.0,0.0,1.0,1.0,168.0,250.0,0.6176470588235294,0.9191176470588235,low,low,low_hetero/low_length
hotpotqa,5a807ea1554299485f598624,40%,362,907,6,151.16666666666666,26.43493059486927,0.17487274924941085,109.0,185.0,1.6972477064220184,0.09794193311282617,budget-top-k,knapsack-redundancy,1.0,1.0,0.0,1.0,1.0,0.0,0.0,0.0,0.0,1.0,1.0,0.0,309.0,309.0,0.8535911602209945,0.8535911602209945,low,low,low_hetero/low_length
hotpotqa,5a807ea1554299485f598624,50%,453,907,6,151.16666666666666,26.43493059486927,0.17487274924941085,109.0,185.0,1.6972477064220184,0.09794193311282617,budget-top-k,knapsack-redundancy,1.0,1.0,0.0,1.0,1.0,0.0,0.0,0.0,0.0,1.0,1.0,0.0,418.0,418.0,0.9227373068432672,0.9227373068432672,low,low,low_hetero/low_length
hotpotqa,5a8ec7cc5542995a26add518,30%,417,1393,9,154.77777777777777,39.79050075856402,0.2570814837236728,95.0,219.0,2.305263157894737,0.146925101698971,budget-top-k,knapsack-redundancy,1.0,1.0,0.0,1.0,1.0,0.0,0.5,0.5,0.0,1.0,1.0,0.0,402.0,402.0,0.9640287769784173,0.9640287769784173,medium,medium,medium_hetero/medium_length
hotpotqa,5a8ec7cc5542995a26add518,40%,557,1393,9,154.77777777777777,39.79050075856402,0.2570814837236728,95.0,219.0,2.305263157894737,0.146925101698971,budget-top-k,knapsack-redundancy,1.0,1.0,0.0,1.0,1.0,0.0,0.5,0.5,0.0,1.0,1.0,0.0,557.0,557.0,1.0,1.0,medium,medium,medium_hetero/medium_length
hotpotqa,5a8ec7cc5542995a26add518,50%,696,1393,9,154.77777777777777,39.79050075856402,0.2570814837236728,95.0,219.0,2.305263157894737,0.146925101698971,budget-top-k,knapsack-redundancy,1.0,1.0,0.0,1.0,1.0,0.0,0.5,0.5,0.0,1.0,1.0,0.0,657.0,662.0,0.9439655172413793,0.9511494252873564,medium,medium,medium_hetero/medium_length
hotpotqa,5a7a978555429941d65f26db,30%,422,1408,8,176.0,31.83944094986594,0.18090591448787466,127.0,220.0,1.7322834645669292,0.10245028409090917,budget-top-k,knapsack-redundancy,0.5479166666666666,0.5479166666666666,0.0,0.0,0.0,0.0,0.0,0.0,0.0,1.0,1.0,0.0,330.0,330.0,0.7819905213270142,0.7819905213270142,low,medium,low_hetero/medium_length
hotpotqa,5a7a978555429941d65f26db,40%,563,1408,8,176.0,31.83944094986594,0.18090591448787466,127.0,220.0,1.7322834645669292,0.10245028409090917,budget-top-k,knapsack-redundancy,0.9375,0.9375,0.0,0.0,0.0,0.0,0.5,0.5,0.0,1.0,1.0,0.0,457.0,457.0,0.8117229129662522,0.8117229129662522,low,medium,low_hetero/medium_length
hotpotqa,5a7a978555429941d65f26db,50%,704,1408,8,176.0,31.83944094986594,0.18090591448787466,127.0,220.0,1.7322834645669292,0.10245028409090917,budget-top-k,knapsack-redundancy,1.0,1.0,0.0,1.0,1.0,0.0,0.5,0.5,0.0,1.0,1.0,0.0,656.0,656.0,0.9318181818181818,0.9318181818181818,low,medium,low_hetero/medium_length
hotpotqa,5a7fc70155429969796c1b59,30%,310,1035,7,147.85714285714286,44.311973781452835,0.2996945086668308,93.0,211.0,2.2688172043010755,0.167287784679089,budget-top-k,knapsack-redundancy,0.9,0.9,0.0,0.0,0.0,0.0,0.0,0.0,0.0,1.0,1.0,0.0,261.0,261.0,0.8419354838709677,0.8419354838709677,high,low,high_hetero/low_length
hotpotqa,5a7fc70155429969796c1b59,40%,414,1035,7,147.85714285714286,44.311973781452835,0.2996945086668308,93.0,211.0,2.2688172043010755,0.167287784679089,budget-top-k,knapsack-redundancy,0.9,0.9,0.0,0.0,0.0,0.0,0.0,0.0,0.0,1.0,1.0,0.0,363.0,363.0,0.8768115942028986,0.8768115942028986,high,low,high_hetero/low_length
hotpotqa,5a7fc70155429969796c1b59,50%,517,1035,7,147.85714285714286,44.311973781452835,0.2996945086668308,93.0,211.0,2.2688172043010755,0.167287784679089,budget-top-k,knapsack-redundancy,1.0,0.9,-0.09999999999999998,1.0,0.0,-1.0,0.0,0.0,0.0,1.0,1.0,0.0,472.0,456.0,0.9129593810444874,0.8820116054158608,high,low,high_hetero/low_length
hotpotqa,5ab84d5a55429916710eb028,30%,510,1700,13,130.76923076923077,37.47440941424889,0.2865690131677856,54.0,183.0,3.388888888888889,0.15773755656108612,budget-top-k,knapsack-redundancy,0.8,0.8,0.0,0.0,0.0,0.0,0.5,0.5,0.0,0.0,0.0,0.0,488.0,488.0,0.9568627450980393,0.9568627450980393,medium,high,medium_hetero/high_length
hotpotqa,5ab84d5a55429916710eb028,40%,680,1700,13,130.76923076923077,37.47440941424889,0.2865690131677856,54.0,183.0,3.388888888888889,0.15773755656108612,budget-top-k,knapsack-redundancy,0.8,1.0,0.19999999999999996,0.0,1.0,1.0,0.5,1.0,0.5,0.0,1.0,1.0,654.0,659.0,0.961764705882353,0.9691176470588235,medium,high,medium_hetero/high_length
hotpotqa,5ab84d5a55429916710eb028,50%,850,1700,13,130.76923076923077,37.47440941424889,0.2865690131677856,54.0,183.0,3.388888888888889,0.15773755656108612,budget-top-k,knapsack-redundancy,0.8,1.0,0.19999999999999996,0.0,1.0,1.0,0.5,1.0,0.5,0.0,1.0,1.0,837.0,825.0,0.9847058823529412,0.9705882352941176,medium,high,medium_hetero/high_length
hotpotqa,5a7f392b55429934daa2fd26,30%,371,1238,8,154.75,32.618054816313006,0.21077902950767693,93.0,200.0,2.150537634408602,0.11712439418416798,budget-top-k,knapsack-redundancy,1.0,0.7571428571428571,-0.24285714285714288,1.0,0.0,-1.0,0.5,0.5,0.0,1.0,0.0,-1.0,293.0,369.0,0.7897574123989218,0.9946091644204852,low,medium,low_hetero/medium_length
hotpotqa,5a7f392b55429934daa2fd26,40%,495,1238,8,154.75,32.618054816313006,0.21077902950767693,93.0,200.0,2.150537634408602,0.11712439418416798,budget-top-k,knapsack-redundancy,1.0,1.0,0.0,1.0,1.0,0.0,0.5,0.5,0.0,1.0,1.0,0.0,445.0,445.0,0.898989898989899,0.898989898989899,low,medium,low_hetero/medium_length
hotpotqa,5a7f392b55429934daa2fd26,50%,619,1238,8,154.75,32.618054816313006,0.21077902950767693,93.0,200.0,2.150537634408602,0.11712439418416798,budget-top-k,knapsack-redundancy,1.0,1.0,0.0,1.0,1.0,0.0,0.5,0.5,0.0,1.0,1.0,0.0,612.0,612.0,0.9886914378029079,0.9886914378029079,low,medium,low_hetero/medium_length
hotpotqa,5a877dd65542993e715abf79,30%,315,1052,8,131.5,54.034711066128594,0.41091035031276496,53.0,201.0,3.792452830188679,0.23265209125475295,budget-top-k,knapsack-redundancy,0.75,0.75,0.0,0.0,0.0,0.0,0.5,0.5,0.0,1.0,1.0,0.0,297.0,297.0,0.9428571428571428,0.9428571428571428,high,low,high_hetero/low_length
hotpotqa,5a877dd65542993e715abf79,40%,420,1052,8,131.5,54.034711066128594,0.41091035031276496,53.0,201.0,3.792452830188679,0.23265209125475295,budget-top-k,knapsack-redundancy,1.0,1.0,0.0,1.0,1.0,0.0,1.0,1.0,0.0,1.0,1.0,0.0,419.0,419.0,0.9976190476190476,0.9976190476190476,high,low,high_hetero/low_length
hotpotqa,5a877dd65542993e715abf79,50%,526,1052,8,131.5,54.034711066128594,0.41091035031276496,53.0,201.0,3.792452830188679,0.23265209125475295,budget-top-k,knapsack-redundancy,0.8,0.8,0.0,0.0,0.0,0.0,0.5,0.5,0.0,1.0,1.0,0.0,513.0,513.0,0.9752851711026616,0.9752851711026616,high,low,high_hetero/low_length
hotpotqa,5a8b99c355429950cd6afd28,30%,240,800,5,160.0,28.453470790045984,0.1778341924377874,119.0,201.0,1.6890756302521008,0.09950000000000014,budget-top-k,knapsack-redundancy,1.0,1.0,0.0,1.0,1.0,0.0,0.0,0.0,0.0,1.0,1.0,0.0,139.0,139.0,0.5791666666666667,0.5791666666666667,low,low,low_hetero/low_length
hotpotqa,5a8b99c355429950cd6afd28,40%,320,800,5,160.0,28.453470790045984,0.1778341924377874,119.0,201.0,1.6890756302521008,0.09950000000000014,budget-top-k,knapsack-redundancy,1.0,1.0,0.0,1.0,1.0,0.0,0.0,0.0,0.0,1.0,1.0,0.0,306.0,306.0,0.95625,0.95625,low,low,low_hetero/low_length
hotpotqa,5a8b99c355429950cd6afd28,50%,400,800,5,160.0,28.453470790045984,0.1778341924377874,119.0,201.0,1.6890756302521008,0.09950000000000014,budget-top-k,knapsack-redundancy,1.0,1.0,0.0,1.0,1.0,0.0,0.0,0.0,0.0,1.0,1.0,0.0,306.0,306.0,0.765,0.765,low,low,low_hetero/low_length
hotpotqa,5a8e2ba05542995085b373b8,30%,412,1374,10,137.4,43.47229002479626,0.3163922126986627,55.0,214.0,3.890909090909091,0.17496360989810755,budget-top-k,knapsack-redundancy,0.7272727272727273,0.7272727272727273,0.0,0.0,0.0,0.0,0.0,0.0,0.0,1.0,1.0,0.0,381.0,402.0,0.9247572815533981,0.9757281553398058,high,medium,high_hetero/medium_length
hotpotqa,5a8e2ba05542995085b373b8,40%,549,1374,10,137.4,43.47229002479626,0.3163922126986627,55.0,214.0,3.890909090909091,0.17496360989810755,budget-top-k,knapsack-redundancy,0.7954545454545454,0.7954545454545454,0.0,0.0,0.0,0.0,0.0,0.0,0.0,1.0,1.0,0.0,526.0,547.0,0.9581056466302368,0.9963570127504554,high,medium,high_hetero/medium_length
hotpotqa,5a8e2ba05542995085b373b8,50%,687,1374,10,137.4,43.47229002479626,0.3163922126986627,55.0,214.0,3.890909090909091,0.17496360989810755,budget-top-k,knapsack-redundancy,0.7954545454545454,0.7954545454545454,0.0,0.0,0.0,0.0,0.0,0.0,0.0,1.0,1.0,0.0,677.0,677.0,0.9854439592430859,0.9854439592430859,high,medium,high_hetero/medium_length
hotpotqa,5a74581555429979e2882912,30%,541,1806,12,150.5,47.452607936761495,0.3152997205100432,78.0,220.0,2.8205128205128207,0.1785714285714286,budget-top-k,knapsack-redundancy,1.0,1.0,0.0,1.0,1.0,0.0,1.0,1.0,0.0,1.0,1.0,0.0,482.0,482.0,0.8909426987060998,0.8909426987060998,high,high,high_hetero/high_length
hotpotqa,5a74581555429979e2882912,40%,722,1806,12,150.5,47.452607936761495,0.3152997205100432,78.0,220.0,2.8205128205128207,0.1785714285714286,budget-top-k,knapsack-redundancy,1.0,1.0,0.0,1.0,1.0,0.0,1.0,1.0,0.0,1.0,1.0,0.0,678.0,678.0,0.9390581717451524,0.9390581717451524,high,high,high_hetero/high_length
hotpotqa,5a74581555429979e2882912,50%,903,1806,12,150.5,47.452607936761495,0.3152997205100432,78.0,220.0,2.8205128205128207,0.1785714285714286,budget-top-k,knapsack-redundancy,1.0,1.0,0.0,1.0,1.0,0.0,1.0,1.0,0.0,1.0,1.0,0.0,834.0,834.0,0.9235880398671097,0.9235880398671097,high,high,high_hetero/high_length
hotpotqa,5ac1d40c5542994d76dccef5,30%,446,1489,10,148.9,36.72996052271225,0.24667535609611985,86.0,213.0,2.4767441860465116,0.13989254533243778,budget-top-k,knapsack-redundancy,0.45089285714285715,0.45089285714285715,0.0,0.0,0.0,0.0,0.0,0.0,0.0,0.0,0.0,0.0,400.0,400.0,0.8968609865470852,0.8968609865470852,medium,high,medium_hetero/high_length
hotpotqa,5ac1d40c5542994d76dccef5,40%,595,1489,10,148.9,36.72996052271225,0.24667535609611985,86.0,213.0,2.4767441860465116,0.13989254533243778,budget-top-k,knapsack-redundancy,0.5133928571428572,0.5133928571428572,0.0,0.0,0.0,0.0,0.0,0.0,0.0,0.0,0.0,0.0,592.0,592.0,0.9949579831932773,0.9949579831932773,medium,high,medium_hetero/high_length
hotpotqa,5ac1d40c5542994d76dccef5,50%,744,1489,10,148.9,36.72996052271225,0.24667535609611985,86.0,213.0,2.4767441860465116,0.13989254533243778,budget-top-k,knapsack-redundancy,0.9285714285714286,0.9285714285714286,0.0,0.0,0.0,0.0,0.5,0.5,0.0,0.0,0.0,0.0,738.0,738.0,0.9919354838709677,0.9919354838709677,medium,high,medium_hetero/high_length
hotpotqa,5a7c6b6655429935c91b519a,30%,345,1151,8,143.75,32.20151393956502,0.22401053175349578,100.0,206.0,2.06,0.1243478260869566,budget-top-k,knapsack-redundancy,0.34295334295334295,0.44973544973544977,0.10678210678210681,0.0,0.0,0.0,0.0,0.0,0.0,0.25,0.25,0.0,312.0,340.0,0.9043478260869565,0.9855072463768116,low,low,low_hetero/low_length
hotpotqa,5a7c6b6655429935c91b519a,40%,460,1151,8,143.75,32.20151393956502,0.22401053175349578,100.0,206.0,2.06,0.1243478260869566,budget-top-k,knapsack-redundancy,0.4338624338624339,0.4338624338624339,0.0,0.0,0.0,0.0,0.0,0.0,0.0,0.25,0.25,0.0,445.0,445.0,0.967391304347826,0.967391304347826,low,low,low_hetero/low_length
hotpotqa,5a7c6b6655429935c91b519a,50%,575,1151,8,143.75,32.20151393956502,0.22401053175349578,100.0,206.0,2.06,0.1243478260869566,budget-top-k,knapsack-redundancy,0.44973544973544977,0.44973544973544977,0.0,0.0,0.0,0.0,0.0,0.0,0.0,0.25,0.25,0.0,552.0,552.0,0.96,0.96,low,low,low_hetero/low_length
hotpotqa,5a73522d5542994cef4bc541,30%,485,1619,12,134.91666666666666,44.43245498006559,0.32933258786954117,49.0,200.0,4.081632653061225,0.1848363187152564,budget-top-k,knapsack-redundancy,0.8,1.0,0.19999999999999996,0.0,1.0,1.0,0.5,1.0,0.5,0.0,0.0,0.0,443.0,483.0,0.9134020618556701,0.9958762886597938,high,high,high_hetero/high_length
hotpotqa,5a73522d5542994cef4bc541,40%,647,1619,12,134.91666666666666,44.43245498006559,0.32933258786954117,49.0,200.0,4.081632653061225,0.1848363187152564,budget-top-k,knapsack-redundancy,1.0,1.0,0.0,1.0,1.0,0.0,1.0,1.0,0.0,0.0,0.0,0.0,637.0,637.0,0.9845440494590417,0.9845440494590417,high,high,high_hetero/high_length
hotpotqa,5a73522d5542994cef4bc541,50%,809,1619,12,134.91666666666666,44.43245498006559,0.32933258786954117,49.0,200.0,4.081632653061225,0.1848363187152564,budget-top-k,knapsack-redundancy,1.0,1.0,0.0,1.0,1.0,0.0,1.0,1.0,0.0,0.0,0.0,0.0,798.0,798.0,0.9864029666254636,0.9864029666254636,high,high,high_hetero/high_length
hotpotqa,5a822a5e55429926c1cdae43,30%,255,853,5,170.6,26.55258932759666,0.15564237589447047,123.0,193.0,1.5691056910569106,0.0797186400937866,budget-top-k,knapsack-redundancy,0.9,0.9,0.0,0.0,0.0,0.0,0.0,0.0,0.0,1.0,1.0,0.0,160.0,160.0,0.6274509803921569,0.6274509803921569,low,low,low_hetero/low_length
hotpotqa,5a822a5e55429926c1cdae43,40%,341,853,5,170.6,26.55258932759666,0.15564237589447047,123.0,193.0,1.5691056910569106,0.0797186400937866,budget-top-k,knapsack-redundancy,0.9,0.9,0.0,0.0,0.0,0.0,0.0,0.0,0.0,1.0,1.0,0.0,283.0,283.0,0.8299120234604106,0.8299120234604106,low,low,low_hetero/low_length
hotpotqa,5a822a5e55429926c1cdae43,50%,426,853,5,170.6,26.55258932759666,0.15564237589447047,123.0,193.0,1.5691056910569106,0.0797186400937866,budget-top-k,knapsack-redundancy,0.9,0.9,0.0,0.0,0.0,0.0,0.0,0.0,0.0,1.0,1.0,0.0,350.0,350.0,0.8215962441314554,0.8215962441314554,low,low,low_hetero/low_length
hotpotqa,5a7b1023554299042af8f6c2,30%,466,1555,11,141.36363636363637,53.25969434124002,0.3767566802274213,48.0,211.0,4.395833333333333,0.21104940076001166,budget-top-k,knapsack-redundancy,0.75,1.0,0.25,0.0,1.0,1.0,0.5,1.0,0.5,1.0,1.0,0.0,464.0,465.0,0.9957081545064378,0.9978540772532188,high,high,high_hetero/high_length
hotpotqa,5a7b1023554299042af8f6c2,40%,622,1555,11,141.36363636363637,53.25969434124002,0.3767566802274213,48.0,211.0,4.395833333333333,0.21104940076001166,budget-top-k,knapsack-redundancy,0.75,1.0,0.25,0.0,1.0,1.0,0.5,1.0,0.5,1.0,1.0,0.0,609.0,620.0,0.9790996784565916,0.9967845659163987,high,high,high_hetero/high_length
hotpotqa,5a7b1023554299042af8f6c2,50%,777,1555,11,141.36363636363637,53.25969434124002,0.3767566802274213,48.0,211.0,4.395833333333333,0.21104940076001166,budget-top-k,knapsack-redundancy,0.75,0.75,0.0,0.0,0.0,0.0,0.5,0.5,0.0,1.0,1.0,0.0,769.0,769.0,0.9897039897039897,0.9897039897039897,high,high,high_hetero/high_length
hotpotqa,5a84574455429933447460e6,30%,530,1768,11,160.72727272727272,36.146396548910296,0.22489273870928353,97.0,212.0,2.185567010309278,0.12793089263677504,budget-top-k,knapsack-redundancy,0.8386363636363636,0.8386363636363636,0.0,0.0,0.0,0.0,0.5,0.5,0.0,0.0,0.0,0.0,496.0,496.0,0.9358490566037736,0.9358490566037736,low,high,low_hetero/high_length
hotpotqa,5a84574455429933447460e6,40%,707,1768,11,160.72727272727272,36.146396548910296,0.22489273870928353,97.0,212.0,2.185567010309278,0.12793089263677504,budget-top-k,knapsack-redundancy,0.8386363636363636,0.8386363636363636,0.0,0.0,0.0,0.0,0.5,0.5,0.0,0.0,0.0,0.0,672.0,672.0,0.9504950495049505,0.9504950495049505,low,high,low_hetero/high_length
hotpotqa,5a84574455429933447460e6,50%,884,1768,11,160.72727272727272,36.146396548910296,0.22489273870928353,97.0,212.0,2.185567010309278,0.12793089263677504,budget-top-k,knapsack-redundancy,0.8511363636363637,1.0,0.1488636363636363,0.0,1.0,1.0,0.5,1.0,0.5,0.0,0.0,0.0,835.0,884.0,0.9445701357466063,1.0,low,high,low_hetero/high_length
hotpotqa,5a89a02955429946c8d6e975,30%,488,1627,11,147.9090909090909,52.53302778504646,0.35517105447788017,30.0,201.0,6.7,0.19288148851762865,budget-top-k,knapsack-redundancy,0.5909090909090909,0.6363636363636364,0.045454545454545414,0.0,0.0,0.0,0.0,0.0,0.0,1.0,1.0,0.0,426.0,486.0,0.8729508196721312,0.9959016393442623,high,high,high_hetero/high_length
hotpotqa,5a89a02955429946c8d6e975,40%,650,1627,11,147.9090909090909,52.53302778504646,0.35517105447788017,30.0,201.0,6.7,0.19288148851762865,budget-top-k,knapsack-redundancy,1.0,0.6363636363636364,-0.36363636363636365,1.0,0.0,-1.0,0.0,0.0,0.0,1.0,1.0,0.0,626.0,648.0,0.963076923076923,0.9969230769230769,high,high,high_hetero/high_length
hotpotqa,5a89a02955429946c8d6e975,50%,813,1627,11,147.9090909090909,52.53302778504646,0.35517105447788017,30.0,201.0,6.7,0.19288148851762865,budget-top-k,knapsack-redundancy,1.0,1.0,0.0,1.0,1.0,0.0,0.0,0.0,0.0,1.0,1.0,0.0,792.0,813.0,0.974169741697417,1.0,high,high,high_hetero/high_length
hotpotqa,5abdf1fe55429976d4830a31,30%,543,1811,12,150.91666666666666,35.76417745298903,0.23697964077077216,104.0,213.0,2.048076923076923,0.1251150377323762,budget-top-k,knapsack-redundancy,0.6,0.6,0.0,0.0,0.0,0.0,0.0,0.0,0.0,0.3333333333333333,0.3333333333333333,0.0,475.0,530.0,0.8747697974217311,0.9760589318600368,medium,high,medium_hetero/high_length
hotpotqa,5abdf1fe55429976d4830a31,40%,724,1811,12,150.91666666666666,35.76417745298903,0.23697964077077216,104.0,213.0,2.048076923076923,0.1251150377323762,budget-top-k,knapsack-redundancy,0.6,1.0,0.4,0.0,1.0,1.0,0.0,0.5,0.5,0.3333333333333333,1.0,0.6666666666666667,624.0,669.0,0.861878453038674,0.9240331491712708,medium,high,medium_hetero/high_length
hotpotqa,5abdf1fe55429976d4830a31,50%,905,1811,12,150.91666666666666,35.76417745298903,0.23697964077077216,104.0,213.0,2.048076923076923,0.1251150377323762,budget-top-k,knapsack-redundancy,0.6,1.0,0.4,0.0,1.0,1.0,0.0,0.5,0.5,0.3333333333333333,1.0,0.6666666666666667,833.0,874.0,0.9204419889502763,0.9657458563535911,medium,high,medium_hetero/high_length
hotpotqa,5ae1e9fd5542997f29b3c1a1,30%,421,1405,9,156.11111111111111,52.354442546177374,0.3353665358829867,49.0,219.0,4.469387755102041,0.1746144721233689,budget-top-k,knapsack-redundancy,0.9642857142857143,1.0,0.0357142857142857,0.0,1.0,1.0,0.0,0.5,0.5,0.6666666666666666,1.0,0.33333333333333337,397.0,349.0,0.9429928741092637,0.828978622327791,high,medium,high_hetero/medium_length
hotpotqa,5ae1e9fd5542997f29b3c1a1,40%,562,1405,9,156.11111111111111,52.354442546177374,0.3353665358829867,49.0,219.0,4.469387755102041,0.1746144721233689,budget-top-k,knapsack-redundancy,1.0,1.0,0.0,1.0,1.0,0.0,0.5,0.5,0.0,1.0,1.0,0.0,527.0,527.0,0.9377224199288257,0.9377224199288257,high,medium,high_hetero/medium_length
hotpotqa,5ae1e9fd5542997f29b3c1a1,50%,702,1405,9,156.11111111111111,52.354442546177374,0.3353665358829867,49.0,219.0,4.469387755102041,0.1746144721233689,budget-top-k,knapsack-redundancy,1.0,1.0,0.0,1.0,1.0,0.0,0.5,0.5,0.0,1.0,1.0,0.0,689.0,689.0,0.9814814814814815,0.9814814814814815,high,medium,high_hetero/medium_length
hotpotqa,5a77b0395542997042120ae1,30%,330,1103,7,157.57142857142858,23.390212500452545,0.14844196509806692,113.0,196.0,1.7345132743362832,0.07822820878124603,budget-top-k,knapsack-redundancy,1.0,1.0,0.0,1.0,1.0,0.0,0.0,0.0,0.0,1.0,1.0,0.0,307.0,307.0,0.9303030303030303,0.9303030303030303,low,low,low_hetero/low_length
hotpotqa,5a77b0395542997042120ae1,40%,441,1103,7,157.57142857142858,23.390212500452545,0.14844196509806692,113.0,196.0,1.7345132743362832,0.07822820878124603,budget-top-k,knapsack-redundancy,0.7222222222222222,1.0,0.2777777777777778,0.0,1.0,1.0,0.0,0.0,0.0,1.0,1.0,0.0,339.0,420.0,0.7687074829931972,0.9523809523809523,low,low,low_hetero/low_length
hotpotqa,5a77b0395542997042120ae1,50%,551,1103,7,157.57142857142858,23.390212500452545,0.14844196509806692,113.0,196.0,1.7345132743362832,0.07822820878124603,budget-top-k,knapsack-redundancy,1.0,1.0,0.0,1.0,1.0,0.0,0.0,0.0,0.0,1.0,1.0,0.0,503.0,503.0,0.9128856624319419,0.9128856624319419,low,low,low_hetero/low_length
hotpotqa,5a79c8fa5542994bb94570a1,30%,448,1494,10,149.4,62.57986896758413,0.4188746249503623,16.0,215.0,13.4375,0.22570281124497993,budget-top-k,knapsack-redundancy,1.0,0.7948717948717948,-0.20512820512820518,1.0,0.0,-1.0,0.0,0.0,0.0,1.0,0.0,-1.0,404.0,440.0,0.9017857142857143,0.9821428571428571,high,high,high_hetero/high_length
hotpotqa,5a79c8fa5542994bb94570a1,40%,597,1494,10,149.4,62.57986896758413,0.4188746249503623,16.0,215.0,13.4375,0.22570281124497993,budget-top-k,knapsack-redundancy,1.0,1.0,0.0,1.0,1.0,0.0,0.0,0.0,0.0,1.0,1.0,0.0,588.0,588.0,0.9849246231155779,0.9849246231155779,high,high,high_hetero/high_length
hotpotqa,5a79c8fa5542994bb94570a1,50%,747,1494,10,149.4,62.57986896758413,0.4188746249503623,16.0,215.0,13.4375,0.22570281124497993,budget-top-k,knapsack-redundancy,1.0,1.0,0.0,1.0,1.0,0.0,0.0,0.0,0.0,1.0,1.0,0.0,741.0,741.0,0.9919678714859438,0.9919678714859438,high,high,high_hetero/high_length
hotpotqa,5ae21937554299234fd043d3,30%,355,1186,9,131.77777777777777,44.32400347385847,0.3363541578960592,26.0,180.0,6.923076923076923,0.17256885890949958,budget-top-k,knapsack-redundancy,1.0,1.0,0.0,1.0,1.0,0.0,0.0,0.0,0.0,1.0,1.0,0.0,332.0,332.0,0.9352112676056338,0.9352112676056338,high,medium,high_hetero/medium_length
hotpotqa,5ae21937554299234fd043d3,40%,474,1186,9,131.77777777777777,44.32400347385847,0.3363541578960592,26.0,180.0,6.923076923076923,0.17256885890949958,budget-top-k,knapsack-redundancy,1.0,1.0,0.0,1.0,1.0,0.0,0.0,0.0,0.0,1.0,1.0,0.0,458.0,458.0,0.9662447257383966,0.9662447257383966,high,medium,high_hetero/medium_length
hotpotqa,5ae21937554299234fd043d3,50%,593,1186,9,131.77777777777777,44.32400347385847,0.3363541578960592,26.0,180.0,6.923076923076923,0.17256885890949958,budget-top-k,knapsack-redundancy,1.0,1.0,0.0,1.0,1.0,0.0,0.0,0.0,0.0,1.0,1.0,0.0,582.0,554.0,0.9814502529510961,0.9342327150084317,high,medium,high_hetero/medium_length
hotpotqa,5a7cdcbf55429907fabef04f,30%,405,1352,10,135.2,43.0669246638299,0.318542342188091,70.0,208.0,2.9714285714285715,0.18076923076923057,budget-top-k,knapsack-redundancy,1.0,1.0,0.0,1.0,1.0,0.0,0.5,0.5,0.0,1.0,1.0,0.0,397.0,358.0,0.980246913580247,0.8839506172839506,high,medium,high_hetero/medium_length
hotpotqa,5a7cdcbf55429907fabef04f,40%,540,1352,10,135.2,43.0669246638299,0.318542342188091,70.0,208.0,2.9714285714285715,0.18076923076923057,budget-top-k,knapsack-redundancy,1.0,1.0,0.0,1.0,1.0,0.0,0.5,0.5,0.0,1.0,1.0,0.0,475.0,520.0,0.8796296296296297,0.9629629629629629,high,medium,high_hetero/medium_length
hotpotqa,5a7cdcbf55429907fabef04f,50%,676,1352,10,135.2,43.0669246638299,0.318542342188091,70.0,208.0,2.9714285714285715,0.18076923076923057,budget-top-k,knapsack-redundancy,1.0,1.0,0.0,1.0,1.0,0.0,0.5,0.5,0.0,1.0,1.0,0.0,545.0,671.0,0.8062130177514792,0.992603550295858,high,medium,high_hetero/medium_length
hotpotqa,5ac51a055542994611c8b390,30%,530,1769,12,147.41666666666666,43.269424026159115,0.2935178565935045,80.0,218.0,2.725,0.16775014132278132,budget-top-k,knapsack-redundancy,0.09838709677419355,0.625,0.5266129032258065,0.0,0.0,0.0,0.0,0.5,0.5,0.0,1.0,1.0,522.0,526.0,0.9849056603773585,0.9924528301886792,medium,high,medium_hetero/high_length
hotpotqa,5ac51a055542994611c8b390,40%,707,1769,12,147.41666666666666,43.269424026159115,0.2935178565935045,80.0,218.0,2.725,0.16775014132278132,budget-top-k,knapsack-redundancy,0.09838709677419355,1.0,0.9016129032258065,0.0,1.0,1.0,0.0,1.0,1.0,0.0,1.0,1.0,687.0,689.0,0.9717114568599717,0.9745403111739745,medium,high,medium_hetero/high_length
hotpotqa,5ac51a055542994611c8b390,50%,884,1769,12,147.41666666666666,43.269424026159115,0.2935178565935045,80.0,218.0,2.725,0.16775014132278132,budget-top-k,knapsack-redundancy,0.6612903225806451,1.0,0.33870967741935487,0.0,1.0,1.0,0.5,1.0,0.5,1.0,1.0,0.0,850.0,871.0,0.9615384615384616,0.9852941176470589,medium,high,medium_hetero/high_length
hotpotqa,5a78c7db55429974737f7882,30%,460,1536,11,139.63636363636363,34.960426269693535,0.2503676360459824,90.0,187.0,2.077777777777778,0.1421638257575759,budget-top-k,knapsack-redundancy,0.9838709677419355,0.9838709677419355,0.0,0.0,0.0,0.0,0.5,0.5,0.0,1.0,1.0,0.0,362.0,362.0,0.7869565217391304,0.7869565217391304,medium,high,medium_hetero/high_length
hotpotqa,5a78c7db55429974737f7882,40%,614,1536,11,139.63636363636363,34.960426269693535,0.2503676360459824,90.0,187.0,2.077777777777778,0.1421638257575759,budget-top-k,knapsack-redundancy,1.0,1.0,0.0,1.0,1.0,0.0,0.5,0.5,0.0,1.0,1.0,0.0,611.0,611.0,0.995114006514658,0.995114006514658,medium,high,medium_hetero/high_length
hotpotqa,5a78c7db55429974737f7882,50%,768,1536,11,139.63636363636363,34.960426269693535,0.2503676360459824,90.0,187.0,2.077777777777778,0.1421638257575759,budget-top-k,knapsack-redundancy,1.0,1.0,0.0,1.0,1.0,0.0,0.5,0.5,0.0,1.0,1.0,0.0,722.0,722.0,0.9401041666666666,0.9401041666666666,medium,high,medium_hetero/high_length
hotpotqa,5a82e25555429954d2e2ebbf,30%,407,1358,11,123.45454545454545,46.80591189614569,0.3791347797184113,36.0,179.0,4.972222222222222,0.2051144731557104,budget-top-k,knapsack-redundancy,1.0,1.0,0.0,1.0,1.0,0.0,0.5,0.5,0.0,1.0,1.0,0.0,397.0,397.0,0.9754299754299754,0.9754299754299754,high,medium,high_hetero/medium_length
hotpotqa,5a82e25555429954d2e2ebbf,40%,543,1358,11,123.45454545454545,46.80591189614569,0.3791347797184113,36.0,179.0,4.972222222222222,0.2051144731557104,budget-top-k,knapsack-redundancy,1.0,1.0,0.0,1.0,1.0,0.0,0.5,0.5,0.0,1.0,1.0,0.0,540.0,513.0,0.994475138121547,0.9447513812154696,high,medium,high_hetero/medium_length
hotpotqa,5a82e25555429954d2e2ebbf,50%,679,1358,11,123.45454545454545,46.80591189614569,0.3791347797184113,36.0,179.0,4.972222222222222,0.2051144731557104,budget-top-k,knapsack-redundancy,1.0,1.0,0.0,1.0,1.0,0.0,0.5,0.5,0.0,1.0,1.0,0.0,669.0,664.0,0.9852724594992637,0.9779086892488954,high,medium,high_hetero/medium_length
hotpotqa,5ab42b8955429942dd415ea6,30%,361,1205,8,150.625,41.81787147859154,0.27762902226450814,79.0,213.0,2.6962025316455698,0.15757261410788392,budget-top-k,knapsack-redundancy,1.0,1.0,0.0,1.0,1.0,0.0,1.0,1.0,0.0,1.0,1.0,0.0,334.0,334.0,0.925207756232687,0.925207756232687,medium,medium,medium_hetero/medium_length
hotpotqa,5ab42b8955429942dd415ea6,40%,482,1205,8,150.625,41.81787147859154,0.27762902226450814,79.0,213.0,2.6962025316455698,0.15757261410788392,budget-top-k,knapsack-redundancy,1.0,1.0,0.0,1.0,1.0,0.0,1.0,1.0,0.0,1.0,1.0,0.0,460.0,460.0,0.9543568464730291,0.9543568464730291,medium,medium,medium_hetero/medium_length
hotpotqa,5ab42b8955429942dd415ea6,50%,602,1205,8,150.625,41.81787147859154,0.27762902226450814,79.0,213.0,2.6962025316455698,0.15757261410788392,budget-top-k,knapsack-redundancy,1.0,1.0,0.0,1.0,1.0,0.0,1.0,1.0,0.0,1.0,1.0,0.0,534.0,534.0,0.8870431893687708,0.8870431893687708,medium,medium,medium_hetero/medium_length
hotpotqa,5a8db916554299441c6ba057,30%,374,1248,8,156.125,26.8115530135798,0.17173132434638783,100.0,190.0,1.9,0.09357485988791026,budget-top-k,knapsack-redundancy,0.3,0.3,0.0,0.0,0.0,0.0,0.0,0.0,0.0,0.0,0.0,0.0,357.0,357.0,0.9545454545454546,0.9545454545454546,low,medium,low_hetero/medium_length
hotpotqa,5a8db916554299441c6ba057,40%,499,1248,8,156.125,26.8115530135798,0.17173132434638783,100.0,190.0,1.9,0.09357485988791026,budget-top-k,knapsack-redundancy,0.35,0.35,0.0,0.0,0.0,0.0,0.0,0.0,0.0,1.0,1.0,0.0,457.0,457.0,0.9158316633266533,0.9158316633266533,low,medium,low_hetero/medium_length
hotpotqa,5a8db916554299441c6ba057,50%,624,1248,8,156.125,26.8115530135798,0.17173132434638783,100.0,190.0,1.9,0.09357485988791026,budget-top-k,knapsack-redundancy,0.35,0.9,0.55,0.0,0.0,0.0,0.0,0.5,0.5,0.0,1.0,1.0,536.0,601.0,0.8589743589743589,0.9631410256410257,low,medium,low_hetero/medium_length
hotpotqa,5a79ca585542996c55b2dc71,30%,332,1109,8,138.625,35.72092349030187,0.25768024158919295,67.0,177.0,2.6417910447761193,0.1369477006311992,budget-top-k,knapsack-redundancy,0.85,0.85,0.0,0.0,0.0,0.0,0.0,0.0,0.0,1.0,1.0,0.0,312.0,312.0,0.9397590361445783,0.9397590361445783,medium,low,medium_hetero/low_length
hotpotqa,5a79ca585542996c55b2dc71,40%,443,1109,8,138.625,35.72092349030187,0.25768024158919295,67.0,177.0,2.6417910447761193,0.1369477006311992,budget-top-k,knapsack-redundancy,1.0,1.0,0.0,1.0,1.0,0.0,0.0,0.0,0.0,1.0,1.0,0.0,408.0,408.0,0.9209932279909706,0.9209932279909706,medium,low,medium_hetero/low_length
hotpotqa,5a79ca585542996c55b2dc71,50%,554,1109,8,138.625,35.72092349030187,0.25768024158919295,67.0,177.0,2.6417910447761193,0.1369477006311992,budget-top-k,knapsack-redundancy,0.85,1.0,0.15000000000000002,0.0,1.0,1.0,0.0,0.0,0.0,1.0,1.0,0.0,533.0,535.0,0.9620938628158845,0.9657039711191335,medium,low,medium_hetero/low_length
hotpotqa,5abd6cb955429933744ab7cd,30%,299,997,7,142.42857142857142,43.604905172492245,0.3061527945912194,76.0,206.0,2.710526315789474,0.1739504226966615,budget-top-k,knapsack-redundancy,1.0,1.0,0.0,1.0,1.0,0.0,0.0,0.0,0.0,1.0,1.0,0.0,298.0,298.0,0.9966555183946488,0.9966555183946488,high,low,high_hetero/low_length
hotpotqa,5abd6cb955429933744ab7cd,40%,398,997,7,142.42857142857142,43.604905172492245,0.3061527945912194,76.0,206.0,2.710526315789474,0.1739504226966615,budget-top-k,knapsack-redundancy,1.0,1.0,0.0,1.0,1.0,0.0,0.0,0.0,0.0,1.0,1.0,0.0,367.0,395.0,0.9221105527638191,0.992462311557789,high,low,high_hetero/low_length
hotpotqa,5abd6cb955429933744ab7cd,50%,498,997,7,142.42857142857142,43.604905172492245,0.3061527945912194,76.0,206.0,2.710526315789474,0.1739504226966615,budget-top-k,knapsack-redundancy,1.0,1.0,0.0,1.0,1.0,0.0,0.0,0.0,0.0,1.0,1.0,0.0,464.0,471.0,0.9317269076305221,0.9457831325301205,high,low,high_hetero/low_length
hotpotqa,5a7642f7554299109176e6e8,30%,435,1450,10,145.0,42.31784493567696,0.29184720645294454,65.0,208.0,3.2,0.1641379310344826,budget-top-k,knapsack-redundancy,0.7083333333333334,0.7083333333333334,0.0,0.0,0.0,0.0,0.0,0.0,0.0,1.0,1.0,0.0,345.0,345.0,0.7931034482758621,0.7931034482758621,medium,high,medium_hetero/high_length
hotpotqa,5a7642f7554299109176e6e8,40%,580,1450,10,145.0,42.31784493567696,0.29184720645294454,65.0,208.0,3.2,0.1641379310344826,budget-top-k,knapsack-redundancy,1.0,1.0,0.0,1.0,1.0,0.0,0.0,0.0,0.0,1.0,1.0,0.0,531.0,531.0,0.9155172413793103,0.9155172413793103,medium,high,medium_hetero/high_length
hotpotqa,5a7642f7554299109176e6e8,50%,725,1450,10,145.0,42.31784493567696,0.29184720645294454,65.0,208.0,3.2,0.1641379310344826,budget-top-k,knapsack-redundancy,1.0,1.0,0.0,1.0,1.0,0.0,0.0,0.0,0.0,1.0,1.0,0.0,701.0,701.0,0.9668965517241379,0.9668965517241379,medium,high,medium_hetero/high_length
hotpotqa,5a88a42f554299206df2b317,30%,338,1129,7,161.28571428571428,39.82359058833016,0.2469133163138274,81.0,206.0,2.54320987654321,0.1308363912438315,budget-top-k,knapsack-redundancy,0.7972222222222222,0.7694444444444444,-0.02777777777777779,0.0,0.0,0.0,0.0,0.0,0.0,0.0,0.0,0.0,304.0,237.0,0.8994082840236687,0.7011834319526628,medium,low,medium_hetero/low_length
hotpotqa,5a88a42f554299206df2b317,40%,451,1129,7,161.28571428571428,39.82359058833016,0.2469133163138274,81.0,206.0,2.54320987654321,0.1308363912438315,budget-top-k,knapsack-redundancy,1.0,0.7972222222222222,-0.20277777777777783,1.0,0.0,-1.0,0.5,0.0,-0.5,1.0,0.16666666666666666,-0.8333333333333334,431.0,433.0,0.9556541019955654,0.9600886917960089,medium,low,medium_hetero/low_length
hotpotqa,5a88a42f554299206df2b317,50%,564,1129,7,161.28571428571428,39.82359058833016,0.2469133163138274,81.0,206.0,2.54320987654321,0.1308363912438315,budget-top-k,knapsack-redundancy,1.0,1.0,0.0,1.0,1.0,0.0,0.5,0.5,0.0,1.0,1.0,0.0,546.0,546.0,0.9680851063829787,0.9680851063829787,medium,low,medium_hetero/low_length
hotpotqa,5a8c90db554299653c1aa0bf,30%,470,1567,11,142.54545454545453,30.923258785003522,0.21693612668050943,96.0,209.0,2.1770833333333335,0.12082560296846023,budget-top-k,knapsack-redundancy,1.0,1.0,0.0,1.0,1.0,0.0,1.0,1.0,0.0,0.0,0.0,0.0,467.0,467.0,0.9936170212765958,0.9936170212765958,low,high,low_hetero/high_length
hotpotqa,5a8c90db554299653c1aa0bf,40%,626,1567,11,142.54545454545453,30.923258785003522,0.21693612668050943,96.0,209.0,2.1770833333333335,0.12082560296846023,budget-top-k,knapsack-redundancy,1.0,1.0,0.0,1.0,1.0,0.0,1.0,1.0,0.0,0.0,0.0,0.0,569.0,620.0,0.9089456869009584,0.9904153354632588,low,high,low_hetero/high_length
hotpotqa,5a8c90db554299653c1aa0bf,50%,783,1567,11,142.54545454545453,30.923258785003522,0.21693612668050943,96.0,209.0,2.1770833333333335,0.12082560296846023,budget-top-k,knapsack-redundancy,1.0,1.0,0.0,1.0,1.0,0.0,1.0,1.0,0.0,0.0,0.0,0.0,676.0,783.0,0.8633461047254151,1.0,low,high,low_hetero/high_length
hotpotqa,5a763986554299109176e6bd,30%,346,1154,8,144.375,34.37636360931737,0.23810468300825885,101.0,196.0,1.9405940594059405,0.13474025974025983,budget-top-k,knapsack-redundancy,0.8125,0.8125,0.0,0.0,0.0,0.0,0.5,0.5,0.0,1.0,1.0,0.0,340.0,340.0,0.9826589595375722,0.9826589595375722,medium,low,medium_hetero/low_length
hotpotqa,5a763986554299109176e6bd,40%,461,1154,8,144.375,34.37636360931737,0.23810468300825885,101.0,196.0,1.9405940594059405,0.13474025974025983,budget-top-k,knapsack-redundancy,0.8125,1.0,0.1875,0.0,1.0,1.0,0.5,1.0,0.5,1.0,1.0,0.0,435.0,460.0,0.9436008676789588,0.9978308026030369,medium,low,medium_hetero/low_length
hotpotqa,5a763986554299109176e6bd,50%,577,1154,8,144.375,34.37636360931737,0.23810468300825885,101.0,196.0,1.9405940594059405,0.13474025974025983,budget-top-k,knapsack-redundancy,1.0,1.0,0.0,1.0,1.0,0.0,1.0,1.0,0.0,1.0,1.0,0.0,555.0,555.0,0.9618717504332756,0.9618717504332756,medium,low,medium_hetero/low_length
hotpotqa,5a7cc0d4554299452d57ba07,30%,410,1367,7,195.28571428571428,21.51885741599205,0.11019166196923508,164.0,220.0,1.3414634146341464,0.06082140244539658,budget-top-k,knapsack-redundancy,0.8277777777777778,0.7944444444444446,-0.033333333333333215,0.0,0.0,0.0,0.0,0.0,0.0,0.0,0.0,0.0,380.0,393.0,0.926829268292683,0.9585365853658536,low,medium,low_hetero/medium_length
hotpotqa,5a7cc0d4554299452d57ba07,40%,546,1367,7,195.28571428571428,21.51885741599205,0.11019166196923508,164.0,220.0,1.3414634146341464,0.06082140244539658,budget-top-k,knapsack-redundancy,1.0,1.0,0.0,1.0,1.0,0.0,0.5,0.5,0.0,0.0,0.0,0.0,434.0,434.0,0.7948717948717948,0.7948717948717948,low,medium,low_hetero/medium_length
hotpotqa,5a7cc0d4554299452d57ba07,50%,683,1367,7,195.28571428571428,21.51885741599205,0.11019166196923508,164.0,220.0,1.3414634146341464,0.06082140244539658,budget-top-k,knapsack-redundancy,1.0,1.0,0.0,1.0,1.0,0.0,0.5,0.5,0.0,0.0,0.0,0.0,654.0,654.0,0.9575402635431918,0.9575402635431918,low,medium,low_hetero/medium_length
hotpotqa,5a86113355429960ec39b618,30%,361,1206,9,134.0,41.71064345916732,0.3112734586505024,80.0,219.0,2.7375,0.17154965911184816,budget-top-k,knapsack-redundancy,0.360484544695071,0.360484544695071,0.0,0.0,0.0,0.0,0.0,0.0,0.0,0.0,0.0,0.0,348.0,348.0,0.96398891966759,0.96398891966759,high,medium,high_hetero/medium_length
hotpotqa,5a86113355429960ec39b618,40%,482,1206,9,134.0,41.71064345916732,0.3112734586505024,80.0,219.0,2.7375,0.17154965911184816,budget-top-k,knapsack-redundancy,0.9444444444444445,0.360484544695071,-0.5839598997493736,0.0,0.0,0.0,0.0,0.0,0.0,1.0,0.0,-1.0,466.0,461.0,0.966804979253112,0.9564315352697096,high,medium,high_hetero/medium_length
hotpotqa,5a86113355429960ec39b618,50%,603,1206,9,134.0,41.71064345916732,0.3112734586505024,80.0,219.0,2.7375,0.17154965911184816,budget-top-k,knapsack-redundancy,0.9444444444444445,0.3780284043441939,-0.5664160401002507,0.0,0.0,0.0,0.0,0.0,0.0,1.0,0.0,-1.0,603.0,577.0,1.0,0.956882255389718,high,medium,high_hetero/medium_length
hotpotqa,5a722fae55429971e9dc9343,30%,330,1101,7,157.28571428571428,47.460402399456825,0.30174642760780906,82.0,220.0,2.682926829268293,0.1712728688205527,budget-top-k,knapsack-redundancy,0.8484848484848485,0.8484848484848485,0.0,0.0,0.0,0.0,0.0,0.0,0.0,0.6,0.6,0.0,324.0,324.0,0.9818181818181818,0.9818181818181818,high,low,high_hetero/low_length
hotpotqa,5a722fae55429971e9dc9343,40%,440,1101,7,157.28571428571428,47.460402399456825,0.30174642760780906,82.0,220.0,2.682926829268293,0.1712728688205527,budget-top-k,knapsack-redundancy,0.8484848484848485,0.8484848484848485,0.0,0.0,0.0,0.0,0.0,0.0,0.0,0.6,0.6,0.0,406.0,406.0,0.9227272727272727,0.9227272727272727,high,low,high_hetero/low_length
hotpotqa,5a722fae55429971e9dc9343,50%,550,1101,7,157.28571428571428,47.460402399456825,0.30174642760780906,82.0,220.0,2.682926829268293,0.1712728688205527,budget-top-k,knapsack-redundancy,0.8787878787878788,1.0,0.12121212121212122,0.0,1.0,1.0,0.0,0.5,0.5,0.6,1.0,0.4,489.0,512.0,0.889090909090909,0.9309090909090909,high,low,high_hetero/low_length
hotpotqa,5a7af4cd55429931da12c9a6,30%,389,1297,7,185.28571428571428,34.565524879626544,0.18655256295866293,109.0,215.0,1.9724770642201834,0.0934023570877851,budget-top-k,knapsack-redundancy,0.7619047619047619,0.7619047619047619,0.0,0.0,0.0,0.0,0.0,0.0,0.0,0.5,0.5,0.0,373.0,373.0,0.9588688946015425,0.9588688946015425,low,medium,low_hetero/medium_length
hotpotqa,5a7af4cd55429931da12c9a6,40%,518,1297,7,185.28571428571428,34.565524879626544,0.18655256295866293,109.0,215.0,1.9724770642201834,0.0934023570877851,budget-top-k,knapsack-redundancy,1.0,1.0,0.0,1.0,1.0,0.0,0.0,0.0,0.0,1.0,1.0,0.0,505.0,505.0,0.974903474903475,0.974903474903475,low,medium,low_hetero/medium_length
hotpotqa,5a7af4cd55429931da12c9a6,50%,648,1297,7,185.28571428571428,34.565524879626544,0.18655256295866293,109.0,215.0,1.9724770642201834,0.0934023570877851,budget-top-k,knapsack-redundancy,1.0,1.0,0.0,1.0,1.0,0.0,0.0,0.0,0.0,1.0,1.0,0.0,594.0,594.0,0.9166666666666666,0.9166666666666666,low,medium,low_hetero/medium_length
hotpotqa,5a7d9bc65542990b8f5039cb,30%,408,1363,10,136.3,31.818390908403902,0.23344380710494425,107.0,212.0,1.9813084112149533,0.11540719002201016,budget-top-k,knapsack-redundancy,0.923076923076923,0.923076923076923,0.0,0.0,0.0,0.0,0.5,0.5,0.0,1.0,1.0,0.0,354.0,386.0,0.8676470588235294,0.946078431372549,medium,medium,medium_hetero/medium_length
hotpotqa,5a7d9bc65542990b8f5039cb,40%,545,1363,10,136.3,31.818390908403902,0.23344380710494425,107.0,212.0,1.9813084112149533,0.11540719002201016,budget-top-k,knapsack-redundancy,0.923076923076923,0.923076923076923,0.0,0.0,0.0,0.0,0.5,0.5,0.0,1.0,1.0,0.0,480.0,507.0,0.8807339449541285,0.9302752293577982,medium,medium,medium_hetero/medium_length
hotpotqa,5a7d9bc65542990b8f5039cb,50%,681,1363,10,136.3,31.818390908403902,0.23344380710494425,107.0,212.0,1.9813084112149533,0.11540719002201016,budget-top-k,knapsack-redundancy,0.923076923076923,0.923076923076923,0.0,0.0,0.0,0.0,0.5,0.5,0.0,1.0,1.0,0.0,598.0,614.0,0.8781204111600588,0.9016152716593245,medium,medium,medium_hetero/medium_length
hotpotqa,5adbd70c55429947ff173843,30%,279,932,6,155.33333333333334,49.83193977984624,0.32080647926939637,60.0,204.0,3.4,0.17060085836909855,budget-top-k,knapsack-redundancy,0.6904761904761905,0.6904761904761905,0.0,0.0,0.0,0.0,0.0,0.0,0.0,0.0,0.0,0.0,257.0,257.0,0.921146953405018,0.921146953405018,high,low,high_hetero/low_length
hotpotqa,5adbd70c55429947ff173843,40%,372,932,6,155.33333333333334,49.83193977984624,0.32080647926939637,60.0,204.0,3.4,0.17060085836909855,budget-top-k,knapsack-redundancy,1.0,1.0,0.0,1.0,1.0,0.0,0.0,0.0,0.0,1.0,1.0,0.0,361.0,361.0,0.9704301075268817,0.9704301075268817,high,low,high_hetero/low_length
hotpotqa,5adbd70c55429947ff173843,50%,466,932,6,155.33333333333334,49.83193977984624,0.32080647926939637,60.0,204.0,3.4,0.17060085836909855,budget-top-k,knapsack-redundancy,1.0,1.0,0.0,1.0,1.0,0.0,0.0,0.0,0.0,1.0,1.0,0.0,421.0,421.0,0.9034334763948498,0.9034334763948498,high,low,high_hetero/low_length
hotpotqa,5a7e04b05542995f4f40238a,30%,264,880,6,146.66666666666666,45.01357819838612,0.30691076044354176,58.0,191.0,3.293103448275862,0.16136363636363638,budget-top-k,knapsack-redundancy,0.75,0.75,0.0,0.0,0.0,0.0,0.0,0.0,0.0,0.0,0.0,0.0,233.0,233.0,0.8825757575757576,0.8825757575757576,high,low,high_hetero/low_length
hotpotqa,5a7e04b05542995f4f40238a,40%,352,880,6,146.66666666666666,45.01357819838612,0.30691076044354176,58.0,191.0,3.293103448275862,0.16136363636363638,budget-top-k,knapsack-redundancy,0.75,0.7916666666666667,0.04166666666666674,0.0,0.0,0.0,0.0,0.0,0.0,0.0,0.0,0.0,233.0,322.0,0.6619318181818182,0.9147727272727273,high,low,high_hetero/low_length
hotpotqa,5a7e04b05542995f4f40238a,50%,440,880,6,146.66666666666666,45.01357819838612,0.30691076044354176,58.0,191.0,3.293103448275862,0.16136363636363638,budget-top-k,knapsack-redundancy,0.7916666666666667,0.7916666666666667,0.0,0.0,0.0,0.0,0.0,0.0,0.0,0.0,0.0,0.0,380.0,380.0,0.8636363636363636,0.8636363636363636,high,low,high_hetero/low_length
hotpotqa,5a90b6985542990a984936c2,30%,444,1482,10,148.1,48.1361610434401,0.32502472007724575,39.0,212.0,5.435897435897436,0.17440918298446983,budget-top-k,knapsack-redundancy,1.0,1.0,0.0,1.0,1.0,0.0,0.5,0.5,0.0,1.0,1.0,0.0,406.0,406.0,0.9144144144144144,0.9144144144144144,high,high,high_hetero/high_length
hotpotqa,5a90b6985542990a984936c2,40%,592,1482,10,148.1,48.1361610434401,0.32502472007724575,39.0,212.0,5.435897435897436,0.17440918298446983,budget-top-k,knapsack-redundancy,1.0,1.0,0.0,1.0,1.0,0.0,0.5,0.5,0.0,1.0,1.0,0.0,554.0,554.0,0.9358108108108109,0.9358108108108109,high,high,high_hetero/high_length
hotpotqa,5a90b6985542990a984936c2,50%,741,1482,10,148.1,48.1361610434401,0.32502472007724575,39.0,212.0,5.435897435897436,0.17440918298446983,budget-top-k,knapsack-redundancy,1.0,1.0,0.0,1.0,1.0,0.0,0.5,0.5,0.0,1.0,1.0,0.0,728.0,729.0,0.9824561403508771,0.9838056680161943,high,high,high_hetero/high_length
hotpotqa,5ae164685542997b2ef7d1cb,30%,409,1365,11,124.0909090909091,47.679716566909526,0.38423214815824525,21.0,203.0,9.666666666666666,0.2111222111222113,budget-top-k,knapsack-redundancy,0.4351851851851852,0.5,0.06481481481481483,0.0,0.0,0.0,0.0,0.0,0.0,0.0,0.0,0.0,382.0,409.0,0.9339853300733496,1.0,high,medium,high_hetero/medium_length
hotpotqa,5ae164685542997b2ef7d1cb,40%,546,1365,11,124.0909090909091,47.679716566909526,0.38423214815824525,21.0,203.0,9.666666666666666,0.2111222111222113,budget-top-k,knapsack-redundancy,0.5185185185185185,0.5185185185185185,0.0,0.0,0.0,0.0,0.0,0.0,0.0,0.0,0.0,0.0,528.0,528.0,0.967032967032967,0.967032967032967,high,medium,high_hetero/medium_length
hotpotqa,5ae164685542997b2ef7d1cb,50%,682,1365,11,124.0909090909091,47.679716566909526,0.38423214815824525,21.0,203.0,9.666666666666666,0.2111222111222113,budget-top-k,knapsack-redundancy,0.8703703703703703,0.8703703703703703,0.0,0.0,0.0,0.0,0.5,0.5,0.0,1.0,1.0,0.0,679.0,679.0,0.9956011730205279,0.9956011730205279,high,medium,high_hetero/medium_length
hotpotqa,5a86fde6554299211dda2b7f,30%,376,1255,10,125.5,54.231448440918484,0.43212309514676084,43.0,219.0,5.093023255813954,0.24262948207171298,budget-top-k,knapsack-redundancy,0.7142857142857143,0.7857142857142857,0.0714285714285714,0.0,0.0,0.0,0.5,0.5,0.0,0.0,0.0,0.0,358.0,374.0,0.9521276595744681,0.9946808510638298,high,medium,high_hetero/medium_length
hotpotqa,5a86fde6554299211dda2b7f,40%,502,1255,10,125.5,54.231448440918484,0.43212309514676084,43.0,219.0,5.093023255813954,0.24262948207171298,budget-top-k,knapsack-redundancy,0.75,0.75,0.0,0.0,0.0,0.0,0.5,0.5,0.0,0.0,0.0,0.0,498.0,468.0,0.9920318725099602,0.9322709163346613,high,medium,high_hetero/medium_length
hotpotqa,5a86fde6554299211dda2b7f,50%,627,1255,10,125.5,54.231448440918484,0.43212309514676084,43.0,219.0,5.093023255813954,0.24262948207171298,budget-top-k,knapsack-redundancy,0.7857142857142857,0.7857142857142857,0.0,0.0,0.0,0.0,0.5,0.5,0.0,0.0,0.0,0.0,593.0,593.0,0.9457735247208932,0.9457735247208932,high,medium,high_hetero/medium_length
hotpotqa,5a802e135542992bc0c4a6c7,30%,255,853,5,170.6,57.72555759799987,0.33836786399765456,63.0,212.0,3.365079365079365,0.16506447831184068,budget-top-k,knapsack-redundancy,0.6785714285714286,0.6785714285714286,0.0,0.0,0.0,0.0,0.0,0.0,0.0,1.0,1.0,0.0,220.0,220.0,0.8627450980392157,0.8627450980392157,high,low,high_hetero/low_length
hotpotqa,5a802e135542992bc0c4a6c7,40%,341,853,5,170.6,57.72555759799987,0.33836786399765456,63.0,212.0,3.365079365079365,0.16506447831184068,budget-top-k,knapsack-redundancy,0.6785714285714286,0.6785714285714286,0.0,0.0,0.0,0.0,0.0,0.0,0.0,1.0,1.0,0.0,220.0,220.0,0.6451612903225806,0.6451612903225806,high,low,high_hetero/low_length
hotpotqa,5a802e135542992bc0c4a6c7,50%,426,853,5,170.6,57.72555759799987,0.33836786399765456,63.0,212.0,3.365079365079365,0.16506447831184068,budget-top-k,knapsack-redundancy,0.6785714285714286,0.6785714285714286,0.0,0.0,0.0,0.0,0.0,0.0,0.0,1.0,1.0,0.0,369.0,369.0,0.8661971830985915,0.8661971830985915,high,low,high_hetero/low_length
hotpotqa,5ac31456554299741d48a1b4,30%,392,1307,9,145.22222222222223,38.553794388210285,0.2654813691613562,70.0,211.0,3.0142857142857142,0.146731276035025,budget-top-k,knapsack-redundancy,1.0,1.0,0.0,1.0,1.0,0.0,0.0,0.0,0.0,1.0,1.0,0.0,355.0,370.0,0.9056122448979592,0.9438775510204082,medium,medium,medium_hetero/medium_length
hotpotqa,5ac31456554299741d48a1b4,40%,522,1307,9,145.22222222222223,38.553794388210285,0.2654813691613562,70.0,211.0,3.0142857142857142,0.146731276035025,budget-top-k,knapsack-redundancy,1.0,1.0,0.0,1.0,1.0,0.0,0.0,0.0,0.0,1.0,1.0,0.0,511.0,511.0,0.9789272030651341,0.9789272030651341,medium,medium,medium_hetero/medium_length
hotpotqa,5ac31456554299741d48a1b4,50%,653,1307,9,145.22222222222223,38.553794388210285,0.2654813691613562,70.0,211.0,3.0142857142857142,0.146731276035025,budget-top-k,knapsack-redundancy,1.0,1.0,0.0,1.0,1.0,0.0,0.0,0.0,0.0,1.0,1.0,0.0,581.0,581.0,0.889739663093415,0.889739663093415,medium,medium,medium_hetero/medium_length
hotpotqa,5ae0a6ea5542993d6555ebe9,30%,519,1731,12,144.25,40.241199866140505,0.27896845661102604,40.0,188.0,4.7,0.14216252647795113,budget-top-k,knapsack-redundancy,0.0625,0.125,0.0625,0.0,0.0,0.0,0.0,0.0,0.0,1.0,1.0,0.0,483.0,518.0,0.930635838150289,0.9980732177263969,medium,high,medium_hetero/high_length
hotpotqa,5ae0a6ea5542993d6555ebe9,40%,692,1731,12,144.25,40.241199866140505,0.27896845661102604,40.0,188.0,4.7,0.14216252647795113,budget-top-k,knapsack-redundancy,0.125,0.125,0.0,0.0,0.0,0.0,0.0,0.0,0.0,1.0,1.0,0.0,687.0,687.0,0.9927745664739884,0.9927745664739884,medium,high,medium_hetero/high_length
hotpotqa,5ae0a6ea5542993d6555ebe9,50%,865,1731,12,144.25,40.241199866140505,0.27896845661102604,40.0,188.0,4.7,0.14216252647795113,budget-top-k,knapsack-redundancy,0.5625,0.125,-0.4375,0.0,0.0,0.0,0.5,0.0,-0.5,1.0,1.0,0.0,856.0,862.0,0.9895953757225433,0.9965317919075144,medium,high,medium_hetero/high_length
hotpotqa,5a872e8e5542991e7718170c,30%,330,1103,7,157.57142857142858,34.3546925173139,0.21802615378168386,98.0,199.0,2.0306122448979593,0.12226395544618573,budget-top-k,knapsack-redundancy,0.8627450980392157,0.8627450980392157,0.0,0.0,0.0,0.0,0.5,0.5,0.0,1.0,1.0,0.0,310.0,310.0,0.9393939393939394,0.9393939393939394,low,low,low_hetero/low_length
hotpotqa,5a872e8e5542991e7718170c,40%,441,1103,7,157.57142857142858,34.3546925173139,0.21802615378168386,98.0,199.0,2.0306122448979593,0.12226395544618573,budget-top-k,knapsack-redundancy,1.0,0.7843137254901961,-0.21568627450980393,1.0,0.0,-1.0,0.5,0.5,0.0,1.0,1.0,0.0,359.0,431.0,0.8140589569160998,0.9773242630385488,low,low,low_hetero/low_length
hotpotqa,5a872e8e5542991e7718170c,50%,551,1103,7,157.57142857142858,34.3546925173139,0.21802615378168386,98.0,199.0,2.0306122448979593,0.12226395544618573,budget-top-k,knapsack-redundancy,1.0,1.0,0.0,1.0,1.0,0.0,0.5,0.5,0.0,1.0,1.0,0.0,532.0,532.0,0.9655172413793104,0.9655172413793104,low,low,low_hetero/low_length
hotpotqa,5a7265825542997f827839a3,30%,706,2356,26,90.6923076923077,80.78164739724622,0.8907221511146741,3.0,219.0,73.0,0.49125725843283097,budget-top-k,knapsack-redundancy,1.0,0.7767857142857143,-0.2232142857142857,1.0,0.0,-1.0,1.0,1.0,0.0,1.0,1.0,0.0,706.0,706.0,1.0,1.0,high,high,high_hetero/high_length
hotpotqa,5a7265825542997f827839a3,40%,942,2356,26,90.6923076923077,80.78164739724622,0.8907221511146741,3.0,219.0,73.0,0.49125725843283097,budget-top-k,knapsack-redundancy,1.0,1.0,0.0,1.0,1.0,0.0,1.0,1.0,0.0,1.0,1.0,0.0,940.0,941.0,0.9978768577494692,0.9989384288747346,high,high,high_hetero/high_length
hotpotqa,5a7265825542997f827839a3,50%,1178,2356,26,90.6923076923077,80.78164739724622,0.8907221511146741,3.0,219.0,73.0,0.49125725843283097,budget-top-k,knapsack-redundancy,1.0,1.0,0.0,1.0,1.0,0.0,1.0,1.0,0.0,1.0,1.0,0.0,1176.0,1178.0,0.99830220713073,1.0,high,high,high_hetero/high_length
hotpotqa,5abe2b0155429976d4830a83,30%,493,1645,11,149.54545454545453,44.98558079361478,0.30081543387827514,66.0,217.0,3.287878787878788,0.16988118264714025,budget-top-k,knapsack-redundancy,1.0,0.8333333333333333,-0.16666666666666674,1.0,0.0,-1.0,1.0,0.5,-0.5,1.0,0.0,-1.0,482.0,486.0,0.9776876267748479,0.9858012170385395,high,high,high_hetero/high_length
hotpotqa,5abe2b0155429976d4830a83,40%,658,1645,11,149.54545454545453,44.98558079361478,0.30081543387827514,66.0,217.0,3.287878787878788,0.16988118264714025,budget-top-k,knapsack-redundancy,1.0,1.0,0.0,1.0,1.0,0.0,1.0,1.0,0.0,1.0,1.0,0.0,600.0,648.0,0.9118541033434651,0.9848024316109423,high,high,high_hetero/high_length
hotpotqa,5abe2b0155429976d4830a83,50%,822,1645,11,149.54545454545453,44.98558079361478,0.30081543387827514,66.0,217.0,3.287878787878788,0.16988118264714025,budget-top-k,knapsack-redundancy,1.0,1.0,0.0,1.0,1.0,0.0,1.0,1.0,0.0,1.0,1.0,0.0,808.0,793.0,0.9829683698296837,0.9647201946472019,high,high,high_hetero/high_length
hotpotqa,5ae135fb55429920d523431f,30%,603,2010,12,167.58333333333334,27.075383448603066,0.16156370033974976,110.0,206.0,1.8727272727272728,0.09004641140394498,budget-top-k,knapsack-redundancy,1.0,1.0,0.0,1.0,1.0,0.0,0.5,0.5,0.0,1.0,1.0,0.0,522.0,603.0,0.8656716417910447,1.0,low,high,low_hetero/high_length
hotpotqa,5ae135fb55429920d523431f,40%,804,2010,12,167.58333333333334,27.075383448603066,0.16156370033974976,110.0,206.0,1.8727272727272728,0.09004641140394498,budget-top-k,knapsack-redundancy,1.0,1.0,0.0,1.0,1.0,0.0,0.5,0.5,0.0,1.0,1.0,0.0,791.0,791.0,0.9838308457711443,0.9838308457711443,low,high,low_hetero/high_length
hotpotqa,5ae135fb55429920d523431f,50%,1005,2010,12,167.58333333333334,27.075383448603066,0.16156370033974976,110.0,206.0,1.8727272727272728,0.09004641140394498,budget-top-k,knapsack-redundancy,1.0,1.0,0.0,1.0,1.0,0.0,0.5,0.5,0.0,1.0,1.0,0.0,991.0,991.0,0.9860696517412936,0.9860696517412936,low,high,low_hetero/high_length
hotpotqa,5a8f0a01554299458435d539,30%,574,1914,13,147.23076923076923,49.318671524552904,0.3349753029358348,44.0,217.0,4.931818181818182,0.18744473916887716,budget-top-k,knapsack-redundancy,0.75,1.0,0.25,0.0,1.0,1.0,0.0,0.5,0.5,0.0,1.0,1.0,558.0,572.0,0.9721254355400697,0.9965156794425087,high,high,high_hetero/high_length
hotpotqa,5a8f0a01554299458435d539,40%,765,1914,13,147.23076923076923,49.318671524552904,0.3349753029358348,44.0,217.0,4.931818181818182,0.18744473916887716,budget-top-k,knapsack-redundancy,0.75,1.0,0.25,0.0,1.0,1.0,0.0,0.5,0.5,0.0,1.0,1.0,759.0,763.0,0.9921568627450981,0.9973856209150327,high,high,high_hetero/high_length
hotpotqa,5a8f0a01554299458435d539,50%,957,1914,13,147.23076923076923,49.318671524552904,0.3349753029358348,44.0,217.0,4.931818181818182,0.18744473916887716,budget-top-k,knapsack-redundancy,0.8125,1.0,0.1875,0.0,1.0,1.0,0.0,0.5,0.5,0.0,1.0,1.0,927.0,956.0,0.9686520376175548,0.9989550679205852,high,high,high_hetero/high_length
hotpotqa,5ab40e1c5542996a3a969f00,30%,408,1361,9,151.22222222222223,39.796085172560986,0.26316294383030775,86.0,199.0,2.313953488372093,0.14711405012654089,budget-top-k,knapsack-redundancy,0.5993555316863588,0.5993555316863588,0.0,0.0,0.0,0.0,0.5,0.5,0.0,0.0,0.0,0.0,398.0,398.0,0.9754901960784313,0.9754901960784313,medium,medium,medium_hetero/medium_length
hotpotqa,5ab40e1c5542996a3a969f00,40%,544,1361,9,151.22222222222223,39.796085172560986,0.26316294383030775,86.0,199.0,2.313953488372093,0.14711405012654089,budget-top-k,knapsack-redundancy,1.0,0.6265664160401003,-0.3734335839598997,1.0,0.0,-1.0,0.5,0.5,0.0,0.0,0.0,0.0,511.0,517.0,0.9393382352941176,0.9503676470588235,medium,medium,medium_hetero/medium_length
hotpotqa,5ab40e1c5542996a3a969f00,50%,680,1361,9,151.22222222222223,39.796085172560986,0.26316294383030775,86.0,199.0,2.313953488372093,0.14711405012654089,budget-top-k,knapsack-redundancy,1.0,0.6408879341210169,-0.35911206587898314,1.0,0.0,-1.0,0.5,0.5,0.0,0.0,0.0,0.0,677.0,667.0,0.9955882352941177,0.9808823529411764,medium,medium,medium_hetero/medium_length
hotpotqa,5ab28c89554299340b525513,30%,285,951,7,135.85714285714286,30.777675450274813,0.22654440394524047,79.0,182.0,2.3037974683544302,0.12347904461469139,budget-top-k,knapsack-redundancy,0.5833333333333334,0.5833333333333334,0.0,0.0,0.0,0.0,0.5,0.5,0.0,1.0,1.0,0.0,225.0,225.0,0.7894736842105263,0.7894736842105263,low,low,low_hetero/low_length
hotpotqa,5ab28c89554299340b525513,40%,380,951,7,135.85714285714286,30.777675450274813,0.22654440394524047,79.0,182.0,2.3037974683544302,0.12347904461469139,budget-top-k,knapsack-redundancy,0.8333333333333333,0.8333333333333333,0.0,0.0,0.0,0.0,0.5,0.5,0.0,1.0,1.0,0.0,378.0,378.0,0.9947368421052631,0.9947368421052631,low,low,low_hetero/low_length
hotpotqa,5ab28c89554299340b525513,50%,475,951,7,135.85714285714286,30.777675450274813,0.22654440394524047,79.0,182.0,2.3037974683544302,0.12347904461469139,budget-top-k,knapsack-redundancy,1.0,1.0,0.0,1.0,1.0,0.0,0.5,0.5,0.0,1.0,1.0,0.0,407.0,407.0,0.8568421052631578,0.8568421052631578,low,low,low_hetero/low_length
hotpotqa,5a87e3d65542993e715abff8,30%,374,1249,9,138.77777777777777,42.0998225854741,0.3033614117448094,59.0,200.0,3.389830508474576,0.1704474690863802,budget-top-k,knapsack-redundancy,1.0,1.0,0.0,1.0,1.0,0.0,0.0,0.0,0.0,1.0,1.0,0.0,323.0,323.0,0.8636363636363636,0.8636363636363636,high,medium,high_hetero/medium_length
hotpotqa,5a87e3d65542993e715abff8,40%,499,1249,9,138.77777777777777,42.0998225854741,0.3033614117448094,59.0,200.0,3.389830508474576,0.1704474690863802,budget-top-k,knapsack-redundancy,1.0,1.0,0.0,1.0,1.0,0.0,0.0,0.0,0.0,1.0,1.0,0.0,468.0,488.0,0.9378757515030061,0.9779559118236473,high,medium,high_hetero/medium_length
hotpotqa,5a87e3d65542993e715abff8,50%,624,1249,9,138.77777777777777,42.0998225854741,0.3033614117448094,59.0,200.0,3.389830508474576,0.1704474690863802,budget-top-k,knapsack-redundancy,1.0,1.0,0.0,1.0,1.0,0.0,0.0,0.0,0.0,1.0,1.0,0.0,574.0,574.0,0.9198717948717948,0.9198717948717948,high,medium,high_hetero/medium_length
hotpotqa,5addfc425542997dc7907101,30%,252,842,5,168.4,24.27014627067583,0.1441220087332294,150.0,214.0,1.4266666666666667,0.07078384798099768,budget-top-k,knapsack-redundancy,0.8240740740740741,0.8240740740740741,0.0,0.0,0.0,0.0,0.0,0.0,0.0,1.0,1.0,0.0,153.0,153.0,0.6071428571428571,0.6071428571428571,low,low,low_hetero/low_length
hotpotqa,5addfc425542997dc7907101,40%,336,842,5,168.4,24.27014627067583,0.1441220087332294,150.0,214.0,1.4266666666666667,0.07078384798099768,budget-top-k,knapsack-redundancy,1.0,1.0,0.0,1.0,1.0,0.0,0.0,0.0,0.0,1.0,1.0,0.0,326.0,326.0,0.9702380952380952,0.9702380952380952,low,low,low_hetero/low_length
hotpotqa,5addfc425542997dc7907101,50%,421,842,5,168.4,24.27014627067583,0.1441220087332294,150.0,214.0,1.4266666666666667,0.07078384798099768,budget-top-k,knapsack-redundancy,1.0,1.0,0.0,1.0,1.0,0.0,0.0,0.0,0.0,1.0,1.0,0.0,326.0,326.0,0.7743467933491687,0.7743467933491687,low,low,low_hetero/low_length
hotpotqa,5ab576dc5542997d4ad1f13d,30%,391,1306,10,130.6,46.84058069665661,0.3586568200356555,60.0,208.0,3.466666666666667,0.20505359877488516,budget-top-k,knapsack-redundancy,0.8787878787878788,0.8787878787878788,0.0,0.0,0.0,0.0,0.5,0.5,0.0,1.0,1.0,0.0,366.0,366.0,0.9360613810741688,0.9360613810741688,high,medium,high_hetero/medium_length
hotpotqa,5ab576dc5542997d4ad1f13d,40%,522,1306,10,130.6,46.84058069665661,0.3586568200356555,60.0,208.0,3.466666666666667,0.20505359877488516,budget-top-k,knapsack-redundancy,1.0,1.0,0.0,1.0,1.0,0.0,0.5,0.5,0.0,1.0,1.0,0.0,514.0,514.0,0.9846743295019157,0.9846743295019157,high,medium,high_hetero/medium_length
hotpotqa,5ab576dc5542997d4ad1f13d,50%,653,1306,10,130.6,46.84058069665661,0.3586568200356555,60.0,208.0,3.466666666666667,0.20505359877488516,budget-top-k,knapsack-redundancy,1.0,1.0,0.0,1.0,1.0,0.0,0.5,0.5,0.0,1.0,1.0,0.0,586.0,586.0,0.8973966309341501,0.8973966309341501,high,medium,high_hetero/medium_length
hotpotqa,5a8d8eb5554299068b959d3a,30%,385,1284,9,142.66666666666666,39.97777160150653,0.2802180252442047,96.0,212.0,2.2083333333333335,0.15541709934233294,budget-top-k,knapsack-redundancy,0.8571428571428572,0.8571428571428572,0.0,0.0,0.0,0.0,0.0,0.0,0.0,1.0,1.0,0.0,378.0,378.0,0.9818181818181818,0.9818181818181818,medium,medium,medium_hetero/medium_length
hotpotqa,5a8d8eb5554299068b959d3a,40%,513,1284,9,142.66666666666666,39.97777160150653,0.2802180252442047,96.0,212.0,2.2083333333333335,0.15541709934233294,budget-top-k,knapsack-redundancy,0.8571428571428572,0.8809523809523809,0.023809523809523725,0.0,0.0,0.0,0.0,0.0,0.0,1.0,1.0,0.0,488.0,490.0,0.9512670565302144,0.9551656920077972,medium,medium,medium_hetero/medium_length
hotpotqa,5a8d8eb5554299068b959d3a,50%,642,1284,9,142.66666666666666,39.97777160150653,0.2802180252442047,96.0,212.0,2.2083333333333335,0.15541709934233294,budget-top-k,knapsack-redundancy,1.0,1.0,0.0,1.0,1.0,0.0,0.5,0.5,0.0,1.0,1.0,0.0,628.0,630.0,0.9781931464174455,0.9813084112149533,medium,medium,medium_hetero/medium_length
hotpotqa,5ac5101455429924173fb592,30%,420,1403,9,155.88888888888889,29.175501307487586,0.18715574609222257,109.0,198.0,1.81651376146789,0.10532984873683371,budget-top-k,knapsack-redundancy,0.8583333333333334,0.925,0.06666666666666665,0.0,0.0,0.0,0.5,0.5,0.0,1.0,1.0,0.0,307.0,415.0,0.7309523809523809,0.9880952380952381,low,medium,low_hetero/medium_length
hotpotqa,5ac5101455429924173fb592,40%,561,1403,9,155.88888888888889,29.175501307487586,0.18715574609222257,109.0,198.0,1.81651376146789,0.10532984873683371,budget-top-k,knapsack-redundancy,1.0,1.0,0.0,1.0,1.0,0.0,1.0,1.0,0.0,1.0,1.0,0.0,502.0,502.0,0.8948306595365418,0.8948306595365418,low,medium,low_hetero/medium_length
hotpotqa,5ac5101455429924173fb592,50%,701,1403,9,155.88888888888889,29.175501307487586,0.18715574609222257,109.0,198.0,1.81651376146789,0.10532984873683371,budget-top-k,knapsack-redundancy,1.0,1.0,0.0,1.0,1.0,0.0,1.0,1.0,0.0,1.0,1.0,0.0,669.0,669.0,0.9543509272467903,0.9543509272467903,low,medium,low_hetero/medium_length
hotpotqa,5ab91f98554299753720f70d,30%,345,1153,7,164.71428571428572,34.74689826121909,0.21095254798658594,119.0,220.0,1.8487394957983194,0.11795316565481362,budget-top-k,knapsack-redundancy,0.7516339869281046,0.7516339869281046,0.0,0.0,0.0,0.0,0.0,0.0,0.0,1.0,1.0,0.0,339.0,339.0,0.9826086956521739,0.9826086956521739,low,low,low_hetero/low_length
hotpotqa,5ab91f98554299753720f70d,40%,461,1153,7,164.71428571428572,34.74689826121909,0.21095254798658594,119.0,220.0,1.8487394957983194,0.11795316565481362,budget-top-k,knapsack-redundancy,1.0,1.0,0.0,1.0,1.0,0.0,0.0,0.0,0.0,1.0,1.0,0.0,378.0,378.0,0.8199566160520607,0.8199566160520607,low,low,low_hetero/low_length
hotpotqa,5ab91f98554299753720f70d,50%,576,1153,7,164.71428571428572,34.74689826121909,0.21095254798658594,119.0,220.0,1.8487394957983194,0.11795316565481362,budget-top-k,knapsack-redundancy,1.0,1.0,0.0,1.0,1.0,0.0,0.0,0.0,0.0,1.0,1.0,0.0,497.0,497.0,0.8628472222222222,0.8628472222222222,low,low,low_hetero/low_length
hotpotqa,5ae6371155429929b0807af1,30%,462,1542,12,128.5,51.76952127780721,0.40287565196737124,28.0,207.0,7.392857142857143,0.22827496757457855,budget-top-k,knapsack-redundancy,0.6,1.0,0.4,0.0,1.0,1.0,0.0,0.5,0.5,1.0,1.0,0.0,435.0,436.0,0.9415584415584416,0.9437229437229437,high,high,high_hetero/high_length
hotpotqa,5ae6371155429929b0807af1,40%,616,1542,12,128.5,51.76952127780721,0.40287565196737124,28.0,207.0,7.392857142857143,0.22827496757457855,budget-top-k,knapsack-redundancy,1.0,1.0,0.0,1.0,1.0,0.0,0.5,0.5,0.0,1.0,1.0,0.0,608.0,611.0,0.987012987012987,0.9918831168831169,high,high,high_hetero/high_length
hotpotqa,5ae6371155429929b0807af1,50%,771,1542,12,128.5,51.76952127780721,0.40287565196737124,28.0,207.0,7.392857142857143,0.22827496757457855,budget-top-k,knapsack-redundancy,1.0,1.0,0.0,1.0,1.0,0.0,0.5,0.5,0.0,1.0,1.0,0.0,750.0,769.0,0.9727626459143969,0.9974059662775616,high,high,high_hetero/high_length
hotpotqa,5ac1bff05542994ab5c67dfc,30%,320,1067,6,177.83333333333334,20.69151731722178,0.11635342446422745,155.0,204.0,1.3161290322580645,0.0632614807872538,budget-top-k,knapsack-redundancy,0.7427138079311992,0.7427138079311992,0.0,0.0,0.0,0.0,0.0,0.0,0.0,0.75,0.75,0.0,310.0,310.0,0.96875,0.96875,low,low,low_hetero/low_length
hotpotqa,5ac1bff05542994ab5c67dfc,40%,426,1067,6,177.83333333333334,20.69151731722178,0.11635342446422745,155.0,204.0,1.3161290322580645,0.0632614807872538,budget-top-k,knapsack-redundancy,0.7087314859053989,0.7087314859053989,0.0,0.0,0.0,0.0,0.0,0.0,0.0,0.75,0.75,0.0,346.0,346.0,0.812206572769953,0.812206572769953,low,low,low_hetero/low_length
hotpotqa,5ac1bff05542994ab5c67dfc,50%,533,1067,6,177.83333333333334,20.69151731722178,0.11635342446422745,155.0,204.0,1.3161290322580645,0.0632614807872538,budget-top-k,knapsack-redundancy,0.760570950788342,0.760570950788342,0.0,0.0,0.0,0.0,0.0,0.0,0.0,0.75,0.75,0.0,501.0,501.0,0.9399624765478424,0.9399624765478424,low,low,low_hetero/low_length
hotpotqa,5a7c2f145542996dd594b8b4,30%,295,984,6,164.0,34.39476704383968,0.20972418929170536,97.0,199.0,2.051546391752577,0.10941734417344162,budget-top-k,knapsack-redundancy,0.5833333333333334,0.5833333333333334,0.0,0.0,0.0,0.0,0.0,0.0,0.0,0.0,0.0,0.0,281.0,281.0,0.9525423728813559,0.9525423728813559,low,low,low_hetero/low_length
hotpotqa,5a7c2f145542996dd594b8b4,40%,393,984,6,164.0,34.39476704383968,0.20972418929170536,97.0,199.0,2.051546391752577,0.10941734417344162,budget-top-k,knapsack-redundancy,1.0,1.0,0.0,1.0,1.0,0.0,0.0,0.0,0.0,1.0,1.0,0.0,328.0,328.0,0.8346055979643766,0.8346055979643766,low,low,low_hetero/low_length
hotpotqa,5a7c2f145542996dd594b8b4,50%,492,984,6,164.0,34.39476704383968,0.20972418929170536,97.0,199.0,2.051546391752577,0.10941734417344162,budget-top-k,knapsack-redundancy,1.0,1.0,0.0,1.0,1.0,0.0,0.0,0.0,0.0,1.0,1.0,0.0,425.0,425.0,0.8638211382113821,0.8638211382113821,low,low,low_hetero/low_length
hotpotqa,5a81e4e8554299676cceb140,30%,482,1609,11,146.27272727272728,41.44676960564963,0.283352682201458,85.0,216.0,2.541176470588235,0.1601220407932653,budget-top-k,knapsack-redundancy,0.6875,0.9375,0.25,0.0,0.0,0.0,0.0,0.5,0.5,1.0,0.5,-0.5,444.0,478.0,0.921161825726141,0.991701244813278,medium,high,medium_hetero/high_length
hotpotqa,5a81e4e8554299676cceb140,40%,643,1609,11,146.27272727272728,41.44676960564963,0.283352682201458,85.0,216.0,2.541176470588235,0.1601220407932653,budget-top-k,knapsack-redundancy,0.75,0.75,0.0,0.0,0.0,0.0,0.5,0.5,0.0,1.0,1.0,0.0,629.0,629.0,0.9782270606531882,0.9782270606531882,medium,high,medium_hetero/high_length
hotpotqa,5a81e4e8554299676cceb140,50%,804,1609,11,146.27272727272728,41.44676960564963,0.283352682201458,85.0,216.0,2.541176470588235,0.1601220407932653,budget-top-k,knapsack-redundancy,0.75,1.0,0.25,0.0,1.0,1.0,0.0,0.5,0.5,1.0,1.0,0.0,721.0,779.0,0.8967661691542289,0.9689054726368159,medium,high,medium_hetero/high_length
hotpotqa,5a83041355429966c78a6ae8,30%,243,813,6,135.5,48.61326979333935,0.3587695187700321,60.0,206.0,3.433333333333333,0.20233702337023374,budget-top-k,knapsack-redundancy,0.625,0.625,0.0,0.0,0.0,0.0,0.5,0.5,0.0,1.0,1.0,0.0,243.0,243.0,1.0,1.0,high,low,high_hetero/low_length
hotpotqa,5a83041355429966c78a6ae8,40%,325,813,6,135.5,48.61326979333935,0.3587695187700321,60.0,206.0,3.433333333333333,0.20233702337023374,budget-top-k,knapsack-redundancy,0.2833333333333333,0.2833333333333333,0.0,0.0,0.0,0.0,0.0,0.0,0.0,0.5,0.5,0.0,287.0,287.0,0.8830769230769231,0.8830769230769231,high,low,high_hetero/low_length
hotpotqa,5a83041355429966c78a6ae8,50%,406,813,6,135.5,48.61326979333935,0.3587695187700321,60.0,206.0,3.433333333333333,0.20233702337023374,budget-top-k,knapsack-redundancy,0.8,0.625,-0.17500000000000004,0.0,0.0,0.0,0.0,0.5,0.5,1.0,1.0,0.0,389.0,347.0,0.958128078817734,0.854679802955665,high,low,high_hetero/low_length
hotpotqa,5ab7fa7b5542992aa3b8c897,30%,366,1221,8,152.625,19.358057108088094,0.1268341170063102,126.0,182.0,1.4444444444444444,0.07176494676494682,budget-top-k,knapsack-redundancy,0.4481481481481482,0.4481481481481482,0.0,0.0,0.0,0.0,0.0,0.0,0.0,1.0,1.0,0.0,285.0,285.0,0.7786885245901639,0.7786885245901639,low,medium,low_hetero/medium_length
hotpotqa,5ab7fa7b5542992aa3b8c897,40%,488,1221,8,152.625,19.358057108088094,0.1268341170063102,126.0,182.0,1.4444444444444444,0.07176494676494682,budget-top-k,knapsack-redundancy,0.7592592592592592,0.7592592592592592,0.0,0.0,0.0,0.0,0.0,0.0,0.0,1.0,1.0,0.0,460.0,460.0,0.9426229508196722,0.9426229508196722,low,medium,low_hetero/medium_length
hotpotqa,5ab7fa7b5542992aa3b8c897,50%,610,1221,8,152.625,19.358057108088094,0.1268341170063102,126.0,182.0,1.4444444444444444,0.07176494676494682,budget-top-k,knapsack-redundancy,1.0,1.0,0.0,1.0,1.0,0.0,0.5,0.5,0.0,1.0,1.0,0.0,586.0,586.0,0.9606557377049181,0.9606557377049181,low,medium,low_hetero/medium_length
hotpotqa,5a8cee9b554299441c6b9f87,30%,352,1176,8,147.0,46.07873696185693,0.3134607956588907,65.0,203.0,3.123076923076923,0.17283163265306123,budget-top-k,knapsack-redundancy,0.7647058823529411,1.0,0.23529411764705888,0.0,1.0,1.0,0.5,1.0,0.5,1.0,1.0,0.0,268.0,281.0,0.7613636363636364,0.7982954545454546,high,medium,high_hetero/medium_length
hotpotqa,5a8cee9b554299441c6b9f87,40%,470,1176,8,147.0,46.07873696185693,0.3134607956588907,65.0,203.0,3.123076923076923,0.17283163265306123,budget-top-k,knapsack-redundancy,0.7941176470588236,1.0,0.2058823529411764,0.0,1.0,1.0,0.5,1.0,0.5,1.0,1.0,0.0,452.0,465.0,0.9617021276595744,0.9893617021276596,high,medium,high_hetero/medium_length
hotpotqa,5a8cee9b554299441c6b9f87,50%,588,1176,8,147.0,46.07873696185693,0.3134607956588907,65.0,203.0,3.123076923076923,0.17283163265306123,budget-top-k,knapsack-redundancy,1.0,1.0,0.0,1.0,1.0,0.0,1.0,1.0,0.0,1.0,1.0,0.0,561.0,561.0,0.9540816326530612,0.9540816326530612,high,medium,high_hetero/medium_length
hotpotqa,5ab67bf255429954757d32f5,30%,402,1341,10,134.1,39.083116559455696,0.29144755077893886,68.0,207.0,3.0441176470588234,0.1636838180462341,budget-top-k,knapsack-redundancy,1.0,1.0,0.0,1.0,1.0,0.0,0.0,0.0,0.0,1.0,1.0,0.0,385.0,385.0,0.9577114427860697,0.9577114427860697,medium,medium,medium_hetero/medium_length
hotpotqa,5ab67bf255429954757d32f5,40%,536,1341,10,134.1,39.083116559455696,0.29144755077893886,68.0,207.0,3.0441176470588234,0.1636838180462341,budget-top-k,knapsack-redundancy,0.1919191919191919,1.0,0.8080808080808081,0.0,1.0,1.0,0.0,0.0,0.0,0.0,1.0,1.0,524.0,519.0,0.9776119402985075,0.9682835820895522,medium,medium,medium_hetero/medium_length
hotpotqa,5ab67bf255429954757d32f5,50%,670,1341,10,134.1,39.083116559455696,0.29144755077893886,68.0,207.0,3.0441176470588234,0.1636838180462341,budget-top-k,knapsack-redundancy,0.21464646464646464,1.0,0.7853535353535354,0.0,1.0,1.0,0.0,0.0,0.0,0.0,1.0,1.0,658.0,644.0,0.982089552238806,0.9611940298507463,medium,medium,medium_hetero/medium_length
hotpotqa,5a77d65055429949eeb29f7b,30%,625,2085,14,148.92857142857142,36.38575915640287,0.24431684805258524,74.0,198.0,2.675675675675676,0.13508050702295304,budget-top-k,knapsack-redundancy,1.0,1.0,0.0,1.0,1.0,0.0,1.0,1.0,0.0,0.0,0.0,0.0,570.0,570.0,0.912,0.912,medium,high,medium_hetero/high_length
hotpotqa,5a77d65055429949eeb29f7b,40%,834,2085,14,148.92857142857142,36.38575915640287,0.24431684805258524,74.0,198.0,2.675675675675676,0.13508050702295304,budget-top-k,knapsack-redundancy,1.0,1.0,0.0,1.0,1.0,0.0,1.0,1.0,0.0,0.0,0.0,0.0,756.0,756.0,0.9064748201438849,0.9064748201438849,medium,high,medium_hetero/high_length
hotpotqa,5a77d65055429949eeb29f7b,50%,1042,2085,14,148.92857142857142,36.38575915640287,0.24431684805258524,74.0,198.0,2.675675675675676,0.13508050702295304,budget-top-k,knapsack-redundancy,1.0,1.0,0.0,1.0,1.0,0.0,1.0,1.0,0.0,0.0,0.0,0.0,1041.0,1041.0,0.9990403071017274,0.9990403071017274,medium,high,medium_hetero/high_length
hotpotqa,5a7f3f7c55429934daa2fd45,30%,285,950,6,158.33333333333334,30.064744949673013,0.18988259968214533,108.0,195.0,1.8055555555555556,0.1059649122807016,budget-top-k,knapsack-redundancy,1.0,1.0,0.0,1.0,1.0,0.0,0.0,0.0,0.0,1.0,1.0,0.0,277.0,277.0,0.9719298245614035,0.9719298245614035,low,low,low_hetero/low_length
hotpotqa,5a7f3f7c55429934daa2fd45,40%,380,950,6,158.33333333333334,30.064744949673013,0.18988259968214533,108.0,195.0,1.8055555555555556,0.1059649122807016,budget-top-k,knapsack-redundancy,1.0,1.0,0.0,1.0,1.0,0.0,0.0,0.0,0.0,1.0,1.0,0.0,310.0,310.0,0.8157894736842105,0.8157894736842105,low,low,low_hetero/low_length
hotpotqa,5a7f3f7c55429934daa2fd45,50%,475,950,6,158.33333333333334,30.064744949673013,0.18988259968214533,108.0,195.0,1.8055555555555556,0.1059649122807016,budget-top-k,knapsack-redundancy,1.0,1.0,0.0,1.0,1.0,0.0,0.0,0.0,0.0,1.0,1.0,0.0,457.0,457.0,0.9621052631578947,0.9621052631578947,low,low,low_hetero/low_length
hotpotqa,5ade811e5542992fa25da7a0,30%,411,1371,9,152.33333333333334,34.489934119327565,0.22641094607873674,102.0,214.0,2.0980392156862746,0.12804927465758964,budget-top-k,knapsack-redundancy,0.8181818181818181,0.8181818181818181,0.0,0.0,0.0,0.0,0.5,0.5,0.0,0.0,0.0,0.0,316.0,397.0,0.7688564476885644,0.9659367396593674,low,medium,low_hetero/medium_length
hotpotqa,5ade811e5542992fa25da7a0,40%,548,1371,9,152.33333333333334,34.489934119327565,0.22641094607873674,102.0,214.0,2.0980392156862746,0.12804927465758964,budget-top-k,knapsack-redundancy,0.8181818181818181,0.8181818181818181,0.0,0.0,0.0,0.0,0.5,0.5,0.0,0.0,0.0,0.0,450.0,450.0,0.8211678832116789,0.8211678832116789,low,medium,low_hetero/medium_length
hotpotqa,5ade811e5542992fa25da7a0,50%,685,1371,9,152.33333333333334,34.489934119327565,0.22641094607873674,102.0,214.0,2.0980392156862746,0.12804927465758964,budget-top-k,knapsack-redundancy,0.8181818181818181,0.8181818181818181,0.0,0.0,0.0,0.0,0.5,0.5,0.0,0.0,0.0,0.0,611.0,611.0,0.891970802919708,0.891970802919708,low,medium,low_hetero/medium_length
hotpotqa,5a7633ff5542994ccc918712,30%,291,971,7,138.71428571428572,33.96096198248086,0.24482670842159218,84.0,187.0,2.2261904761904763,0.1380020597322349,budget-top-k,knapsack-redundancy,1.0,1.0,0.0,1.0,1.0,0.0,0.5,0.5,0.0,0.0,0.0,0.0,197.0,197.0,0.6769759450171822,0.6769759450171822,medium,low,medium_hetero/low_length
hotpotqa,5a7633ff5542994ccc918712,40%,388,971,7,138.71428571428572,33.96096198248086,0.24482670842159218,84.0,187.0,2.2261904761904763,0.1380020597322349,budget-top-k,knapsack-redundancy,1.0,1.0,0.0,1.0,1.0,0.0,0.5,0.5,0.0,0.0,0.0,0.0,336.0,336.0,0.865979381443299,0.865979381443299,medium,low,medium_hetero/low_length
hotpotqa,5a7633ff5542994ccc918712,50%,485,971,7,138.71428571428572,33.96096198248086,0.24482670842159218,84.0,187.0,2.2261904761904763,0.1380020597322349,budget-top-k,knapsack-redundancy,1.0,1.0,0.0,1.0,1.0,0.0,0.5,0.5,0.0,0.0,0.0,0.0,483.0,483.0,0.9958762886597938,0.9958762886597938,medium,low,medium_hetero/low_length
hotpotqa,5a88a1475542997e5c09a646,30%,270,902,6,150.33333333333334,47.47513969320037,0.3157991553871421,87.0,210.0,2.413793103448276,0.17442719881744262,budget-top-k,knapsack-redundancy,0.5952380952380952,0.9615384615384616,0.36630036630036633,0.0,0.0,0.0,0.0,0.5,0.5,1.0,1.0,0.0,207.0,249.0,0.7666666666666667,0.9222222222222223,high,low,high_hetero/low_length
hotpotqa,5a88a1475542997e5c09a646,40%,360,902,6,150.33333333333334,47.47513969320037,0.3157991553871421,87.0,210.0,2.413793103448276,0.17442719881744262,budget-top-k,knapsack-redundancy,1.0,0.9615384615384616,-0.038461538461538436,1.0,0.0,-1.0,0.5,0.5,0.0,1.0,1.0,0.0,358.0,336.0,0.9944444444444445,0.9333333333333333,high,low,high_hetero/low_length
hotpotqa,5a88a1475542997e5c09a646,50%,451,902,6,150.33333333333334,47.47513969320037,0.3157991553871421,87.0,210.0,2.413793103448276,0.17442719881744262,budget-top-k,knapsack-redundancy,0.6904761904761905,1.0,0.30952380952380953,0.0,1.0,1.0,0.0,0.5,0.5,1.0,1.0,0.0,417.0,445.0,0.9246119733924612,0.9866962305986696,high,low,high_hetero/low_length
hotpotqa,5a8887a055429938390d3f72,30%,355,1184,9,131.55555555555554,33.45348714961022,0.25429170975210474,79.0,175.0,2.2151898734177213,0.14433183183183185,budget-top-k,knapsack-redundancy,0.8431372549019608,0.8431372549019608,0.0,0.0,0.0,0.0,0.5,0.5,0.0,1.0,1.0,0.0,339.0,339.0,0.9549295774647887,0.9549295774647887,medium,medium,medium_hetero/medium_length
hotpotqa,5a8887a055429938390d3f72,40%,473,1184,9,131.55555555555554,33.45348714961022,0.25429170975210474,79.0,175.0,2.2151898734177213,0.14433183183183185,budget-top-k,knapsack-redundancy,1.0,0.8431372549019608,-0.1568627450980392,1.0,0.0,-1.0,0.5,0.5,0.0,1.0,1.0,0.0,414.0,469.0,0.8752642706131079,0.9915433403805497,medium,medium,medium_hetero/medium_length
hotpotqa,5a8887a055429938390d3f72,50%,592,1184,9,131.55555555555554,33.45348714961022,0.25429170975210474,79.0,175.0,2.2151898734177213,0.14433183183183185,budget-top-k,knapsack-redundancy,1.0,1.0,0.0,1.0,1.0,0.0,0.5,0.5,0.0,1.0,1.0,0.0,549.0,577.0,0.9273648648648649,0.9746621621621622,medium,medium,medium_hetero/medium_length
hotpotqa,5a86399e5542994775f60733,30%,458,1528,11,138.9090909090909,61.34026490954823,0.44158567670486293,21.0,219.0,10.428571428571429,0.24643027129938133,budget-top-k,knapsack-redundancy,1.0,1.0,0.0,1.0,1.0,0.0,0.5,0.5,0.0,1.0,1.0,0.0,443.0,443.0,0.9672489082969432,0.9672489082969432,high,high,high_hetero/high_length
hotpotqa,5a86399e5542994775f60733,40%,611,1528,11,138.9090909090909,61.34026490954823,0.44158567670486293,21.0,219.0,10.428571428571429,0.24643027129938133,budget-top-k,knapsack-redundancy,0.65625,0.6875,0.03125,0.0,0.0,0.0,0.0,0.0,0.0,0.0,0.0,0.0,594.0,604.0,0.972176759410802,0.9885433715220949,high,high,high_hetero/high_length
hotpotqa,5a86399e5542994775f60733,50%,764,1528,11,138.9090909090909,61.34026490954823,0.44158567670486293,21.0,219.0,10.428571428571429,0.24643027129938133,budget-top-k,knapsack-redundancy,1.0,1.0,0.0,1.0,1.0,0.0,0.5,0.5,0.0,1.0,1.0,0.0,746.0,746.0,0.9764397905759162,0.9764397905759162,high,high,high_hetero/high_length
hotpotqa,5a84c0765542991dd0999dd9,30%,390,1300,9,144.44444444444446,46.59067887490685,0.3225508537493551,64.0,212.0,3.3125,0.18188034188034186,budget-top-k,knapsack-redundancy,0.6875,0.6875,0.0,0.0,0.0,0.0,0.0,0.0,0.0,0.0,0.0,0.0,385.0,385.0,0.9871794871794872,0.9871794871794872,high,medium,high_hetero/medium_length
hotpotqa,5a84c0765542991dd0999dd9,40%,520,1300,9,144.44444444444446,46.59067887490685,0.3225508537493551,64.0,212.0,3.3125,0.18188034188034186,budget-top-k,knapsack-redundancy,0.6458333333333334,0.6666666666666666,0.02083333333333326,0.0,0.0,0.0,0.0,0.0,0.0,0.0,0.0,0.0,479.0,497.0,0.9211538461538461,0.9557692307692308,high,medium,high_hetero/medium_length
hotpotqa,5a84c0765542991dd0999dd9,50%,650,1300,9,144.44444444444446,46.59067887490685,0.3225508537493551,64.0,212.0,3.3125,0.18188034188034186,budget-top-k,knapsack-redundancy,0.6666666666666666,0.6875,0.02083333333333337,0.0,0.0,0.0,0.0,0.0,0.0,0.0,0.0,0.0,629.0,645.0,0.9676923076923077,0.9923076923076923,high,medium,high_hetero/medium_length
hotpotqa,5adf17f95542995ec70e8f6c,30%,622,2074,13,159.53846153846155,41.5296286905096,0.2603110766521816,36.0,207.0,5.75,0.12513908463763812,budget-top-k,knapsack-redundancy,1.0,0.8020833333333334,-0.19791666666666663,1.0,0.0,-1.0,1.0,0.5,-0.5,1.0,1.0,0.0,519.0,612.0,0.8344051446945338,0.9839228295819936,medium,high,medium_hetero/high_length
hotpotqa,5adf17f95542995ec70e8f6c,40%,829,2074,13,159.53846153846155,41.5296286905096,0.2603110766521816,36.0,207.0,5.75,0.12513908463763812,budget-top-k,knapsack-redundancy,1.0,1.0,0.0,1.0,1.0,0.0,1.0,1.0,0.0,1.0,1.0,0.0,816.0,816.0,0.9843184559710495,0.9843184559710495,medium,high,medium_hetero/high_length
hotpotqa,5adf17f95542995ec70e8f6c,50%,1037,2074,13,159.53846153846155,41.5296286905096,0.2603110766521816,36.0,207.0,5.75,0.12513908463763812,budget-top-k,knapsack-redundancy,1.0,1.0,0.0,1.0,1.0,0.0,1.0,1.0,0.0,1.0,1.0,0.0,1014.0,1032.0,0.9778206364513018,0.9951783992285439,medium,high,medium_hetero/high_length
hotpotqa,5a7f5ab65542995d8a8dde43,30%,393,1311,9,145.66666666666666,38.45921360494922,0.2640220613612075,85.0,205.0,2.411764705882353,0.14814814814814814,budget-top-k,knapsack-redundancy,1.0,0.7857142857142857,-0.2142857142857143,1.0,0.0,-1.0,0.5,0.5,0.0,1.0,1.0,0.0,351.0,390.0,0.8931297709923665,0.9923664122137404,medium,medium,medium_hetero/medium_length
hotpotqa,5a7f5ab65542995d8a8dde43,40%,524,1311,9,145.66666666666666,38.45921360494922,0.2640220613612075,85.0,205.0,2.411764705882353,0.14814814814814814,budget-top-k,knapsack-redundancy,1.0,1.0,0.0,1.0,1.0,0.0,0.5,0.5,0.0,1.0,1.0,0.0,492.0,492.0,0.9389312977099237,0.9389312977099237,medium,medium,medium_hetero/medium_length
hotpotqa,5a7f5ab65542995d8a8dde43,50%,655,1311,9,145.66666666666666,38.45921360494922,0.2640220613612075,85.0,205.0,2.411764705882353,0.14814814814814814,budget-top-k,knapsack-redundancy,1.0,1.0,0.0,1.0,1.0,0.0,0.5,0.5,0.0,1.0,1.0,0.0,641.0,592.0,0.9786259541984733,0.9038167938931297,medium,medium,medium_hetero/medium_length
hotpotqa,5a8cec13554299441c6b9f7d,30%,335,1117,8,139.625,47.60235682190536,0.3409300399062157,55.0,203.0,3.690909090909091,0.18833930170098467,budget-top-k,knapsack-redundancy,1.0,0.4111111111111111,-0.5888888888888889,1.0,0.0,-1.0,0.0,0.0,0.0,0.0,0.0,0.0,253.0,300.0,0.755223880597015,0.8955223880597015,high,low,high_hetero/low_length
hotpotqa,5a8cec13554299441c6b9f7d,40%,446,1117,8,139.625,47.60235682190536,0.3409300399062157,55.0,203.0,3.690909090909091,0.18833930170098467,budget-top-k,knapsack-redundancy,1.0,0.4111111111111111,-0.5888888888888889,1.0,0.0,-1.0,0.0,0.0,0.0,0.0,0.0,0.0,385.0,411.0,0.8632286995515696,0.92152466367713,high,low,high_hetero/low_length
hotpotqa,5a8cec13554299441c6b9f7d,50%,558,1117,8,139.625,47.60235682190536,0.3409300399062157,55.0,203.0,3.690909090909091,0.18833930170098467,budget-top-k,knapsack-redundancy,1.0,1.0,0.0,1.0,1.0,0.0,0.0,0.0,0.0,0.0,0.0,0.0,498.0,498.0,0.8924731182795699,0.8924731182795699,high,low,high_hetero/low_length
hotpotqa,5abce9ca554299114383a193,30%,378,1261,9,140.11111111111111,21.387662302491876,0.15264786734530283,95.0,169.0,1.7789473684210526,0.08265045378447433,budget-top-k,knapsack-redundancy,0.3693181818181818,0.3693181818181818,0.0,0.0,0.0,0.0,0.0,0.0,0.0,0.3333333333333333,0.3333333333333333,0.0,310.0,310.0,0.8201058201058201,0.8201058201058201,low,medium,low_hetero/medium_length
hotpotqa,5abce9ca554299114383a193,40%,504,1261,9,140.11111111111111,21.387662302491876,0.15264786734530283,95.0,169.0,1.7789473684210526,0.08265045378447433,budget-top-k,knapsack-redundancy,0.4318181818181818,0.4318181818181818,0.0,0.0,0.0,0.0,0.0,0.0,0.0,0.3333333333333333,0.3333333333333333,0.0,478.0,478.0,0.9484126984126984,0.9484126984126984,low,medium,low_hetero/medium_length
hotpotqa,5abce9ca554299114383a193,50%,630,1261,9,140.11111111111111,21.387662302491876,0.15264786734530283,95.0,169.0,1.7789473684210526,0.08265045378447433,budget-top-k,knapsack-redundancy,0.4943181818181818,0.4943181818181818,0.0,0.0,0.0,0.0,0.0,0.0,0.0,0.3333333333333333,0.3333333333333333,0.0,624.0,624.0,0.9904761904761905,0.9904761904761905,low,medium,low_hetero/medium_length
hotpotqa,5a7a1b845542990783324e5f,30%,435,1453,10,145.3,25.686767021172596,0.17678435664950168,111.0,194.0,1.7477477477477477,0.09944941500344107,budget-top-k,knapsack-redundancy,0.7916666666666667,0.7916666666666667,0.0,0.0,0.0,0.0,0.5,0.5,0.0,0.5,0.5,0.0,429.0,429.0,0.9862068965517241,0.9862068965517241,low,high,low_hetero/high_length
hotpotqa,5a7a1b845542990783324e5f,40%,581,1453,10,145.3,25.686767021172596,0.17678435664950168,111.0,194.0,1.7477477477477477,0.09944941500344107,budget-top-k,knapsack-redundancy,0.8125,0.8125,0.0,0.0,0.0,0.0,0.5,0.5,0.0,0.5,0.5,0.0,489.0,561.0,0.8416523235800344,0.9655765920826161,low,high,low_hetero/high_length
hotpotqa,5a7a1b845542990783324e5f,50%,726,1453,10,145.3,25.686767021172596,0.17678435664950168,111.0,194.0,1.7477477477477477,0.09944941500344107,budget-top-k,knapsack-redundancy,0.8125,0.8125,0.0,0.0,0.0,0.0,0.5,0.5,0.0,0.5,0.5,0.0,713.0,713.0,0.9820936639118457,0.9820936639118457,low,high,low_hetero/high_length
hotpotqa,5a7363ec5542991f29ee2dd7,30%,376,1256,9,139.55555555555554,34.37735401591871,0.2463345431076978,73.0,178.0,2.4383561643835616,0.1364118895966029,budget-top-k,knapsack-redundancy,0.7777777777777778,0.7777777777777778,0.0,0.0,0.0,0.0,0.5,0.5,0.0,1.0,1.0,0.0,366.0,366.0,0.973404255319149,0.973404255319149,medium,medium,medium_hetero/medium_length
hotpotqa,5a7363ec5542991f29ee2dd7,40%,502,1256,9,139.55555555555554,34.37735401591871,0.2463345431076978,73.0,178.0,2.4383561643835616,0.1364118895966029,budget-top-k,knapsack-redundancy,0.7777777777777778,0.7777777777777778,0.0,0.0,0.0,0.0,0.5,0.5,0.0,1.0,1.0,0.0,403.0,479.0,0.8027888446215139,0.954183266932271,medium,medium,medium_hetero/medium_length
hotpotqa,5a7363ec5542991f29ee2dd7,50%,628,1256,9,139.55555555555554,34.37735401591871,0.2463345431076978,73.0,178.0,2.4383561643835616,0.1364118895966029,budget-top-k,knapsack-redundancy,0.7777777777777778,0.7777777777777778,0.0,0.0,0.0,0.0,0.5,0.5,0.0,1.0,1.0,0.0,536.0,536.0,0.8535031847133758,0.8535031847133758,medium,medium,medium_hetero/medium_length
hotpotqa,5a77321355429972597f1493,30%,296,987,8,123.375,34.59023525505428,0.2803666484705514,58.0,180.0,3.103448275862069,0.15514184397163122,budget-top-k,knapsack-redundancy,0.6052631578947368,0.6052631578947368,0.0,0.0,0.0,0.0,0.0,0.0,0.0,1.0,1.0,0.0,269.0,269.0,0.9087837837837838,0.9087837837837838,medium,low,medium_hetero/low_length
hotpotqa,5a77321355429972597f1493,40%,394,987,8,123.375,34.59023525505428,0.2803666484705514,58.0,180.0,3.103448275862069,0.15514184397163122,budget-top-k,knapsack-redundancy,1.0,1.0,0.0,1.0,1.0,0.0,0.0,0.0,0.0,1.0,1.0,0.0,357.0,357.0,0.9060913705583756,0.9060913705583756,medium,low,medium_hetero/low_length
hotpotqa,5a77321355429972597f1493,50%,493,987,8,123.375,34.59023525505428,0.2803666484705514,58.0,180.0,3.103448275862069,0.15514184397163122,budget-top-k,knapsack-redundancy,1.0,1.0,0.0,1.0,1.0,0.0,0.0,0.0,0.0,1.0,1.0,0.0,449.0,449.0,0.9107505070993914,0.9107505070993914,medium,low,medium_hetero/low_length
hotpotqa,5ab5cd4f554299488d4d9a31,30%,245,819,5,163.8,50.352358435330515,0.30740145564914845,68.0,201.0,2.9558823529411766,0.14945054945054959,budget-top-k,knapsack-redundancy,0.7916666666666667,0.4,-0.3916666666666667,0.0,0.0,0.0,0.0,0.0,0.0,1.0,0.0,-1.0,194.0,226.0,0.7918367346938775,0.9224489795918367,high,low,high_hetero/low_length
hotpotqa,5ab5cd4f554299488d4d9a31,40%,327,819,5,163.8,50.352358435330515,0.30740145564914845,68.0,201.0,2.9558823529411766,0.14945054945054959,budget-top-k,knapsack-redundancy,0.7916666666666667,0.7916666666666667,0.0,0.0,0.0,0.0,0.0,0.0,0.0,1.0,1.0,0.0,262.0,262.0,0.8012232415902141,0.8012232415902141,high,low,high_hetero/low_length
hotpotqa,5ab5cd4f554299488d4d9a31,50%,409,819,5,163.8,50.352358435330515,0.30740145564914845,68.0,201.0,2.9558823529411766,0.14945054945054959,budget-top-k,knapsack-redundancy,0.8333333333333333,0.8333333333333333,0.0,0.0,0.0,0.0,0.0,0.0,0.0,1.0,1.0,0.0,352.0,352.0,0.8606356968215159,0.8606356968215159,high,low,high_hetero/low_length
hotpotqa,5a83411655429966c78a6b5d,30%,519,1732,12,144.33333333333334,34.22068899884331,0.23709484294810604,66.0,185.0,2.803030303030303,0.12288298691301014,budget-top-k,knapsack-redundancy,0.75,0.8,0.050000000000000044,0.0,0.0,0.0,0.5,0.5,0.0,0.0,0.0,0.0,489.0,463.0,0.9421965317919075,0.8921001926782274,medium,high,medium_hetero/high_length
hotpotqa,5a83411655429966c78a6b5d,40%,692,1732,12,144.33333333333334,34.22068899884331,0.23709484294810604,66.0,185.0,2.803030303030303,0.12288298691301014,budget-top-k,knapsack-redundancy,0.75,0.8,0.050000000000000044,0.0,0.0,0.0,0.5,0.5,0.0,0.0,0.0,0.0,634.0,608.0,0.9161849710982659,0.8786127167630058,medium,high,medium_hetero/high_length
hotpotqa,5a83411655429966c78a6b5d,50%,866,1732,12,144.33333333333334,34.22068899884331,0.23709484294810604,66.0,185.0,2.803030303030303,0.12288298691301014,budget-top-k,knapsack-redundancy,0.8,0.8,0.0,0.0,0.0,0.0,0.5,0.5,0.0,0.0,0.0,0.0,859.0,787.0,0.9919168591224018,0.9087759815242494,medium,high,medium_hetero/high_length
hotpotqa,5a8d50fb55429941ae14dfa2,30%,278,929,6,154.83333333333334,38.86908225769623,0.25103820618533623,85.0,217.0,2.552941176470588,0.1315034086831719,budget-top-k,knapsack-redundancy,0.6944444444444444,0.6944444444444444,0.0,0.0,0.0,0.0,0.0,0.0,0.0,0.0,0.0,0.0,232.0,232.0,0.8345323741007195,0.8345323741007195,medium,low,medium_hetero/low_length
hotpotqa,5a8d50fb55429941ae14dfa2,40%,371,929,6,154.83333333333334,38.86908225769623,0.25103820618533623,85.0,217.0,2.552941176470588,0.1315034086831719,budget-top-k,knapsack-redundancy,0.6944444444444444,0.6944444444444444,0.0,0.0,0.0,0.0,0.0,0.0,0.0,0.0,0.0,0.0,318.0,318.0,0.8571428571428571,0.8571428571428571,medium,low,medium_hetero/low_length
hotpotqa,5a8d50fb55429941ae14dfa2,50%,464,929,6,154.83333333333334,38.86908225769623,0.25103820618533623,85.0,217.0,2.552941176470588,0.1315034086831719,budget-top-k,knapsack-redundancy,0.7222222222222222,1.0,0.2777777777777778,0.0,1.0,1.0,0.0,0.0,0.0,0.0,0.0,0.0,403.0,456.0,0.8685344827586207,0.9827586206896551,medium,low,medium_hetero/low_length
hotpotqa,5ae80919554299540e5a56f6,30%,301,1005,6,167.5,23.977419933484644,0.14314877572229637,123.0,193.0,1.5691056910569106,0.07744610281923703,budget-top-k,knapsack-redundancy,1.0,1.0,0.0,1.0,1.0,0.0,0.0,0.0,0.0,1.0,1.0,0.0,293.0,293.0,0.973421926910299,0.973421926910299,low,low,low_hetero/low_length
hotpotqa,5ae80919554299540e5a56f6,40%,402,1005,6,167.5,23.977419933484644,0.14314877572229637,123.0,193.0,1.5691056910569106,0.07744610281923703,budget-top-k,knapsack-redundancy,1.0,1.0,0.0,1.0,1.0,0.0,0.0,0.0,0.0,1.0,1.0,0.0,362.0,362.0,0.900497512437811,0.900497512437811,low,low,low_hetero/low_length
hotpotqa,5ae80919554299540e5a56f6,50%,502,1005,6,167.5,23.977419933484644,0.14314877572229637,123.0,193.0,1.5691056910569106,0.07744610281923703,budget-top-k,knapsack-redundancy,1.0,1.0,0.0,1.0,1.0,0.0,0.0,0.0,0.0,1.0,1.0,0.0,485.0,485.0,0.9661354581673307,0.9661354581673307,low,low,low_hetero/low_length
hotpotqa,5ab2b8fe5542991669774070,30%,245,819,5,164.0,33.86443562205046,0.20649046111006378,109.0,206.0,1.889908256880734,0.11463414634146352,budget-top-k,knapsack-redundancy,0.4365079365079365,0.4365079365079365,0.0,0.0,0.0,0.0,0.0,0.0,0.0,1.0,1.0,0.0,186.0,186.0,0.7591836734693878,0.7591836734693878,low,low,low_hetero/low_length
hotpotqa,5ab2b8fe5542991669774070,40%,327,819,5,164.0,33.86443562205046,0.20649046111006378,109.0,206.0,1.889908256880734,0.11463414634146352,budget-top-k,knapsack-redundancy,0.4365079365079365,0.4365079365079365,0.0,0.0,0.0,0.0,0.0,0.0,0.0,1.0,1.0,0.0,295.0,295.0,0.9021406727828746,0.9021406727828746,low,low,low_hetero/low_length
hotpotqa,5ab2b8fe5542991669774070,50%,409,819,5,164.0,33.86443562205046,0.20649046111006378,109.0,206.0,1.889908256880734,0.11463414634146352,budget-top-k,knapsack-redundancy,1.0,1.0,0.0,1.0,1.0,0.0,0.0,0.0,0.0,1.0,1.0,0.0,392.0,392.0,0.9584352078239609,0.9584352078239609,low,low,low_hetero/low_length
hotpotqa,5a8d0efd5542994ba4e3dbc6,30%,420,1402,9,155.77777777777777,27.242849327964446,0.1748827702936377,105.0,194.0,1.8476190476190477,0.09795530194959579,budget-top-k,knapsack-redundancy,1.0,1.0,0.0,1.0,1.0,0.0,0.0,0.0,0.0,1.0,1.0,0.0,368.0,368.0,0.8761904761904762,0.8761904761904762,low,medium,low_hetero/medium_length
hotpotqa,5a8d0efd5542994ba4e3dbc6,40%,560,1402,9,155.77777777777777,27.242849327964446,0.1748827702936377,105.0,194.0,1.8476190476190477,0.09795530194959579,budget-top-k,knapsack-redundancy,1.0,1.0,0.0,1.0,1.0,0.0,0.0,0.0,0.0,1.0,1.0,0.0,504.0,504.0,0.9,0.9,low,medium,low_hetero/medium_length
hotpotqa,5a8d0efd5542994ba4e3dbc6,50%,701,1402,9,155.77777777777777,27.242849327964446,0.1748827702936377,105.0,194.0,1.8476190476190477,0.09795530194959579,budget-top-k,knapsack-redundancy,1.0,1.0,0.0,1.0,1.0,0.0,0.0,0.0,0.0,1.0,1.0,0.0,651.0,651.0,0.9286733238231099,0.9286733238231099,low,medium,low_hetero/medium_length
hotpotqa,5a7125b95542994082a3e5d5,30%,339,1131,8,141.375,47.050338734168534,0.3328052253522089,48.0,184.0,3.8333333333333335,0.17827144120247573,budget-top-k,knapsack-redundancy,1.0,1.0,0.0,1.0,1.0,0.0,0.0,0.5,0.5,1.0,1.0,0.0,306.0,314.0,0.9026548672566371,0.9262536873156342,high,low,high_hetero/low_length
hotpotqa,5a7125b95542994082a3e5d5,40%,452,1131,8,141.375,47.050338734168534,0.3328052253522089,48.0,184.0,3.8333333333333335,0.17827144120247573,budget-top-k,knapsack-redundancy,1.0,1.0,0.0,1.0,1.0,0.0,0.5,0.5,0.0,1.0,1.0,0.0,448.0,448.0,0.9911504424778761,0.9911504424778761,high,low,high_hetero/low_length
hotpotqa,5a7125b95542994082a3e5d5,50%,565,1131,8,141.375,47.050338734168534,0.3328052253522089,48.0,184.0,3.8333333333333335,0.17827144120247573,budget-top-k,knapsack-redundancy,1.0,1.0,0.0,1.0,1.0,0.0,0.5,0.5,0.0,1.0,1.0,0.0,496.0,496.0,0.8778761061946903,0.8778761061946903,high,low,high_hetero/low_length
hotpotqa,5a8a6a2155429930ff3c0dd0,30%,374,1247,9,138.55555555555554,32.00385779215135,0.2309821332232255,92.0,197.0,2.141304347826087,0.12937717187917674,budget-top-k,knapsack-redundancy,0.8125,0.8125,0.0,0.0,0.0,0.0,0.5,0.5,0.0,1.0,1.0,0.0,365.0,365.0,0.9759358288770054,0.9759358288770054,medium,medium,medium_hetero/medium_length
hotpotqa,5a8a6a2155429930ff3c0dd0,40%,498,1247,9,138.55555555555554,32.00385779215135,0.2309821332232255,92.0,197.0,2.141304347826087,0.12937717187917674,budget-top-k,knapsack-redundancy,0.5833333333333333,0.8125,0.22916666666666674,0.0,0.0,0.0,0.0,0.5,0.5,0.3333333333333333,1.0,0.6666666666666667,390.0,478.0,0.7831325301204819,0.9598393574297188,medium,medium,medium_hetero/medium_length
hotpotqa,5a8a6a2155429930ff3c0dd0,50%,623,1247,9,138.55555555555554,32.00385779215135,0.2309821332232255,92.0,197.0,2.141304347826087,0.12937717187917674,budget-top-k,knapsack-redundancy,0.8125,0.8125,0.0,0.0,0.0,0.0,0.5,0.5,0.0,1.0,1.0,0.0,613.0,613.0,0.9839486356340289,0.9839486356340289,medium,medium,medium_hetero/medium_length
hotpotqa,5ae834e95542997ec272776a,30%,537,1792,12,149.33333333333334,31.417440308776836,0.21038464492484488,113.0,202.0,1.7876106194690264,0.11579241071428581,budget-top-k,knapsack-redundancy,0.7916666666666667,1.0,0.20833333333333326,0.0,1.0,1.0,0.5,1.0,0.5,1.0,1.0,0.0,534.0,526.0,0.994413407821229,0.9795158286778398,low,high,low_hetero/high_length
hotpotqa,5ae834e95542997ec272776a,40%,716,1792,12,149.33333333333334,31.417440308776836,0.21038464492484488,113.0,202.0,1.7876106194690264,0.11579241071428581,budget-top-k,knapsack-redundancy,0.7916666666666667,1.0,0.20833333333333326,0.0,1.0,1.0,0.5,1.0,0.5,1.0,1.0,0.0,696.0,688.0,0.9720670391061452,0.9608938547486033,low,high,low_hetero/high_length
hotpotqa,5ae834e95542997ec272776a,50%,896,1792,12,149.33333333333334,31.417440308776836,0.21038464492484488,113.0,202.0,1.7876106194690264,0.11579241071428581,budget-top-k,knapsack-redundancy,0.7916666666666667,1.0,0.20833333333333326,0.0,1.0,1.0,0.5,1.0,0.5,1.0,1.0,0.0,894.0,886.0,0.9977678571428571,0.9888392857142857,low,high,low_hetero/high_length
hotpotqa,5a7ab51055429927d897bef6,30%,494,1647,12,137.25,66.95785365934803,0.4878532142757598,10.0,211.0,21.1,0.26983404169196534,budget-top-k,knapsack-redundancy,1.0,1.0,0.0,1.0,1.0,0.0,0.0,0.0,0.0,0.0,0.0,0.0,413.0,487.0,0.8360323886639676,0.9858299595141701,high,high,high_hetero/high_length
hotpotqa,5a7ab51055429927d897bef6,40%,658,1647,12,137.25,66.95785365934803,0.4878532142757598,10.0,211.0,21.1,0.26983404169196534,budget-top-k,knapsack-redundancy,1.0,1.0,0.0,1.0,1.0,0.0,0.0,0.0,0.0,0.0,0.0,0.0,649.0,649.0,0.986322188449848,0.986322188449848,high,high,high_hetero/high_length
hotpotqa,5a7ab51055429927d897bef6,50%,823,1647,12,137.25,66.95785365934803,0.4878532142757598,10.0,211.0,21.1,0.26983404169196534,budget-top-k,knapsack-redundancy,1.0,1.0,0.0,1.0,1.0,0.0,0.0,0.0,0.0,0.0,0.0,0.0,753.0,814.0,0.9149453219927096,0.9890643985419199,high,high,high_hetero/high_length
hotpotqa,5ae250b45542996483e64977,30%,316,1054,8,131.75,40.57631698417194,0.30797963555348723,68.0,180.0,2.6470588235294117,0.17243833017077792,budget-top-k,knapsack-redundancy,1.0,1.0,0.0,1.0,1.0,0.0,0.5,0.5,0.0,1.0,1.0,0.0,268.0,268.0,0.8481012658227848,0.8481012658227848,high,low,high_hetero/low_length
hotpotqa,5ae250b45542996483e64977,40%,421,1054,8,131.75,40.57631698417194,0.30797963555348723,68.0,180.0,2.6470588235294117,0.17243833017077792,budget-top-k,knapsack-redundancy,1.0,1.0,0.0,1.0,1.0,0.0,0.5,0.5,0.0,1.0,1.0,0.0,419.0,419.0,0.995249406175772,0.995249406175772,high,low,high_hetero/low_length
hotpotqa,5ae250b45542996483e64977,50%,527,1054,8,131.75,40.57631698417194,0.30797963555348723,68.0,180.0,2.6470588235294117,0.17243833017077792,budget-top-k,knapsack-redundancy,1.0,1.0,0.0,1.0,1.0,0.0,0.5,0.5,0.0,1.0,1.0,0.0,523.0,523.0,0.9924098671726755,0.9924098671726755,high,low,high_hetero/low_length
hotpotqa,5a733c925542991f9a20c6b7,30%,453,1512,12,126.0,45.566800780100124,0.36164127603254065,45.0,196.0,4.355555555555555,0.2014991181657848,budget-top-k,knapsack-redundancy,0.5625,1.0,0.4375,0.0,1.0,1.0,0.5,1.0,0.5,1.0,1.0,0.0,397.0,426.0,0.8763796909492274,0.9403973509933775,high,high,high_hetero/high_length
hotpotqa,5a733c925542991f9a20c6b7,40%,604,1512,12,126.0,45.566800780100124,0.36164127603254065,45.0,196.0,4.355555555555555,0.2014991181657848,budget-top-k,knapsack-redundancy,0.5625,0.625,0.0625,0.0,0.0,0.0,0.5,0.5,0.0,1.0,1.0,0.0,555.0,599.0,0.9188741721854304,0.9917218543046358,high,high,high_hetero/high_length
hotpotqa,5a733c925542991f9a20c6b7,50%,756,1512,12,126.0,45.566800780100124,0.36164127603254065,45.0,196.0,4.355555555555555,0.2014991181657848,budget-top-k,knapsack-redundancy,0.5625,0.625,0.0625,0.0,0.0,0.0,0.5,0.5,0.0,1.0,1.0,0.0,755.0,751.0,0.9986772486772487,0.9933862433862434,high,high,high_hetero/high_length
hotpotqa,5a7e5ec25542991319bc947a,30%,268,895,6,149.16666666666666,44.528704849294186,0.2985164570902404,78.0,206.0,2.641025641025641,0.16778398510242076,budget-top-k,knapsack-redundancy,0.4285714285714286,0.4285714285714286,0.0,0.0,0.0,0.0,0.0,0.0,0.0,1.0,1.0,0.0,195.0,195.0,0.7276119402985075,0.7276119402985075,medium,low,medium_hetero/low_length
hotpotqa,5a7e5ec25542991319bc947a,40%,358,895,6,149.16666666666666,44.528704849294186,0.2985164570902404,78.0,206.0,2.641025641025641,0.16778398510242076,budget-top-k,knapsack-redundancy,0.6785714285714286,0.6785714285714286,0.0,0.0,0.0,0.0,0.5,0.5,0.0,1.0,1.0,0.0,315.0,315.0,0.8798882681564246,0.8798882681564246,medium,low,medium_hetero/low_length
hotpotqa,5a7e5ec25542991319bc947a,50%,447,895,6,149.16666666666666,44.528704849294186,0.2985164570902404,78.0,206.0,2.641025641025641,0.16778398510242076,budget-top-k,knapsack-redundancy,0.55,0.55,0.0,0.0,0.0,0.0,0.0,0.0,0.0,1.0,1.0,0.0,439.0,439.0,0.9821029082774049,0.9821029082774049,medium,low,medium_hetero/low_length
hotpotqa,5adbf2805542994650320c15,30%,287,959,7,137.0,49.630060015507304,0.36226321179202414,70.0,188.0,2.6857142857142855,0.19335617458662302,budget-top-k,knapsack-redundancy,0.75,1.0,0.25,0.0,1.0,1.0,0.5,1.0,0.5,0.4,1.0,0.6,258.0,244.0,0.8989547038327527,0.8501742160278746,high,low,high_hetero/low_length
hotpotqa,5adbf2805542994650320c15,40%,383,959,7,137.0,49.630060015507304,0.36226321179202414,70.0,188.0,2.6857142857142855,0.19335617458662302,budget-top-k,knapsack-redundancy,0.8333333333333333,0.8333333333333333,0.0,0.0,0.0,0.0,0.5,0.5,0.0,0.6,0.6,0.0,362.0,362.0,0.9451697127937336,0.9451697127937336,high,low,high_hetero/low_length
hotpotqa,5adbf2805542994650320c15,50%,479,959,7,137.0,49.630060015507304,0.36226321179202414,70.0,188.0,2.6857142857142855,0.19335617458662302,budget-top-k,knapsack-redundancy,0.8333333333333333,1.0,0.16666666666666674,0.0,1.0,1.0,0.5,1.0,0.5,0.6,1.0,0.4,426.0,432.0,0.8893528183716075,0.9018789144050104,high,low,high_hetero/low_length
hotpotqa,5a845e9055429933447460ec,30%,296,988,5,197.6,10.44222198576529,0.05284525296439924,186.0,217.0,1.1666666666666667,0.02712550607287456,budget-top-k,knapsack-redundancy,0.625,0.625,0.0,0.0,0.0,0.0,0.0,0.0,0.0,0.0,0.0,0.0,193.0,193.0,0.652027027027027,0.652027027027027,low,low,low_hetero/low_length
hotpotqa,5a845e9055429933447460ec,40%,395,988,5,197.6,10.44222198576529,0.05284525296439924,186.0,217.0,1.1666666666666667,0.02712550607287456,budget-top-k,knapsack-redundancy,0.625,0.625,0.0,0.0,0.0,0.0,0.0,0.0,0.0,0.0,0.0,0.0,379.0,379.0,0.959493670886076,0.959493670886076,low,low,low_hetero/low_length
hotpotqa,5a845e9055429933447460ec,50%,494,988,5,197.6,10.44222198576529,0.05284525296439924,186.0,217.0,1.1666666666666667,0.02712550607287456,budget-top-k,knapsack-redundancy,1.0,1.0,0.0,1.0,1.0,0.0,0.0,0.0,0.0,1.0,1.0,0.0,410.0,410.0,0.8299595141700404,0.8299595141700404,low,low,low_hetero/low_length
hotpotqa,5a820c0c554299676cceb1fc,30%,313,1046,7,149.42857142857142,29.94689176743744,0.20040940953352016,98.0,191.0,1.9489795918367347,0.11062551215514893,budget-top-k,knapsack-redundancy,0.6984126984126985,0.6984126984126985,0.0,0.0,0.0,0.0,0.0,0.0,0.0,1.0,1.0,0.0,309.0,309.0,0.987220447284345,0.987220447284345,low,low,low_hetero/low_length
hotpotqa,5a820c0c554299676cceb1fc,40%,418,1046,7,149.42857142857142,29.94689176743744,0.20040940953352016,98.0,191.0,1.9489795918367347,0.11062551215514893,budget-top-k,knapsack-redundancy,1.0,0.6984126984126985,-0.3015873015873015,1.0,0.0,-1.0,0.0,0.0,0.0,1.0,1.0,0.0,350.0,407.0,0.8373205741626795,0.9736842105263158,low,low,low_hetero/low_length
hotpotqa,5a820c0c554299676cceb1fc,50%,523,1046,7,149.42857142857142,29.94689176743744,0.20040940953352016,98.0,191.0,1.9489795918367347,0.11062551215514893,budget-top-k,knapsack-redundancy,1.0,1.0,0.0,1.0,1.0,0.0,0.0,0.0,0.0,1.0,1.0,0.0,487.0,482.0,0.9311663479923518,0.9216061185468452,low,low,low_hetero/low_length
hotpotqa,5a88bd1d554299206df2b357,30%,325,1086,8,135.75,45.38378014224906,0.33431882241067445,59.0,212.0,3.593220338983051,0.18876611418047884,budget-top-k,knapsack-redundancy,1.0,1.0,0.0,1.0,1.0,0.0,1.0,1.0,0.0,1.0,1.0,0.0,280.0,280.0,0.8615384615384616,0.8615384615384616,high,low,high_hetero/low_length
hotpotqa,5a88bd1d554299206df2b357,40%,434,1086,8,135.75,45.38378014224906,0.33431882241067445,59.0,212.0,3.593220338983051,0.18876611418047884,budget-top-k,knapsack-redundancy,1.0,1.0,0.0,1.0,1.0,0.0,1.0,1.0,0.0,1.0,1.0,0.0,384.0,384.0,0.8847926267281107,0.8847926267281107,high,low,high_hetero/low_length
hotpotqa,5a88bd1d554299206df2b357,50%,543,1086,8,135.75,45.38378014224906,0.33431882241067445,59.0,212.0,3.593220338983051,0.18876611418047884,budget-top-k,knapsack-redundancy,1.0,1.0,0.0,1.0,1.0,0.0,1.0,1.0,0.0,1.0,1.0,0.0,492.0,540.0,0.9060773480662984,0.994475138121547,high,low,high_hetero/low_length
hotpotqa,5a79332555429907847277e7,30%,214,716,4,179.0,12.062338081814818,0.06738736358555765,165.0,195.0,1.1818181818181819,0.03701117318435765,budget-top-k,knapsack-redundancy,0.7,0.7,0.0,0.0,0.0,0.0,0.0,0.0,0.0,1.0,1.0,0.0,165.0,165.0,0.7710280373831776,0.7710280373831776,low,low,low_hetero/low_length
hotpotqa,5a79332555429907847277e7,40%,286,716,4,179.0,12.062338081814818,0.06738736358555765,165.0,195.0,1.1818181818181819,0.03701117318435765,budget-top-k,knapsack-redundancy,0.7,0.7,0.0,0.0,0.0,0.0,0.0,0.0,0.0,1.0,1.0,0.0,165.0,165.0,0.5769230769230769,0.5769230769230769,low,low,low_hetero/low_length
hotpotqa,5a79332555429907847277e7,50%,358,716,4,179.0,12.062338081814818,0.06738736358555765,165.0,195.0,1.1818181818181819,0.03701117318435765,budget-top-k,knapsack-redundancy,0.7,0.7,0.0,0.0,0.0,0.0,0.0,0.0,0.0,1.0,1.0,0.0,351.0,351.0,0.9804469273743017,0.9804469273743017,low,low,low_hetero/low_length
hotpotqa,5abd516a5542992ac4f3825c,30%,477,1591,11,144.63636363636363,33.955245216106896,0.23476285190268753,81.0,205.0,2.5308641975308643,0.12959259470887385,budget-top-k,knapsack-redundancy,0.8888888888888888,0.625,-0.26388888888888884,0.0,0.0,0.0,0.0,0.5,0.5,1.0,0.0,-1.0,455.0,477.0,0.9538784067085954,1.0,medium,high,medium_hetero/high_length
hotpotqa,5abd516a5542992ac4f3825c,40%,636,1591,11,144.63636363636363,33.955245216106896,0.23476285190268753,81.0,205.0,2.5308641975308643,0.12959259470887385,budget-top-k,knapsack-redundancy,1.0,0.625,-0.375,1.0,0.0,-1.0,0.5,0.5,0.0,1.0,0.0,-1.0,601.0,621.0,0.9449685534591195,0.9764150943396226,medium,high,medium_hetero/high_length
hotpotqa,5abd516a5542992ac4f3825c,50%,795,1591,11,144.63636363636363,33.955245216106896,0.23476285190268753,81.0,205.0,2.5308641975308643,0.12959259470887385,budget-top-k,knapsack-redundancy,1.0,0.625,-0.375,1.0,0.0,-1.0,0.5,0.5,0.0,1.0,0.0,-1.0,745.0,763.0,0.9371069182389937,0.959748427672956,medium,high,medium_hetero/high_length
hotpotqa,5add26075542994ed6169c9c,30%,365,1217,7,173.85714285714286,34.778600035196405,0.20004124917532853,113.0,216.0,1.9115044247787611,0.11010682004930161,budget-top-k,knapsack-redundancy,0.96875,0.96875,0.0,0.0,0.0,0.0,0.5,0.5,0.0,1.0,1.0,0.0,311.0,311.0,0.852054794520548,0.852054794520548,low,medium,low_hetero/medium_length
hotpotqa,5add26075542994ed6169c9c,40%,486,1217,7,173.85714285714286,34.778600035196405,0.20004124917532853,113.0,216.0,1.9115044247787611,0.11010682004930161,budget-top-k,knapsack-redundancy,0.96875,0.96875,0.0,0.0,0.0,0.0,0.5,0.5,0.0,1.0,1.0,0.0,424.0,424.0,0.8724279835390947,0.8724279835390947,low,medium,low_hetero/medium_length
hotpotqa,5add26075542994ed6169c9c,50%,608,1217,7,173.85714285714286,34.778600035196405,0.20004124917532853,113.0,216.0,1.9115044247787611,0.11010682004930161,budget-top-k,knapsack-redundancy,1.0,1.0,0.0,1.0,1.0,0.0,0.5,0.5,0.0,1.0,1.0,0.0,604.0,604.0,0.993421052631579,0.993421052631579,low,medium,low_hetero/medium_length
hotpotqa,5a901f735542990a98493591,30%,423,1413,10,141.3,51.59854649115612,0.3651701804045019,68.0,219.0,3.2205882352941178,0.20771408351026177,budget-top-k,knapsack-redundancy,0.8444444444444444,0.8444444444444444,0.0,0.0,0.0,0.0,0.0,0.0,0.0,1.0,1.0,0.0,368.0,409.0,0.8699763593380615,0.966903073286052,high,high,high_hetero/high_length
hotpotqa,5a901f735542990a98493591,40%,565,1413,10,141.3,51.59854649115612,0.3651701804045019,68.0,219.0,3.2205882352941178,0.20771408351026177,budget-top-k,knapsack-redundancy,0.8888888888888888,0.8666666666666667,-0.022222222222222143,0.0,0.0,0.0,0.0,0.0,0.0,1.0,1.0,0.0,555.0,563.0,0.9823008849557522,0.9964601769911504,high,high,high_hetero/high_length
hotpotqa,5a901f735542990a98493591,50%,706,1413,10,141.3,51.59854649115612,0.3651701804045019,68.0,219.0,3.2205882352941178,0.20771408351026177,budget-top-k,knapsack-redundancy,0.8888888888888888,0.8888888888888888,0.0,0.0,0.0,0.0,0.0,0.0,0.0,1.0,1.0,0.0,697.0,696.0,0.9872521246458924,0.9858356940509915,high,high,high_hetero/high_length
hotpotqa,5ab840e255429934fafe6d3b,30%,342,1141,7,163.0,25.213375135318273,0.15468328303876241,124.0,194.0,1.564516129032258,0.08639038437460878,budget-top-k,knapsack-redundancy,0.603448275862069,0.603448275862069,0.0,0.0,0.0,0.0,0.0,0.0,0.0,0.0,0.0,0.0,340.0,340.0,0.9941520467836257,0.9941520467836257,low,low,low_hetero/low_length
hotpotqa,5ab840e255429934fafe6d3b,40%,456,1141,7,163.0,25.213375135318273,0.15468328303876241,124.0,194.0,1.564516129032258,0.08639038437460878,budget-top-k,knapsack-redundancy,0.603448275862069,1.0,0.39655172413793105,0.0,1.0,1.0,0.0,0.5,0.5,0.0,1.0,1.0,340.0,450.0,0.7456140350877193,0.9868421052631579,low,low,low_hetero/low_length
hotpotqa,5ab840e255429934fafe6d3b,50%,570,1141,7,163.0,25.213375135318273,0.15468328303876241,124.0,194.0,1.564516129032258,0.08639038437460878,budget-top-k,knapsack-redundancy,1.0,1.0,0.0,1.0,1.0,0.0,0.5,0.5,0.0,1.0,1.0,0.0,464.0,464.0,0.8140350877192982,0.8140350877192982,low,low,low_hetero/low_length
hotpotqa,5ac3d4b6554299204fd21e93,30%,369,1233,9,137.0,51.58595846847387,0.3765398428355757,35.0,212.0,6.057142857142857,0.20455979093448673,budget-top-k,knapsack-redundancy,1.0,1.0,0.0,1.0,1.0,0.0,0.0,0.0,0.0,1.0,1.0,0.0,364.0,364.0,0.986449864498645,0.986449864498645,high,medium,high_hetero/medium_length
hotpotqa,5ac3d4b6554299204fd21e93,40%,493,1233,9,137.0,51.58595846847387,0.3765398428355757,35.0,212.0,6.057142857142857,0.20455979093448673,budget-top-k,knapsack-redundancy,1.0,1.0,0.0,1.0,1.0,0.0,0.0,0.0,0.0,1.0,1.0,0.0,476.0,476.0,0.9655172413793104,0.9655172413793104,high,medium,high_hetero/medium_length
hotpotqa,5ac3d4b6554299204fd21e93,50%,616,1233,9,137.0,51.58595846847387,0.3765398428355757,35.0,212.0,6.057142857142857,0.20455979093448673,budget-top-k,knapsack-redundancy,1.0,1.0,0.0,1.0,1.0,0.0,0.0,0.0,0.0,1.0,1.0,0.0,511.0,511.0,0.8295454545454546,0.8295454545454546,high,medium,high_hetero/medium_length
hotpotqa,5a73b2cb55429908901be31a,30%,344,1149,7,164.14285714285714,42.417747537115275,0.25841969778921403,89.0,220.0,2.4719101123595504,0.14198682083799574,budget-top-k,knapsack-redundancy,0.6590909090909091,0.6590909090909091,0.0,0.0,0.0,0.0,0.5,0.5,0.0,1.0,1.0,0.0,271.0,271.0,0.7877906976744186,0.7877906976744186,medium,low,medium_hetero/low_length
hotpotqa,5a73b2cb55429908901be31a,40%,459,1149,7,164.14285714285714,42.417747537115275,0.25841969778921403,89.0,220.0,2.4719101123595504,0.14198682083799574,budget-top-k,knapsack-redundancy,0.6590909090909091,0.6590909090909091,0.0,0.0,0.0,0.0,0.5,0.5,0.0,1.0,1.0,0.0,458.0,458.0,0.9978213507625272,0.9978213507625272,medium,low,medium_hetero/low_length
hotpotqa,5a73b2cb55429908901be31a,50%,574,1149,7,164.14285714285714,42.417747537115275,0.25841969778921403,89.0,220.0,2.4719101123595504,0.14198682083799574,budget-top-k,knapsack-redundancy,1.0,1.0,0.0,1.0,1.0,0.0,0.5,0.5,0.0,1.0,1.0,0.0,491.0,491.0,0.8554006968641115,0.8554006968641115,medium,low,medium_hetero/low_length
hotpotqa,5ac29cf8554299218029dac2,30%,429,1431,9,159.11111111111111,37.92520253939748,0.2383567198705149,72.0,217.0,3.013888888888889,0.1253879577901924,budget-top-k,knapsack-redundancy,0.7647058823529411,0.7647058823529411,0.0,0.0,0.0,0.0,0.5,0.0,-0.5,1.0,1.0,0.0,401.0,329.0,0.9347319347319347,0.7668997668997669,medium,high,medium_hetero/high_length
hotpotqa,5ac29cf8554299218029dac2,40%,572,1431,9,159.11111111111111,37.92520253939748,0.2383567198705149,72.0,217.0,3.013888888888889,0.1253879577901924,budget-top-k,knapsack-redundancy,0.7941176470588236,1.0,0.2058823529411764,0.0,1.0,1.0,0.0,0.5,0.5,1.0,1.0,0.0,510.0,480.0,0.8916083916083916,0.8391608391608392,medium,high,medium_hetero/high_length
hotpotqa,5ac29cf8554299218029dac2,50%,715,1431,9,159.11111111111111,37.92520253939748,0.2383567198705149,72.0,217.0,3.013888888888889,0.1253879577901924,budget-top-k,knapsack-redundancy,0.7941176470588236,1.0,0.2058823529411764,0.0,1.0,1.0,0.0,0.5,0.5,1.0,1.0,0.0,658.0,661.0,0.9202797202797203,0.9244755244755245,medium,high,medium_hetero/high_length
hotpotqa,5ae686535542996d980e7bdc,30%,392,1309,9,145.44444444444446,45.80419949478459,0.31492574136979473,73.0,212.0,2.904109589041096,0.17859264918088447,budget-top-k,knapsack-redundancy,1.0,1.0,0.0,1.0,1.0,0.0,0.5,0.5,0.0,1.0,1.0,0.0,370.0,370.0,0.9438775510204082,0.9438775510204082,high,medium,high_hetero/medium_length
hotpotqa,5ae686535542996d980e7bdc,40%,523,1309,9,145.44444444444446,45.80419949478459,0.31492574136979473,73.0,212.0,2.904109589041096,0.17859264918088447,budget-top-k,knapsack-redundancy,1.0,1.0,0.0,1.0,1.0,0.0,0.5,0.5,0.0,1.0,1.0,0.0,443.0,443.0,0.847036328871893,0.847036328871893,high,medium,high_hetero/medium_length
hotpotqa,5ae686535542996d980e7bdc,50%,654,1309,9,145.44444444444446,45.80419949478459,0.31492574136979473,73.0,212.0,2.904109589041096,0.17859264918088447,budget-top-k,knapsack-redundancy,1.0,1.0,0.0,1.0,1.0,0.0,0.5,0.5,0.0,1.0,1.0,0.0,619.0,640.0,0.9464831804281345,0.9785932721712538,high,medium,high_hetero/medium_length
hotpotqa,5a8aa1685542992d82986f32,30%,541,1806,13,138.92307692307693,37.90567552077644,0.27285369976195667,74.0,217.0,2.9324324324324325,0.15231280347559428,budget-top-k,knapsack-redundancy,1.0,1.0,0.0,1.0,1.0,0.0,1.0,1.0,0.0,1.0,1.0,0.0,479.0,539.0,0.8853974121996303,0.9963031423290203,medium,high,medium_hetero/high_length
hotpotqa,5a8aa1685542992d82986f32,40%,722,1806,13,138.92307692307693,37.90567552077644,0.27285369976195667,74.0,217.0,2.9324324324324325,0.15231280347559428,budget-top-k,knapsack-redundancy,1.0,1.0,0.0,1.0,1.0,0.0,1.0,1.0,0.0,1.0,1.0,0.0,652.0,719.0,0.9030470914127424,0.9958448753462604,medium,high,medium_hetero/high_length
hotpotqa,5a8aa1685542992d82986f32,50%,903,1806,13,138.92307692307693,37.90567552077644,0.27285369976195667,74.0,217.0,2.9324324324324325,0.15231280347559428,budget-top-k,knapsack-redundancy,1.0,1.0,0.0,1.0,1.0,0.0,1.0,1.0,0.0,1.0,1.0,0.0,822.0,892.0,0.9102990033222591,0.9878183831672204,medium,high,medium_hetero/high_length
hotpotqa,5a7d7deb5542995f4f402282,30%,408,1362,11,123.81818181818181,40.66228581380178,0.328403189391938,71.0,190.0,2.676056338028169,0.18115071419036188,budget-top-k,knapsack-redundancy,0.9444444444444444,0.8888888888888888,-0.05555555555555558,0.0,0.0,0.0,0.5,0.5,0.0,1.0,1.0,0.0,398.0,398.0,0.9754901960784313,0.9754901960784313,high,medium,high_hetero/medium_length
hotpotqa,5a7d7deb5542995f4f402282,40%,544,1362,11,123.81818181818181,40.66228581380178,0.328403189391938,71.0,190.0,2.676056338028169,0.18115071419036188,budget-top-k,knapsack-redundancy,1.0,1.0,0.0,1.0,1.0,0.0,1.0,1.0,0.0,1.0,1.0,0.0,496.0,496.0,0.9117647058823529,0.9117647058823529,high,medium,high_hetero/medium_length
hotpotqa,5a7d7deb5542995f4f402282,50%,681,1362,11,123.81818181818181,40.66228581380178,0.328403189391938,71.0,190.0,2.676056338028169,0.18115071419036188,budget-top-k,knapsack-redundancy,1.0,1.0,0.0,1.0,1.0,0.0,1.0,1.0,0.0,1.0,1.0,0.0,647.0,647.0,0.9500734214390602,0.9500734214390602,high,medium,high_hetero/medium_length
hotpotqa,5a8c622a554299240d9c2142,30%,339,1133,7,161.85714285714286,43.855048809942616,0.27094911003495,69.0,211.0,3.0579710144927534,0.1412180052956753,budget-top-k,knapsack-redundancy,0.7941176470588236,0.40980392156862744,-0.38431372549019616,0.0,0.0,0.0,0.0,0.0,0.0,0.6666666666666666,0.0,-0.6666666666666666,262.0,314.0,0.7728613569321534,0.9262536873156342,medium,low,medium_hetero/low_length
hotpotqa,5a8c622a554299240d9c2142,40%,453,1133,7,161.85714285714286,43.855048809942616,0.27094911003495,69.0,211.0,3.0579710144927534,0.1412180052956753,budget-top-k,knapsack-redundancy,0.8529411764705883,0.8529411764705883,0.0,0.0,0.0,0.0,0.0,0.0,0.0,0.6666666666666666,0.6666666666666666,0.0,417.0,417.0,0.9205298013245033,0.9205298013245033,medium,low,medium_hetero/low_length
hotpotqa,5a8c622a554299240d9c2142,50%,566,1133,7,161.85714285714286,43.855048809942616,0.27094911003495,69.0,211.0,3.0579710144927534,0.1412180052956753,budget-top-k,knapsack-redundancy,0.8529411764705883,0.8529411764705883,0.0,0.0,0.0,0.0,0.0,0.0,0.0,0.6666666666666666,0.6666666666666666,0.0,507.0,507.0,0.8957597173144877,0.8957597173144877,medium,low,medium_hetero/low_length
hotpotqa,5a7b81715542997c3ec971d4,30%,306,1020,6,170.0,24.145392935299274,0.14203172314881926,133.0,202.0,1.518796992481203,0.08039215686274503,budget-top-k,knapsack-redundancy,0.43229166666666663,0.43229166666666663,0.0,0.0,0.0,0.0,0.0,0.0,0.0,0.5,0.5,0.0,182.0,182.0,0.5947712418300654,0.5947712418300654,low,low,low_hetero/low_length
hotpotqa,5a7b81715542997c3ec971d4,40%,408,1020,6,170.0,24.145392935299274,0.14203172314881926,133.0,202.0,1.518796992481203,0.08039215686274503,budget-top-k,knapsack-redundancy,0.8055555555555556,0.8055555555555556,0.0,0.0,0.0,0.0,0.0,0.0,0.0,1.0,1.0,0.0,346.0,346.0,0.8480392156862745,0.8480392156862745,low,low,low_hetero/low_length
hotpotqa,5a7b81715542997c3ec971d4,50%,510,1020,6,170.0,24.145392935299274,0.14203172314881926,133.0,202.0,1.518796992481203,0.08039215686274503,budget-top-k,knapsack-redundancy,0.8194444444444444,0.8194444444444444,0.0,0.0,0.0,0.0,0.0,0.0,0.0,1.0,1.0,0.0,479.0,479.0,0.9392156862745098,0.9392156862745098,low,low,low_hetero/low_length
hotpotqa,5ae0c29c5542993d6555ec46,30%,488,1628,11,147.9090909090909,28.852145171403382,0.1950667467027887,101.0,202.0,2.0,0.10940381069452987,budget-top-k,knapsack-redundancy,1.0,0.9393939393939394,-0.06060606060606055,1.0,0.0,-1.0,0.0,0.0,0.0,1.0,0.6666666666666666,-0.33333333333333337,469.0,447.0,0.9610655737704918,0.9159836065573771,low,high,low_hetero/high_length
hotpotqa,5ae0c29c5542993d6555ec46,40%,651,1628,11,147.9090909090909,28.852145171403382,0.1950667467027887,101.0,202.0,2.0,0.10940381069452987,budget-top-k,knapsack-redundancy,1.0,1.0,0.0,1.0,1.0,0.0,0.0,0.0,0.0,1.0,1.0,0.0,613.0,613.0,0.9416282642089093,0.9416282642089093,low,high,low_hetero/high_length
hotpotqa,5ae0c29c5542993d6555ec46,50%,814,1628,11,147.9090909090909,28.852145171403382,0.1950667467027887,101.0,202.0,2.0,0.10940381069452987,budget-top-k,knapsack-redundancy,1.0,1.0,0.0,1.0,1.0,0.0,0.0,0.0,0.0,1.0,1.0,0.0,769.0,769.0,0.9447174447174447,0.9447174447174447,low,high,low_hetero/high_length
hotpotqa,5a7c290c5542990527d55468,30%,420,1403,9,155.88888888888889,44.49830070274705,0.285448828456681,50.0,210.0,4.2,0.14888730498138902,budget-top-k,knapsack-redundancy,1.0,1.0,0.0,1.0,1.0,0.0,0.0,0.0,0.0,1.0,1.0,0.0,394.0,394.0,0.9380952380952381,0.9380952380952381,medium,medium,medium_hetero/medium_length
hotpotqa,5a7c290c5542990527d55468,40%,561,1403,9,155.88888888888889,44.49830070274705,0.285448828456681,50.0,210.0,4.2,0.14888730498138902,budget-top-k,knapsack-redundancy,1.0,1.0,0.0,1.0,1.0,0.0,0.0,0.0,0.0,1.0,1.0,0.0,520.0,520.0,0.9269162210338681,0.9269162210338681,medium,medium,medium_hetero/medium_length
hotpotqa,5a7c290c5542990527d55468,50%,701,1403,9,155.88888888888889,44.49830070274705,0.285448828456681,50.0,210.0,4.2,0.14888730498138902,budget-top-k,knapsack-redundancy,1.0,1.0,0.0,1.0,1.0,0.0,0.0,0.0,0.0,1.0,1.0,0.0,678.0,678.0,0.9671897289586305,0.9671897289586305,medium,medium,medium_hetero/medium_length
hotpotqa,5a876f785542993e715abf42,30%,682,2275,17,133.8235294117647,49.03808279300732,0.36643842087082396,10.0,208.0,20.8,0.17975436328377503,budget-top-k,knapsack-redundancy,1.0,1.0,0.0,1.0,1.0,0.0,0.0,0.0,0.0,1.0,1.0,0.0,656.0,656.0,0.9618768328445748,0.9618768328445748,high,high,high_hetero/high_length
hotpotqa,5a876f785542993e715abf42,40%,910,2275,17,133.8235294117647,49.03808279300732,0.36643842087082396,10.0,208.0,20.8,0.17975436328377503,budget-top-k,knapsack-redundancy,1.0,1.0,0.0,1.0,1.0,0.0,0.0,0.0,0.0,1.0,1.0,0.0,908.0,908.0,0.9978021978021978,0.9978021978021978,high,high,high_hetero/high_length
hotpotqa,5a876f785542993e715abf42,50%,1137,2275,17,133.8235294117647,49.03808279300732,0.36643842087082396,10.0,208.0,20.8,0.17975436328377503,budget-top-k,knapsack-redundancy,1.0,1.0,0.0,1.0,1.0,0.0,0.0,0.0,0.0,1.0,1.0,0.0,1093.0,1093.0,0.961301671064204,0.961301671064204,high,high,high_hetero/high_length
hotpotqa,5ae1e6d95542997283cd22c3,30%,295,986,5,197.2,7.909487973314075,0.040108965381917216,182.0,205.0,1.1263736263736264,0.01947261663286004,budget-top-k,knapsack-redundancy,0.6363636363636364,0.6363636363636364,0.0,0.0,0.0,0.0,0.0,0.0,0.0,1.0,1.0,0.0,205.0,205.0,0.6949152542372882,0.6949152542372882,low,low,low_hetero/low_length
hotpotqa,5ae1e6d95542997283cd22c3,40%,394,986,5,197.2,7.909487973314075,0.040108965381917216,182.0,205.0,1.1263736263736264,0.01947261663286004,budget-top-k,knapsack-redundancy,0.7272727272727273,0.7272727272727273,0.0,0.0,0.0,0.0,0.0,0.0,0.0,1.0,1.0,0.0,387.0,387.0,0.9822335025380711,0.9822335025380711,low,low,low_hetero/low_length
hotpotqa,5ae1e6d95542997283cd22c3,50%,493,986,5,197.2,7.909487973314075,0.040108965381917216,182.0,205.0,1.1263736263736264,0.01947261663286004,budget-top-k,knapsack-redundancy,0.7272727272727273,0.7272727272727273,0.0,0.0,0.0,0.0,0.0,0.0,0.0,1.0,1.0,0.0,387.0,387.0,0.7849898580121704,0.7849898580121704,low,low,low_hetero/low_length
hotpotqa,5ae10df355429920d52342ac,30%,390,1300,8,162.5,30.298514815086232,0.18645239886206913,88.0,187.0,2.125,0.0840384615384615,budget-top-k,knapsack-redundancy,0.6333333333333333,0.6333333333333333,0.0,0.0,0.0,0.0,0.5,0.5,0.0,0.0,0.0,0.0,357.0,357.0,0.9153846153846154,0.9153846153846154,low,medium,low_hetero/medium_length
hotpotqa,5ae10df355429920d52342ac,40%,520,1300,8,162.5,30.298514815086232,0.18645239886206913,88.0,187.0,2.125,0.0840384615384615,budget-top-k,knapsack-redundancy,0.6666666666666666,0.6666666666666666,0.0,0.0,0.0,0.0,0.5,0.5,0.0,0.0,0.0,0.0,445.0,445.0,0.8557692307692307,0.8557692307692307,low,medium,low_hetero/medium_length
hotpotqa,5ae10df355429920d52342ac,50%,650,1300,8,162.5,30.298514815086232,0.18645239886206913,88.0,187.0,2.125,0.0840384615384615,budget-top-k,knapsack-redundancy,0.6666666666666666,0.6666666666666666,0.0,0.0,0.0,0.0,0.5,0.5,0.0,0.0,0.0,0.0,619.0,619.0,0.9523076923076923,0.9523076923076923,low,medium,low_hetero/medium_length
hotpotqa,5ae4d8475542993aec5ec0e0,30%,518,1727,12,144.0,28.37839553839035,0.1970721912388219,96.0,198.0,2.0625,0.109375,budget-top-k,knapsack-redundancy,0.5928571428571429,0.5928571428571429,0.0,0.0,0.0,0.0,0.0,0.0,0.0,1.0,1.0,0.0,461.0,461.0,0.88996138996139,0.88996138996139,low,high,low_hetero/high_length
hotpotqa,5ae4d8475542993aec5ec0e0,40%,690,1727,12,144.0,28.37839553839035,0.1970721912388219,96.0,198.0,2.0625,0.109375,budget-top-k,knapsack-redundancy,0.6095238095238095,0.5928571428571429,-0.016666666666666607,0.0,0.0,0.0,0.0,0.0,0.0,1.0,1.0,0.0,651.0,682.0,0.9434782608695652,0.9884057971014493,low,high,low_hetero/high_length
hotpotqa,5ae4d8475542993aec5ec0e0,50%,863,1727,12,144.0,28.37839553839035,0.1970721912388219,96.0,198.0,2.0625,0.109375,budget-top-k,knapsack-redundancy,0.6095238095238095,0.6095238095238095,0.0,0.0,0.0,0.0,0.0,0.0,0.0,1.0,1.0,0.0,776.0,855.0,0.899188876013905,0.9907300115874855,low,high,low_hetero/high_length
hotpotqa,5ab94cf0554299743d22eade,30%,513,1711,13,131.6153846153846,41.00945193402362,0.3115855494694957,34.0,180.0,5.294117647058823,0.16337724227846961,budget-top-k,knapsack-redundancy,0.6973684210526316,0.6578947368421053,-0.03947368421052633,0.0,0.0,0.0,0.5,0.5,0.0,0.0,0.0,0.0,503.0,499.0,0.9805068226120858,0.9727095516569201,high,high,high_hetero/high_length
hotpotqa,5ab94cf0554299743d22eade,40%,684,1711,13,131.6153846153846,41.00945193402362,0.3115855494694957,34.0,180.0,5.294117647058823,0.16337724227846961,budget-top-k,knapsack-redundancy,0.7105263157894737,0.7105263157894737,0.0,0.0,0.0,0.0,0.5,0.5,0.0,0.0,0.0,0.0,660.0,660.0,0.9649122807017544,0.9649122807017544,high,high,high_hetero/high_length
hotpotqa,5ab94cf0554299743d22eade,50%,855,1711,13,131.6153846153846,41.00945193402362,0.3115855494694957,34.0,180.0,5.294117647058823,0.16337724227846961,budget-top-k,knapsack-redundancy,0.7236842105263158,0.7236842105263158,0.0,0.0,0.0,0.0,0.5,0.5,0.0,0.0,0.0,0.0,855.0,855.0,1.0,1.0,high,high,high_hetero/high_length
hotpotqa,5ae479745542996836b02cb1,30%,340,1134,7,162.0,36.87817782917155,0.22764307301957745,90.0,206.0,2.2888888888888888,0.12421264802217191,budget-top-k,knapsack-redundancy,0.7741935483870969,0.7741935483870969,0.0,0.0,0.0,0.0,0.0,0.0,0.0,1.0,1.0,0.0,296.0,296.0,0.8705882352941177,0.8705882352941177,low,low,low_hetero/low_length
hotpotqa,5ae479745542996836b02cb1,40%,453,1134,7,162.0,36.87817782917155,0.22764307301957745,90.0,206.0,2.2888888888888888,0.12421264802217191,budget-top-k,knapsack-redundancy,0.7741935483870969,0.7849462365591399,0.010752688172043001,0.0,0.0,0.0,0.0,0.0,0.0,1.0,1.0,0.0,383.0,444.0,0.8454746136865342,0.9801324503311258,low,low,low_hetero/low_length
hotpotqa,5ae479745542996836b02cb1,50%,567,1134,7,162.0,36.87817782917155,0.22764307301957745,90.0,206.0,2.2888888888888888,0.12421264802217191,budget-top-k,knapsack-redundancy,0.7849462365591399,0.7849462365591399,0.0,0.0,0.0,0.0,0.0,0.0,0.0,1.0,1.0,0.0,473.0,473.0,0.8342151675485009,0.8342151675485009,low,low,low_hetero/low_length
hotpotqa,5a852cd05542997b5ce3ffb0,30%,380,1267,8,158.375,40.407107976196464,0.2551356462585412,78.0,215.0,2.7564102564102564,0.1396014206787688,budget-top-k,knapsack-redundancy,0.85,0.85,0.0,0.0,0.0,0.0,0.0,0.0,0.0,0.5,0.5,0.0,357.0,357.0,0.9394736842105263,0.9394736842105263,medium,medium,medium_hetero/medium_length
hotpotqa,5a852cd05542997b5ce3ffb0,40%,506,1267,8,158.375,40.407107976196464,0.2551356462585412,78.0,215.0,2.7564102564102564,0.1396014206787688,budget-top-k,knapsack-redundancy,0.85,0.85,0.0,0.0,0.0,0.0,0.0,0.0,0.0,0.5,0.5,0.0,495.0,495.0,0.9782608695652174,0.9782608695652174,medium,medium,medium_hetero/medium_length
hotpotqa,5a852cd05542997b5ce3ffb0,50%,633,1267,8,158.375,40.407107976196464,0.2551356462585412,78.0,215.0,2.7564102564102564,0.1396014206787688,budget-top-k,knapsack-redundancy,1.0,1.0,0.0,1.0,1.0,0.0,0.5,0.5,0.0,1.0,1.0,0.0,591.0,586.0,0.933649289099526,0.9257503949447078,medium,medium,medium_hetero/medium_length
hotpotqa,5a8babf05542996e8ac8899e,30%,515,1717,13,132.07692307692307,42.2819502105741,0.3201312479542594,45.0,179.0,3.977777777777778,0.17131848931499483,budget-top-k,knapsack-redundancy,0.2644688644688645,0.8205128205128206,0.5560439560439561,0.0,0.0,0.0,0.5,0.5,0.0,0.0,1.0,1.0,504.0,465.0,0.9786407766990292,0.9029126213592233,high,high,high_hetero/high_length
hotpotqa,5a8babf05542996e8ac8899e,40%,686,1717,13,132.07692307692307,42.2819502105741,0.3201312479542594,45.0,179.0,3.977777777777778,0.17131848931499483,budget-top-k,knapsack-redundancy,0.5619047619047618,1.0,0.4380952380952382,0.0,1.0,1.0,0.5,1.0,0.5,0.0,1.0,1.0,657.0,683.0,0.9577259475218659,0.9956268221574344,high,high,high_hetero/high_length
hotpotqa,5a8babf05542996e8ac8899e,50%,858,1717,13,132.07692307692307,42.2819502105741,0.3201312479542594,45.0,179.0,3.977777777777778,0.17131848931499483,budget-top-k,knapsack-redundancy,0.5619047619047618,1.0,0.4380952380952382,0.0,1.0,1.0,0.5,1.0,0.5,0.0,1.0,1.0,836.0,856.0,0.9743589743589743,0.9976689976689976,high,high,high_hetero/high_length
hotpotqa,5a82fcbd55429954d2e2ebe8,30%,343,1144,8,143.0,52.98584716695582,0.3705303997689218,41.0,214.0,5.219512195121951,0.20432692307692313,budget-top-k,knapsack-redundancy,1.0,1.0,0.0,1.0,1.0,0.0,0.0,0.0,0.0,1.0,1.0,0.0,340.0,340.0,0.9912536443148688,0.9912536443148688,high,low,high_hetero/low_length
hotpotqa,5a82fcbd55429954d2e2ebe8,40%,457,1144,8,143.0,52.98584716695582,0.3705303997689218,41.0,214.0,5.219512195121951,0.20432692307692313,budget-top-k,knapsack-redundancy,1.0,1.0,0.0,1.0,1.0,0.0,0.0,0.0,0.0,1.0,1.0,0.0,422.0,449.0,0.9234135667396062,0.9824945295404814,high,low,high_hetero/low_length
hotpotqa,5a82fcbd55429954d2e2ebe8,50%,572,1144,8,143.0,52.98584716695582,0.3705303997689218,41.0,214.0,5.219512195121951,0.20432692307692313,budget-top-k,knapsack-redundancy,1.0,1.0,0.0,1.0,1.0,0.0,0.0,0.0,0.0,1.0,1.0,0.0,507.0,507.0,0.8863636363636364,0.8863636363636364,high,low,high_hetero/low_length
hotpotqa,5a77c60255429967ab105285,30%,366,1223,9,135.88888888888889,42.019689682191306,0.309220937971972,62.0,216.0,3.4838709677419355,0.16789315889888257,budget-top-k,knapsack-redundancy,1.0,1.0,0.0,1.0,1.0,0.0,0.0,0.0,0.0,1.0,1.0,0.0,340.0,340.0,0.9289617486338798,0.9289617486338798,high,medium,high_hetero/medium_length
hotpotqa,5a77c60255429967ab105285,40%,489,1223,9,135.88888888888889,42.019689682191306,0.309220937971972,62.0,216.0,3.4838709677419355,0.16789315889888257,budget-top-k,knapsack-redundancy,1.0,1.0,0.0,1.0,1.0,0.0,0.0,0.0,0.0,1.0,1.0,0.0,461.0,461.0,0.9427402862985685,0.9427402862985685,high,medium,high_hetero/medium_length
hotpotqa,5a77c60255429967ab105285,50%,611,1223,9,135.88888888888889,42.019689682191306,0.309220937971972,62.0,216.0,3.4838709677419355,0.16789315889888257,budget-top-k,knapsack-redundancy,1.0,1.0,0.0,1.0,1.0,0.0,0.0,0.0,0.0,1.0,1.0,0.0,563.0,573.0,0.9214402618657938,0.9378068739770867,high,medium,high_hetero/medium_length
hotpotqa,5adf39ce5542995534e8c76d,30%,462,1540,10,154.0,34.038213819176825,0.22102736246218718,94.0,195.0,2.074468085106383,0.12129870129870124,budget-top-k,knapsack-redundancy,0.7083333333333334,0.7083333333333334,0.0,0.0,0.0,0.0,0.5,0.5,0.0,0.5,0.5,0.0,458.0,458.0,0.9913419913419913,0.9913419913419913,low,high,low_hetero/high_length
hotpotqa,5adf39ce5542995534e8c76d,40%,616,1540,10,154.0,34.038213819176825,0.22102736246218718,94.0,195.0,2.074468085106383,0.12129870129870124,budget-top-k,knapsack-redundancy,0.7083333333333334,0.7083333333333334,0.0,0.0,0.0,0.0,0.5,0.5,0.0,0.5,0.5,0.0,615.0,615.0,0.9983766233766234,0.9983766233766234,low,high,low_hetero/high_length
hotpotqa,5adf39ce5542995534e8c76d,50%,770,1540,10,154.0,34.038213819176825,0.22102736246218718,94.0,195.0,2.074468085106383,0.12129870129870124,budget-top-k,knapsack-redundancy,0.7083333333333334,1.0,0.29166666666666663,0.0,1.0,1.0,0.5,0.5,0.0,0.5,1.0,0.5,709.0,754.0,0.9207792207792208,0.9792207792207792,low,high,low_hetero/high_length
hotpotqa,5ae694a15542991bbc976141,30%,285,950,6,158.33333333333334,48.79093722768149,0.3081532877537778,67.0,209.0,3.1194029850746268,0.16666666666666652,budget-top-k,knapsack-redundancy,0.19230769230769232,0.19230769230769232,0.0,0.0,0.0,0.0,0.0,0.0,0.0,0.0,0.0,0.0,198.0,198.0,0.6947368421052632,0.6947368421052632,high,low,high_hetero/low_length
hotpotqa,5ae694a15542991bbc976141,40%,380,950,6,158.33333333333334,48.79093722768149,0.3081532877537778,67.0,209.0,3.1194029850746268,0.16666666666666652,budget-top-k,knapsack-redundancy,0.23076923076923078,0.2692307692307693,0.03846153846153849,0.0,0.0,0.0,0.0,0.0,0.0,0.0,0.0,0.0,340.0,360.0,0.8947368421052632,0.9473684210526315,high,low,high_hetero/low_length
hotpotqa,5ae694a15542991bbc976141,50%,475,950,6,158.33333333333334,48.79093722768149,0.3081532877537778,67.0,209.0,3.1194029850746268,0.16666666666666652,budget-top-k,knapsack-redundancy,0.23076923076923078,0.23076923076923078,0.0,0.0,0.0,0.0,0.0,0.0,0.0,0.0,0.0,0.0,407.0,407.0,0.8568421052631578,0.8568421052631578,high,low,high_hetero/low_length
hotpotqa,5ae13bca55429901ffe4ae17,30%,364,1215,9,135.0,48.72599123899094,0.36093326843696993,60.0,205.0,3.4166666666666665,0.20301783264746232,budget-top-k,knapsack-redundancy,0.6842105263157895,0.7105263157894737,0.02631578947368418,0.0,0.0,0.0,0.5,0.5,0.0,1.0,1.0,0.0,340.0,362.0,0.9340659340659341,0.9945054945054945,high,medium,high_hetero/medium_length
hotpotqa,5ae13bca55429901ffe4ae17,40%,486,1215,9,135.0,48.72599123899094,0.36093326843696993,60.0,205.0,3.4166666666666665,0.20301783264746232,budget-top-k,knapsack-redundancy,0.7105263157894737,0.7105263157894737,0.0,0.0,0.0,0.0,0.5,0.5,0.0,1.0,1.0,0.0,464.0,464.0,0.9547325102880658,0.9547325102880658,high,medium,high_hetero/medium_length
hotpotqa,5ae13bca55429901ffe4ae17,50%,607,1215,9,135.0,48.72599123899094,0.36093326843696993,60.0,205.0,3.4166666666666665,0.20301783264746232,budget-top-k,knapsack-redundancy,0.7368421052631579,0.7105263157894737,-0.02631578947368418,0.0,0.0,0.0,0.5,0.5,0.0,1.0,1.0,0.0,582.0,604.0,0.9588138385502472,0.9950576606260296,high,medium,high_hetero/medium_length
hotpotqa,5a8a265b5542992d82986ecc,30%,273,912,7,130.28571428571428,58.52646357653528,0.44921627745147696,25.0,204.0,8.16,0.2478070175438598,budget-top-k,knapsack-redundancy,1.0,1.0,0.0,1.0,1.0,0.0,0.5,0.5,0.0,1.0,1.0,0.0,229.0,229.0,0.8388278388278388,0.8388278388278388,high,low,high_hetero/low_length
hotpotqa,5a8a265b5542992d82986ecc,40%,364,912,7,130.28571428571428,58.52646357653528,0.44921627745147696,25.0,204.0,8.16,0.2478070175438598,budget-top-k,knapsack-redundancy,1.0,1.0,0.0,1.0,1.0,0.0,0.5,0.5,0.0,1.0,1.0,0.0,337.0,337.0,0.9258241758241759,0.9258241758241759,high,low,high_hetero/low_length
hotpotqa,5a8a265b5542992d82986ecc,50%,456,912,7,130.28571428571428,58.52646357653528,0.44921627745147696,25.0,204.0,8.16,0.2478070175438598,budget-top-k,knapsack-redundancy,1.0,1.0,0.0,1.0,1.0,0.0,0.5,0.5,0.0,1.0,1.0,0.0,387.0,387.0,0.8486842105263158,0.8486842105263158,high,low,high_hetero/low_length
hotpotqa,5a77121a5542994aec3b71db,30%,435,1452,10,145.2,42.0899037775094,0.28987537036852207,80.0,212.0,2.65,0.16515151515151505,budget-top-k,knapsack-redundancy,0.7083333333333334,0.6666666666666666,-0.04166666666666674,0.0,0.0,0.0,0.0,0.0,0.0,1.0,1.0,0.0,372.0,405.0,0.8551724137931035,0.9310344827586207,medium,high,medium_hetero/high_length
hotpotqa,5a77121a5542994aec3b71db,40%,580,1452,10,145.2,42.0899037775094,0.28987537036852207,80.0,212.0,2.65,0.16515151515151505,budget-top-k,knapsack-redundancy,0.7083333333333334,1.0,0.29166666666666663,0.0,1.0,1.0,0.0,0.5,0.5,1.0,1.0,0.0,570.0,576.0,0.9827586206896551,0.993103448275862,medium,high,medium_hetero/high_length
hotpotqa,5a77121a5542994aec3b71db,50%,726,1452,10,145.2,42.0899037775094,0.28987537036852207,80.0,212.0,2.65,0.16515151515151505,budget-top-k,knapsack-redundancy,1.0,1.0,0.0,1.0,1.0,0.0,0.5,0.5,0.0,1.0,1.0,0.0,689.0,689.0,0.9490358126721763,0.9490358126721763,medium,high,medium_hetero/high_length
hotpotqa,5ae6911955429908198fa626,30%,395,1319,9,146.55555555555554,44.80602913574891,0.30572726476250206,61.0,211.0,3.459016393442623,0.16814084744334923,budget-top-k,knapsack-redundancy,1.0,1.0,0.0,1.0,1.0,0.0,0.5,0.5,0.0,1.0,1.0,0.0,358.0,358.0,0.9063291139240506,0.9063291139240506,high,medium,high_hetero/medium_length
hotpotqa,5ae6911955429908198fa626,40%,527,1319,9,146.55555555555554,44.80602913574891,0.30572726476250206,61.0,211.0,3.459016393442623,0.16814084744334923,budget-top-k,knapsack-redundancy,1.0,1.0,0.0,1.0,1.0,0.0,0.5,0.5,0.0,1.0,1.0,0.0,497.0,497.0,0.9430740037950665,0.9430740037950665,high,medium,high_hetero/medium_length
hotpotqa,5ae6911955429908198fa626,50%,659,1319,9,146.55555555555554,44.80602913574891,0.30572726476250206,61.0,211.0,3.459016393442623,0.16814084744334923,budget-top-k,knapsack-redundancy,1.0,1.0,0.0,1.0,1.0,0.0,0.5,0.5,0.0,1.0,1.0,0.0,638.0,638.0,0.9681335356600911,0.9681335356600911,high,medium,high_hetero/medium_length
hotpotqa,5ae53de455429908b6326599,30%,540,1802,12,150.16666666666666,48.721715441428735,0.32445093523703933,38.0,194.0,5.105263157894737,0.1687939326674066,budget-top-k,knapsack-redundancy,0.95,1.0,0.050000000000000044,0.0,1.0,1.0,0.5,0.5,0.0,0.5,1.0,0.5,536.0,528.0,0.9925925925925926,0.9777777777777777,high,high,high_hetero/high_length
hotpotqa,5ae53de455429908b6326599,40%,720,1802,12,150.16666666666666,48.721715441428735,0.32445093523703933,38.0,194.0,5.105263157894737,0.1687939326674066,budget-top-k,knapsack-redundancy,1.0,1.0,0.0,1.0,1.0,0.0,0.5,0.5,0.0,1.0,1.0,0.0,720.0,720.0,1.0,1.0,high,high,high_hetero/high_length
hotpotqa,5ae53de455429908b6326599,50%,901,1802,12,150.16666666666666,48.721715441428735,0.32445093523703933,38.0,194.0,5.105263157894737,0.1687939326674066,budget-top-k,knapsack-redundancy,1.0,1.0,0.0,1.0,1.0,0.0,0.5,0.5,0.0,1.0,1.0,0.0,892.0,892.0,0.9900110987791343,0.9900110987791343,high,high,high_hetero/high_length
hotpotqa,5a813b6f55429903bc27b951,30%,482,1607,12,134.0,37.3496987939662,0.2787290954773597,77.0,198.0,2.5714285714285716,0.15868573797678276,budget-top-k,knapsack-redundancy,0.7272727272727273,1.0,0.2727272727272727,0.0,1.0,1.0,0.0,0.5,0.5,1.0,1.0,0.0,454.0,479.0,0.941908713692946,0.9937759336099585,medium,high,medium_hetero/high_length
hotpotqa,5a813b6f55429903bc27b951,40%,642,1607,12,134.0,37.3496987939662,0.2787290954773597,77.0,198.0,2.5714285714285716,0.15868573797678276,budget-top-k,knapsack-redundancy,1.0,1.0,0.0,1.0,1.0,0.0,0.5,0.5,0.0,1.0,1.0,0.0,638.0,608.0,0.9937694704049844,0.9470404984423676,medium,high,medium_hetero/high_length
hotpotqa,5a813b6f55429903bc27b951,50%,803,1607,12,134.0,37.3496987939662,0.2787290954773597,77.0,198.0,2.5714285714285716,0.15868573797678276,budget-top-k,knapsack-redundancy,1.0,1.0,0.0,1.0,1.0,0.0,0.5,0.5,0.0,1.0,1.0,0.0,759.0,795.0,0.9452054794520548,0.9900373599003736,medium,high,medium_hetero/high_length
hotpotqa,5a84b4005542991dd0999d99,30%,339,1133,9,125.88888888888889,33.46123609473587,0.26579975715147647,67.0,175.0,2.611940298507463,0.14827890556045897,budget-top-k,knapsack-redundancy,0.9696969696969697,0.9696969696969697,0.0,0.0,0.0,0.0,0.0,0.0,0.0,1.0,1.0,0.0,289.0,289.0,0.8525073746312685,0.8525073746312685,medium,low,medium_hetero/low_length
hotpotqa,5a84b4005542991dd0999d99,40%,453,1133,9,125.88888888888889,33.46123609473587,0.26579975715147647,67.0,175.0,2.611940298507463,0.14827890556045897,budget-top-k,knapsack-redundancy,0.9696969696969697,0.9696969696969697,0.0,0.0,0.0,0.0,0.0,0.0,0.0,1.0,1.0,0.0,444.0,449.0,0.9801324503311258,0.9911699779249448,medium,low,medium_hetero/low_length
hotpotqa,5a84b4005542991dd0999d99,50%,566,1133,9,125.88888888888889,33.46123609473587,0.26579975715147647,67.0,175.0,2.611940298507463,0.14827890556045897,budget-top-k,knapsack-redundancy,0.9696969696969697,0.9696969696969697,0.0,0.0,0.0,0.0,0.0,0.0,0.0,1.0,1.0,0.0,526.0,526.0,0.9293286219081273,0.9293286219081273,medium,low,medium_hetero/low_length
hotpotqa,5a8cca64554299653c1aa125,30%,377,1258,10,125.8,53.695064950142296,0.42682881518396104,53.0,191.0,3.6037735849056602,0.23831478537360873,budget-top-k,knapsack-redundancy,0.3622994652406417,0.3783422459893048,0.01604278074866311,0.0,0.0,0.0,0.0,0.5,0.5,1.0,1.0,0.0,329.0,358.0,0.8726790450928382,0.9496021220159151,high,medium,high_hetero/medium_length
hotpotqa,5a8cca64554299653c1aa125,40%,503,1258,10,125.8,53.695064950142296,0.42682881518396104,53.0,191.0,3.6037735849056602,0.23831478537360873,budget-top-k,knapsack-redundancy,0.9117647058823529,0.9117647058823529,0.0,0.0,0.0,0.0,0.5,0.5,0.0,1.0,1.0,0.0,487.0,487.0,0.9681908548707754,0.9681908548707754,high,medium,high_hetero/medium_length
hotpotqa,5a8cca64554299653c1aa125,50%,629,1258,10,125.8,53.695064950142296,0.42682881518396104,53.0,191.0,3.6037735849056602,0.23831478537360873,budget-top-k,knapsack-redundancy,1.0,1.0,0.0,1.0,1.0,0.0,1.0,1.0,0.0,1.0,1.0,0.0,614.0,614.0,0.9761526232114467,0.9761526232114467,high,medium,high_hetero/medium_length
hotpotqa,5ab8ed305542991b5579f046,30%,186,622,4,155.5,10.012492197250394,0.0643890173456617,145.0,166.0,1.1448275862068966,0.03295819935691324,budget-top-k,knapsack-redundancy,0.59375,0.59375,0.0,0.0,0.0,0.0,0.0,0.0,0.0,0.6666666666666666,0.6666666666666666,0.0,146.0,146.0,0.7849462365591398,0.7849462365591398,low,low,low_hetero/low_length
hotpotqa,5ab8ed305542991b5579f046,40%,248,622,4,155.5,10.012492197250394,0.0643890173456617,145.0,166.0,1.1448275862068966,0.03295819935691324,budget-top-k,knapsack-redundancy,0.59375,0.59375,0.0,0.0,0.0,0.0,0.0,0.0,0.0,0.6666666666666666,0.6666666666666666,0.0,146.0,146.0,0.5887096774193549,0.5887096774193549,low,low,low_hetero/low_length
hotpotqa,5ab8ed305542991b5579f046,50%,311,622,4,155.5,10.012492197250394,0.0643890173456617,145.0,166.0,1.1448275862068966,0.03295819935691324,budget-top-k,knapsack-redundancy,0.90625,0.90625,0.0,0.0,0.0,0.0,0.0,0.0,0.0,1.0,1.0,0.0,291.0,291.0,0.9356913183279743,0.9356913183279743,low,low,low_hetero/low_length
hotpotqa,5ae0b2f25542993d6555ec1c,30%,410,1369,10,136.9,27.922929645723066,0.2039658849212788,80.0,173.0,2.1625,0.10891161431701968,budget-top-k,knapsack-redundancy,0.17420814479638008,0.17420814479638008,0.0,0.0,0.0,0.0,0.0,0.0,0.0,1.0,1.0,0.0,407.0,407.0,0.9926829268292683,0.9926829268292683,low,medium,low_hetero/medium_length
hotpotqa,5ae0b2f25542993d6555ec1c,40%,547,1369,10,136.9,27.922929645723066,0.2039658849212788,80.0,173.0,2.1625,0.10891161431701968,budget-top-k,knapsack-redundancy,0.7307692307692308,0.6176470588235294,-0.1131221719457014,0.0,0.0,0.0,0.5,0.5,0.0,0.0,1.0,1.0,487.0,501.0,0.8903107861060329,0.9159049360146252,low,medium,low_hetero/medium_length
hotpotqa,5ae0b2f25542993d6555ec1c,50%,684,1369,10,136.9,27.922929645723066,0.2039658849212788,80.0,173.0,2.1625,0.10891161431701968,budget-top-k,knapsack-redundancy,1.0,1.0,0.0,1.0,1.0,0.0,1.0,1.0,0.0,1.0,1.0,0.0,661.0,661.0,0.966374269005848,0.966374269005848,low,medium,low_hetero/medium_length
hotpotqa,5ae207a65542994d89d5b317,30%,575,1919,15,128.0,40.099875311526844,0.31328027587130347,12.0,163.0,13.583333333333334,0.1497222222222223,budget-top-k,knapsack-redundancy,1.0,1.0,0.0,1.0,1.0,0.0,0.5,0.5,0.0,1.0,1.0,0.0,521.0,566.0,0.9060869565217391,0.9843478260869565,high,high,high_hetero/high_length
hotpotqa,5ae207a65542994d89d5b317,40%,767,1919,15,128.0,40.099875311526844,0.31328027587130347,12.0,163.0,13.583333333333334,0.1497222222222223,budget-top-k,knapsack-redundancy,1.0,1.0,0.0,1.0,1.0,0.0,0.5,0.5,0.0,1.0,1.0,0.0,734.0,734.0,0.9569752281616688,0.9569752281616688,high,high,high_hetero/high_length
hotpotqa,5ae207a65542994d89d5b317,50%,959,1919,15,128.0,40.099875311526844,0.31328027587130347,12.0,163.0,13.583333333333334,0.1497222222222223,budget-top-k,knapsack-redundancy,1.0,1.0,0.0,1.0,1.0,0.0,0.5,0.5,0.0,1.0,1.0,0.0,937.0,945.0,0.9770594369134515,0.9854014598540146,high,high,high_hetero/high_length
hotpotqa,5a75383a5542996c70cfaeb3,30%,353,1177,8,147.25,52.55413875233805,0.35690416809737213,68.0,215.0,3.161764705882353,0.19949066213921895,budget-top-k,knapsack-redundancy,1.0,1.0,0.0,1.0,1.0,0.0,0.5,0.5,0.0,1.0,1.0,0.0,314.0,314.0,0.8895184135977338,0.8895184135977338,high,medium,high_hetero/medium_length
hotpotqa,5a75383a5542996c70cfaeb3,40%,470,1177,8,147.25,52.55413875233805,0.35690416809737213,68.0,215.0,3.161764705882353,0.19949066213921895,budget-top-k,knapsack-redundancy,1.0,1.0,0.0,1.0,1.0,0.0,0.5,0.5,0.0,1.0,1.0,0.0,461.0,468.0,0.9808510638297873,0.9957446808510638,high,medium,high_hetero/medium_length
hotpotqa,5a75383a5542996c70cfaeb3,50%,588,1177,8,147.25,52.55413875233805,0.35690416809737213,68.0,215.0,3.161764705882353,0.19949066213921895,budget-top-k,knapsack-redundancy,1.0,1.0,0.0,1.0,1.0,0.0,0.5,0.5,0.0,1.0,1.0,0.0,529.0,529.0,0.8996598639455783,0.8996598639455783,high,medium,high_hetero/medium_length
hotpotqa,5ae3fd2c5542995dadf2428f,30%,280,935,6,155.83333333333334,14.17058769266665,0.09093425257326192,136.0,178.0,1.3088235294117647,0.050802139037433136,budget-top-k,knapsack-redundancy,0.6428571428571428,0.6428571428571428,0.0,0.0,0.0,0.0,0.0,0.0,0.0,1.0,1.0,0.0,280.0,280.0,1.0,1.0,low,low,low_hetero/low_length
hotpotqa,5ae3fd2c5542995dadf2428f,40%,374,935,6,155.83333333333334,14.17058769266665,0.09093425257326192,136.0,178.0,1.3088235294117647,0.050802139037433136,budget-top-k,knapsack-redundancy,0.41558441558441556,0.41558441558441556,0.0,0.0,0.0,0.0,0.0,0.0,0.0,0.0,0.0,0.0,314.0,314.0,0.839572192513369,0.839572192513369,low,low,low_hetero/low_length
hotpotqa,5ae3fd2c5542995dadf2428f,50%,467,935,6,155.83333333333334,14.17058769266665,0.09093425257326192,136.0,178.0,1.3088235294117647,0.050802139037433136,budget-top-k,knapsack-redundancy,0.6428571428571428,0.6428571428571428,0.0,0.0,0.0,0.0,0.0,0.0,0.0,1.0,1.0,0.0,458.0,458.0,0.9807280513918629,0.9807280513918629,low,low,low_hetero/low_length
hotpotqa,5abffd10554299012d1db556,30%,111,372,2,186.0,0.0,0.0,186.0,186.0,1.0,0.0,budget-top-k,knapsack-redundancy,0.0,0.0,0.0,0.0,0.0,0.0,0.0,0.0,0.0,0.0,0.0,0.0,0.0,0.0,0.0,0.0,low,low,low_hetero/low_length
hotpotqa,5abffd10554299012d1db556,40%,148,372,2,186.0,0.0,0.0,186.0,186.0,1.0,0.0,budget-top-k,knapsack-redundancy,0.0,0.0,0.0,0.0,0.0,0.0,0.0,0.0,0.0,0.0,0.0,0.0,0.0,0.0,0.0,0.0,low,low,low_hetero/low_length
hotpotqa,5abffd10554299012d1db556,50%,186,372,2,186.0,0.0,0.0,186.0,186.0,1.0,0.0,budget-top-k,knapsack-redundancy,0.1736111111111111,0.1736111111111111,0.0,0.0,0.0,0.0,0.0,0.0,0.0,1.0,1.0,0.0,186.0,186.0,1.0,1.0,low,low,low_hetero/low_length
hotpotqa,5a8f812755429918e830d245,30%,418,1396,9,155.11111111111111,27.610160949446147,0.17800247030445224,88.0,187.0,2.125,0.09137217446673018,budget-top-k,knapsack-redundancy,1.0,1.0,0.0,1.0,1.0,0.0,0.5,0.5,0.0,1.0,1.0,0.0,347.0,347.0,0.8301435406698564,0.8301435406698564,low,medium,low_hetero/medium_length
hotpotqa,5a8f812755429918e830d245,40%,558,1396,9,155.11111111111111,27.610160949446147,0.17800247030445224,88.0,187.0,2.125,0.09137217446673018,budget-top-k,knapsack-redundancy,1.0,1.0,0.0,1.0,1.0,0.0,0.5,0.5,0.0,1.0,1.0,0.0,500.0,497.0,0.8960573476702509,0.8906810035842294,low,medium,low_hetero/medium_length
hotpotqa,5a8f812755429918e830d245,50%,698,1396,9,155.11111111111111,27.610160949446147,0.17800247030445224,88.0,187.0,2.125,0.09137217446673018,budget-top-k,knapsack-redundancy,1.0,1.0,0.0,1.0,1.0,0.0,0.5,0.5,0.0,1.0,1.0,0.0,650.0,650.0,0.9312320916905444,0.9312320916905444,low,medium,low_hetero/medium_length
hotpotqa,5ae520315542993aec5ec152,30%,503,1679,11,152.63636363636363,47.11354317405159,0.3086652620098675,59.0,217.0,3.6779661016949152,0.16037684769072502,budget-top-k,knapsack-redundancy,1.0,1.0,0.0,1.0,1.0,0.0,0.0,0.0,0.0,1.0,1.0,0.0,449.0,496.0,0.8926441351888668,0.9860834990059643,high,high,high_hetero/high_length
hotpotqa,5ae520315542993aec5ec152,40%,671,1679,11,152.63636363636363,47.11354317405159,0.3086652620098675,59.0,217.0,3.6779661016949152,0.16037684769072502,budget-top-k,knapsack-redundancy,1.0,1.0,0.0,1.0,1.0,0.0,0.0,0.0,0.0,1.0,1.0,0.0,661.0,659.0,0.9850968703427719,0.9821162444113264,high,high,high_hetero/high_length
hotpotqa,5ae520315542993aec5ec152,50%,839,1679,11,152.63636363636363,47.11354317405159,0.3086652620098675,59.0,217.0,3.6779661016949152,0.16037684769072502,budget-top-k,knapsack-redundancy,1.0,1.0,0.0,1.0,1.0,0.0,0.0,0.0,0.0,1.0,1.0,0.0,812.0,826.0,0.9678188319427891,0.9845053635280095,high,high,high_hetero/high_length
hotpotqa,5a7631cd5542994ccc91870c,30%,395,1318,10,131.8,54.47347978603901,0.4133040954934674,43.0,198.0,4.604651162790698,0.22685887708649455,budget-top-k,knapsack-redundancy,1.0,0.6470588235294118,-0.3529411764705882,1.0,0.0,-1.0,0.5,0.5,0.0,1.0,0.3333333333333333,-0.6666666666666667,362.0,366.0,0.9164556962025316,0.9265822784810127,high,medium,high_hetero/medium_length
hotpotqa,5a7631cd5542994ccc91870c,40%,527,1318,10,131.8,54.47347978603901,0.4133040954934674,43.0,198.0,4.604651162790698,0.22685887708649455,budget-top-k,knapsack-redundancy,1.0,1.0,0.0,1.0,1.0,0.0,0.5,0.5,0.0,1.0,1.0,0.0,520.0,525.0,0.9867172675521821,0.9962049335863378,high,medium,high_hetero/medium_length
hotpotqa,5a7631cd5542994ccc91870c,50%,659,1318,10,131.8,54.47347978603901,0.4133040954934674,43.0,198.0,4.604651162790698,0.22685887708649455,budget-top-k,knapsack-redundancy,1.0,1.0,0.0,1.0,1.0,0.0,0.5,0.5,0.0,1.0,1.0,0.0,603.0,620.0,0.9150227617602428,0.9408194233687405,high,medium,high_hetero/medium_length
hotpotqa,5ac26eed55429951e9e685bf,30%,459,1531,10,153.1,52.00278838677788,0.3396655021997249,13.0,217.0,16.692307692307693,0.16218158066623123,budget-top-k,knapsack-redundancy,0.8125,0.9375,0.125,0.0,0.0,0.0,0.0,0.0,0.0,1.0,1.0,0.0,408.0,396.0,0.8888888888888888,0.8627450980392157,high,high,high_hetero/high_length
hotpotqa,5ac26eed55429951e9e685bf,40%,612,1531,10,153.1,52.00278838677788,0.3396655021997249,13.0,217.0,16.692307692307693,0.16218158066623123,budget-top-k,knapsack-redundancy,0.9375,0.9375,0.0,0.0,0.0,0.0,0.0,0.0,0.0,1.0,1.0,0.0,574.0,574.0,0.9379084967320261,0.9379084967320261,high,high,high_hetero/high_length
hotpotqa,5ac26eed55429951e9e685bf,50%,765,1531,10,153.1,52.00278838677788,0.3396655021997249,13.0,217.0,16.692307692307693,0.16218158066623123,budget-top-k,knapsack-redundancy,1.0,1.0,0.0,1.0,1.0,0.0,0.0,0.0,0.0,1.0,1.0,0.0,765.0,765.0,1.0,1.0,high,high,high_hetero/high_length
hotpotqa,5a7e37095542995ed0d166d5,30%,217,725,5,145.0,47.795397267937844,0.3296234294340541,66.0,201.0,3.0454545454545454,0.18262068965517253,budget-top-k,knapsack-redundancy,1.0,1.0,0.0,1.0,1.0,0.0,0.0,0.0,0.0,1.0,1.0,0.0,201.0,201.0,0.9262672811059908,0.9262672811059908,high,low,high_hetero/low_length
hotpotqa,5a7e37095542995ed0d166d5,40%,290,725,5,145.0,47.795397267937844,0.3296234294340541,66.0,201.0,3.0454545454545454,0.18262068965517253,budget-top-k,knapsack-redundancy,1.0,1.0,0.0,1.0,1.0,0.0,0.5,0.5,0.0,1.0,1.0,0.0,267.0,267.0,0.9206896551724137,0.9206896551724137,high,low,high_hetero/low_length
hotpotqa,5a7e37095542995ed0d166d5,50%,362,725,5,145.0,47.795397267937844,0.3296234294340541,66.0,201.0,3.0454545454545454,0.18262068965517253,budget-top-k,knapsack-redundancy,1.0,1.0,0.0,1.0,1.0,0.0,0.0,0.0,0.0,1.0,1.0,0.0,322.0,322.0,0.8895027624309392,0.8895027624309392,high,low,high_hetero/low_length
hotpotqa,5adf72d35542992d7e9f9369,30%,275,917,5,183.4,21.564786110694445,0.11758334847706894,164.0,217.0,1.3231707317073171,0.06150490730643399,budget-top-k,knapsack-redundancy,1.0,1.0,0.0,1.0,1.0,0.0,0.0,0.0,0.0,1.0,1.0,0.0,166.0,166.0,0.6036363636363636,0.6036363636363636,low,low,low_hetero/low_length
hotpotqa,5adf72d35542992d7e9f9369,40%,366,917,5,183.4,21.564786110694445,0.11758334847706894,164.0,217.0,1.3231707317073171,0.06150490730643399,budget-top-k,knapsack-redundancy,1.0,1.0,0.0,1.0,1.0,0.0,0.0,0.0,0.0,1.0,1.0,0.0,335.0,335.0,0.9153005464480874,0.9153005464480874,low,low,low_hetero/low_length
hotpotqa,5adf72d35542992d7e9f9369,50%,458,917,5,183.4,21.564786110694445,0.11758334847706894,164.0,217.0,1.3231707317073171,0.06150490730643399,budget-top-k,knapsack-redundancy,1.0,1.0,0.0,1.0,1.0,0.0,0.0,0.0,0.0,1.0,1.0,0.0,383.0,383.0,0.8362445414847162,0.8362445414847162,low,low,low_hetero/low_length
hotpotqa,5a876b265542993e715abf33,30%,329,1097,7,156.71428571428572,21.089701520032985,0.13457421206949033,128.0,187.0,1.4609375,0.07474931631722881,budget-top-k,knapsack-redundancy,0.6,0.6,0.0,0.0,0.0,0.0,0.0,0.0,0.0,1.0,1.0,0.0,314.0,314.0,0.9544072948328267,0.9544072948328267,low,low,low_hetero/low_length
hotpotqa,5a876b265542993e715abf33,40%,438,1097,7,156.71428571428572,21.089701520032985,0.13457421206949033,128.0,187.0,1.4609375,0.07474931631722881,budget-top-k,knapsack-redundancy,0.6,0.7,0.09999999999999998,0.0,0.0,0.0,0.0,0.0,0.0,1.0,1.0,0.0,314.0,422.0,0.7168949771689498,0.9634703196347032,low,low,low_hetero/low_length
hotpotqa,5a876b265542993e715abf33,50%,548,1097,7,156.71428571428572,21.089701520032985,0.13457421206949033,128.0,187.0,1.4609375,0.07474931631722881,budget-top-k,knapsack-redundancy,0.7,0.7,0.0,0.0,0.0,0.0,0.0,0.0,0.0,1.0,1.0,0.0,470.0,470.0,0.8576642335766423,0.8576642335766423,low,low,low_hetero/low_length
hotpotqa,5a77ddb855429967ab1052d8,30%,481,1604,12,133.66666666666666,57.797539355543115,0.4324005438070558,31.0,213.0,6.870967741935484,0.24594763092269334,budget-top-k,knapsack-redundancy,1.0,0.9666666666666667,-0.033333333333333326,1.0,0.0,-1.0,0.5,0.5,0.0,1.0,1.0,0.0,458.0,462.0,0.9521829521829522,0.9604989604989606,high,high,high_hetero/high_length
hotpotqa,5a77ddb855429967ab1052d8,40%,641,1604,12,133.66666666666666,57.797539355543115,0.4324005438070558,31.0,213.0,6.870967741935484,0.24594763092269334,budget-top-k,knapsack-redundancy,1.0,1.0,0.0,1.0,1.0,0.0,0.5,0.5,0.0,1.0,1.0,0.0,629.0,629.0,0.9812792511700468,0.9812792511700468,high,high,high_hetero/high_length
hotpotqa,5a77ddb855429967ab1052d8,50%,802,1604,12,133.66666666666666,57.797539355543115,0.4324005438070558,31.0,213.0,6.870967741935484,0.24594763092269334,budget-top-k,knapsack-redundancy,1.0,1.0,0.0,1.0,1.0,0.0,0.5,0.5,0.0,1.0,1.0,0.0,798.0,800.0,0.9950124688279302,0.9975062344139651,high,high,high_hetero/high_length
hotpotqa,5adcc3ed5542994d58a2f6c4,30%,487,1624,11,147.72727272727272,31.51649181299129,0.21334240611871028,72.0,212.0,2.9444444444444446,0.10618181818181816,budget-top-k,knapsack-redundancy,0.6730769230769231,0.6682692307692308,-0.004807692307692291,0.0,0.0,0.0,0.5,0.0,-0.5,1.0,1.0,0.0,430.0,485.0,0.8829568788501027,0.9958932238193019,low,high,low_hetero/high_length
hotpotqa,5adcc3ed5542994d58a2f6c4,40%,649,1624,11,147.72727272727272,31.51649181299129,0.21334240611871028,72.0,212.0,2.9444444444444446,0.10618181818181816,budget-top-k,knapsack-redundancy,1.0,0.7307692307692308,-0.26923076923076916,1.0,0.0,-1.0,0.5,0.5,0.0,1.0,1.0,0.0,597.0,646.0,0.9198767334360555,0.9953775038520801,low,high,low_hetero/high_length
hotpotqa,5adcc3ed5542994d58a2f6c4,50%,812,1624,11,147.72727272727272,31.51649181299129,0.21334240611871028,72.0,212.0,2.9444444444444446,0.10618181818181816,budget-top-k,knapsack-redundancy,1.0,1.0,0.0,1.0,1.0,0.0,0.5,0.5,0.0,1.0,1.0,0.0,747.0,811.0,0.9199507389162561,0.9987684729064039,low,high,low_hetero/high_length
hotpotqa,5a76f5b155429972597f1400,30%,425,1419,10,141.9,51.70193419979566,0.36435471599574104,40.0,213.0,5.325,0.20458069062720208,budget-top-k,knapsack-redundancy,1.0,1.0,0.0,1.0,1.0,0.0,0.5,0.5,0.0,1.0,1.0,0.0,406.0,406.0,0.9552941176470588,0.9552941176470588,high,high,high_hetero/high_length
hotpotqa,5a76f5b155429972597f1400,40%,567,1419,10,141.9,51.70193419979566,0.36435471599574104,40.0,213.0,5.325,0.20458069062720208,budget-top-k,knapsack-redundancy,1.0,1.0,0.0,1.0,1.0,0.0,0.5,0.5,0.0,1.0,1.0,0.0,561.0,561.0,0.9894179894179894,0.9894179894179894,high,high,high_hetero/high_length
hotpotqa,5a76f5b155429972597f1400,50%,709,1419,10,141.9,51.70193419979566,0.36435471599574104,40.0,213.0,5.325,0.20458069062720208,budget-top-k,knapsack-redundancy,1.0,1.0,0.0,1.0,1.0,0.0,0.5,0.5,0.0,1.0,1.0,0.0,684.0,708.0,0.9647390691114246,0.998589562764457,high,high,high_hetero/high_length
hotpotqa,5ae2c696554299495565db32,30%,535,1786,12,148.83333333333334,41.57489894422141,0.27933862672489185,59.0,205.0,3.4745762711864407,0.15304217991787983,budget-top-k,knapsack-redundancy,0.4594298245614035,0.4594298245614035,0.0,0.0,0.0,0.0,0.5,0.5,0.0,0.25,0.25,0.0,502.0,502.0,0.9383177570093458,0.9383177570093458,medium,high,medium_hetero/high_length
hotpotqa,5ae2c696554299495565db32,40%,714,1786,12,148.83333333333334,41.57489894422141,0.27933862672489185,59.0,205.0,3.4745762711864407,0.15304217991787983,budget-top-k,knapsack-redundancy,1.0,1.0,0.0,1.0,1.0,0.0,1.0,1.0,0.0,1.0,1.0,0.0,679.0,679.0,0.9509803921568627,0.9509803921568627,medium,high,medium_hetero/high_length
hotpotqa,5ae2c696554299495565db32,50%,893,1786,12,148.83333333333334,41.57489894422141,0.27933862672489185,59.0,205.0,3.4745762711864407,0.15304217991787983,budget-top-k,knapsack-redundancy,1.0,1.0,0.0,1.0,1.0,0.0,1.0,1.0,0.0,1.0,1.0,0.0,884.0,886.0,0.9899216125419933,0.9921612541993281,medium,high,medium_hetero/high_length
hotpotqa,5a875154554299211dda2be7,30%,487,1624,13,124.92307692307692,57.74807561024342,0.4622690781608155,26.0,217.0,8.346153846153847,0.26449412656309224,budget-top-k,knapsack-redundancy,1.0,1.0,0.0,1.0,1.0,0.0,1.0,1.0,0.0,1.0,1.0,0.0,478.0,478.0,0.9815195071868583,0.9815195071868583,high,high,high_hetero/high_length
hotpotqa,5a875154554299211dda2be7,40%,649,1624,13,124.92307692307692,57.74807561024342,0.4622690781608155,26.0,217.0,8.346153846153847,0.26449412656309224,budget-top-k,knapsack-redundancy,0.8787878787878788,1.0,0.12121212121212122,0.0,1.0,1.0,0.5,1.0,0.5,0.5,1.0,0.5,627.0,626.0,0.9661016949152542,0.9645608628659477,high,high,high_hetero/high_length
hotpotqa,5a875154554299211dda2be7,50%,812,1624,13,124.92307692307692,57.74807561024342,0.4622690781608155,26.0,217.0,8.346153846153847,0.26449412656309224,budget-top-k,knapsack-redundancy,0.9090909090909092,1.0,0.09090909090909083,0.0,1.0,1.0,0.5,1.0,0.5,0.5,1.0,0.5,775.0,768.0,0.9544334975369458,0.9458128078817734,high,high,high_hetero/high_length
hotpotqa,5a84cf175542992a431d1aa2,30%,369,1230,8,153.75,27.275217689323764,0.17739978984926025,112.0,202.0,1.8035714285714286,0.09898373983739828,budget-top-k,knapsack-redundancy,0.75,0.75,0.0,0.0,0.0,0.0,0.0,0.0,0.0,0.0,0.0,0.0,336.0,336.0,0.9105691056910569,0.9105691056910569,low,medium,low_hetero/medium_length
hotpotqa,5a84cf175542992a431d1aa2,40%,492,1230,8,153.75,27.275217689323764,0.17739978984926025,112.0,202.0,1.8035714285714286,0.09898373983739828,budget-top-k,knapsack-redundancy,0.75,0.75,0.0,0.0,0.0,0.0,0.0,0.0,0.0,0.0,0.0,0.0,490.0,490.0,0.9959349593495935,0.9959349593495935,low,medium,low_hetero/medium_length
hotpotqa,5a84cf175542992a431d1aa2,50%,615,1230,8,153.75,27.275217689323764,0.17739978984926025,112.0,202.0,1.8035714285714286,0.09898373983739828,budget-top-k,knapsack-redundancy,0.75,0.75,0.0,0.0,0.0,0.0,0.0,0.0,0.0,0.0,0.0,0.0,602.0,602.0,0.9788617886178862,0.9788617886178862,low,medium,low_hetero/medium_length
hotpotqa,5ae675245542991bbc9760dc,30%,765,2550,20,127.6,49.06872731180217,0.38455115448120825,29.0,217.0,7.482758620689655,0.20309561128526643,budget-top-k,knapsack-redundancy,0.763157894736842,0.7368421052631579,-0.02631578947368418,0.0,0.0,0.0,0.5,0.5,0.0,0.0,0.0,0.0,764.0,764.0,0.9986928104575163,0.9986928104575163,high,high,high_hetero/high_length
hotpotqa,5ae675245542991bbc9760dc,40%,1020,2550,20,127.6,49.06872731180217,0.38455115448120825,29.0,217.0,7.482758620689655,0.20309561128526643,budget-top-k,knapsack-redundancy,0.7894736842105263,0.7894736842105263,0.0,0.0,0.0,0.0,0.5,0.5,0.0,0.0,0.0,0.0,1006.0,1017.0,0.9862745098039216,0.9970588235294118,high,high,high_hetero/high_length
hotpotqa,5ae675245542991bbc9760dc,50%,1275,2550,20,127.6,49.06872731180217,0.38455115448120825,29.0,217.0,7.482758620689655,0.20309561128526643,budget-top-k,knapsack-redundancy,0.7894736842105263,0.7894736842105263,0.0,0.0,0.0,0.0,0.5,0.5,0.0,0.0,0.0,0.0,1260.0,1275.0,0.9882352941176471,1.0,high,high,high_hetero/high_length
hotpotqa,5a80b0565542996402f6a5f0,30%,331,1104,7,157.71428571428572,40.766633014598334,0.2584840861432865,75.0,220.0,2.933333333333333,0.13561076604554878,budget-top-k,knapsack-redundancy,1.0,1.0,0.0,1.0,1.0,0.0,0.0,0.0,0.0,1.0,1.0,0.0,318.0,318.0,0.9607250755287009,0.9607250755287009,medium,low,medium_hetero/low_length
hotpotqa,5a80b0565542996402f6a5f0,40%,441,1104,7,157.71428571428572,40.766633014598334,0.2584840861432865,75.0,220.0,2.933333333333333,0.13561076604554878,budget-top-k,knapsack-redundancy,1.0,1.0,0.0,1.0,1.0,0.0,0.0,0.0,0.0,1.0,1.0,0.0,393.0,393.0,0.891156462585034,0.891156462585034,medium,low,medium_hetero/low_length
hotpotqa,5a80b0565542996402f6a5f0,50%,552,1104,7,157.71428571428572,40.766633014598334,0.2584840861432865,75.0,220.0,2.933333333333333,0.13561076604554878,budget-top-k,knapsack-redundancy,1.0,1.0,0.0,1.0,1.0,0.0,0.0,0.0,0.0,1.0,1.0,0.0,493.0,493.0,0.8931159420289855,0.8931159420289855,medium,low,medium_hetero/low_length
hotpotqa,5adde3a45542997545bbbdc2,30%,333,1112,8,139.0,33.53356527421443,0.2412486710375139,97.0,192.0,1.9793814432989691,0.13579136690647475,budget-top-k,knapsack-redundancy,1.0,1.0,0.0,1.0,1.0,0.0,0.0,0.0,0.0,0.0,0.0,0.0,272.0,272.0,0.8168168168168168,0.8168168168168168,medium,low,medium_hetero/low_length
hotpotqa,5adde3a45542997545bbbdc2,40%,444,1112,8,139.0,33.53356527421443,0.2412486710375139,97.0,192.0,1.9793814432989691,0.13579136690647475,budget-top-k,knapsack-redundancy,1.0,1.0,0.0,1.0,1.0,0.0,0.0,0.0,0.0,0.0,0.0,0.0,426.0,426.0,0.9594594594594594,0.9594594594594594,medium,low,medium_hetero/low_length
hotpotqa,5adde3a45542997545bbbdc2,50%,556,1112,8,139.0,33.53356527421443,0.2412486710375139,97.0,192.0,1.9793814432989691,0.13579136690647475,budget-top-k,knapsack-redundancy,1.0,1.0,0.0,1.0,1.0,0.0,0.0,0.0,0.0,0.0,0.0,0.0,464.0,547.0,0.8345323741007195,0.9838129496402878,medium,low,medium_hetero/low_length
hotpotqa,5ac26b7f55429951e9e685ae,30%,352,1176,8,147.0,29.047375096555626,0.19760119113303148,100.0,193.0,1.93,0.11181972789115657,budget-top-k,knapsack-redundancy,0.5625,0.5625,0.0,0.0,0.0,0.0,0.0,0.0,0.0,1.0,1.0,0.0,328.0,328.0,0.9318181818181818,0.9318181818181818,low,medium,low_hetero/medium_length
hotpotqa,5ac26b7f55429951e9e685ae,40%,470,1176,8,147.0,29.047375096555626,0.19760119113303148,100.0,193.0,1.93,0.11181972789115657,budget-top-k,knapsack-redundancy,0.5625,0.5625,0.0,0.0,0.0,0.0,0.0,0.0,0.0,1.0,1.0,0.0,440.0,440.0,0.9361702127659575,0.9361702127659575,low,medium,low_hetero/medium_length
hotpotqa,5ac26b7f55429951e9e685ae,50%,588,1176,8,147.0,29.047375096555626,0.19760119113303148,100.0,193.0,1.93,0.11181972789115657,budget-top-k,knapsack-redundancy,0.875,0.5625,-0.3125,0.0,0.0,0.0,0.0,0.0,0.0,1.0,1.0,0.0,493.0,572.0,0.8384353741496599,0.9727891156462585,low,medium,low_hetero/medium_length
hotpotqa,5adf39295542992d7e9f92df,30%,176,587,4,146.75,25.96512083545925,0.1769343838872862,103.0,170.0,1.6504854368932038,0.08901192504258937,budget-top-k,knapsack-redundancy,0.763157894736842,0.763157894736842,0.0,0.0,0.0,0.0,0.0,0.0,0.0,1.0,1.0,0.0,170.0,170.0,0.9659090909090909,0.9659090909090909,low,low,low_hetero/low_length
hotpotqa,5adf39295542992d7e9f92df,40%,234,587,4,146.75,25.96512083545925,0.1769343838872862,103.0,170.0,1.6504854368932038,0.08901192504258937,budget-top-k,knapsack-redundancy,0.763157894736842,0.763157894736842,0.0,0.0,0.0,0.0,0.0,0.0,0.0,1.0,1.0,0.0,170.0,170.0,0.7264957264957265,0.7264957264957265,low,low,low_hetero/low_length
hotpotqa,5adf39295542992d7e9f92df,50%,293,587,4,146.75,25.96512083545925,0.1769343838872862,103.0,170.0,1.6504854368932038,0.08901192504258937,budget-top-k,knapsack-redundancy,0.8421052631578947,0.8421052631578947,0.0,0.0,0.0,0.0,0.0,0.0,0.0,1.0,1.0,0.0,273.0,273.0,0.931740614334471,0.931740614334471,low,low,low_hetero/low_length
hotpotqa,5abc19705542993a06baf86e,30%,387,1290,8,161.25,22.314513214497868,0.13838457807440538,120.0,195.0,1.625,0.07790697674418601,budget-top-k,knapsack-redundancy,0.27142857142857146,0.27142857142857146,0.0,0.0,0.0,0.0,0.0,0.0,0.0,1.0,1.0,0.0,335.0,335.0,0.8656330749354005,0.8656330749354005,low,medium,low_hetero/medium_length
hotpotqa,5abc19705542993a06baf86e,40%,516,1290,8,161.25,22.314513214497868,0.13838457807440538,120.0,195.0,1.625,0.07790697674418601,budget-top-k,knapsack-redundancy,0.27142857142857146,0.27142857142857146,0.0,0.0,0.0,0.0,0.0,0.0,0.0,1.0,1.0,0.0,477.0,477.0,0.9244186046511628,0.9244186046511628,low,medium,low_hetero/medium_length
hotpotqa,5abc19705542993a06baf86e,50%,645,1290,8,161.25,22.314513214497868,0.13838457807440538,120.0,195.0,1.625,0.07790697674418601,budget-top-k,knapsack-redundancy,0.27142857142857146,0.27142857142857146,0.0,0.0,0.0,0.0,0.0,0.0,0.0,1.0,1.0,0.0,634.0,634.0,0.9829457364341085,0.9829457364341085,low,medium,low_hetero/medium_length
hotpotqa,5ae6914755429908198fa627,30%,398,1329,9,147.66666666666666,52.20898177304148,0.3535596959799649,49.0,210.0,4.285714285714286,0.1874425215283002,budget-top-k,knapsack-redundancy,1.0,1.0,0.0,1.0,1.0,0.0,0.5,0.5,0.0,1.0,1.0,0.0,398.0,398.0,1.0,1.0,high,medium,high_hetero/medium_length
hotpotqa,5ae6914755429908198fa627,40%,531,1329,9,147.66666666666666,52.20898177304148,0.3535596959799649,49.0,210.0,4.285714285714286,0.1874425215283002,budget-top-k,knapsack-redundancy,1.0,1.0,0.0,1.0,1.0,0.0,0.5,0.5,0.0,1.0,1.0,0.0,463.0,463.0,0.871939736346516,0.871939736346516,high,medium,high_hetero/medium_length
hotpotqa,5ae6914755429908198fa627,50%,664,1329,9,147.66666666666666,52.20898177304148,0.3535596959799649,49.0,210.0,4.285714285714286,0.1874425215283002,budget-top-k,knapsack-redundancy,1.0,1.0,0.0,1.0,1.0,0.0,0.5,0.5,0.0,1.0,1.0,0.0,613.0,613.0,0.9231927710843374,0.9231927710843374,high,medium,high_hetero/medium_length
hotpotqa,5adc9b7a5542994d58a2f679,30%,308,1028,7,146.85714285714286,48.625180341725276,0.3311053136109698,70.0,213.0,3.0428571428571427,0.1823235130628127,budget-top-k,knapsack-redundancy,1.0,1.0,0.0,1.0,1.0,0.0,1.0,1.0,0.0,1.0,1.0,0.0,308.0,308.0,1.0,1.0,high,low,high_hetero/low_length
hotpotqa,5adc9b7a5542994d58a2f679,40%,411,1028,7,146.85714285714286,48.625180341725276,0.3311053136109698,70.0,213.0,3.0428571428571427,0.1823235130628127,budget-top-k,knapsack-redundancy,1.0,1.0,0.0,1.0,1.0,0.0,1.0,1.0,0.0,1.0,1.0,0.0,387.0,387.0,0.9416058394160584,0.9416058394160584,high,low,high_hetero/low_length
hotpotqa,5adc9b7a5542994d58a2f679,50%,514,1028,7,146.85714285714286,48.625180341725276,0.3311053136109698,70.0,213.0,3.0428571428571427,0.1823235130628127,budget-top-k,knapsack-redundancy,1.0,1.0,0.0,1.0,1.0,0.0,1.0,1.0,0.0,1.0,1.0,0.0,510.0,510.0,0.9922178988326849,0.9922178988326849,high,low,high_hetero/low_length
hotpotqa,5a721dfd55429971e9dc928b,30%,304,1016,6,169.33333333333334,19.601587237318874,0.1157574049447965,143.0,191.0,1.3356643356643356,0.06332020997375332,budget-top-k,knapsack-redundancy,0.7777777777777777,0.7777777777777777,0.0,0.0,0.0,0.0,0.0,0.0,0.0,1.0,1.0,0.0,189.0,189.0,0.6217105263157895,0.6217105263157895,low,low,low_hetero/low_length
hotpotqa,5a721dfd55429971e9dc928b,40%,406,1016,6,169.33333333333334,19.601587237318874,0.1157574049447965,143.0,191.0,1.3356643356643356,0.06332020997375332,budget-top-k,knapsack-redundancy,1.0,0.8333333333333334,-0.16666666666666663,1.0,0.0,-1.0,0.0,0.0,0.0,1.0,1.0,0.0,369.0,380.0,0.9088669950738916,0.9359605911330049,low,low,low_hetero/low_length
hotpotqa,5a721dfd55429971e9dc928b,50%,508,1016,6,169.33333333333334,19.601587237318874,0.1157574049447965,143.0,191.0,1.3356643356643356,0.06332020997375332,budget-top-k,knapsack-redundancy,1.0,0.8055555555555557,-0.1944444444444443,1.0,0.0,-1.0,0.0,0.0,0.0,1.0,1.0,0.0,369.0,501.0,0.7263779527559056,0.9862204724409449,low,low,low_hetero/low_length
hotpotqa,5a8b50475542997f31a41cd4,30%,377,1257,9,139.66666666666666,43.49201714746691,0.31139869079331917,58.0,219.0,3.7758620689655173,0.17254485989569512,budget-top-k,knapsack-redundancy,1.0,1.0,0.0,1.0,1.0,0.0,0.5,0.5,0.0,1.0,1.0,0.0,346.0,346.0,0.9177718832891246,0.9177718832891246,high,medium,high_hetero/medium_length
hotpotqa,5a8b50475542997f31a41cd4,40%,502,1257,9,139.66666666666666,43.49201714746691,0.31139869079331917,58.0,219.0,3.7758620689655173,0.17254485989569512,budget-top-k,knapsack-redundancy,1.0,1.0,0.0,1.0,1.0,0.0,0.5,0.5,0.0,1.0,1.0,0.0,493.0,493.0,0.9820717131474104,0.9820717131474104,high,medium,high_hetero/medium_length
hotpotqa,5a8b50475542997f31a41cd4,50%,628,1257,9,139.66666666666666,43.49201714746691,0.31139869079331917,58.0,219.0,3.7758620689655173,0.17254485989569512,budget-top-k,knapsack-redundancy,1.0,1.0,0.0,1.0,1.0,0.0,0.5,0.5,0.0,1.0,1.0,0.0,612.0,612.0,0.9745222929936306,0.9745222929936306,high,medium,high_hetero/medium_length
hotpotqa,5a860aa6554299211dda2a45,30%,415,1386,10,138.6,54.12245375073085,0.39049389430541737,63.0,217.0,3.4444444444444446,0.2196248196248196,budget-top-k,knapsack-redundancy,0.6956521739130435,0.6521739130434783,-0.04347826086956519,0.0,0.0,0.0,0.5,0.5,0.0,1.0,1.0,0.0,382.0,413.0,0.9204819277108434,0.9951807228915662,high,medium,high_hetero/medium_length
hotpotqa,5a860aa6554299211dda2a45,40%,554,1386,10,138.6,54.12245375073085,0.39049389430541737,63.0,217.0,3.4444444444444446,0.2196248196248196,budget-top-k,knapsack-redundancy,0.6956521739130435,0.6521739130434783,-0.04347826086956519,0.0,0.0,0.0,0.5,0.5,0.0,1.0,1.0,0.0,527.0,531.0,0.9512635379061372,0.9584837545126353,high,medium,high_hetero/medium_length
hotpotqa,5a860aa6554299211dda2a45,50%,693,1386,10,138.6,54.12245375073085,0.39049389430541737,63.0,217.0,3.4444444444444446,0.2196248196248196,budget-top-k,knapsack-redundancy,0.6956521739130435,0.6956521739130435,0.0,0.0,0.0,0.0,0.5,0.5,0.0,1.0,1.0,0.0,685.0,685.0,0.9884559884559885,0.9884559884559885,high,medium,high_hetero/medium_length
hotpotqa,5ae4585c5542996836b02c89,30%,348,1162,8,145.25,54.9585070757931,0.3783718215200902,54.0,208.0,3.8518518518518516,0.21019793459552494,budget-top-k,knapsack-redundancy,0.75,0.75,0.0,0.0,0.0,0.0,0.0,0.0,0.0,1.0,1.0,0.0,335.0,335.0,0.9626436781609196,0.9626436781609196,high,low,high_hetero/low_length
hotpotqa,5ae4585c5542996836b02c89,40%,464,1162,8,145.25,54.9585070757931,0.3783718215200902,54.0,208.0,3.8518518518518516,0.21019793459552494,budget-top-k,knapsack-redundancy,1.0,0.75,-0.25,1.0,0.0,-1.0,0.0,0.0,0.0,1.0,1.0,0.0,415.0,450.0,0.8943965517241379,0.9698275862068966,high,low,high_hetero/low_length
hotpotqa,5ae4585c5542996836b02c89,50%,581,1162,8,145.25,54.9585070757931,0.3783718215200902,54.0,208.0,3.8518518518518516,0.21019793459552494,budget-top-k,knapsack-redundancy,1.0,1.0,0.0,1.0,1.0,0.0,0.0,0.0,0.0,1.0,1.0,0.0,568.0,542.0,0.9776247848537005,0.9328743545611016,high,low,high_hetero/low_length
hotpotqa,5adfcb5455429906c02daa48,30%,298,996,7,142.28571428571428,53.94630739571202,0.37914071462849813,33.0,198.0,6.0,0.20252438324727495,budget-top-k,knapsack-redundancy,0.6666666666666666,0.6666666666666666,0.0,0.0,0.0,0.0,0.0,0.0,0.0,1.0,1.0,0.0,230.0,230.0,0.7718120805369127,0.7718120805369127,high,low,high_hetero/low_length
hotpotqa,5adfcb5455429906c02daa48,40%,398,996,7,142.28571428571428,53.94630739571202,0.37914071462849813,33.0,198.0,6.0,0.20252438324727495,budget-top-k,knapsack-redundancy,0.7222222222222222,1.0,0.2777777777777778,0.0,1.0,1.0,0.0,0.5,0.5,1.0,1.0,0.0,395.0,394.0,0.992462311557789,0.9899497487437185,high,low,high_hetero/low_length
hotpotqa,5adfcb5455429906c02daa48,50%,498,996,7,142.28571428571428,53.94630739571202,0.37914071462849813,33.0,198.0,6.0,0.20252438324727495,budget-top-k,knapsack-redundancy,0.7222222222222222,1.0,0.2777777777777778,0.0,1.0,1.0,0.0,0.5,0.5,1.0,1.0,0.0,428.0,482.0,0.8594377510040161,0.9678714859437751,high,low,high_hetero/low_length
hotpotqa,5a77a41a5542997042120ab9,30%,391,1306,9,145.11111111111111,36.83731334287271,0.25385591124491147,104.0,206.0,1.9807692307692308,0.14156882763314615,budget-top-k,knapsack-redundancy,0.31875993640699524,0.18521462639109698,-0.13354531001589826,0.0,0.0,0.0,0.0,0.0,0.0,0.0,0.0,0.0,289.0,349.0,0.7391304347826086,0.8925831202046036,medium,medium,medium_hetero/medium_length
hotpotqa,5a77a41a5542997042120ab9,40%,522,1306,9,145.11111111111111,36.83731334287271,0.25385591124491147,104.0,206.0,1.9807692307692308,0.14156882763314615,budget-top-k,knapsack-redundancy,0.404610492845787,0.35930047694753575,-0.04531001589825123,0.0,0.0,0.0,0.0,0.0,0.0,0.0,0.0,0.0,474.0,498.0,0.9080459770114943,0.9540229885057471,medium,medium,medium_hetero/medium_length
hotpotqa,5a77a41a5542997042120ab9,50%,653,1306,9,145.11111111111111,36.83731334287271,0.25385591124491147,104.0,206.0,1.9807692307692308,0.14156882763314615,budget-top-k,knapsack-redundancy,0.41812400635930047,0.35930047694753575,-0.05882352941176472,0.0,0.0,0.0,0.0,0.0,0.0,0.0,0.0,0.0,578.0,626.0,0.885145482388974,0.9586523736600306,medium,medium,medium_hetero/medium_length
hotpotqa,5a8759395542994775f607e0,30%,284,947,6,157.83333333333334,27.823351503528272,0.176283114066705,115.0,195.0,1.6956521739130435,0.09873284054910236,budget-top-k,knapsack-redundancy,0.6153846153846154,0.6153846153846154,0.0,0.0,0.0,0.0,0.5,0.5,0.0,0.3333333333333333,0.3333333333333333,0.0,273.0,273.0,0.9612676056338029,0.9612676056338029,low,low,low_hetero/low_length
hotpotqa,5a8759395542994775f607e0,40%,378,947,6,157.83333333333334,27.823351503528272,0.176283114066705,115.0,195.0,1.6956521739130435,0.09873284054910236,budget-top-k,knapsack-redundancy,0.6538461538461539,0.6538461538461539,0.0,0.0,0.0,0.0,0.5,0.5,0.0,0.3333333333333333,0.3333333333333333,0.0,310.0,310.0,0.8201058201058201,0.8201058201058201,low,low,low_hetero/low_length
hotpotqa,5a8759395542994775f607e0,50%,473,947,6,157.83333333333334,27.823351503528272,0.176283114066705,115.0,195.0,1.6956521739130435,0.09873284054910236,budget-top-k,knapsack-redundancy,0.6538461538461539,0.6538461538461539,0.0,0.0,0.0,0.0,0.5,0.5,0.0,0.3333333333333333,0.3333333333333333,0.0,468.0,468.0,0.9894291754756871,0.9894291754756871,low,low,low_hetero/low_length
hotpotqa,5a84992e5542992a431d1a6d,30%,398,1327,10,132.7,63.99226515759541,0.4822325935010958,19.0,218.0,11.473684210526315,0.2725697061039938,budget-top-k,knapsack-redundancy,0.6777777777777779,1.0,0.3222222222222221,0.0,1.0,1.0,0.5,1.0,0.5,0.0,1.0,1.0,398.0,392.0,1.0,0.9849246231155779,high,medium,high_hetero/medium_length
hotpotqa,5a84992e5542992a431d1a6d,40%,530,1327,10,132.7,63.99226515759541,0.4822325935010958,19.0,218.0,11.473684210526315,0.2725697061039938,budget-top-k,knapsack-redundancy,0.6777777777777779,0.6777777777777779,0.0,0.0,0.0,0.0,0.5,0.5,0.0,0.0,0.0,0.0,524.0,522.0,0.9886792452830189,0.9849056603773585,high,medium,high_hetero/medium_length
hotpotqa,5a84992e5542992a431d1a6d,50%,663,1327,10,132.7,63.99226515759541,0.4822325935010958,19.0,218.0,11.473684210526315,0.2725697061039938,budget-top-k,knapsack-redundancy,0.6777777777777779,0.6777777777777779,0.0,0.0,0.0,0.0,0.5,0.5,0.0,0.0,0.0,0.0,633.0,661.0,0.9547511312217195,0.9969834087481146,high,medium,high_hetero/medium_length
hotpotqa,5ac1bce45542994ab5c67def,30%,315,1050,7,150.0,54.46099521676041,0.3630733014450694,53.0,212.0,4.0,0.19374149659863948,budget-top-k,knapsack-redundancy,1.0,0.5,-0.5,1.0,0.0,-1.0,0.5,0.5,0.0,0.0,0.0,0.0,243.0,313.0,0.7714285714285715,0.9936507936507937,high,low,high_hetero/low_length
hotpotqa,5ac1bce45542994ab5c67def,40%,420,1050,7,150.0,54.46099521676041,0.3630733014450694,53.0,212.0,4.0,0.19374149659863948,budget-top-k,knapsack-redundancy,1.0,1.0,0.0,1.0,1.0,0.0,0.5,0.5,0.0,0.0,0.0,0.0,327.0,327.0,0.7785714285714286,0.7785714285714286,high,low,high_hetero/low_length
hotpotqa,5ac1bce45542994ab5c67def,50%,525,1050,7,150.0,54.46099521676041,0.3630733014450694,53.0,212.0,4.0,0.19374149659863948,budget-top-k,knapsack-redundancy,1.0,1.0,0.0,1.0,1.0,0.0,0.5,0.5,0.0,0.0,0.0,0.0,503.0,503.0,0.9580952380952381,0.9580952380952381,high,low,high_hetero/low_length
hotpotqa,5ac0641f554299294b218fbe,30%,352,1175,9,130.55555555555554,58.5455399404052,0.44843392294778456,31.0,205.0,6.612903225806452,0.25513002364066195,budget-top-k,knapsack-redundancy,0.65625,0.65625,0.0,0.0,0.0,0.0,0.5,0.5,0.0,0.0,0.0,0.0,351.0,351.0,0.9971590909090909,0.9971590909090909,high,medium,high_hetero/medium_length
hotpotqa,5ac0641f554299294b218fbe,40%,470,1175,9,130.55555555555554,58.5455399404052,0.44843392294778456,31.0,205.0,6.612903225806452,0.25513002364066195,budget-top-k,knapsack-redundancy,0.65625,0.65625,0.0,0.0,0.0,0.0,0.5,0.5,0.0,0.0,0.0,0.0,465.0,465.0,0.9893617021276596,0.9893617021276596,high,medium,high_hetero/medium_length
hotpotqa,5ac0641f554299294b218fbe,50%,587,1175,9,130.55555555555554,58.5455399404052,0.44843392294778456,31.0,205.0,6.612903225806452,0.25513002364066195,budget-top-k,knapsack-redundancy,0.6875,0.6875,0.0,0.0,0.0,0.0,0.5,0.5,0.0,0.0,0.0,0.0,587.0,587.0,1.0,1.0,high,medium,high_hetero/medium_length
hotpotqa,5a87954f5542996e4f308856,30%,73,244,2,122.0,17.0,0.13934426229508196,105.0,139.0,1.3238095238095238,0.069672131147541,budget-top-k,knapsack-redundancy,0.0,0.0,0.0,0.0,0.0,0.0,0.0,0.0,0.0,0.0,0.0,0.0,0.0,0.0,0.0,0.0,low,low,low_hetero/low_length
hotpotqa,5a87954f5542996e4f308856,40%,97,244,2,122.0,17.0,0.13934426229508196,105.0,139.0,1.3238095238095238,0.069672131147541,budget-top-k,knapsack-redundancy,0.0,0.0,0.0,0.0,0.0,0.0,0.0,0.0,0.0,0.0,0.0,0.0,0.0,0.0,0.0,0.0,low,low,low_hetero/low_length
hotpotqa,5a87954f5542996e4f308856,50%,122,244,2,122.0,17.0,0.13934426229508196,105.0,139.0,1.3238095238095238,0.069672131147541,budget-top-k,knapsack-redundancy,0.4777777777777778,0.4777777777777778,0.0,0.0,0.0,0.0,0.5,0.5,0.0,0.0,0.0,0.0,105.0,105.0,0.860655737704918,0.860655737704918,low,low,low_hetero/low_length
hotpotqa,5a8bc03d5542996e8ac88a0b,30%,443,1478,11,134.36363636363637,44.95102936888447,0.3345475798766774,42.0,201.0,4.785714285714286,0.17714356009349252,budget-top-k,knapsack-redundancy,1.0,1.0,0.0,1.0,1.0,0.0,0.0,0.0,0.0,1.0,1.0,0.0,429.0,440.0,0.9683972911963883,0.9932279909706546,high,high,high_hetero/high_length
hotpotqa,5a8bc03d5542996e8ac88a0b,40%,591,1478,11,134.36363636363637,44.95102936888447,0.3345475798766774,42.0,201.0,4.785714285714286,0.17714356009349252,budget-top-k,knapsack-redundancy,1.0,1.0,0.0,1.0,1.0,0.0,0.0,0.0,0.0,1.0,1.0,0.0,572.0,583.0,0.9678510998307953,0.9864636209813875,high,high,high_hetero/high_length
hotpotqa,5a8bc03d5542996e8ac88a0b,50%,739,1478,11,134.36363636363637,44.95102936888447,0.3345475798766774,42.0,201.0,4.785714285714286,0.17714356009349252,budget-top-k,knapsack-redundancy,1.0,1.0,0.0,1.0,1.0,0.0,0.0,0.0,0.0,1.0,1.0,0.0,710.0,710.0,0.9607577807848444,0.9607577807848444,high,high,high_hetero/high_length
hotpotqa,5ab8869155429916710eb081,30%,415,1385,10,138.5,48.9800979990853,0.3536469169609047,37.0,216.0,5.837837837837838,0.18346570397111894,budget-top-k,knapsack-redundancy,0.9047619047619048,0.9047619047619048,0.0,0.0,0.0,0.0,0.5,0.5,0.0,1.0,1.0,0.0,380.0,380.0,0.9156626506024096,0.9156626506024096,high,medium,high_hetero/medium_length
hotpotqa,5ab8869155429916710eb081,40%,554,1385,10,138.5,48.9800979990853,0.3536469169609047,37.0,216.0,5.837837837837838,0.18346570397111894,budget-top-k,knapsack-redundancy,0.9047619047619048,0.9047619047619048,0.0,0.0,0.0,0.0,0.5,0.5,0.0,1.0,1.0,0.0,531.0,526.0,0.9584837545126353,0.9494584837545126,high,medium,high_hetero/medium_length
hotpotqa,5ab8869155429916710eb081,50%,692,1385,10,138.5,48.9800979990853,0.3536469169609047,37.0,216.0,5.837837837837838,0.18346570397111894,budget-top-k,knapsack-redundancy,0.9047619047619048,0.9047619047619048,0.0,0.0,0.0,0.0,0.5,0.5,0.0,1.0,1.0,0.0,677.0,677.0,0.9783236994219653,0.9783236994219653,high,medium,high_hetero/medium_length
hotpotqa,5adde17f5542992200553b87,30%,395,1317,8,164.625,48.85933252716414,0.29679169340722333,79.0,212.0,2.6835443037974684,0.16068716780561876,budget-top-k,knapsack-redundancy,1.0,0.7,-0.30000000000000004,1.0,0.0,-1.0,0.5,0.5,0.0,1.0,0.0,-1.0,381.0,345.0,0.9645569620253165,0.8734177215189873,medium,medium,medium_hetero/medium_length
hotpotqa,5adde17f5542992200553b87,40%,526,1317,8,164.625,48.85933252716414,0.29679169340722333,79.0,212.0,2.6835443037974684,0.16068716780561876,budget-top-k,knapsack-redundancy,1.0,1.0,0.0,1.0,1.0,0.0,0.5,0.5,0.0,1.0,1.0,0.0,478.0,478.0,0.908745247148289,0.908745247148289,medium,medium,medium_hetero/medium_length
hotpotqa,5adde17f5542992200553b87,50%,658,1317,8,164.625,48.85933252716414,0.29679169340722333,79.0,212.0,2.6835443037974684,0.16068716780561876,budget-top-k,knapsack-redundancy,1.0,1.0,0.0,1.0,1.0,0.0,0.5,0.5,0.0,1.0,1.0,0.0,656.0,627.0,0.9969604863221885,0.952887537993921,medium,medium,medium_hetero/medium_length
hotpotqa,5a776ac75542993569682d9b,30%,319,1065,7,152.14285714285714,38.871320942781644,0.25549225032814227,69.0,199.0,2.8840579710144927,0.13145539906103298,budget-top-k,knapsack-redundancy,0.75,0.75,0.0,0.0,0.0,0.0,0.5,0.5,0.0,1.0,1.0,0.0,268.0,268.0,0.8401253918495298,0.8401253918495298,medium,low,medium_hetero/low_length
hotpotqa,5a776ac75542993569682d9b,40%,426,1065,7,152.14285714285714,38.871320942781644,0.25549225032814227,69.0,199.0,2.8840579710144927,0.13145539906103298,budget-top-k,knapsack-redundancy,0.75,0.8055555555555557,0.05555555555555569,0.0,0.0,0.0,0.5,0.5,0.0,1.0,1.0,0.0,399.0,411.0,0.9366197183098591,0.9647887323943662,medium,low,medium_hetero/low_length
hotpotqa,5a776ac75542993569682d9b,50%,532,1065,7,152.14285714285714,38.871320942781644,0.25549225032814227,69.0,199.0,2.8840579710144927,0.13145539906103298,budget-top-k,knapsack-redundancy,0.7777777777777777,0.7777777777777777,0.0,0.0,0.0,0.0,0.5,0.5,0.0,1.0,1.0,0.0,432.0,529.0,0.8120300751879699,0.9943609022556391,medium,low,medium_hetero/low_length
hotpotqa,5ae70ed7554299572ea546a1,30%,338,1128,7,161.14285714285714,39.718396498450986,0.24647941089464265,87.0,213.0,2.4482758620689653,0.13399189463019257,budget-top-k,knapsack-redundancy,1.0,1.0,0.0,1.0,1.0,0.0,0.5,0.5,0.0,1.0,1.0,0.0,320.0,320.0,0.9467455621301775,0.9467455621301775,medium,low,medium_hetero/low_length
hotpotqa,5ae70ed7554299572ea546a1,40%,451,1128,7,161.14285714285714,39.718396498450986,0.24647941089464265,87.0,213.0,2.4482758620689653,0.13399189463019257,budget-top-k,knapsack-redundancy,1.0,1.0,0.0,1.0,1.0,0.0,0.5,0.5,0.0,1.0,1.0,0.0,407.0,407.0,0.9024390243902439,0.9024390243902439,medium,low,medium_hetero/low_length
hotpotqa,5ae70ed7554299572ea546a1,50%,564,1128,7,161.14285714285714,39.718396498450986,0.24647941089464265,87.0,213.0,2.4482758620689653,0.13399189463019257,budget-top-k,knapsack-redundancy,1.0,1.0,0.0,1.0,1.0,0.0,0.5,0.5,0.0,1.0,1.0,0.0,528.0,528.0,0.9361702127659575,0.9361702127659575,medium,low,medium_hetero/low_length
hotpotqa,5ae1fbf05542997f29b3c1e7,30%,217,726,5,145.4,46.876859963099065,0.3223993119883017,61.0,206.0,3.377049180327869,0.16066024759284736,budget-top-k,knapsack-redundancy,0.6538461538461539,0.6538461538461539,0.0,0.0,0.0,0.0,0.0,0.0,0.0,0.0,0.0,0.0,206.0,206.0,0.9493087557603687,0.9493087557603687,high,low,high_hetero/low_length
hotpotqa,5ae1fbf05542997f29b3c1e7,40%,290,726,5,145.4,46.876859963099065,0.3223993119883017,61.0,206.0,3.377049180327869,0.16066024759284736,budget-top-k,knapsack-redundancy,0.6923076923076923,0.6923076923076923,0.0,0.0,0.0,0.0,0.0,0.0,0.0,0.0,0.0,0.0,267.0,267.0,0.9206896551724137,0.9206896551724137,high,low,high_hetero/low_length
hotpotqa,5ae1fbf05542997f29b3c1e7,50%,363,726,5,145.4,46.876859963099065,0.3223993119883017,61.0,206.0,3.377049180327869,0.16066024759284736,budget-top-k,knapsack-redundancy,0.6923076923076923,1.0,0.3076923076923077,0.0,1.0,1.0,0.0,0.0,0.0,0.0,0.0,0.0,360.0,360.0,0.9917355371900827,0.9917355371900827,high,low,high_hetero/low_length
hotpotqa,5ac1c9a15542994ab5c67e1c,30%,337,1125,7,160.71428571428572,31.779212818239202,0.19773732420237725,113.0,207.0,1.831858407079646,0.11098412698412696,budget-top-k,knapsack-redundancy,1.0,1.0,0.0,1.0,1.0,0.0,0.5,0.5,0.0,1.0,1.0,0.0,320.0,320.0,0.9495548961424333,0.9495548961424333,low,low,low_hetero/low_length
hotpotqa,5ac1c9a15542994ab5c67e1c,40%,450,1125,7,160.71428571428572,31.779212818239202,0.19773732420237725,113.0,207.0,1.831858407079646,0.11098412698412696,budget-top-k,knapsack-redundancy,1.0,1.0,0.0,1.0,1.0,0.0,0.5,0.5,0.0,1.0,1.0,0.0,441.0,441.0,0.98,0.98,low,low,low_hetero/low_length
hotpotqa,5ac1c9a15542994ab5c67e1c,50%,562,1125,7,160.71428571428572,31.779212818239202,0.19773732420237725,113.0,207.0,1.831858407079646,0.11098412698412696,budget-top-k,knapsack-redundancy,1.0,1.0,0.0,1.0,1.0,0.0,0.5,0.5,0.0,1.0,1.0,0.0,476.0,476.0,0.8469750889679716,0.8469750889679716,low,low,low_hetero/low_length
hotpotqa,5a77c8905542995d831812ce,30%,279,931,7,133.0,36.932370625238775,0.27768699718224643,82.0,179.0,2.182926829268293,0.15160349854227406,budget-top-k,knapsack-redundancy,0.6666666666666666,0.6666666666666666,0.0,0.0,0.0,0.0,0.5,0.5,0.0,1.0,1.0,0.0,235.0,235.0,0.8422939068100358,0.8422939068100358,medium,low,medium_hetero/low_length
hotpotqa,5a77c8905542995d831812ce,40%,372,931,7,133.0,36.932370625238775,0.27768699718224643,82.0,179.0,2.182926829268293,0.15160349854227406,budget-top-k,knapsack-redundancy,0.6666666666666666,0.6666666666666666,0.0,0.0,0.0,0.0,0.5,0.5,0.0,1.0,1.0,0.0,325.0,325.0,0.8736559139784946,0.8736559139784946,medium,low,medium_hetero/low_length
hotpotqa,5a77c8905542995d831812ce,50%,465,931,7,133.0,36.932370625238775,0.27768699718224643,82.0,179.0,2.182926829268293,0.15160349854227406,budget-top-k,knapsack-redundancy,0.6666666666666666,0.6666666666666666,0.0,0.0,0.0,0.0,0.5,0.5,0.0,1.0,1.0,0.0,397.0,397.0,0.853763440860215,0.853763440860215,medium,low,medium_hetero/low_length
hotpotqa,5a89f68f5542992e4fca84b6,30%,579,1933,13,148.69230769230768,34.51729692461808,0.2321390895085541,78.0,209.0,2.6794871794871793,0.12591030283735938,budget-top-k,knapsack-redundancy,0.7307692307692308,0.6923076923076923,-0.03846153846153855,0.0,0.0,0.0,0.5,0.5,0.0,1.0,1.0,0.0,569.0,517.0,0.9827288428324698,0.8929188255613126,medium,high,medium_hetero/high_length
hotpotqa,5a89f68f5542992e4fca84b6,40%,773,1933,13,148.69230769230768,34.51729692461808,0.2321390895085541,78.0,209.0,2.6794871794871793,0.12591030283735938,budget-top-k,knapsack-redundancy,1.0,0.7307692307692308,-0.26923076923076916,1.0,0.0,-1.0,1.0,0.5,-0.5,1.0,1.0,0.0,766.0,755.0,0.9909443725743855,0.9767141009055628,medium,high,medium_hetero/high_length
hotpotqa,5a89f68f5542992e4fca84b6,50%,966,1933,13,148.69230769230768,34.51729692461808,0.2321390895085541,78.0,209.0,2.6794871794871793,0.12591030283735938,budget-top-k,knapsack-redundancy,1.0,1.0,0.0,1.0,1.0,0.0,1.0,1.0,0.0,1.0,1.0,0.0,930.0,932.0,0.9627329192546584,0.9648033126293996,medium,high,medium_hetero/high_length
hotpotqa,5a7f62405542992e7d278cf0,30%,374,1247,8,155.875,43.650422391999825,0.28003478679711197,98.0,218.0,2.2244897959183674,0.15868083400160393,budget-top-k,knapsack-redundancy,0.33796296296296297,0.33796296296296297,0.0,0.0,0.0,0.0,0.0,0.0,0.0,0.0,0.0,0.0,327.0,327.0,0.8743315508021391,0.8743315508021391,medium,medium,medium_hetero/medium_length
hotpotqa,5a7f62405542992e7d278cf0,40%,498,1247,8,155.875,43.650422391999825,0.28003478679711197,98.0,218.0,2.2244897959183674,0.15868083400160393,budget-top-k,knapsack-redundancy,0.7777777777777778,0.33796296296296297,-0.4398148148148148,0.0,0.0,0.0,0.0,0.0,0.0,1.0,0.0,-1.0,405.0,450.0,0.8132530120481928,0.9036144578313253,medium,medium,medium_hetero/medium_length
hotpotqa,5a7f62405542992e7d278cf0,50%,623,1247,8,155.875,43.650422391999825,0.28003478679711197,98.0,218.0,2.2244897959183674,0.15868083400160393,budget-top-k,knapsack-redundancy,0.8888888888888888,0.8888888888888888,0.0,0.0,0.0,0.0,0.0,0.0,0.0,1.0,1.0,0.0,609.0,609.0,0.9775280898876404,0.9775280898876404,medium,medium,medium_hetero/medium_length
hotpotqa,5a7ca4485542990527d554f1,30%,412,1376,10,137.6,29.57093167284386,0.2149050266921792,99.0,205.0,2.0707070707070705,0.11686046511627901,budget-top-k,knapsack-redundancy,1.0,1.0,0.0,1.0,1.0,0.0,1.0,1.0,0.0,1.0,1.0,0.0,339.0,339.0,0.8228155339805825,0.8228155339805825,low,medium,low_hetero/medium_length
hotpotqa,5a7ca4485542990527d554f1,40%,550,1376,10,137.6,29.57093167284386,0.2149050266921792,99.0,205.0,2.0707070707070705,0.11686046511627901,budget-top-k,knapsack-redundancy,1.0,1.0,0.0,1.0,1.0,0.0,1.0,1.0,0.0,1.0,1.0,0.0,544.0,544.0,0.9890909090909091,0.9890909090909091,low,medium,low_hetero/medium_length
hotpotqa,5a7ca4485542990527d554f1,50%,688,1376,10,137.6,29.57093167284386,0.2149050266921792,99.0,205.0,2.0707070707070705,0.11686046511627901,budget-top-k,knapsack-redundancy,1.0,1.0,0.0,1.0,1.0,0.0,1.0,1.0,0.0,1.0,1.0,0.0,665.0,672.0,0.9665697674418605,0.9767441860465116,low,medium,low_hetero/medium_length
hotpotqa,5a8347d65542996488c2e3f6,30%,402,1342,9,149.11111111111111,42.516518213368016,0.285133132578474,54.0,192.0,3.5555555555555554,0.14853452558370583,budget-top-k,knapsack-redundancy,0.5508771929824562,0.5508771929824562,0.0,0.0,0.0,0.0,0.5,0.5,0.0,1.0,1.0,0.0,353.0,353.0,0.8781094527363185,0.8781094527363185,medium,medium,medium_hetero/medium_length
hotpotqa,5a8347d65542996488c2e3f6,40%,536,1342,9,149.11111111111111,42.516518213368016,0.285133132578474,54.0,192.0,3.5555555555555554,0.14853452558370583,budget-top-k,knapsack-redundancy,0.5684210526315789,0.5684210526315789,0.0,0.0,0.0,0.0,0.5,0.5,0.0,1.0,1.0,0.0,526.0,526.0,0.9813432835820896,0.9813432835820896,medium,medium,medium_hetero/medium_length
hotpotqa,5a8347d65542996488c2e3f6,50%,671,1342,9,149.11111111111111,42.516518213368016,0.285133132578474,54.0,192.0,3.5555555555555554,0.14853452558370583,budget-top-k,knapsack-redundancy,0.5684210526315789,0.5684210526315789,0.0,0.0,0.0,0.0,0.5,0.5,0.0,1.0,1.0,0.0,662.0,662.0,0.9865871833084948,0.9865871833084948,medium,medium,medium_hetero/medium_length
hotpotqa,5ab8634e5542990e739ec8de,30%,485,1618,11,147.0909090909091,42.106908406307745,0.2862645194495582,55.0,196.0,3.5636363636363635,0.15574783683559956,budget-top-k,knapsack-redundancy,0.625,1.0,0.375,0.0,1.0,1.0,0.0,0.0,0.0,0.0,1.0,1.0,480.0,485.0,0.9896907216494846,1.0,medium,high,medium_hetero/high_length
hotpotqa,5ab8634e5542990e739ec8de,40%,647,1618,11,147.0909090909091,42.106908406307745,0.2862645194495582,55.0,196.0,3.5636363636363635,0.15574783683559956,budget-top-k,knapsack-redundancy,0.625,1.0,0.375,0.0,1.0,1.0,0.0,0.0,0.0,0.0,1.0,1.0,621.0,642.0,0.9598145285935085,0.9922720247295209,medium,high,medium_hetero/high_length
hotpotqa,5ab8634e5542990e739ec8de,50%,809,1618,11,147.0909090909091,42.106908406307745,0.2862645194495582,55.0,196.0,3.5636363636363635,0.15574783683559956,budget-top-k,knapsack-redundancy,1.0,1.0,0.0,1.0,1.0,0.0,0.0,0.0,0.0,1.0,1.0,0.0,800.0,800.0,0.9888751545117429,0.9888751545117429,medium,high,medium_hetero/high_length
hotpotqa,5ab85e9e55429934fafe6d8b,30%,393,1313,9,145.88888888888889,53.86494313340943,0.3692189552175818,15.0,206.0,13.733333333333333,0.18092578488618094,budget-top-k,knapsack-redundancy,0.7083333333333334,0.7083333333333334,0.0,0.0,0.0,0.0,0.0,0.0,0.0,0.0,0.0,0.0,329.0,329.0,0.8371501272264631,0.8371501272264631,high,medium,high_hetero/medium_length
hotpotqa,5ab85e9e55429934fafe6d8b,40%,525,1313,9,145.88888888888889,53.86494313340943,0.3692189552175818,15.0,206.0,13.733333333333333,0.18092578488618094,budget-top-k,knapsack-redundancy,1.0,1.0,0.0,1.0,1.0,0.0,0.0,0.0,0.0,0.0,0.0,0.0,520.0,520.0,0.9904761904761905,0.9904761904761905,high,medium,high_hetero/medium_length
hotpotqa,5ab85e9e55429934fafe6d8b,50%,656,1313,9,145.88888888888889,53.86494313340943,0.3692189552175818,15.0,206.0,13.733333333333333,0.18092578488618094,budget-top-k,knapsack-redundancy,1.0,0.788888888888889,-0.21111111111111103,1.0,0.0,-1.0,0.0,0.0,0.0,0.0,0.0,0.0,644.0,643.0,0.9817073170731707,0.9801829268292683,high,medium,high_hetero/medium_length
hotpotqa,5a79c9c05542994bb94570a5,30%,357,1192,8,149.0,40.85645603818325,0.27420440294082715,104.0,210.0,2.019230769230769,0.15121644295302006,budget-top-k,knapsack-redundancy,1.0,1.0,0.0,1.0,1.0,0.0,0.5,0.5,0.0,1.0,1.0,0.0,283.0,283.0,0.7927170868347339,0.7927170868347339,medium,medium,medium_hetero/medium_length
hotpotqa,5a79c9c05542994bb94570a5,40%,476,1192,8,149.0,40.85645603818325,0.27420440294082715,104.0,210.0,2.019230769230769,0.15121644295302006,budget-top-k,knapsack-redundancy,1.0,1.0,0.0,1.0,1.0,0.0,0.0,0.5,0.5,1.0,1.0,0.0,377.0,387.0,0.792016806722689,0.8130252100840336,medium,medium,medium_hetero/medium_length
hotpotqa,5a79c9c05542994bb94570a5,50%,596,1192,8,149.0,40.85645603818325,0.27420440294082715,104.0,210.0,2.019230769230769,0.15121644295302006,budget-top-k,knapsack-redundancy,1.0,1.0,0.0,1.0,1.0,0.0,0.5,0.5,0.0,1.0,1.0,0.0,587.0,587.0,0.9848993288590604,0.9848993288590604,medium,medium,medium_hetero/medium_length
hotpotqa,5a8c616f5542995e66a475de,30%,372,1243,9,138.11111111111111,48.144330332967314,0.34859128961923236,60.0,206.0,3.433333333333333,0.19862340216322516,budget-top-k,knapsack-redundancy,1.0,0.7142857142857143,-0.2857142857142857,1.0,0.0,-1.0,0.5,0.5,0.0,1.0,1.0,0.0,360.0,336.0,0.967741935483871,0.9032258064516129,high,medium,high_hetero/medium_length
hotpotqa,5a8c616f5542995e66a475de,40%,497,1243,9,138.11111111111111,48.144330332967314,0.34859128961923236,60.0,206.0,3.433333333333333,0.19862340216322516,budget-top-k,knapsack-redundancy,0.7142857142857143,1.0,0.2857142857142857,0.0,1.0,1.0,0.0,0.5,0.5,1.0,1.0,0.0,482.0,497.0,0.9698189134808853,1.0,high,medium,high_hetero/medium_length
hotpotqa,5a8c616f5542995e66a475de,50%,621,1243,9,138.11111111111111,48.144330332967314,0.34859128961923236,60.0,206.0,3.433333333333333,0.19862340216322516,budget-top-k,knapsack-redundancy,1.0,1.0,0.0,1.0,1.0,0.0,0.5,0.5,0.0,1.0,1.0,0.0,566.0,600.0,0.9114331723027376,0.966183574879227,high,medium,high_hetero/medium_length
hotpotqa,5ab90fdd55429916710eb0fc,30%,259,865,6,144.16666666666666,57.79970203690981,0.40092278869532816,58.0,200.0,3.4482758620689653,0.2098265895953757,budget-top-k,knapsack-redundancy,0.75,0.75,0.0,0.0,0.0,0.0,0.0,0.0,0.0,1.0,1.0,0.0,226.0,226.0,0.8725868725868726,0.8725868725868726,high,low,high_hetero/low_length
hotpotqa,5ab90fdd55429916710eb0fc,40%,346,865,6,144.16666666666666,57.79970203690981,0.40092278869532816,58.0,200.0,3.4482758620689653,0.2098265895953757,budget-top-k,knapsack-redundancy,1.0,0.75,-0.25,1.0,0.0,-1.0,0.0,0.0,0.0,1.0,1.0,0.0,343.0,296.0,0.9913294797687862,0.8554913294797688,high,low,high_hetero/low_length
hotpotqa,5ab90fdd55429916710eb0fc,50%,432,865,6,144.16666666666666,57.79970203690981,0.40092278869532816,58.0,200.0,3.4482758620689653,0.2098265895953757,budget-top-k,knapsack-redundancy,1.0,1.0,0.0,1.0,1.0,0.0,0.0,0.0,0.0,1.0,1.0,0.0,401.0,401.0,0.9282407407407407,0.9282407407407407,high,low,high_hetero/low_length
hotpotqa,5abe7f695542993f32c2a12d,30%,414,1383,10,138.3,37.22109616870519,0.26913301640423126,64.0,182.0,2.84375,0.14772234273318863,budget-top-k,knapsack-redundancy,0.6052631578947368,0.6052631578947368,0.0,0.0,0.0,0.0,0.5,0.5,0.0,0.3333333333333333,0.3333333333333333,0.0,394.0,394.0,0.9516908212560387,0.9516908212560387,medium,medium,medium_hetero/medium_length
hotpotqa,5abe7f695542993f32c2a12d,40%,553,1383,10,138.3,37.22109616870519,0.26913301640423126,64.0,182.0,2.84375,0.14772234273318863,budget-top-k,knapsack-redundancy,1.0,0.631578947368421,-0.368421052631579,1.0,0.0,-1.0,0.5,0.5,0.0,1.0,0.3333333333333333,-0.6666666666666667,548.0,543.0,0.9909584086799277,0.9819168173598554,medium,medium,medium_hetero/medium_length
hotpotqa,5abe7f695542993f32c2a12d,50%,691,1383,10,138.3,37.22109616870519,0.26913301640423126,64.0,182.0,2.84375,0.14772234273318863,budget-top-k,knapsack-redundancy,1.0,1.0,0.0,1.0,1.0,0.0,0.5,0.5,0.0,1.0,1.0,0.0,633.0,681.0,0.9160636758321273,0.9855282199710564,medium,medium,medium_hetero/medium_length
hotpotqa,5abeb0da5542997ec76fd34b,30%,489,1631,11,148.27272727272728,54.89177933002836,0.37020819903759167,26.0,213.0,8.192307692307692,0.19229697341285323,budget-top-k,knapsack-redundancy,0.8333333333333333,0.8333333333333333,0.0,0.0,0.0,0.0,0.5,0.5,0.0,0.0,0.0,0.0,440.0,440.0,0.8997955010224948,0.8997955010224948,high,high,high_hetero/high_length
hotpotqa,5abeb0da5542997ec76fd34b,40%,652,1631,11,148.27272727272728,54.89177933002836,0.37020819903759167,26.0,213.0,8.192307692307692,0.19229697341285323,budget-top-k,knapsack-redundancy,0.8333333333333333,0.8333333333333333,0.0,0.0,0.0,0.0,0.5,0.5,0.0,0.0,0.0,0.0,575.0,575.0,0.8819018404907976,0.8819018404907976,high,high,high_hetero/high_length
hotpotqa,5abeb0da5542997ec76fd34b,50%,815,1631,11,148.27272727272728,54.89177933002836,0.37020819903759167,26.0,213.0,8.192307692307692,0.19229697341285323,budget-top-k,knapsack-redundancy,0.9166666666666667,0.9166666666666667,0.0,0.0,0.0,0.0,0.5,0.5,0.0,0.0,0.0,0.0,765.0,765.0,0.9386503067484663,0.9386503067484663,high,high,high_hetero/high_length
hotpotqa,5a7521c55542993748c897c6,30%,456,1523,11,138.54545454545453,39.896146171514395,0.28796430963691494,65.0,205.0,3.1538461538461537,0.16094010975900752,budget-top-k,knapsack-redundancy,0.8253496503496504,1.0,0.17465034965034965,0.0,1.0,1.0,0.5,1.0,0.5,1.0,1.0,0.0,416.0,453.0,0.9122807017543859,0.993421052631579,medium,high,medium_hetero/high_length
hotpotqa,5a7521c55542993748c897c6,40%,609,1523,11,138.54545454545453,39.896146171514395,0.28796430963691494,65.0,205.0,3.1538461538461537,0.16094010975900752,budget-top-k,knapsack-redundancy,0.8253496503496504,0.8253496503496504,0.0,0.0,0.0,0.0,0.5,0.5,0.0,1.0,1.0,0.0,603.0,603.0,0.9901477832512315,0.9901477832512315,medium,high,medium_hetero/high_length
hotpotqa,5a7521c55542993748c897c6,50%,761,1523,11,138.54545454545453,39.896146171514395,0.28796430963691494,65.0,205.0,3.1538461538461537,0.16094010975900752,budget-top-k,knapsack-redundancy,1.0,1.0,0.0,1.0,1.0,0.0,1.0,1.0,0.0,1.0,1.0,0.0,754.0,754.0,0.9908015768725361,0.9908015768725361,medium,high,medium_hetero/high_length
hotpotqa,5adfda5255429942ec259b5e,30%,284,948,6,158.0,33.13105290609803,0.20969020826644322,96.0,203.0,2.1145833333333335,0.1128691983122363,budget-top-k,knapsack-redundancy,0.8333333333333334,0.8333333333333334,0.0,0.0,0.0,0.0,0.0,0.0,0.0,1.0,1.0,0.0,270.0,270.0,0.9507042253521126,0.9507042253521126,low,low,low_hetero/low_length
hotpotqa,5adfda5255429942ec259b5e,40%,379,948,6,158.0,33.13105290609803,0.20969020826644322,96.0,203.0,2.1145833333333335,0.1128691983122363,budget-top-k,knapsack-redundancy,1.0,1.0,0.0,1.0,1.0,0.0,0.0,0.0,0.0,1.0,1.0,0.0,346.0,346.0,0.9129287598944591,0.9129287598944591,low,low,low_hetero/low_length
hotpotqa,5adfda5255429942ec259b5e,50%,474,948,6,158.0,33.13105290609803,0.20969020826644322,96.0,203.0,2.1145833333333335,0.1128691983122363,budget-top-k,knapsack-redundancy,1.0,1.0,0.0,1.0,1.0,0.0,0.0,0.0,0.0,1.0,1.0,0.0,442.0,442.0,0.9324894514767933,0.9324894514767933,low,low,low_hetero/low_length
hotpotqa,5abaeda95542992ccd8e7e5d,30%,370,1235,10,123.5,57.61813950484691,0.46654363971535956,14.0,207.0,14.785714285714286,0.26388663967611325,budget-top-k,knapsack-redundancy,1.0,1.0,0.0,1.0,1.0,0.0,0.5,0.5,0.0,1.0,1.0,0.0,342.0,342.0,0.9243243243243243,0.9243243243243243,high,medium,high_hetero/medium_length
hotpotqa,5abaeda95542992ccd8e7e5d,40%,494,1235,10,123.5,57.61813950484691,0.46654363971535956,14.0,207.0,14.785714285714286,0.26388663967611325,budget-top-k,knapsack-redundancy,1.0,1.0,0.0,1.0,1.0,0.0,0.5,0.5,0.0,1.0,1.0,0.0,483.0,492.0,0.9777327935222672,0.9959514170040485,high,medium,high_hetero/medium_length
hotpotqa,5abaeda95542992ccd8e7e5d,50%,617,1235,10,123.5,57.61813950484691,0.46654363971535956,14.0,207.0,14.785714285714286,0.26388663967611325,budget-top-k,knapsack-redundancy,1.0,1.0,0.0,1.0,1.0,0.0,0.5,0.5,0.0,1.0,1.0,0.0,610.0,610.0,0.9886547811993517,0.9886547811993517,high,medium,high_hetero/medium_length
hotpotqa,5ae68e0055429908198fa607,30%,556,1854,13,142.6153846153846,49.97005020169345,0.3503833077788645,54.0,217.0,4.018518518518518,0.20039830719442375,budget-top-k,knapsack-redundancy,1.0,1.0,0.0,1.0,1.0,0.0,0.5,0.5,0.0,1.0,1.0,0.0,554.0,554.0,0.9964028776978417,0.9964028776978417,high,high,high_hetero/high_length
hotpotqa,5ae68e0055429908198fa607,40%,741,1854,13,142.6153846153846,49.97005020169345,0.3503833077788645,54.0,217.0,4.018518518518518,0.20039830719442375,budget-top-k,knapsack-redundancy,1.0,1.0,0.0,1.0,1.0,0.0,0.5,0.5,0.0,1.0,1.0,0.0,676.0,726.0,0.9122807017543859,0.979757085020243,high,high,high_hetero/high_length
hotpotqa,5ae68e0055429908198fa607,50%,927,1854,13,142.6153846153846,49.97005020169345,0.3503833077788645,54.0,217.0,4.018518518518518,0.20039830719442375,budget-top-k,knapsack-redundancy,0.5575757575757576,1.0,0.4424242424242424,0.0,1.0,1.0,0.0,0.5,0.5,1.0,1.0,0.0,913.0,912.0,0.9848975188781014,0.9838187702265372,high,high,high_hetero/high_length
hotpotqa,5a7577785542992d0ec05fa0,30%,338,1128,7,161.14285714285714,39.142335762950985,0.2429045659048377,91.0,210.0,2.3076923076923075,0.1342451874366768,budget-top-k,knapsack-redundancy,0.6527777777777778,0.6527777777777778,0.0,0.0,0.0,0.0,0.0,0.0,0.0,1.0,1.0,0.0,328.0,328.0,0.9704142011834319,0.9704142011834319,medium,low,medium_hetero/low_length
hotpotqa,5a7577785542992d0ec05fa0,40%,451,1128,7,161.14285714285714,39.142335762950985,0.2429045659048377,91.0,210.0,2.3076923076923075,0.1342451874366768,budget-top-k,knapsack-redundancy,1.0,1.0,0.0,1.0,1.0,0.0,0.0,0.0,0.0,1.0,1.0,0.0,392.0,392.0,0.8691796008869179,0.8691796008869179,medium,low,medium_hetero/low_length
hotpotqa,5a7577785542992d0ec05fa0,50%,564,1128,7,161.14285714285714,39.142335762950985,0.2429045659048377,91.0,210.0,2.3076923076923075,0.1342451874366768,budget-top-k,knapsack-redundancy,1.0,1.0,0.0,1.0,1.0,0.0,0.0,0.0,0.0,1.0,1.0,0.0,532.0,532.0,0.9432624113475178,0.9432624113475178,medium,low,medium_hetero/low_length
hotpotqa,5a7d147955429909bec76942,30%,439,1464,9,162.66666666666666,33.46308081718983,0.20571566076141287,87.0,217.0,2.4942528735632186,0.10777170613236176,budget-top-k,knapsack-redundancy,0.7222222222222223,0.29273504273504275,-0.42948717948717957,0.0,0.0,0.0,0.0,0.0,0.0,1.0,0.5,-0.5,386.0,418.0,0.8792710706150342,0.9521640091116174,low,high,low_hetero/high_length
hotpotqa,5a7d147955429909bec76942,40%,585,1464,9,162.66666666666666,33.46308081718983,0.20571566076141287,87.0,217.0,2.4942528735632186,0.10777170613236176,budget-top-k,knapsack-redundancy,0.7222222222222223,0.36004273504273504,-0.3621794871794873,0.0,0.0,0.0,0.0,0.0,0.0,1.0,0.5,-0.5,548.0,563.0,0.9367521367521368,0.9623931623931624,low,high,low_hetero/high_length
hotpotqa,5a7d147955429909bec76942,50%,732,1464,9,162.66666666666666,33.46308081718983,0.20571566076141287,87.0,217.0,2.4942528735632186,0.10777170613236176,budget-top-k,knapsack-redundancy,0.7222222222222223,0.37856125356125353,-0.3436609686609688,0.0,0.0,0.0,0.0,0.0,0.0,1.0,0.5,-0.5,635.0,716.0,0.8674863387978142,0.9781420765027322,low,high,low_hetero/high_length
hotpotqa,5a83a2a15542993344746063,30%,435,1450,9,161.22222222222223,40.33134369136016,0.25015995397811264,99.0,218.0,2.202020202020202,0.13967378819205134,budget-top-k,knapsack-redundancy,1.0,1.0,0.0,1.0,1.0,0.0,0.0,0.0,0.0,1.0,1.0,0.0,375.0,406.0,0.8620689655172413,0.9333333333333333,medium,high,medium_hetero/high_length
hotpotqa,5a83a2a15542993344746063,40%,580,1450,9,161.22222222222223,40.33134369136016,0.25015995397811264,99.0,218.0,2.202020202020202,0.13967378819205134,budget-top-k,knapsack-redundancy,1.0,1.0,0.0,1.0,1.0,0.0,0.0,0.0,0.0,1.0,1.0,0.0,490.0,527.0,0.8448275862068966,0.9086206896551724,medium,high,medium_hetero/high_length
hotpotqa,5a83a2a15542993344746063,50%,725,1450,9,161.22222222222223,40.33134369136016,0.25015995397811264,99.0,218.0,2.202020202020202,0.13967378819205134,budget-top-k,knapsack-redundancy,1.0,1.0,0.0,1.0,1.0,0.0,0.0,0.0,0.0,1.0,1.0,0.0,708.0,710.0,0.976551724137931,0.9793103448275862,medium,high,medium_hetero/high_length
hotpotqa,5ac079e9554299294b218fff,30%,336,1120,7,160.0,29.115533409406837,0.18197208380879273,92.0,190.0,2.0652173913043477,0.08341836734693886,budget-top-k,knapsack-redundancy,0.875,0.875,0.0,0.0,0.0,0.0,0.0,0.0,0.0,1.0,1.0,0.0,257.0,257.0,0.7648809523809523,0.7648809523809523,low,low,low_hetero/low_length
hotpotqa,5ac079e9554299294b218fff,40%,448,1120,7,160.0,29.115533409406837,0.18197208380879273,92.0,190.0,2.0652173913043477,0.08341836734693886,budget-top-k,knapsack-redundancy,1.0,1.0,0.0,1.0,1.0,0.0,0.5,0.5,0.0,1.0,1.0,0.0,421.0,421.0,0.9397321428571429,0.9397321428571429,low,low,low_hetero/low_length
hotpotqa,5ac079e9554299294b218fff,50%,560,1120,7,160.0,29.115533409406837,0.18197208380879273,92.0,190.0,2.0652173913043477,0.08341836734693886,budget-top-k,knapsack-redundancy,1.0,1.0,0.0,1.0,1.0,0.0,0.5,0.5,0.0,1.0,1.0,0.0,421.0,421.0,0.7517857142857143,0.7517857142857143,low,low,low_hetero/low_length
hotpotqa,5adca8375542990d50227cd4,30%,532,1775,11,161.36363636363637,30.139894212496763,0.18678244300702218,106.0,209.0,1.971698113207547,0.10519846350832274,budget-top-k,knapsack-redundancy,0.7647058823529411,0.7647058823529411,0.0,0.0,0.0,0.0,0.5,0.5,0.0,0.0,0.0,0.0,501.0,501.0,0.9417293233082706,0.9417293233082706,low,high,low_hetero/high_length
hotpotqa,5adca8375542990d50227cd4,40%,710,1775,11,161.36363636363637,30.139894212496763,0.18678244300702218,106.0,209.0,1.971698113207547,0.10519846350832274,budget-top-k,knapsack-redundancy,0.8235294117647058,0.8235294117647058,0.0,0.0,0.0,0.0,0.5,0.5,0.0,0.0,0.0,0.0,684.0,684.0,0.9633802816901409,0.9633802816901409,low,high,low_hetero/high_length
hotpotqa,5adca8375542990d50227cd4,50%,887,1775,11,161.36363636363637,30.139894212496763,0.18678244300702218,106.0,209.0,1.971698113207547,0.10519846350832274,budget-top-k,knapsack-redundancy,1.0,1.0,0.0,1.0,1.0,0.0,1.0,1.0,0.0,0.0,0.0,0.0,837.0,837.0,0.943630214205186,0.943630214205186,low,high,low_hetero/high_length
hotpotqa,5add4f3a5542997545bbbd2c,30%,623,2077,17,122.23529411764706,44.06082615412565,0.3604591167565621,27.0,207.0,7.666666666666667,0.1967955613429202,budget-top-k,knapsack-redundancy,0.7523809523809524,0.7428571428571429,-0.00952380952380949,0.0,0.0,0.0,0.5,0.5,0.0,0.2857142857142857,0.2857142857142857,0.0,619.0,620.0,0.9935794542536116,0.9951845906902087,high,high,high_hetero/high_length
hotpotqa,5add4f3a5542997545bbbd2c,40%,830,2077,17,122.23529411764706,44.06082615412565,0.3604591167565621,27.0,207.0,7.666666666666667,0.1967955613429202,budget-top-k,knapsack-redundancy,0.7523809523809524,0.7523809523809524,0.0,0.0,0.0,0.0,0.5,0.5,0.0,0.2857142857142857,0.2857142857142857,0.0,817.0,824.0,0.9843373493975903,0.9927710843373494,high,high,high_hetero/high_length
hotpotqa,5add4f3a5542997545bbbd2c,50%,1038,2077,17,122.23529411764706,44.06082615412565,0.3604591167565621,27.0,207.0,7.666666666666667,0.1967955613429202,budget-top-k,knapsack-redundancy,0.7619047619047619,0.7523809523809524,-0.00952380952380949,0.0,0.0,0.0,0.5,0.5,0.0,0.2857142857142857,0.2857142857142857,0.0,1030.0,1033.0,0.9922928709055877,0.9951830443159922,high,high,high_hetero/high_length
hotpotqa,5ae26cb15542994d89d5b421,30%,628,2096,14,149.71428571428572,42.502821034825054,0.2838928885913887,51.0,205.0,4.019607843137255,0.15321701199563798,budget-top-k,knapsack-redundancy,0.6388888888888888,0.7222222222222222,0.08333333333333337,0.0,0.0,0.0,0.0,0.0,0.0,0.0,1.0,1.0,604.0,591.0,0.9617834394904459,0.9410828025477707,medium,high,medium_hetero/high_length
hotpotqa,5ae26cb15542994d89d5b421,40%,838,2096,14,149.71428571428572,42.502821034825054,0.2838928885913887,51.0,205.0,4.019607843137255,0.15321701199563798,budget-top-k,knapsack-redundancy,0.6944444444444444,0.8333333333333333,0.13888888888888884,0.0,0.0,0.0,0.0,0.0,0.0,0.0,0.0,0.0,816.0,815.0,0.9737470167064439,0.9725536992840096,medium,high,medium_hetero/high_length
hotpotqa,5ae26cb15542994d89d5b421,50%,1048,2096,14,149.71428571428572,42.502821034825054,0.2838928885913887,51.0,205.0,4.019607843137255,0.15321701199563798,budget-top-k,knapsack-redundancy,0.6944444444444444,0.75,0.05555555555555558,0.0,0.0,0.0,0.0,0.0,0.0,0.0,0.0,0.0,1016.0,1046.0,0.9694656488549618,0.9980916030534351,medium,high,medium_hetero/high_length
hotpotqa,5a73cad5554299623ed4ac5e,30%,386,1289,8,161.125,28.131110447332148,0.1745918414109055,132.0,203.0,1.5378787878787878,0.0929984484096198,budget-top-k,knapsack-redundancy,0.5277777777777778,0.5277777777777778,0.0,0.0,0.0,0.0,0.0,0.0,0.0,0.6666666666666666,0.6666666666666666,0.0,274.0,274.0,0.7098445595854922,0.7098445595854922,low,medium,low_hetero/medium_length
hotpotqa,5a73cad5554299623ed4ac5e,40%,515,1289,8,161.125,28.131110447332148,0.1745918414109055,132.0,203.0,1.5378787878787878,0.0929984484096198,budget-top-k,knapsack-redundancy,0.6,0.6,0.0,0.0,0.0,0.0,0.0,0.0,0.0,0.6666666666666666,0.6666666666666666,0.0,477.0,477.0,0.9262135922330097,0.9262135922330097,low,medium,low_hetero/medium_length
hotpotqa,5a73cad5554299623ed4ac5e,50%,644,1289,8,161.125,28.131110447332148,0.1745918414109055,132.0,203.0,1.5378787878787878,0.0929984484096198,budget-top-k,knapsack-redundancy,0.6,0.6,0.0,0.0,0.0,0.0,0.0,0.0,0.0,0.6666666666666666,0.6666666666666666,0.0,625.0,625.0,0.9704968944099379,0.9704968944099379,low,medium,low_hetero/medium_length
hotpotqa,5ae0d5335542990adbacf674,30%,374,1247,8,155.875,40.79043239535467,0.2616868156879209,88.0,215.0,2.4431818181818183,0.14845629510825975,budget-top-k,knapsack-redundancy,0.75,0.75,0.0,0.0,0.0,0.0,0.0,0.0,0.0,1.0,1.0,0.0,369.0,369.0,0.9866310160427807,0.9866310160427807,medium,medium,medium_hetero/medium_length
hotpotqa,5ae0d5335542990adbacf674,40%,498,1247,8,155.875,40.79043239535467,0.2616868156879209,88.0,215.0,2.4431818181818183,0.14845629510825975,budget-top-k,knapsack-redundancy,1.0,1.0,0.0,1.0,1.0,0.0,0.5,0.5,0.0,1.0,1.0,0.0,495.0,495.0,0.9939759036144579,0.9939759036144579,medium,medium,medium_hetero/medium_length
hotpotqa,5ae0d5335542990adbacf674,50%,623,1247,8,155.875,40.79043239535467,0.2616868156879209,88.0,215.0,2.4431818181818183,0.14845629510825975,budget-top-k,knapsack-redundancy,1.0,0.7777777777777778,-0.2222222222222222,1.0,0.0,-1.0,0.5,0.0,-0.5,1.0,1.0,0.0,561.0,607.0,0.9004815409309791,0.9743178170144462,medium,medium,medium_hetero/medium_length
hotpotqa,5ab344fc55429969a97a811e,30%,317,1059,6,176.5,15.294334463018215,0.08665345304826184,153.0,196.0,1.2810457516339868,0.048630783758262464,budget-top-k,knapsack-redundancy,1.0,1.0,0.0,1.0,1.0,0.0,0.0,0.0,0.0,1.0,1.0,0.0,317.0,317.0,1.0,1.0,low,low,low_hetero/low_length
hotpotqa,5ab344fc55429969a97a811e,40%,423,1059,6,176.5,15.294334463018215,0.08665345304826184,153.0,196.0,1.2810457516339868,0.048630783758262464,budget-top-k,knapsack-redundancy,1.0,1.0,0.0,1.0,1.0,0.0,0.0,0.0,0.0,1.0,1.0,0.0,349.0,349.0,0.8250591016548463,0.8250591016548463,low,low,low_hetero/low_length
hotpotqa,5ab344fc55429969a97a811e,50%,529,1059,6,176.5,15.294334463018215,0.08665345304826184,153.0,196.0,1.2810457516339868,0.048630783758262464,budget-top-k,knapsack-redundancy,1.0,1.0,0.0,1.0,1.0,0.0,0.0,0.0,0.0,1.0,1.0,0.0,513.0,513.0,0.9697542533081286,0.9697542533081286,low,low,low_hetero/low_length
hotpotqa,5ae1319c55429920d5234301,30%,320,1069,7,152.71428571428572,30.843912507584218,0.20197136347342332,114.0,200.0,1.7543859649122806,0.11038353601496742,budget-top-k,knapsack-redundancy,0.5050505050505051,0.5050505050505051,0.0,0.0,0.0,0.0,0.0,0.0,0.0,0.0,0.0,0.0,314.0,314.0,0.98125,0.98125,low,low,low_hetero/low_length
hotpotqa,5ae1319c55429920d5234301,40%,427,1069,7,152.71428571428572,30.843912507584218,0.20197136347342332,114.0,200.0,1.7543859649122806,0.11038353601496742,budget-top-k,knapsack-redundancy,0.5723905723905723,0.5723905723905723,0.0,0.0,0.0,0.0,0.0,0.0,0.0,0.0,0.0,0.0,396.0,396.0,0.927400468384075,0.927400468384075,low,low,low_hetero/low_length
hotpotqa,5ae1319c55429920d5234301,50%,534,1069,7,152.71428571428572,30.843912507584218,0.20197136347342332,114.0,200.0,1.7543859649122806,0.11038353601496742,budget-top-k,knapsack-redundancy,0.6026936026936026,0.6026936026936026,0.0,0.0,0.0,0.0,0.0,0.0,0.0,0.0,0.0,0.0,525.0,525.0,0.9831460674157303,0.9831460674157303,low,low,low_hetero/low_length
hotpotqa,5abee41a5542993fe9a41d79,30%,336,1123,6,187.16666666666666,18.577914008006626,0.09925866789674066,165.0,217.0,1.3151515151515152,0.055654496883348115,budget-top-k,knapsack-redundancy,0.9,0.9,0.0,0.0,0.0,0.0,0.0,0.0,0.0,1.0,1.0,0.0,217.0,217.0,0.6458333333333334,0.6458333333333334,low,low,low_hetero/low_length
hotpotqa,5abee41a5542993fe9a41d79,40%,449,1123,6,187.16666666666666,18.577914008006626,0.09925866789674066,165.0,217.0,1.3151515151515152,0.055654496883348115,budget-top-k,knapsack-redundancy,1.0,1.0,0.0,1.0,1.0,0.0,0.0,0.0,0.0,1.0,1.0,0.0,421.0,421.0,0.9376391982182628,0.9376391982182628,low,low,low_hetero/low_length
hotpotqa,5abee41a5542993fe9a41d79,50%,561,1123,6,187.16666666666666,18.577914008006626,0.09925866789674066,165.0,217.0,1.3151515151515152,0.055654496883348115,budget-top-k,knapsack-redundancy,1.0,1.0,0.0,1.0,1.0,0.0,0.0,0.0,0.0,1.0,1.0,0.0,421.0,550.0,0.750445632798574,0.9803921568627451,low,low,low_hetero/low_length
hotpotqa,5a7daad55542995f4f4022b7,30%,312,1040,6,173.33333333333334,29.987034235186083,0.17300212058761202,121.0,217.0,1.7933884297520661,0.09455128205128194,budget-top-k,knapsack-redundancy,0.3912037037037037,0.9444444444444445,0.5532407407407408,0.0,0.0,0.0,0.0,0.0,0.0,0.0,0.0,0.0,217.0,298.0,0.6955128205128205,0.9551282051282052,low,low,low_hetero/low_length
hotpotqa,5a7daad55542995f4f4022b7,40%,416,1040,6,173.33333333333334,29.987034235186083,0.17300212058761202,121.0,217.0,1.7933884297520661,0.09455128205128194,budget-top-k,knapsack-redundancy,0.9722222222222222,0.9722222222222222,0.0,0.0,0.0,0.0,0.0,0.0,0.0,0.0,0.0,0.0,394.0,394.0,0.9471153846153846,0.9471153846153846,low,low,low_hetero/low_length
hotpotqa,5a7daad55542995f4f4022b7,50%,520,1040,6,173.33333333333334,29.987034235186083,0.17300212058761202,121.0,217.0,1.7933884297520661,0.09455128205128194,budget-top-k,knapsack-redundancy,0.9722222222222222,0.9722222222222222,0.0,0.0,0.0,0.0,0.0,0.0,0.0,0.0,0.0,0.0,515.0,515.0,0.9903846153846154,0.9903846153846154,low,low,low_hetero/low_length
hotpotqa,5a8ff6635542995651fb5086,30%,312,1042,7,148.85714285714286,28.87128366401749,0.19395296127458966,104.0,189.0,1.8173076923076923,0.108856594461201,budget-top-k,knapsack-redundancy,0.8333333333333333,0.8333333333333333,0.0,0.0,0.0,0.0,0.5,0.5,0.0,0.5,0.5,0.0,299.0,299.0,0.9583333333333334,0.9583333333333334,low,low,low_hetero/low_length
hotpotqa,5a8ff6635542995651fb5086,40%,416,1042,7,148.85714285714286,28.87128366401749,0.19395296127458966,104.0,189.0,1.8173076923076923,0.108856594461201,budget-top-k,knapsack-redundancy,1.0,1.0,0.0,1.0,1.0,0.0,0.5,0.5,0.0,1.0,1.0,0.0,343.0,343.0,0.8245192307692307,0.8245192307692307,low,low,low_hetero/low_length
hotpotqa,5a8ff6635542995651fb5086,50%,521,1042,7,148.85714285714286,28.87128366401749,0.19395296127458966,104.0,189.0,1.8173076923076923,0.108856594461201,budget-top-k,knapsack-redundancy,1.0,1.0,0.0,1.0,1.0,0.0,0.5,0.5,0.0,1.0,1.0,0.0,504.0,504.0,0.9673704414587332,0.9673704414587332,low,low,low_hetero/low_length
hotpotqa,5ae3c0cc5542992f92d82369,30%,378,1260,9,140.0,35.92584956081995,0.25661321114871394,83.0,197.0,2.3734939759036147,0.13774250440917113,budget-top-k,knapsack-redundancy,0.7777777777777778,0.7777777777777778,0.0,0.0,0.0,0.0,0.5,0.5,0.0,0.0,0.0,0.0,367.0,367.0,0.9708994708994709,0.9708994708994709,medium,medium,medium_hetero/medium_length
hotpotqa,5ae3c0cc5542992f92d82369,40%,504,1260,9,140.0,35.92584956081995,0.25661321114871394,83.0,197.0,2.3734939759036147,0.13774250440917113,budget-top-k,knapsack-redundancy,0.7777777777777778,0.7777777777777778,0.0,0.0,0.0,0.0,0.5,0.5,0.0,0.0,0.0,0.0,504.0,504.0,1.0,1.0,medium,medium,medium_hetero/medium_length
hotpotqa,5ae3c0cc5542992f92d82369,50%,630,1260,9,140.0,35.92584956081995,0.25661321114871394,83.0,197.0,2.3734939759036147,0.13774250440917113,budget-top-k,knapsack-redundancy,1.0,0.7777777777777778,-0.2222222222222222,1.0,0.0,-1.0,0.5,0.5,0.0,0.0,0.0,0.0,553.0,587.0,0.8777777777777778,0.9317460317460318,medium,medium,medium_hetero/medium_length
hotpotqa,5a8485fa5542992a431d1a41,30%,433,1446,10,144.6,34.2116939072008,0.2365953935491065,83.0,197.0,2.3734939759036147,0.12572614107883817,budget-top-k,knapsack-redundancy,0.7142857142857143,0.7142857142857143,0.0,0.0,0.0,0.0,0.0,0.0,0.0,0.5,0.5,0.0,421.0,421.0,0.9722863741339491,0.9722863741339491,medium,high,medium_hetero/high_length
hotpotqa,5a8485fa5542992a431d1a41,40%,578,1446,10,144.6,34.2116939072008,0.2365953935491065,83.0,197.0,2.3734939759036147,0.12572614107883817,budget-top-k,knapsack-redundancy,0.7142857142857143,1.0,0.2857142857142857,0.0,1.0,1.0,0.0,0.5,0.5,0.5,1.0,0.5,533.0,560.0,0.9221453287197232,0.9688581314878892,medium,high,medium_hetero/high_length
hotpotqa,5a8485fa5542992a431d1a41,50%,723,1446,10,144.6,34.2116939072008,0.2365953935491065,83.0,197.0,2.3734939759036147,0.12572614107883817,budget-top-k,knapsack-redundancy,1.0,1.0,0.0,1.0,1.0,0.0,0.5,0.5,0.0,1.0,1.0,0.0,672.0,702.0,0.9294605809128631,0.970954356846473,medium,high,medium_hetero/high_length
hotpotqa,5ae1389655429901ffe4ae05,30%,524,1747,11,158.8181818181818,41.19977533437902,0.2594147273486945,71.0,220.0,3.0985915492957745,0.14487172815736082,budget-top-k,knapsack-redundancy,1.0,1.0,0.0,1.0,1.0,0.0,1.0,1.0,0.0,1.0,1.0,0.0,467.0,505.0,0.8912213740458015,0.9637404580152672,medium,high,medium_hetero/high_length
hotpotqa,5ae1389655429901ffe4ae05,40%,698,1747,11,158.8181818181818,41.19977533437902,0.2594147273486945,71.0,220.0,3.0985915492957745,0.14487172815736082,budget-top-k,knapsack-redundancy,1.0,1.0,0.0,1.0,1.0,0.0,1.0,1.0,0.0,1.0,1.0,0.0,687.0,687.0,0.9842406876790831,0.9842406876790831,medium,high,medium_hetero/high_length
hotpotqa,5ae1389655429901ffe4ae05,50%,873,1747,11,158.8181818181818,41.19977533437902,0.2594147273486945,71.0,220.0,3.0985915492957745,0.14487172815736082,budget-top-k,knapsack-redundancy,1.0,1.0,0.0,1.0,1.0,0.0,1.0,1.0,0.0,1.0,1.0,0.0,849.0,849.0,0.9725085910652921,0.9725085910652921,medium,high,medium_hetero/high_length
hotpotqa,5a7b73ad5542997c3ec9718c,30%,437,1459,11,132.63636363636363,54.45978120223255,0.41059464922862104,22.0,220.0,10.0,0.227553118574366,budget-top-k,knapsack-redundancy,0.7777777777777778,0.609375,-0.1684027777777778,0.0,0.0,0.0,0.0,0.5,0.5,0.5,1.0,0.5,424.0,430.0,0.9702517162471396,0.9839816933638444,high,high,high_hetero/high_length
hotpotqa,5a7b73ad5542997c3ec9718c,40%,583,1459,11,132.63636363636363,54.45978120223255,0.41059464922862104,22.0,220.0,10.0,0.227553118574366,budget-top-k,knapsack-redundancy,1.0,1.0,0.0,1.0,1.0,0.0,0.5,0.5,0.0,1.0,1.0,0.0,567.0,567.0,0.9725557461406518,0.9725557461406518,high,high,high_hetero/high_length
hotpotqa,5a7b73ad5542997c3ec9718c,50%,729,1459,11,132.63636363636363,54.45978120223255,0.41059464922862104,22.0,220.0,10.0,0.227553118574366,budget-top-k,knapsack-redundancy,1.0,1.0,0.0,1.0,1.0,0.0,0.5,0.5,0.0,1.0,1.0,0.0,713.0,713.0,0.9780521262002744,0.9780521262002744,high,high,high_hetero/high_length
hotpotqa,5a7a68d25542996c55b2dd98,30%,410,1367,9,152.0,49.866488413228645,0.3280690027186095,61.0,215.0,3.5245901639344264,0.1822612085769979,budget-top-k,knapsack-redundancy,0.6071428571428571,0.6071428571428571,0.0,0.0,0.0,0.0,0.0,0.0,0.0,0.0,0.0,0.0,409.0,409.0,0.9975609756097561,0.9975609756097561,high,medium,high_hetero/medium_length
hotpotqa,5a7a68d25542996c55b2dd98,40%,546,1367,9,152.0,49.866488413228645,0.3280690027186095,61.0,215.0,3.5245901639344264,0.1822612085769979,budget-top-k,knapsack-redundancy,0.6785714285714286,0.6071428571428571,-0.07142857142857151,0.0,0.0,0.0,0.0,0.0,0.0,0.0,0.0,0.0,486.0,533.0,0.8901098901098901,0.9761904761904762,high,medium,high_hetero/medium_length
hotpotqa,5a7a68d25542996c55b2dd98,50%,683,1367,9,152.0,49.866488413228645,0.3280690027186095,61.0,215.0,3.5245901639344264,0.1822612085769979,budget-top-k,knapsack-redundancy,0.6785714285714286,0.6785714285714286,0.0,0.0,0.0,0.0,0.0,0.0,0.0,0.0,0.0,0.0,619.0,619.0,0.9062957540263543,0.9062957540263543,high,medium,high_hetero/medium_length
hotpotqa,5ae2bb545542992decbdcd88,30%,297,990,7,141.42857142857142,49.42485535164076,0.34946867420352057,46.0,193.0,4.195652173913044,0.18787878787878798,budget-top-k,knapsack-redundancy,0.8148148148148149,0.8148148148148149,0.0,0.0,0.0,0.0,0.0,0.0,0.0,0.0,0.0,0.0,252.0,252.0,0.8484848484848485,0.8484848484848485,high,low,high_hetero/low_length
hotpotqa,5ae2bb545542992decbdcd88,40%,396,990,7,141.42857142857142,49.42485535164076,0.34946867420352057,46.0,193.0,4.195652173913044,0.18787878787878798,budget-top-k,knapsack-redundancy,0.8148148148148149,0.8148148148148149,0.0,0.0,0.0,0.0,0.0,0.0,0.0,0.0,0.0,0.0,366.0,366.0,0.9242424242424242,0.9242424242424242,high,low,high_hetero/low_length
hotpotqa,5ae2bb545542992decbdcd88,50%,495,990,7,141.42857142857142,49.42485535164076,0.34946867420352057,46.0,193.0,4.195652173913044,0.18787878787878798,budget-top-k,knapsack-redundancy,0.8148148148148149,0.8148148148148149,0.0,0.0,0.0,0.0,0.0,0.0,0.0,0.0,0.0,0.0,465.0,465.0,0.9393939393939394,0.9393939393939394,high,low,high_hetero/low_length
hotpotqa,5a8f47a55542997ba9cb3219,30%,315,1050,7,150.0,51.255661708174806,0.34170441138783203,58.0,217.0,3.7413793103448274,0.18639455782312941,budget-top-k,knapsack-redundancy,1.0,1.0,0.0,1.0,1.0,0.0,0.5,0.5,0.0,1.0,1.0,0.0,302.0,302.0,0.9587301587301588,0.9587301587301588,high,low,high_hetero/low_length
hotpotqa,5a8f47a55542997ba9cb3219,40%,420,1050,7,150.0,51.255661708174806,0.34170441138783203,58.0,217.0,3.7413793103448274,0.18639455782312941,budget-top-k,knapsack-redundancy,1.0,1.0,0.0,1.0,1.0,0.0,0.5,0.5,0.0,1.0,1.0,0.0,302.0,302.0,0.719047619047619,0.719047619047619,high,low,high_hetero/low_length
hotpotqa,5a8f47a55542997ba9cb3219,50%,525,1050,7,150.0,51.255661708174806,0.34170441138783203,58.0,217.0,3.7413793103448274,0.18639455782312941,budget-top-k,knapsack-redundancy,1.0,1.0,0.0,1.0,1.0,0.0,0.5,0.5,0.0,1.0,1.0,0.0,478.0,478.0,0.9104761904761904,0.9104761904761904,high,low,high_hetero/low_length
hotpotqa,5ab1ebff5542993be8fa9882,30%,324,1082,7,154.57142857142858,55.88727722033022,0.3615627916287537,66.0,209.0,3.1666666666666665,0.19329284393979407,budget-top-k,knapsack-redundancy,1.0,0.8888888888888888,-0.11111111111111116,1.0,0.0,-1.0,0.0,0.0,0.0,1.0,1.0,0.0,256.0,285.0,0.7901234567901234,0.8796296296296297,high,low,high_hetero/low_length
hotpotqa,5ab1ebff5542993be8fa9882,40%,432,1082,7,154.57142857142858,55.88727722033022,0.3615627916287537,66.0,209.0,3.1666666666666665,0.19329284393979407,budget-top-k,knapsack-redundancy,1.0,1.0,0.0,1.0,1.0,0.0,0.0,0.0,0.0,1.0,1.0,0.0,395.0,395.0,0.9143518518518519,0.9143518518518519,high,low,high_hetero/low_length
hotpotqa,5ab1ebff5542993be8fa9882,50%,541,1082,7,154.57142857142858,55.88727722033022,0.3615627916287537,66.0,209.0,3.1666666666666665,0.19329284393979407,budget-top-k,knapsack-redundancy,1.0,1.0,0.0,1.0,1.0,0.0,0.0,0.0,0.0,1.0,1.0,0.0,475.0,475.0,0.878003696857671,0.878003696857671,high,low,high_hetero/low_length
hotpotqa,5a7fd7305542992e7d278dc2,30%,418,1394,11,126.72727272727273,31.746412564946635,0.25050971177504516,61.0,164.0,2.6885245901639343,0.13903743315508033,budget-top-k,knapsack-redundancy,0.8157894736842105,0.8157894736842105,0.0,0.0,0.0,0.0,0.5,0.5,0.0,0.6666666666666666,0.6666666666666666,0.0,403.0,403.0,0.9641148325358851,0.9641148325358851,medium,medium,medium_hetero/medium_length
hotpotqa,5a7fd7305542992e7d278dc2,40%,557,1394,11,126.72727272727273,31.746412564946635,0.25050971177504516,61.0,164.0,2.6885245901639343,0.13903743315508033,budget-top-k,knapsack-redundancy,0.8157894736842105,0.8157894736842105,0.0,0.0,0.0,0.0,0.5,0.5,0.0,0.6666666666666666,0.6666666666666666,0.0,503.0,503.0,0.9030520646319569,0.9030520646319569,medium,medium,medium_hetero/medium_length
hotpotqa,5a7fd7305542992e7d278dc2,50%,697,1394,11,126.72727272727273,31.746412564946635,0.25050971177504516,61.0,164.0,2.6885245901639343,0.13903743315508033,budget-top-k,knapsack-redundancy,0.8157894736842105,1.0,0.1842105263157895,0.0,1.0,1.0,0.5,1.0,0.5,0.6666666666666666,1.0,0.33333333333333337,663.0,671.0,0.9512195121951219,0.9626972740315638,medium,medium,medium_hetero/medium_length
hotpotqa,5abb8aaf5542993f40c73b1c,30%,341,1139,7,162.71428571428572,39.58973274443148,0.24330827849957887,93.0,210.0,2.2580645161290325,0.13294870186880736,budget-top-k,knapsack-redundancy,0.75,0.75,0.0,0.0,0.0,0.0,0.0,0.0,0.0,1.0,1.0,0.0,303.0,303.0,0.8885630498533724,0.8885630498533724,medium,low,medium_hetero/low_length
hotpotqa,5abb8aaf5542993f40c73b1c,40%,455,1139,7,162.71428571428572,39.58973274443148,0.24330827849957887,93.0,210.0,2.2580645161290325,0.13294870186880736,budget-top-k,knapsack-redundancy,0.875,0.875,0.0,0.0,0.0,0.0,0.0,0.0,0.0,1.0,1.0,0.0,445.0,445.0,0.978021978021978,0.978021978021978,medium,low,medium_hetero/low_length
hotpotqa,5abb8aaf5542993f40c73b1c,50%,569,1139,7,162.71428571428572,39.58973274443148,0.24330827849957887,93.0,210.0,2.2580645161290325,0.13294870186880736,budget-top-k,knapsack-redundancy,1.0,1.0,0.0,1.0,1.0,0.0,0.5,0.5,0.0,1.0,1.0,0.0,548.0,548.0,0.9630931458699473,0.9630931458699473,medium,low,medium_hetero/low_length
hotpotqa,5abba584554299642a094afa,30%,399,1332,8,166.5,38.337318633415144,0.2302541659664573,117.0,216.0,1.8461538461538463,0.12856606606606613,budget-top-k,knapsack-redundancy,1.0,1.0,0.0,1.0,1.0,0.0,0.0,0.0,0.0,1.0,1.0,0.0,374.0,374.0,0.9373433583959899,0.9373433583959899,medium,medium,medium_hetero/medium_length
hotpotqa,5abba584554299642a094afa,40%,532,1332,8,166.5,38.337318633415144,0.2302541659664573,117.0,216.0,1.8461538461538463,0.12856606606606613,budget-top-k,knapsack-redundancy,1.0,1.0,0.0,1.0,1.0,0.0,0.0,0.0,0.0,1.0,1.0,0.0,530.0,530.0,0.9962406015037594,0.9962406015037594,medium,medium,medium_hetero/medium_length
hotpotqa,5abba584554299642a094afa,50%,666,1332,8,166.5,38.337318633415144,0.2302541659664573,117.0,216.0,1.8461538461538463,0.12856606606606613,budget-top-k,knapsack-redundancy,1.0,1.0,0.0,1.0,1.0,0.0,0.0,0.0,0.0,1.0,1.0,0.0,585.0,647.0,0.8783783783783784,0.9714714714714715,medium,medium,medium_hetero/medium_length
hotpotqa,5a804510554299485f5985af,30%,250,835,5,167.0,15.491933384829668,0.09276606817263275,141.0,189.0,1.3404255319148937,0.04982035928143724,budget-top-k,knapsack-redundancy,1.0,1.0,0.0,1.0,1.0,0.0,0.0,0.0,0.0,1.0,1.0,0.0,141.0,141.0,0.564,0.564,low,low,low_hetero/low_length
hotpotqa,5a804510554299485f5985af,40%,334,835,5,167.0,15.491933384829668,0.09276606817263275,141.0,189.0,1.3404255319148937,0.04982035928143724,budget-top-k,knapsack-redundancy,1.0,1.0,0.0,1.0,1.0,0.0,0.0,0.0,0.0,1.0,1.0,0.0,308.0,308.0,0.9221556886227545,0.9221556886227545,low,low,low_hetero/low_length
hotpotqa,5a804510554299485f5985af,50%,417,835,5,167.0,15.491933384829668,0.09276606817263275,141.0,189.0,1.3404255319148937,0.04982035928143724,budget-top-k,knapsack-redundancy,1.0,1.0,0.0,1.0,1.0,0.0,0.0,0.0,0.0,1.0,1.0,0.0,308.0,308.0,0.7386091127098321,0.7386091127098321,low,low,low_hetero/low_length
hotpotqa,5abb11c15542992ccd8e7ef8,30%,421,1404,10,140.4,27.10055349988262,0.19302388532679926,106.0,185.0,1.7452830188679245,0.10754985754985746,budget-top-k,knapsack-redundancy,0.7903225806451613,0.7903225806451613,0.0,0.0,0.0,0.0,0.0,0.0,0.0,1.0,1.0,0.0,322.0,414.0,0.7648456057007126,0.9833729216152018,low,medium,low_hetero/medium_length
hotpotqa,5abb11c15542992ccd8e7ef8,40%,561,1404,10,140.4,27.10055349988262,0.19302388532679926,106.0,185.0,1.7452830188679245,0.10754985754985746,budget-top-k,knapsack-redundancy,0.8064516129032258,0.8064516129032258,0.0,0.0,0.0,0.0,0.0,0.0,0.0,1.0,1.0,0.0,476.0,559.0,0.8484848484848485,0.9964349376114082,low,medium,low_hetero/medium_length
hotpotqa,5abb11c15542992ccd8e7ef8,50%,702,1404,10,140.4,27.10055349988262,0.19302388532679926,106.0,185.0,1.7452830188679245,0.10754985754985746,budget-top-k,knapsack-redundancy,0.8064516129032258,0.8064516129032258,0.0,0.0,0.0,0.0,0.0,0.0,0.0,1.0,1.0,0.0,701.0,679.0,0.9985754985754985,0.9672364672364673,low,medium,low_hetero/medium_length
hotpotqa,5ae376a35542990afbd1e163,30%,468,1562,11,142.0,51.55579501860097,0.3630689790042322,9.0,207.0,23.0,0.1803049703177746,budget-top-k,knapsack-redundancy,1.0,1.0,0.0,1.0,1.0,0.0,0.0,0.0,0.0,0.0,0.0,0.0,459.0,459.0,0.9807692307692307,0.9807692307692307,high,high,high_hetero/high_length
hotpotqa,5ae376a35542990afbd1e163,40%,624,1562,11,142.0,51.55579501860097,0.3630689790042322,9.0,207.0,23.0,0.1803049703177746,budget-top-k,knapsack-redundancy,1.0,1.0,0.0,1.0,1.0,0.0,0.0,0.0,0.0,0.0,0.0,0.0,512.0,600.0,0.8205128205128205,0.9615384615384616,high,high,high_hetero/high_length
hotpotqa,5ae376a35542990afbd1e163,50%,781,1562,11,142.0,51.55579501860097,0.3630689790042322,9.0,207.0,23.0,0.1803049703177746,budget-top-k,knapsack-redundancy,1.0,1.0,0.0,1.0,1.0,0.0,0.0,0.0,0.0,0.0,0.0,0.0,663.0,749.0,0.8489116517285531,0.9590268886043534,high,high,high_hetero/high_length
hotpotqa,5adc5b875542996e68525328,30%,440,1468,10,146.8,32.68883601476198,0.22267599465096716,96.0,203.0,2.1145833333333335,0.12643051771117153,budget-top-k,knapsack-redundancy,0.9090909090909092,0.9090909090909092,0.0,0.0,0.0,0.0,0.5,0.5,0.0,1.0,1.0,0.0,383.0,383.0,0.8704545454545455,0.8704545454545455,low,high,low_hetero/high_length
hotpotqa,5adc5b875542996e68525328,40%,587,1468,10,146.8,32.68883601476198,0.22267599465096716,96.0,203.0,2.1145833333333335,0.12643051771117153,budget-top-k,knapsack-redundancy,0.9090909090909092,0.9090909090909092,0.0,0.0,0.0,0.0,0.5,0.5,0.0,1.0,1.0,0.0,562.0,562.0,0.9574105621805792,0.9574105621805792,low,high,low_hetero/high_length
hotpotqa,5adc5b875542996e68525328,50%,734,1468,10,146.8,32.68883601476198,0.22267599465096716,96.0,203.0,2.1145833333333335,0.12643051771117153,budget-top-k,knapsack-redundancy,1.0,1.0,0.0,1.0,1.0,0.0,0.5,0.5,0.0,1.0,1.0,0.0,726.0,726.0,0.989100817438692,0.989100817438692,low,high,low_hetero/high_length
hotpotqa,5ae6b6065542991bbc976168,30%,522,1740,13,133.84615384615384,42.437005175719264,0.3170580846461784,68.0,203.0,2.985294117647059,0.1796640141467729,budget-top-k,knapsack-redundancy,1.0,1.0,0.0,1.0,1.0,0.0,1.0,1.0,0.0,1.0,1.0,0.0,488.0,488.0,0.9348659003831418,0.9348659003831418,high,high,high_hetero/high_length
hotpotqa,5ae6b6065542991bbc976168,40%,696,1740,13,133.84615384615384,42.437005175719264,0.3170580846461784,68.0,203.0,2.985294117647059,0.1796640141467729,budget-top-k,knapsack-redundancy,1.0,1.0,0.0,1.0,1.0,0.0,1.0,1.0,0.0,1.0,1.0,0.0,640.0,685.0,0.9195402298850575,0.9841954022988506,high,high,high_hetero/high_length
hotpotqa,5ae6b6065542991bbc976168,50%,870,1740,13,133.84615384615384,42.437005175719264,0.3170580846461784,68.0,203.0,2.985294117647059,0.1796640141467729,budget-top-k,knapsack-redundancy,1.0,1.0,0.0,1.0,1.0,0.0,1.0,1.0,0.0,1.0,1.0,0.0,832.0,868.0,0.9563218390804598,0.9977011494252873,high,high,high_hetero/high_length
hotpotqa,5a79d2fe5542994f819ef0c3,30%,219,730,4,182.5,34.78864757359791,0.1906227264306735,134.0,217.0,1.6194029850746268,0.10205479452054789,budget-top-k,knapsack-redundancy,0.8181818181818181,0.8181818181818181,0.0,0.0,0.0,0.0,0.0,0.0,0.0,1.0,1.0,0.0,165.0,165.0,0.7534246575342466,0.7534246575342466,low,low,low_hetero/low_length
hotpotqa,5a79d2fe5542994f819ef0c3,40%,292,730,4,182.5,34.78864757359791,0.1906227264306735,134.0,217.0,1.6194029850746268,0.10205479452054789,budget-top-k,knapsack-redundancy,0.8181818181818181,0.8181818181818181,0.0,0.0,0.0,0.0,0.0,0.0,0.0,1.0,1.0,0.0,165.0,165.0,0.565068493150685,0.565068493150685,low,low,low_hetero/low_length
hotpotqa,5a79d2fe5542994f819ef0c3,50%,365,730,4,182.5,34.78864757359791,0.1906227264306735,134.0,217.0,1.6194029850746268,0.10205479452054789,budget-top-k,knapsack-redundancy,0.9090909090909092,0.9090909090909092,0.0,0.0,0.0,0.0,0.0,0.0,0.0,1.0,1.0,0.0,299.0,299.0,0.8191780821917808,0.8191780821917808,low,low,low_hetero/low_length
hotpotqa,5ab38cdd5542992ade7c6de2,30%,463,1546,11,140.54545454545453,54.43989786304566,0.38734726810705195,28.0,218.0,7.785714285714286,0.21392449723626972,budget-top-k,knapsack-redundancy,1.0,1.0,0.0,1.0,1.0,0.0,0.5,0.5,0.0,1.0,1.0,0.0,442.0,442.0,0.9546436285097192,0.9546436285097192,high,high,high_hetero/high_length
hotpotqa,5ab38cdd5542992ade7c6de2,40%,618,1546,11,140.54545454545453,54.43989786304566,0.38734726810705195,28.0,218.0,7.785714285714286,0.21392449723626972,budget-top-k,knapsack-redundancy,1.0,1.0,0.0,1.0,1.0,0.0,0.5,0.5,0.0,1.0,1.0,0.0,591.0,591.0,0.9563106796116505,0.9563106796116505,high,high,high_hetero/high_length
hotpotqa,5ab38cdd5542992ade7c6de2,50%,773,1546,11,140.54545454545453,54.43989786304566,0.38734726810705195,28.0,218.0,7.785714285714286,0.21392449723626972,budget-top-k,knapsack-redundancy,1.0,1.0,0.0,1.0,1.0,0.0,0.5,0.5,0.0,1.0,1.0,0.0,763.0,763.0,0.9870633893919794,0.9870633893919794,high,high,high_hetero/high_length
hotpotqa,5ae73d235542991e8301cc29,30%,366,1221,7,174.42857142857142,41.81543509572629,0.23972812913192798,117.0,213.0,1.8205128205128205,0.12565812565812573,budget-top-k,knapsack-redundancy,0.8333333333333334,0.8333333333333334,0.0,0.0,0.0,0.0,0.5,0.5,0.0,1.0,1.0,0.0,356.0,356.0,0.9726775956284153,0.9726775956284153,medium,medium,medium_hetero/medium_length
hotpotqa,5ae73d235542991e8301cc29,40%,488,1221,7,174.42857142857142,41.81543509572629,0.23972812913192798,117.0,213.0,1.8205128205128205,0.12565812565812573,budget-top-k,knapsack-redundancy,1.0,1.0,0.0,1.0,1.0,0.0,1.0,1.0,0.0,1.0,1.0,0.0,473.0,473.0,0.9692622950819673,0.9692622950819673,medium,medium,medium_hetero/medium_length
hotpotqa,5ae73d235542991e8301cc29,50%,610,1221,7,174.42857142857142,41.81543509572629,0.23972812913192798,117.0,213.0,1.8205128205128205,0.12565812565812573,budget-top-k,knapsack-redundancy,1.0,1.0,0.0,1.0,1.0,0.0,1.0,1.0,0.0,1.0,1.0,0.0,594.0,594.0,0.9737704918032787,0.9737704918032787,medium,medium,medium_hetero/medium_length
hotpotqa,5a7a33205542996a35c1712f,30%,489,1631,12,135.91666666666666,48.582332751274464,0.35744205580336824,40.0,176.0,4.4,0.18276108726752516,budget-top-k,knapsack-redundancy,1.0,1.0,0.0,1.0,1.0,0.0,0.5,0.5,0.0,1.0,1.0,0.0,481.0,465.0,0.983640081799591,0.950920245398773,high,high,high_hetero/high_length
hotpotqa,5a7a33205542996a35c1712f,40%,652,1631,12,135.91666666666666,48.582332751274464,0.35744205580336824,40.0,176.0,4.4,0.18276108726752516,budget-top-k,knapsack-redundancy,1.0,1.0,0.0,1.0,1.0,0.0,0.5,0.5,0.0,1.0,1.0,0.0,639.0,639.0,0.9800613496932515,0.9800613496932515,high,high,high_hetero/high_length
hotpotqa,5a7a33205542996a35c1712f,50%,815,1631,12,135.91666666666666,48.582332751274464,0.35744205580336824,40.0,176.0,4.4,0.18276108726752516,budget-top-k,knapsack-redundancy,1.0,1.0,0.0,1.0,1.0,0.0,0.5,0.5,0.0,1.0,1.0,0.0,810.0,810.0,0.9938650306748467,0.9938650306748467,high,high,high_hetero/high_length
hotpotqa,5a799dfb5542994bb9457029,30%,543,1813,13,139.3846153846154,40.14883552586352,0.28804352198467204,51.0,213.0,4.176470588235294,0.14960095092545433,budget-top-k,knapsack-redundancy,1.0,1.0,0.0,1.0,1.0,0.0,0.5,0.5,0.0,1.0,1.0,0.0,524.0,537.0,0.9650092081031307,0.988950276243094,medium,high,medium_hetero/high_length
hotpotqa,5a799dfb5542994bb9457029,40%,725,1813,13,139.3846153846154,40.14883552586352,0.28804352198467204,51.0,213.0,4.176470588235294,0.14960095092545433,budget-top-k,knapsack-redundancy,1.0,1.0,0.0,1.0,1.0,0.0,0.5,0.5,0.0,1.0,1.0,0.0,598.0,710.0,0.8248275862068966,0.9793103448275862,medium,high,medium_hetero/high_length
hotpotqa,5a799dfb5542994bb9457029,50%,906,1813,13,139.3846153846154,40.14883552586352,0.28804352198467204,51.0,213.0,4.176470588235294,0.14960095092545433,budget-top-k,knapsack-redundancy,1.0,1.0,0.0,1.0,1.0,0.0,0.5,0.5,0.0,1.0,1.0,0.0,900.0,900.0,0.9933774834437086,0.9933774834437086,medium,high,medium_hetero/high_length
hotpotqa,5a71095e5542994082a3e4f3,30%,376,1256,9,139.55555555555554,44.95704396942859,0.32214442334781634,56.0,214.0,3.8214285714285716,0.17728237791932044,budget-top-k,knapsack-redundancy,0.7727272727272727,0.7727272727272727,0.0,0.0,0.0,0.0,0.0,0.0,0.0,1.0,1.0,0.0,374.0,374.0,0.9946808510638298,0.9946808510638298,high,medium,high_hetero/medium_length
hotpotqa,5a71095e5542994082a3e4f3,40%,502,1256,9,139.55555555555554,44.95704396942859,0.32214442334781634,56.0,214.0,3.8214285714285716,0.17728237791932044,budget-top-k,knapsack-redundancy,0.7727272727272727,0.7727272727272727,0.0,0.0,0.0,0.0,0.0,0.0,0.0,1.0,1.0,0.0,475.0,497.0,0.9462151394422311,0.9900398406374502,high,medium,high_hetero/medium_length
hotpotqa,5a71095e5542994082a3e4f3,50%,628,1256,9,139.55555555555554,44.95704396942859,0.32214442334781634,56.0,214.0,3.8214285714285716,0.17728237791932044,budget-top-k,knapsack-redundancy,0.7727272727272727,0.7727272727272727,0.0,0.0,0.0,0.0,0.0,0.0,0.0,1.0,1.0,0.0,623.0,623.0,0.9920382165605095,0.9920382165605095,high,medium,high_hetero/medium_length
hotpotqa,5aba77be55429955dce3ee44,30%,516,1722,11,156.54545454545453,32.9141131275811,0.21025275517037872,96.0,206.0,2.1458333333333335,0.11952275366909526,budget-top-k,knapsack-redundancy,1.0,1.0,0.0,1.0,1.0,0.0,1.0,1.0,0.0,0.0,0.0,0.0,424.0,512.0,0.8217054263565892,0.9922480620155039,low,high,low_hetero/high_length
hotpotqa,5aba77be55429955dce3ee44,40%,688,1722,11,156.54545454545453,32.9141131275811,0.21025275517037872,96.0,206.0,2.1458333333333335,0.11952275366909526,budget-top-k,knapsack-redundancy,1.0,1.0,0.0,1.0,1.0,0.0,1.0,1.0,0.0,0.0,0.0,0.0,572.0,660.0,0.8313953488372093,0.9593023255813954,low,high,low_hetero/high_length
hotpotqa,5aba77be55429955dce3ee44,50%,861,1722,11,156.54545454545453,32.9141131275811,0.21025275517037872,96.0,206.0,2.1458333333333335,0.11952275366909526,budget-top-k,knapsack-redundancy,1.0,1.0,0.0,1.0,1.0,0.0,1.0,1.0,0.0,0.0,0.0,0.0,861.0,841.0,1.0,0.9767711962833914,low,high,low_hetero/high_length
hotpotqa,5a8af94455429971feec45b6,30%,351,1173,9,130.33333333333334,24.576411454889016,0.18856581678942977,101.0,173.0,1.7128712871287128,0.10552240219759401,budget-top-k,knapsack-redundancy,1.0,1.0,0.0,1.0,1.0,0.0,0.5,0.5,0.0,1.0,1.0,0.0,304.0,304.0,0.8660968660968661,0.8660968660968661,low,medium,low_hetero/medium_length
hotpotqa,5a8af94455429971feec45b6,40%,469,1173,9,130.33333333333334,24.576411454889016,0.18856581678942977,101.0,173.0,1.7128712871287128,0.10552240219759401,budget-top-k,knapsack-redundancy,1.0,1.0,0.0,1.0,1.0,0.0,0.5,0.5,0.0,1.0,1.0,0.0,434.0,434.0,0.9253731343283582,0.9253731343283582,low,medium,low_hetero/medium_length
hotpotqa,5a8af94455429971feec45b6,50%,586,1173,9,130.33333333333334,24.576411454889016,0.18856581678942977,101.0,173.0,1.7128712871287128,0.10552240219759401,budget-top-k,knapsack-redundancy,1.0,1.0,0.0,1.0,1.0,0.0,0.5,0.5,0.0,1.0,1.0,0.0,583.0,583.0,0.9948805460750854,0.9948805460750854,low,medium,low_hetero/medium_length
hotpotqa,5abcedb355429959677d6b4f,30%,477,1590,11,144.63636363636363,37.56515001790581,0.25972133890443994,63.0,190.0,3.015873015873016,0.14079195474544326,budget-top-k,knapsack-redundancy,1.0,1.0,0.0,1.0,1.0,0.0,0.5,0.5,0.0,1.0,1.0,0.0,429.0,429.0,0.89937106918239,0.89937106918239,medium,high,medium_hetero/high_length
hotpotqa,5abcedb355429959677d6b4f,40%,636,1590,11,144.63636363636363,37.56515001790581,0.25972133890443994,63.0,190.0,3.015873015873016,0.14079195474544326,budget-top-k,knapsack-redundancy,1.0,1.0,0.0,1.0,1.0,0.0,0.5,0.5,0.0,1.0,1.0,0.0,613.0,613.0,0.9638364779874213,0.9638364779874213,medium,high,medium_hetero/high_length
hotpotqa,5abcedb355429959677d6b4f,50%,795,1590,11,144.63636363636363,37.56515001790581,0.25972133890443994,63.0,190.0,3.015873015873016,0.14079195474544326,budget-top-k,knapsack-redundancy,1.0,1.0,0.0,1.0,1.0,0.0,0.5,0.5,0.0,1.0,1.0,0.0,758.0,758.0,0.9534591194968554,0.9534591194968554,medium,high,medium_hetero/high_length
hotpotqa,5a713dcb5542994082a3e6d9,30%,554,1849,12,154.08333333333334,34.15518099628355,0.22166693994343026,83.0,219.0,2.63855421686747,0.1210113574905356,budget-top-k,knapsack-redundancy,1.0,1.0,0.0,1.0,1.0,0.0,0.5,0.5,0.0,1.0,1.0,0.0,516.0,516.0,0.9314079422382672,0.9314079422382672,low,high,low_hetero/high_length
hotpotqa,5a713dcb5542994082a3e6d9,40%,739,1849,12,154.08333333333334,34.15518099628355,0.22166693994343026,83.0,219.0,2.63855421686747,0.1210113574905356,budget-top-k,knapsack-redundancy,1.0,1.0,0.0,1.0,1.0,0.0,0.5,0.5,0.0,1.0,1.0,0.0,725.0,725.0,0.9810554803788903,0.9810554803788903,low,high,low_hetero/high_length
hotpotqa,5a713dcb5542994082a3e6d9,50%,924,1849,12,154.08333333333334,34.15518099628355,0.22166693994343026,83.0,219.0,2.63855421686747,0.1210113574905356,budget-top-k,knapsack-redundancy,1.0,1.0,0.0,1.0,1.0,0.0,0.5,0.5,0.0,1.0,1.0,0.0,908.0,908.0,0.9826839826839827,0.9826839826839827,low,high,low_hetero/high_length
hotpotqa,5ae383e15542992f92d822fb,30%,269,897,6,149.5,34.66866981392085,0.23189745694930333,94.0,192.0,2.0425531914893615,0.1280193236714975,budget-top-k,knapsack-redundancy,1.0,1.0,0.0,1.0,1.0,0.0,0.0,0.0,0.0,1.0,1.0,0.0,267.0,267.0,0.9925650557620818,0.9925650557620818,medium,low,medium_hetero/low_length
hotpotqa,5ae383e15542992f92d822fb,40%,358,897,6,149.5,34.66866981392085,0.23189745694930333,94.0,192.0,2.0425531914893615,0.1280193236714975,budget-top-k,knapsack-redundancy,1.0,1.0,0.0,1.0,1.0,0.0,0.0,0.0,0.0,1.0,1.0,0.0,301.0,301.0,0.840782122905028,0.840782122905028,medium,low,medium_hetero/low_length
hotpotqa,5ae383e15542992f92d822fb,50%,448,897,6,149.5,34.66866981392085,0.23189745694930333,94.0,192.0,2.0425531914893615,0.1280193236714975,budget-top-k,knapsack-redundancy,1.0,1.0,0.0,1.0,1.0,0.0,0.0,0.0,0.0,1.0,1.0,0.0,365.0,431.0,0.8147321428571429,0.9620535714285714,medium,low,medium_hetero/low_length
hotpotqa,5a85df525542994c784ddb9f,30%,359,1197,8,149.625,56.57724255387496,0.3781269343617374,43.0,219.0,5.093023255813954,0.21083959899749383,budget-top-k,knapsack-redundancy,1.0,1.0,0.0,1.0,1.0,0.0,1.0,1.0,0.0,1.0,1.0,0.0,322.0,322.0,0.8969359331476323,0.8969359331476323,high,medium,high_hetero/medium_length
hotpotqa,5a85df525542994c784ddb9f,40%,478,1197,8,149.625,56.57724255387496,0.3781269343617374,43.0,219.0,5.093023255813954,0.21083959899749383,budget-top-k,knapsack-redundancy,1.0,1.0,0.0,1.0,1.0,0.0,1.0,1.0,0.0,1.0,1.0,0.0,421.0,421.0,0.8807531380753139,0.8807531380753139,high,medium,high_hetero/medium_length
hotpotqa,5a85df525542994c784ddb9f,50%,598,1197,8,149.625,56.57724255387496,0.3781269343617374,43.0,219.0,5.093023255813954,0.21083959899749383,budget-top-k,knapsack-redundancy,1.0,1.0,0.0,1.0,1.0,0.0,1.0,1.0,0.0,1.0,1.0,0.0,541.0,541.0,0.9046822742474916,0.9046822742474916,high,medium,high_hetero/medium_length
hotpotqa,5a9030ef5542995651fb50e4,30%,362,1207,8,150.875,42.457147513699034,0.28140611442385444,86.0,207.0,2.4069767441860463,0.15586164043082018,budget-top-k,knapsack-redundancy,0.7,1.0,0.30000000000000004,0.0,1.0,1.0,0.5,0.5,0.0,0.5,1.0,0.5,293.0,319.0,0.8093922651933702,0.8812154696132597,medium,medium,medium_hetero/medium_length
hotpotqa,5a9030ef5542995651fb50e4,40%,482,1207,8,150.875,42.457147513699034,0.28140611442385444,86.0,207.0,2.4069767441860463,0.15586164043082018,budget-top-k,knapsack-redundancy,0.7333333333333334,0.7333333333333334,0.0,0.0,0.0,0.0,0.5,0.5,0.0,0.5,0.5,0.0,384.0,384.0,0.7966804979253111,0.7966804979253111,medium,medium,medium_hetero/medium_length
hotpotqa,5a9030ef5542995651fb50e4,50%,603,1207,8,150.875,42.457147513699034,0.28140611442385444,86.0,207.0,2.4069767441860463,0.15586164043082018,budget-top-k,knapsack-redundancy,1.0,1.0,0.0,1.0,1.0,0.0,0.5,0.5,0.0,1.0,1.0,0.0,526.0,526.0,0.8723051409618574,0.8723051409618574,medium,medium,medium_hetero/medium_length
hotpotqa,5a8a2d2155429930ff3c0cdc,30%,370,1235,8,154.375,36.2764989352611,0.23498946678711646,85.0,212.0,2.4941176470588236,0.1294534412955466,budget-top-k,knapsack-redundancy,1.0,1.0,0.0,1.0,1.0,0.0,0.0,0.0,0.0,1.0,1.0,0.0,361.0,361.0,0.9756756756756757,0.9756756756756757,medium,medium,medium_hetero/medium_length
hotpotqa,5a8a2d2155429930ff3c0cdc,40%,494,1235,8,154.375,36.2764989352611,0.23498946678711646,85.0,212.0,2.4941176470588236,0.1294534412955466,budget-top-k,knapsack-redundancy,1.0,1.0,0.0,1.0,1.0,0.0,0.0,0.0,0.0,1.0,1.0,0.0,482.0,482.0,0.9757085020242915,0.9757085020242915,medium,medium,medium_hetero/medium_length
hotpotqa,5a8a2d2155429930ff3c0cdc,50%,617,1235,8,154.375,36.2764989352611,0.23498946678711646,85.0,212.0,2.4941176470588236,0.1294534412955466,budget-top-k,knapsack-redundancy,1.0,1.0,0.0,1.0,1.0,0.0,0.0,0.0,0.0,1.0,1.0,0.0,616.0,616.0,0.9983792544570502,0.9983792544570502,medium,medium,medium_hetero/medium_length
hotpotqa,5a88fa9e5542993b751ca8de,30%,355,1186,8,148.25,18.81322673014919,0.12690203527925253,122.0,176.0,1.4426229508196722,0.07061551433389535,budget-top-k,knapsack-redundancy,1.0,1.0,0.0,1.0,1.0,0.0,0.0,0.0,0.0,1.0,1.0,0.0,308.0,308.0,0.8676056338028169,0.8676056338028169,low,medium,low_hetero/medium_length
hotpotqa,5a88fa9e5542993b751ca8de,40%,474,1186,8,148.25,18.81322673014919,0.12690203527925253,122.0,176.0,1.4426229508196722,0.07061551433389535,budget-top-k,knapsack-redundancy,1.0,1.0,0.0,1.0,1.0,0.0,0.0,0.0,0.0,1.0,1.0,0.0,469.0,469.0,0.989451476793249,0.989451476793249,low,medium,low_hetero/medium_length
hotpotqa,5a88fa9e5542993b751ca8de,50%,593,1186,8,148.25,18.81322673014919,0.12690203527925253,122.0,176.0,1.4426229508196722,0.07061551433389535,budget-top-k,knapsack-redundancy,1.0,1.0,0.0,1.0,1.0,0.0,0.0,0.0,0.0,1.0,1.0,0.0,484.0,591.0,0.8161888701517707,0.9966273187183811,low,medium,low_hetero/medium_length
hotpotqa,5ae7882b554299540e5a55dd,30%,343,1146,7,163.85714285714286,43.91039112760887,0.2679797191745964,80.0,219.0,2.7375,0.1464690496948562,budget-top-k,knapsack-redundancy,0.7142857142857143,0.7142857142857143,0.0,0.0,0.0,0.0,0.0,0.0,0.0,0.0,0.0,0.0,336.0,336.0,0.9795918367346939,0.9795918367346939,medium,low,medium_hetero/low_length
hotpotqa,5ae7882b554299540e5a55dd,40%,458,1146,7,163.85714285714286,43.91039112760887,0.2679797191745964,80.0,219.0,2.7375,0.1464690496948562,budget-top-k,knapsack-redundancy,0.7142857142857143,0.34615384615384615,-0.36813186813186816,0.0,0.0,0.0,0.0,0.0,0.0,0.0,0.0,0.0,416.0,448.0,0.9082969432314411,0.9781659388646288,medium,low,medium_hetero/low_length
hotpotqa,5ae7882b554299540e5a55dd,50%,573,1146,7,163.85714285714286,43.91039112760887,0.2679797191745964,80.0,219.0,2.7375,0.1464690496948562,budget-top-k,knapsack-redundancy,0.7142857142857143,0.7142857142857143,0.0,0.0,0.0,0.0,0.0,0.0,0.0,0.0,0.0,0.0,570.0,570.0,0.9947643979057592,0.9947643979057592,medium,low,medium_hetero/low_length
hotpotqa,5a81dacc55429926c1cdada0,30%,354,1182,7,168.85714285714286,27.894846279906112,0.1651979052109499,111.0,201.0,1.8108108108108107,0.08774474256707765,budget-top-k,knapsack-redundancy,1.0,1.0,0.0,1.0,1.0,0.0,0.0,0.0,0.0,1.0,1.0,0.0,349.0,349.0,0.9858757062146892,0.9858757062146892,low,medium,low_hetero/medium_length
hotpotqa,5a81dacc55429926c1cdada0,40%,472,1182,7,168.85714285714286,27.894846279906112,0.1651979052109499,111.0,201.0,1.8108108108108107,0.08774474256707765,budget-top-k,knapsack-redundancy,1.0,1.0,0.0,1.0,1.0,0.0,0.0,0.0,0.0,1.0,1.0,0.0,460.0,460.0,0.9745762711864406,0.9745762711864406,low,medium,low_hetero/medium_length
hotpotqa,5a81dacc55429926c1cdada0,50%,591,1182,7,168.85714285714286,27.894846279906112,0.1651979052109499,111.0,201.0,1.8108108108108107,0.08774474256707765,budget-top-k,knapsack-redundancy,1.0,1.0,0.0,1.0,1.0,0.0,0.0,0.0,0.0,1.0,1.0,0.0,503.0,503.0,0.8510998307952623,0.8510998307952623,low,medium,low_hetero/medium_length
hotpotqa,5ab322b1554299194fa93570,30%,303,1013,7,144.71428571428572,42.73410911242509,0.29529986553502036,98.0,214.0,2.183673469387755,0.16358764631222678,budget-top-k,knapsack-redundancy,1.0,1.0,0.0,1.0,1.0,0.0,0.0,0.0,0.0,1.0,1.0,0.0,295.0,295.0,0.9735973597359736,0.9735973597359736,medium,low,medium_hetero/low_length
hotpotqa,5ab322b1554299194fa93570,40%,405,1013,7,144.71428571428572,42.73410911242509,0.29529986553502036,98.0,214.0,2.183673469387755,0.16358764631222678,budget-top-k,knapsack-redundancy,1.0,1.0,0.0,1.0,1.0,0.0,0.0,0.0,0.0,1.0,1.0,0.0,348.0,348.0,0.8592592592592593,0.8592592592592593,medium,low,medium_hetero/low_length
hotpotqa,5ab322b1554299194fa93570,50%,506,1013,7,144.71428571428572,42.73410911242509,0.29529986553502036,98.0,214.0,2.183673469387755,0.16358764631222678,budget-top-k,knapsack-redundancy,1.0,1.0,0.0,1.0,1.0,0.0,0.0,0.0,0.0,1.0,1.0,0.0,461.0,461.0,0.9110671936758893,0.9110671936758893,medium,low,medium_hetero/low_length
hotpotqa,5a8a764555429930ff3c0de1,30%,407,1358,10,135.8,24.737825288412076,0.18216366191761468,102.0,195.0,1.911764705882353,0.0954344624447716,budget-top-k,knapsack-redundancy,0.19358974358974357,0.8205128205128206,0.626923076923077,0.0,0.0,0.0,0.0,0.5,0.5,0.0,0.0,0.0,321.0,367.0,0.7886977886977887,0.9017199017199017,low,medium,low_hetero/medium_length
hotpotqa,5a8a764555429930ff3c0de1,40%,543,1358,10,135.8,24.737825288412076,0.18216366191761468,102.0,195.0,1.911764705882353,0.0954344624447716,budget-top-k,knapsack-redundancy,0.5944444444444444,0.8205128205128206,0.22606837606837615,0.0,0.0,0.0,0.5,0.5,0.0,1.0,0.0,-1.0,534.0,497.0,0.9834254143646409,0.9152854511970534,low,medium,low_hetero/medium_length
hotpotqa,5a8a764555429930ff3c0de1,50%,679,1358,10,135.8,24.737825288412076,0.18216366191761468,102.0,195.0,1.911764705882353,0.0954344624447716,budget-top-k,knapsack-redundancy,0.5944444444444444,0.8205128205128206,0.22606837606837615,0.0,0.0,0.0,0.5,0.5,0.0,1.0,0.0,-1.0,664.0,622.0,0.9779086892488954,0.9160530191458026,low,medium,low_hetero/medium_length
hotpotqa,5a8d93bf554299068b959d46,30%,436,1455,10,145.5,46.705995332505225,0.32100340434711494,72.0,218.0,3.0277777777777777,0.17958762886597923,budget-top-k,knapsack-redundancy,0.6228070175438597,0.6228070175438597,0.0,0.0,0.0,0.0,0.0,0.0,0.0,1.0,1.0,0.0,405.0,405.0,0.9288990825688074,0.9288990825688074,high,high,high_hetero/high_length
hotpotqa,5a8d93bf554299068b959d46,40%,582,1455,10,145.5,46.705995332505225,0.32100340434711494,72.0,218.0,3.0277777777777777,0.17958762886597923,budget-top-k,knapsack-redundancy,0.6561403508771929,0.6561403508771929,0.0,0.0,0.0,0.0,0.0,0.0,0.0,1.0,1.0,0.0,547.0,547.0,0.9398625429553265,0.9398625429553265,high,high,high_hetero/high_length
hotpotqa,5a8d93bf554299068b959d46,50%,727,1455,10,145.5,46.705995332505225,0.32100340434711494,72.0,218.0,3.0277777777777777,0.17958762886597923,budget-top-k,knapsack-redundancy,0.6228070175438597,0.6228070175438597,0.0,0.0,0.0,0.0,0.0,0.0,0.0,1.0,1.0,0.0,705.0,705.0,0.9697386519944979,0.9697386519944979,high,high,high_hetero/high_length
hotpotqa,5abf04ae5542993fe9a41dbf,30%,338,1129,8,141.125,50.964295099608705,0.3611287518129935,35.0,211.0,6.0285714285714285,0.19143046944198416,budget-top-k,knapsack-redundancy,0.8125,0.8125,0.0,0.0,0.0,0.0,0.5,0.5,0.0,1.0,1.0,0.0,336.0,336.0,0.9940828402366864,0.9940828402366864,high,low,high_hetero/low_length
hotpotqa,5abf04ae5542993fe9a41dbf,40%,451,1129,8,141.125,50.964295099608705,0.3611287518129935,35.0,211.0,6.0285714285714285,0.19143046944198416,budget-top-k,knapsack-redundancy,0.6428571428571428,0.6428571428571428,0.0,0.0,0.0,0.0,0.0,0.0,0.0,1.0,1.0,0.0,443.0,443.0,0.9822616407982262,0.9822616407982262,high,low,high_hetero/low_length
hotpotqa,5abf04ae5542993fe9a41dbf,50%,564,1129,8,141.125,50.964295099608705,0.3611287518129935,35.0,211.0,6.0285714285714285,0.19143046944198416,budget-top-k,knapsack-redundancy,1.0,1.0,0.0,1.0,1.0,0.0,0.5,0.5,0.0,1.0,1.0,0.0,547.0,547.0,0.9698581560283688,0.9698581560283688,high,low,high_hetero/low_length
hotpotqa,5ab55b0c554299488d4d995e,30%,355,1184,9,131.55555555555554,55.041622858647436,0.41839071429715113,20.0,196.0,9.8,0.22747747747747749,budget-top-k,knapsack-redundancy,0.8134920634920636,0.8134920634920636,0.0,0.0,0.0,0.0,0.0,0.0,0.0,0.0,0.0,0.0,345.0,345.0,0.971830985915493,0.971830985915493,high,medium,high_hetero/medium_length
hotpotqa,5ab55b0c554299488d4d995e,40%,473,1184,9,131.55555555555554,55.041622858647436,0.41839071429715113,20.0,196.0,9.8,0.22747747747747749,budget-top-k,knapsack-redundancy,1.0,0.8134920634920636,-0.1865079365079364,1.0,0.0,-1.0,0.0,0.0,0.0,1.0,0.0,-1.0,459.0,466.0,0.9704016913319239,0.985200845665962,high,medium,high_hetero/medium_length
hotpotqa,5ab55b0c554299488d4d995e,50%,592,1184,9,131.55555555555554,55.041622858647436,0.41839071429715113,20.0,196.0,9.8,0.22747747747747749,budget-top-k,knapsack-redundancy,1.0,1.0,0.0,1.0,1.0,0.0,0.0,0.0,0.0,1.0,1.0,0.0,580.0,580.0,0.9797297297297297,0.9797297297297297,high,medium,high_hetero/medium_length
hotpotqa,5ae4a1875542995ad6573dd2,30%,426,1422,10,142.2,37.74864235969289,0.2654616199697109,49.0,181.0,3.693877551020408,0.1378340365682138,budget-top-k,knapsack-redundancy,0.8333333333333333,0.8333333333333333,0.0,0.0,0.0,0.0,0.5,0.5,0.0,0.0,0.0,0.0,348.0,348.0,0.8169014084507042,0.8169014084507042,medium,high,medium_hetero/high_length
hotpotqa,5ae4a1875542995ad6573dd2,40%,568,1422,10,142.2,37.74864235969289,0.2654616199697109,49.0,181.0,3.693877551020408,0.1378340365682138,budget-top-k,knapsack-redundancy,1.0,1.0,0.0,1.0,1.0,0.0,0.5,0.5,0.0,1.0,1.0,0.0,523.0,523.0,0.920774647887324,0.920774647887324,medium,high,medium_hetero/high_length
hotpotqa,5ae4a1875542995ad6573dd2,50%,711,1422,10,142.2,37.74864235969289,0.2654616199697109,49.0,181.0,3.693877551020408,0.1378340365682138,budget-top-k,knapsack-redundancy,1.0,1.0,0.0,1.0,1.0,0.0,0.5,0.5,0.0,1.0,1.0,0.0,703.0,656.0,0.9887482419127989,0.9226441631504922,medium,high,medium_hetero/high_length
hotpotqa,5abae3205542996cc5e49edc,30%,397,1324,8,165.5,21.615966321217286,0.13061006840614675,123.0,191.0,1.5528455284552845,0.07212990936555896,budget-top-k,knapsack-redundancy,1.0,1.0,0.0,1.0,1.0,0.0,0.5,0.5,0.0,1.0,1.0,0.0,338.0,338.0,0.8513853904282116,0.8513853904282116,low,medium,low_hetero/medium_length
hotpotqa,5abae3205542996cc5e49edc,40%,529,1324,8,165.5,21.615966321217286,0.13061006840614675,123.0,191.0,1.5528455284552845,0.07212990936555896,budget-top-k,knapsack-redundancy,1.0,1.0,0.0,1.0,1.0,0.0,0.5,0.5,0.0,1.0,1.0,0.0,488.0,488.0,0.9224952741020794,0.9224952741020794,low,medium,low_hetero/medium_length
hotpotqa,5abae3205542996cc5e49edc,50%,662,1324,8,165.5,21.615966321217286,0.13061006840614675,123.0,191.0,1.5528455284552845,0.07212990936555896,budget-top-k,knapsack-redundancy,1.0,1.0,0.0,1.0,1.0,0.0,0.5,0.5,0.0,1.0,1.0,0.0,640.0,640.0,0.9667673716012085,0.9667673716012085,low,medium,low_hetero/medium_length
hotpotqa,5ab5a4555542997d4ad1f19c,30%,257,859,5,171.8,40.53344298230783,0.2359338939598826,104.0,217.0,2.0865384615384617,0.12991850989522713,budget-top-k,knapsack-redundancy,1.0,1.0,0.0,1.0,1.0,0.0,0.0,0.0,0.0,1.0,1.0,0.0,206.0,206.0,0.8015564202334631,0.8015564202334631,medium,low,medium_hetero/low_length
hotpotqa,5ab5a4555542997d4ad1f19c,40%,343,859,5,171.8,40.53344298230783,0.2359338939598826,104.0,217.0,2.0865384615384617,0.12991850989522713,budget-top-k,knapsack-redundancy,1.0,1.0,0.0,1.0,1.0,0.0,0.0,0.0,0.0,1.0,1.0,0.0,310.0,310.0,0.9037900874635568,0.9037900874635568,medium,low,medium_hetero/low_length
hotpotqa,5ab5a4555542997d4ad1f19c,50%,429,859,5,171.8,40.53344298230783,0.2359338939598826,104.0,217.0,2.0865384615384617,0.12991850989522713,budget-top-k,knapsack-redundancy,1.0,1.0,0.0,1.0,1.0,0.0,0.0,0.0,0.0,1.0,1.0,0.0,385.0,385.0,0.8974358974358975,0.8974358974358975,medium,low,medium_hetero/low_length
hotpotqa,5abbd85a5542993f40c73be1,30%,348,1160,8,145.125,29.506090472985402,0.20331500756579088,82.0,179.0,2.182926829268293,0.1099267872523686,budget-top-k,knapsack-redundancy,0.7897727272727273,1.0,0.2102272727272727,0.0,1.0,1.0,0.0,0.0,0.0,1.0,1.0,0.0,305.0,342.0,0.8764367816091954,0.9827586206896551,low,low,low_hetero/low_length
hotpotqa,5abbd85a5542993f40c73be1,40%,464,1160,8,145.125,29.506090472985402,0.20331500756579088,82.0,179.0,2.182926829268293,0.1099267872523686,budget-top-k,knapsack-redundancy,1.0,1.0,0.0,1.0,1.0,0.0,0.0,0.0,0.0,1.0,1.0,0.0,387.0,387.0,0.834051724137931,0.834051724137931,low,low,low_hetero/low_length
hotpotqa,5abbd85a5542993f40c73be1,50%,580,1160,8,145.125,29.506090472985402,0.20331500756579088,82.0,179.0,2.182926829268293,0.1099267872523686,budget-top-k,knapsack-redundancy,1.0,1.0,0.0,1.0,1.0,0.0,0.0,0.0,0.0,1.0,1.0,0.0,552.0,552.0,0.9517241379310345,0.9517241379310345,low,low,low_hetero/low_length
