n,capacity,repetition,algorithm,value,used_weight,time_seconds,optimum,accuracy_gap_percent
100,500,0,DP exact,38766,500,0.0033601000031922013,38766,0.0
100,500,0,Greedy density,38661,499,2.469999890308827e-05,38766,0.27085590465872156
100,500,0,Simulated annealing,38682,500,0.0008100999984890223,38766,0.21668472372697725
100,500,0,Greedy value,32325,500,1.4699995517730713e-05,38766,16.61507506577929
100,500,0,Greedy lightest,34353,497,1.4999997802078724e-05,38766,11.383686735799412
100,500,0,Random feasible,22185,499,2.95999925583601e-05,38766,42.77201671567869
100,500,1,DP exact,38063,500,0.002995199989527464,38063,0.0
100,500,1,Greedy density,37941,498,2.0400009816512465e-05,38063,0.32052124110028113
100,500,1,Simulated annealing,37941,498,0.0008171000081347302,38063,0.32052124110028113
100,500,1,Greedy value,32952,500,1.550000160932541e-05,38063,13.427738223471612
100,500,1,Greedy lightest,33392,492,2.0399995264597237e-05,38063,12.271759976880436
100,500,1,Random feasible,22300,500,2.9099988751113415e-05,38063,41.41292068412894
100,500,2,DP exact,38786,500,0.0032412000000476837,38786,0.0
100,500,2,Greedy density,38736,500,2.4299995857290924e-05,38786,0.12891249419893777
100,500,2,Simulated annealing,38736,500,0.0007759000000078231,38786,0.12891249419893777
100,500,2,Greedy value,35317,500,1.3800003216601908e-05,38786,8.943948847522302
100,500,2,Greedy lightest,33015,500,1.6000005416572094e-05,38786,14.879080080441396
100,500,2,Random feasible,23605,500,2.6699999580159783e-05,38786,39.14041148868148
100,500,3,DP exact,34124,500,0.003332899999804795,34124,0.0
100,500,3,Greedy density,34124,500,2.580000727903098e-05,34124,0.0
100,500,3,Simulated annealing,34124,500,0.00090970000019297,34124,0.0
100,500,3,Greedy value,30815,500,1.3299999409355223e-05,34124,9.696987457507912
100,500,3,Greedy lightest,28964,489,1.4500008546747267e-05,34124,15.121322236549057
100,500,3,Random feasible,16801,500,2.9800008633174002e-05,34124,50.764857578244055
100,500,4,DP exact,32035,500,0.003031100000953302,32035,0.0
100,500,4,Greedy density,31934,500,2.0000006770715117e-05,32035,0.3152801623224598
100,500,4,Simulated annealing,31934,500,0.0010097000049427152,32035,0.3152801623224598
100,500,4,Greedy value,28636,499,1.3299999409355223e-05,32035,10.610270017168721
100,500,4,Greedy lightest,26509,492,1.3900003978051245e-05,32035,17.24988294053379
100,500,4,Random feasible,17331,500,3.2800002372823656e-05,32035,45.89979709692524
100,500,5,DP exact,31994,500,0.0030469999910565093,31994,0.0
100,500,5,Greedy density,31994,500,2.0799998310394585e-05,31994,0.0
100,500,5,Simulated annealing,31994,500,0.0007633000059286132,31994,0.0
100,500,5,Greedy value,28553,500,1.2999997125007212e-05,31994,10.755141589047946
100,500,5,Greedy lightest,26426,488,1.3800003216601908e-05,31994,17.403263111833468
100,500,5,Random feasible,22242,500,2.61999957729131e-05,31994,30.480715134087642
100,500,6,DP exact,34268,500,0.0031589999998686835,34268,0.0
100,500,6,Greedy density,34268,500,2.47000134550035e-05,34268,0.0
100,500,6,Simulated annealing,34268,500,0.0008027000003494322,34268,0.0
100,500,6,Greedy value,30497,500,1.3900003978051245e-05,34268,11.004435625072954
100,500,6,Greedy lightest,27800,484,1.5300000086426735e-05,34268,18.87475195517684
100,500,6,Random feasible,25449,500,2.7600006433203816e-05,34268,25.735379946305592
100,500,7,DP exact,32870,500,0.002986599996802397,32870,0.0
100,500,7,Greedy density,32870,500,1.619999238755554e-05,32870,0.0
100,500,7,Simulated annealing,32870,500,0.0007462999928975478,32870,0.0
100,500,7,Greedy value,29275,500,1.6300007700920105e-05,32870,10.937024642531183
100,500,7,Greedy lightest,26729,491,1.4199991710484028e-05,32870,18.682689382415578
100,500,7,Random feasible,17060,500,2.479999966453761e-05,32870,48.0985701247338
100,500,8,DP exact,36942,500,0.0031356999970739707,36942,0.0
100,500,8,Greedy density,36940,499,2.479999966453761e-05,36942,0.005413892046992583
100,500,8,Simulated annealing,36940,499,0.000913099996978417,36942,0.005413892046992583
100,500,8,Greedy value,34859,500,1.4299992471933365e-05,36942,5.638568566942775
100,500,8,Greedy lightest,32357,491,1.4399993233382702e-05,36942,12.411347517730496
100,500,8,Random feasible,23525,500,2.8299997211433947e-05,36942,36.31909479724974
100,500,9,DP exact,37913,500,0.0029887999990023673,37913,0.0
100,500,9,Greedy density,37835,497,1.9799990695901215e-05,37913,0.2057341808878221
100,500,9,Simulated annealing,37855,499,0.0009979000024031848,37913,0.1529818268140216
100,500,9,Greedy value,35067,500,1.2999997125007212e-05,37913,7.506659984701817
100,500,9,Greedy lightest,34488,488,1.4199991710484028e-05,37913,9.033840635138343
100,500,9,Random feasible,21571,500,2.9799994081258774e-05,37913,43.10394851370243
100,500,10,DP exact,35877,499,0.003025900005013682,35877,0.0
100,500,10,Greedy density,35877,499,2.0699997548945248e-05,35877,0.0
100,500,10,Simulated annealing,35877,499,0.0008139999990817159,35877,0.0
100,500,10,Greedy value,31927,500,1.2999997125007212e-05,35877,11.009839172729047
100,500,10,Greedy lightest,30513,484,1.4499993994832039e-05,35877,14.951082866460407
100,500,10,Random feasible,20581,500,2.6900001103058457e-05,35877,42.634556958497086
100,500,11,DP exact,33836,500,0.0032084999984363094,33836,0.0
100,500,11,Greedy density,33836,500,2.3200002033263445e-05,33836,0.0
100,500,11,Simulated annealing,33836,500,0.0008448000007774681,33836,0.0
100,500,11,Greedy value,30164,500,1.4000004739500582e-05,33836,10.85234661307483
100,500,11,Greedy lightest,28168,488,1.4499993994832039e-05,33836,16.75138905307956
100,500,11,Random feasible,21866,500,3.519999154377729e-05,33836,35.376522047523345
100,500,12,DP exact,37861,500,0.0031371000077342615,37861,0.0
100,500,12,Greedy density,37716,499,2.3200002033263445e-05,37861,0.38297984733630913
100,500,12,Simulated annealing,37716,499,0.0007658000104129314,37861,0.38297984733630913
100,500,12,Greedy value,31654,500,1.340000017080456e-05,37861,16.39417870632049
100,500,12,Greedy lightest,34285,484,1.3900003978051245e-05,37861,9.44507540741132
100,500,12,Random feasible,19499,500,2.6999987312592566e-05,37861,48.49845487440902
100,500,13,DP exact,31705,500,0.003047400008654222,31705,0.0
100,500,13,Greedy density,31605,497,2.680000034160912e-05,31705,0.31540766440624507
100,500,13,Simulated annealing,31605,497,0.0007302000012714416,31705,0.31540766440624507
100,500,13,Greedy value,27998,500,1.3700002455152571e-05,31705,11.692162119539505
100,500,13,Greedy lightest,25969,496,1.3900003978051245e-05,31705,18.091783630342217
100,500,13,Random feasible,15928,500,2.5199988158419728e-05,31705,49.761867213373286
100,500,14,DP exact,36602,500,0.002822699985699728,36602,0.0
100,500,14,Greedy density,36578,499,1.610000617802143e-05,36602,0.06557018742145237
100,500,14,Simulated annealing,36578,499,0.0007382999901892617,36602,0.06557018742145237
100,500,14,Greedy value,32646,500,1.309999788645655e-05,36602,10.8081525599694
100,500,14,Greedy lightest,32026,499,1.3800003216601908e-05,36602,12.50204906835692
100,500,14,Random feasible,19234,500,2.3999993572942913e-05,36602,47.45095896399104
100,500,15,DP exact,35263,499,0.003253000002587214,35263,0.0
100,500,15,Greedy density,35263,499,0.00015859999984968454,35263,0.0
100,500,15,Simulated annealing,35263,499,0.0009002000006148592,35263,0.0
100,500,15,Greedy value,33524,500,2.5899993488565087e-05,35263,4.931514618722173
100,500,15,Greedy lightest,29369,499,2.4900000425986946e-05,35263,16.714403198820293
100,500,15,Random feasible,18129,500,3.4500000765547156e-05,35263,48.589172787340836
100,500,16,DP exact,38945,500,0.0032161999988602474,38945,0.0
100,500,16,Greedy density,38914,500,3.220001235604286e-05,38945,0.07959943510078316
100,500,16,Simulated annealing,38914,500,0.000855200007208623,38945,0.07959943510078316
100,500,16,Greedy value,36063,500,1.9500002963468432e-05,38945,7.400179740659905
100,500,16,Greedy lightest,32962,488,1.990000600926578e-05,38945,15.36269097445115
100,500,16,Random feasible,24943,500,3.170000854879618e-05,38945,35.9532674284247
100,500,17,DP exact,34231,500,0.0029094000055920333,34231,0.0
100,500,17,Greedy density,34161,500,1.9500002963468432e-05,34231,0.20449300341795448
100,500,17,Simulated annealing,34161,500,0.000723599994671531,34231,0.20449300341795448
100,500,17,Greedy value,30790,500,1.309999788645655e-05,34231,10.052291782302591
100,500,17,Greedy lightest,28757,499,1.4599994756281376e-05,34231,15.991352867284041
100,500,17,Random feasible,16292,500,2.370000584051013e-05,34231,52.40571411878122
100,500,18,DP exact,33444,500,0.003278299991507083,33444,0.0
100,500,18,Greedy density,33425,500,2.7000001864507794e-05,33444,0.05681138619782323
100,500,18,Simulated annealing,33425,500,0.0007429999968735501,33444,0.05681138619782323
100,500,18,Greedy value,31409,500,1.5099998563528061e-05,33444,6.084798469082646
100,500,18,Greedy lightest,25745,499,1.4899997040629387e-05,33444,23.020571701949528
100,500,18,Random feasible,19812,500,3.329999162815511e-05,33444,40.76067456045927
100,500,19,DP exact,37343,500,0.003187399997841567,37343,0.0
100,500,19,Greedy density,37343,500,2.0899999071843922e-05,37343,0.0
100,500,19,Simulated annealing,37343,500,0.0008053000055951998,37343,0.0
100,500,19,Greedy value,34965,500,1.4499993994832039e-05,37343,6.3679940015531695
100,500,19,Greedy lightest,32702,486,1.4599994756281376e-05,37343,12.428032027421471
100,500,19,Random feasible,20174,500,2.6399997295811772e-05,37343,45.97648823072597
100,500,20,DP exact,32702,500,0.003070899998419918,32702,0.0
100,500,20,Greedy density,32672,499,2.510000194888562e-05,32702,0.0917375084092716
100,500,20,Simulated annealing,32672,499,0.0007499000057578087,32702,0.0917375084092716
100,500,20,Greedy value,28853,500,1.3600001693703234e-05,32702,11.769922328909546
100,500,20,Greedy lightest,27659,486,1.5300000086426735e-05,32702,15.421075163598557
100,500,20,Random feasible,17396,500,2.749999111983925e-05,32702,46.80447679041037
100,500,21,DP exact,39532,500,0.00300539999443572,39532,0.0
100,500,21,Greedy density,39500,500,1.68999977177009e-05,39532,0.080947080845897
100,500,21,Simulated annealing,39500,500,0.000797100001364015,39532,0.080947080845897
100,500,21,Greedy value,37832,500,1.4000004739500582e-05,39532,4.300313669938278
100,500,21,Greedy lightest,36352,497,1.4099990949034691e-05,39532,8.044116159061014
100,500,21,Random feasible,24253,500,2.680000034160912e-05,39532,38.64970150763938
100,500,22,DP exact,36750,500,0.002935800002887845,36750,0.0
100,500,22,Greedy density,36680,500,1.9099999917671084e-05,36750,0.19047619047619047
100,500,22,Simulated annealing,36680,500,0.0007364000048255548,36750,0.19047619047619047
100,500,22,Greedy value,32913,500,1.2599994079209864e-05,36750,10.440816326530612
100,500,22,Greedy lightest,32304,500,1.3700002455152571e-05,36750,12.097959183673469
100,500,22,Random feasible,24292,499,2.7000001864507794e-05,36750,33.899319727891154
100,500,23,DP exact,34680,500,0.0030211999983293936,34680,0.0
100,500,23,Greedy density,34668,498,2.2199994418770075e-05,34680,0.03460207612456748
100,500,23,Simulated annealing,34668,498,0.0007600999961141497,34680,0.03460207612456748
100,500,23,Greedy value,31634,500,1.2699994840659201e-05,34680,8.78316032295271
100,500,23,Greedy lightest,28279,491,1.4199991710484028e-05,34680,18.457324106113035
100,500,23,Random feasible,17954,500,2.510000194888562e-05,34680,48.22952710495963
100,500,24,DP exact,33146,500,0.0029036000050837174,33146,0.0
100,500,24,Greedy density,33072,497,1.5400000847876072e-05,33146,0.22325469136547396
100,500,24,Simulated annealing,33072,497,0.0007279999990714714,33146,0.22325469136547396
100,500,24,Greedy value,31025,499,1.2200005585327744e-05,33146,6.398962167380679
100,500,24,Greedy lightest,27889,494,1.340000017080456e-05,33146,15.860133952814818
100,500,24,Random feasible,18218,500,2.3600005079060793e-05,33146,45.037108550051286
100,500,25,DP exact,35494,499,0.002813900006003678,35494,0.0
100,500,25,Greedy density,35494,499,1.5600002370774746e-05,35494,0.0
100,500,25,Simulated annealing,35494,499,0.000717700007953681,35494,0.0
100,500,25,Greedy value,33550,500,1.2300006346777081e-05,35494,5.476982025131008
100,500,25,Greedy lightest,28631,496,1.340000017080456e-05,35494,19.33566236547022
100,500,25,Random feasible,22572,500,2.3800006601959467e-05,35494,36.406153152645516
100,500,26,DP exact,36173,500,0.0029131000046618283,36173,0.0
100,500,26,Greedy density,36121,499,1.6000005416572094e-05,36173,0.1437536283968706
100,500,26,Simulated annealing,36121,499,0.0007588000007672235,36173,0.1437536283968706
100,500,26,Greedy value,33068,500,1.239999255631119e-05,36173,8.583750311005446
100,500,26,Greedy lightest,31193,496,1.2999997125007212e-05,36173,13.767174411854146
100,500,26,Random feasible,19161,500,2.3499989765696228e-05,36173,47.02955242860697
100,500,27,DP exact,32763,500,0.002922200001194142,32763,0.0
100,500,27,Greedy density,32587,499,1.7800004570744932e-05,32763,0.5371913438940268
100,500,27,Simulated annealing,32587,499,0.0007476000027963892,32763,0.5371913438940268
100,500,27,Greedy value,29943,500,1.3100012438371778e-05,32763,8.60727039648384
100,500,27,Greedy lightest,27980,485,1.3500000932253897e-05,32763,14.59878521502915
100,500,27,Random feasible,15979,500,2.3900007363408804e-05,32763,51.2285199768031
100,500,28,DP exact,35470,500,0.0029474000039044768,35470,0.0
100,500,28,Greedy density,35363,500,1.580000389367342e-05,35470,0.30166337750211447
100,500,28,Simulated annealing,35363,500,0.0007260999991558492,35470,0.30166337750211447
100,500,28,Greedy value,33142,500,1.2499993317760527e-05,35470,6.563292923597406
100,500,28,Greedy lightest,29400,491,1.2999997125007212e-05,35470,17.113053284465746
100,500,28,Random feasible,20680,500,2.4599998141638935e-05,35470,41.69720890893713
100,500,29,DP exact,38402,500,0.0029497999930754304,38402,0.0
100,500,29,Greedy density,38371,499,1.850000990089029e-05,38402,0.08072496224154992
100,500,29,Simulated annealing,38371,499,0.0007212000055005774,38402,0.08072496224154992
100,500,29,Greedy value,34217,500,1.2600008631125093e-05,38402,10.897869902609239
100,500,29,Greedy lightest,34566,488,1.3499986380338669e-05,38402,9.98906306963179
100,500,29,Random feasible,18468,500,2.4199995095841587e-05,38402,51.90875475235665
100,500,30,DP exact,34148,500,0.002788199999486096,34148,0.0
100,500,30,Greedy density,34123,499,1.4999997802078724e-05,34148,0.0732107297645543
100,500,30,Simulated annealing,34123,499,0.0007361000025412068,34148,0.0732107297645543
100,500,30,Greedy value,32727,500,1.2799995602108538e-05,34148,4.161297879817266
100,500,30,Greedy lightest,29241,493,1.3299999409355223e-05,34148,14.369802038186716
100,500,30,Random feasible,23474,500,2.3300002794712782e-05,34148,31.2580531802741
100,500,31,DP exact,38634,500,0.0028083000070182607,38634,0.0
100,500,31,Greedy density,38634,500,1.550000160932541e-05,38634,0.0
100,500,31,Simulated annealing,38634,500,0.0007505999965360388,38634,0.0
100,500,31,Greedy value,33046,500,1.2499993317760527e-05,38634,14.463943676554331
100,500,31,Greedy lightest,35181,495,1.2899996363557875e-05,38634,8.9377232489517
100,500,31,Random feasible,24952,500,2.2499996703118086e-05,38634,35.414401822229124
100,500,32,DP exact,33822,500,0.002887499998905696,33822,0.0
100,500,32,Greedy density,33740,500,1.550000160932541e-05,33822,0.24244574537283425
100,500,32,Simulated annealing,33740,500,0.0007683000003453344,33822,0.24244574537283425
100,500,32,Greedy value,29022,500,1.1899988749064505e-05,33822,14.191946070604931
100,500,32,Greedy lightest,29166,490,1.3199998647905886e-05,33822,13.766187688486784
100,500,32,Random feasible,18312,500,2.370000584051013e-05,33822,45.85772574064219
100,500,33,DP exact,32290,499,0.0028239999955985695,32290,0.0
100,500,33,Greedy density,32290,499,1.619999238755554e-05,32290,0.0
100,500,33,Simulated annealing,32290,499,0.0007296999974641949,32290,0.0
100,500,33,Greedy value,27706,500,1.200000406242907e-05,32290,14.19634561783834
100,500,33,Greedy lightest,27662,493,1.309999788645655e-05,32290,14.332610715391763
100,500,33,Random feasible,18693,500,2.340000355616212e-05,32290,42.10901207804274
100,500,34,DP exact,34652,500,0.002869000003556721,34652,0.0
100,500,34,Greedy density,34641,499,1.5600002370774746e-05,34652,0.03174419946900612
100,500,34,Simulated annealing,34641,499,0.0007195000071078539,34652,0.03174419946900612
100,500,34,Greedy value,32239,500,1.2199991033412516e-05,34652,6.963523028973797
100,500,34,Greedy lightest,30261,500,1.3199998647905886e-05,34652,12.671707260764169
100,500,34,Random feasible,18644,500,2.340000355616212e-05,34652,46.196467736349994
100,500,35,DP exact,35096,499,0.0028449999954318628,35096,0.0
100,500,35,Greedy density,35096,499,1.4899997040629387e-05,35096,0.0
100,500,35,Simulated annealing,35096,499,0.0007348999934038147,35096,0.0
100,500,35,Greedy value,30319,500,1.2100004823878407e-05,35096,13.611237747891497
100,500,35,Greedy lightest,29891,488,1.3299999409355223e-05,35096,14.83074994301345
100,500,35,Random feasible,19761,500,2.2599997464567423e-05,35096,43.694438112605425
100,500,36,DP exact,34563,500,0.0027821999974548817,34563,0.0
100,500,36,Greedy density,34320,494,1.4999997802078724e-05,34563,0.7030639701414808
100,500,36,Simulated annealing,34320,494,0.0007139999943319708,34563,0.7030639701414808
100,500,36,Greedy value,30862,500,1.1900003300979733e-05,34563,10.707982524665104
100,500,36,Greedy lightest,29104,494,1.2899996363557875e-05,34563,15.7943465555652
100,500,36,Random feasible,21812,500,2.2499996703118086e-05,34563,36.8920521945433
100,500,37,DP exact,34431,500,0.003190200004610233,34431,0.0
100,500,37,Greedy density,34291,497,2.479999966453761e-05,34431,0.40661032209346226
100,500,37,Simulated annealing,34291,497,0.0007419999892590567,34431,0.40661032209346226
100,500,37,Greedy value,31399,500,1.3600001693703234e-05,34431,8.806017832766983
100,500,37,Greedy lightest,29396,487,1.4300007023848593e-05,34431,14.62344979814702
100,500,37,Random feasible,21986,500,2.5600005756132305e-05,34431,36.14475327466527
100,500,38,DP exact,38841,500,0.002994800001033582,38841,0.0
100,500,38,Greedy density,38810,499,2.0400009816512465e-05,38841,0.07981256919234829
100,500,38,Simulated annealing,38810,499,0.0007556999917142093,38841,0.07981256919234829
100,500,38,Greedy value,34520,500,1.2800010154023767e-05,38841,11.12484230581087
100,500,38,Greedy lightest,34578,492,1.440000778529793e-05,38841,10.975515563450992
100,500,38,Random feasible,20079,500,2.510000194888562e-05,38841,48.30462655441415
100,500,39,DP exact,33491,500,0.002759800001513213,33491,0.0
100,500,39,Greedy density,33336,500,1.610000617802143e-05,33491,0.46281090442208356
100,500,39,Simulated annealing,33336,500,0.0008468999876640737,33491,0.46281090442208356
100,500,39,Greedy value,30321,500,1.2499993317760527e-05,33491,9.465229464632289
100,500,39,Greedy lightest,28490,496,1.3800003216601908e-05,33491,14.932369890418322
100,500,39,Random feasible,20191,500,2.8700000257231295e-05,33491,39.71216147621749
100,500,40,DP exact,35903,500,0.002835199993569404,35903,0.0
100,500,40,Greedy density,35746,497,1.7099999240599573e-05,35903,0.43728936300587695
100,500,40,Simulated annealing,35746,497,0.00072080000245478,35903,0.43728936300587695
100,500,40,Greedy value,33352,500,1.2500007869675756e-05,35903,7.105255828203771
100,500,40,Greedy lightest,31464,492,1.3500000932253897e-05,35903,12.36386931454196
100,500,40,Random feasible,20694,500,2.3200002033263445e-05,35903,42.36136256023173
100,500,41,DP exact,34100,500,0.0028297000098973513,34100,0.0
100,500,41,Greedy density,34006,498,2.300000051036477e-05,34100,0.2756598240469208
100,500,41,Simulated annealing,34006,498,0.0009342000121250749,34100,0.2756598240469208
100,500,41,Greedy value,32278,500,1.3600001693703234e-05,34100,5.343108504398827
100,500,41,Greedy lightest,28983,493,1.410000550094992e-05,34100,15.005865102639296
100,500,41,Random feasible,17430,500,3.260000084992498e-05,34100,48.88563049853372
100,500,42,DP exact,35141,499,0.002974800008814782,35141,0.0
100,500,42,Greedy density,35141,499,2.0899999071843922e-05,35141,0.0
100,500,42,Simulated annealing,35141,499,0.000730399988242425,35141,0.0
100,500,42,Greedy value,30390,500,1.3199998647905886e-05,35141,13.519820153097521
100,500,42,Greedy lightest,29369,491,1.4000004739500582e-05,35141,16.425258245354428
100,500,42,Random feasible,17427,500,2.440001117065549e-05,35141,50.408354913064514
100,500,43,DP exact,33633,500,0.0030006000015418977,33633,0.0
100,500,43,Greedy density,33609,498,1.7800004570744932e-05,33633,0.07135848720007136
100,500,43,Simulated annealing,33609,498,0.0007498999912058935,33633,0.07135848720007136
100,500,43,Greedy value,29702,500,1.2799995602108538e-05,33633,11.687925549311688
100,500,43,Greedy lightest,28924,495,1.340000017080456e-05,33633,14.001129842714
100,500,43,Random feasible,21170,500,2.540000423323363e-05,33633,37.055867748937054
100,500,44,DP exact,34490,500,0.0030213999998522922,34490,0.0
100,500,44,Greedy density,34426,500,1.8099992303177714e-05,34490,0.18556103218324152
100,500,44,Simulated annealing,34426,500,0.0007333999965339899,34490,0.18556103218324152
100,500,44,Greedy value,30778,500,1.649999467190355e-05,34490,10.762539866628009
100,500,44,Greedy lightest,29198,499,1.340000017080456e-05,34490,15.343577848651783
100,500,44,Random feasible,18234,500,2.3800006601959467e-05,34490,47.13250217454335
100,500,45,DP exact,34479,500,0.003120699999271892,34479,0.0
100,500,45,Greedy density,34479,500,2.2899999748915434e-05,34479,0.0
100,500,45,Simulated annealing,34479,500,0.0007276999967871234,34479,0.0
100,500,45,Greedy value,32387,500,1.4000004739500582e-05,34479,6.067461353287508
100,500,45,Greedy lightest,30202,497,1.4300007023848593e-05,34479,12.404652107079672
100,500,45,Random feasible,19204,500,2.6299996534362435e-05,34479,44.30232895385597
100,500,46,DP exact,34933,500,0.0028721999988192692,34933,0.0
100,500,46,Greedy density,34933,500,1.6400008462369442e-05,34933,0.0
100,500,46,Simulated annealing,34933,500,0.0007755999977234751,34933,0.0
100,500,46,Greedy value,31307,500,1.2799995602108538e-05,34933,10.379870036927834
100,500,46,Greedy lightest,30410,497,1.3299999409355223e-05,34933,12.94764263017777
100,500,46,Random feasible,18104,500,3.0499999411404133e-05,34933,48.175078006469526
100,500,47,DP exact,33994,500,0.0029969000024721026,33994,0.0
100,500,47,Greedy density,33882,498,1.960000372491777e-05,33994,0.32946990645408014
100,500,47,Simulated annealing,33882,498,0.0007514999888371676,33994,0.32946990645408014
100,500,47,Greedy value,27486,500,1.3199998647905886e-05,33994,19.144554921456727
100,500,47,Greedy lightest,29218,490,1.4300007023848593e-05,33994,14.049538153791845
100,500,47,Random feasible,16688,500,2.3899992811493576e-05,33994,50.90898393834206
100,500,48,DP exact,35038,500,0.0032301000028382987,35038,0.0
100,500,48,Greedy density,34970,499,2.1100000594742596e-05,35038,0.19407500428106628
100,500,48,Simulated annealing,34970,499,0.0007426999945892021,35038,0.19407500428106628
100,500,48,Greedy value,32938,500,1.3800003216601908e-05,35038,5.993492779268223
100,500,48,Greedy lightest,28600,497,1.4099990949034691e-05,35038,18.374336434728008
100,500,48,Random feasible,18317,500,2.370000584051013e-05,35038,47.72247274387807
100,500,49,DP exact,39054,500,0.0027894999948330224,39054,0.0
100,500,49,Greedy density,39051,497,1.5199999324977398e-05,39054,0.007681671531725304
100,500,49,Simulated annealing,39051,497,0.0007353999972110614,39054,0.007681671531725304
100,500,49,Greedy value,33797,500,1.170000177808106e-05,39054,13.460849080759973
100,500,49,Greedy lightest,34051,488,1.2899996363557875e-05,39054,12.810467557740564
100,500,49,Random feasible,22325,500,2.2100008209235966e-05,39054,42.835561018077534
100,500,50,DP exact,34030,500,0.0029145000007702038,34030,0.0
100,500,50,Greedy density,34010,499,2.169999061152339e-05,34030,0.05877167205406994
100,500,50,Simulated annealing,34010,499,0.000749099999666214,34030,0.05877167205406994
100,500,50,Greedy value,31366,500,1.3199998647905886e-05,34030,7.828386717602116
100,500,50,Greedy lightest,27893,497,1.3500000932253897e-05,34030,18.03408756979136
100,500,50,Random feasible,19070,500,2.6699999580159783e-05,34030,43.96121069644431
100,500,51,DP exact,34280,500,0.00298320000001695,34280,0.0
100,500,51,Greedy density,34280,500,1.6399993910454214e-05,34280,0.0
100,500,51,Simulated annealing,34280,500,0.0006849000055808574,34280,0.0
100,500,51,Greedy value,29921,500,1.2899996363557875e-05,34280,12.715869311551925
100,500,51,Greedy lightest,31246,486,1.2599994079209864e-05,34280,8.850641773628938
100,500,51,Random feasible,18907,500,2.230000973213464e-05,34280,44.84539089848308
100,500,52,DP exact,37066,500,0.0032248999923467636,37066,0.0
100,500,52,Greedy density,37066,500,2.099999983329326e-05,37066,0.0
100,500,52,Simulated annealing,37066,500,0.0007402999908663332,37066,0.0
100,500,52,Greedy value,34403,500,1.3500000932253897e-05,37066,7.184481735283009
100,500,52,Greedy lightest,30099,494,1.3800003216601908e-05,37066,18.796201370528248
100,500,52,Random feasible,20238,500,2.4599998141638935e-05,37066,45.40009712404899
100,500,53,DP exact,32789,500,0.0028458999877329916,32789,0.0
100,500,53,Greedy density,32665,500,1.580000389367342e-05,32789,0.37817560767330505
100,500,53,Simulated annealing,32665,500,0.0007447000098181888,32789,0.37817560767330505
100,500,53,Greedy value,29113,500,1.2200005585327744e-05,32789,11.211076885540882
100,500,53,Greedy lightest,29754,489,1.340000017080456e-05,32789,9.25615297813291
100,500,53,Random feasible,18966,500,2.3800006601959467e-05,32789,42.15743084571045
100,500,54,DP exact,35985,500,0.0029568000027211383,35985,0.0
100,500,54,Greedy density,35969,498,2.5599991204217076e-05,35985,0.04446297068222871
100,500,54,Simulated annealing,35969,498,0.0007326000049943104,35985,0.04446297068222871
100,500,54,Greedy value,33837,500,1.2899996363557875e-05,35985,5.9691538140892035
100,500,54,Greedy lightest,32124,498,1.309999788645655e-05,35985,10.729470612755314
100,500,54,Random feasible,20127,500,2.5500004994682968e-05,35985,44.06836181742393
100,500,55,DP exact,37902,500,0.002899200000683777,37902,0.0
100,500,55,Greedy density,37835,496,1.6599995433352888e-05,37902,0.17677167431797794
100,500,55,Simulated annealing,37835,496,0.0009627999970689416,37902,0.17677167431797794
100,500,55,Greedy value,36056,500,1.3500000932253897e-05,37902,4.870455384940109
100,500,55,Greedy lightest,33346,497,1.3600001693703234e-05,37902,12.0204738536225
100,500,55,Random feasible,21632,500,3.2099997042678297e-05,37902,42.926494644082105
100,500,56,DP exact,34165,500,0.00289360000169836,34165,0.0
100,500,56,Greedy density,34056,497,2.1899992134422064e-05,34165,0.31903995316844724
100,500,56,Simulated annealing,34056,497,0.0007770999945932999,34165,0.31903995316844724
100,500,56,Greedy value,32195,498,1.4300007023848593e-05,34165,5.766134933411386
100,500,56,Greedy lightest,29031,486,1.5600002370774746e-05,34165,15.027074491438606
100,500,56,Random feasible,20497,500,2.9499991796910763e-05,34165,40.00585394409483
100,500,57,DP exact,35307,500,0.003044099998078309,35307,0.0
100,500,57,Greedy density,35293,499,2.300000051036477e-05,35307,0.039652193615996825
100,500,57,Simulated annealing,35293,499,0.0007369999948423356,35307,0.039652193615996825
100,500,57,Greedy value,30027,500,1.340000017080456e-05,35307,14.954541592318803
100,500,57,Greedy lightest,30110,488,1.3600001693703234e-05,35307,14.719460730166823
100,500,57,Random feasible,16438,500,2.7699992642737925e-05,35307,53.442660095731725
100,500,58,DP exact,32164,500,0.0027340999949956313,32164,0.0
100,500,58,Greedy density,32164,500,1.820000761654228e-05,32164,0.0
100,500,58,Simulated annealing,32164,500,0.0006714000046486035,32164,0.0
100,500,58,Greedy value,29668,500,1.2400007108226418e-05,32164,7.760228827260291
100,500,58,Greedy lightest,26163,499,1.2900010915473104e-05,32164,18.657505285412263
100,500,58,Random feasible,17329,500,2.2499996703118086e-05,32164,46.12299465240642
100,500,59,DP exact,35938,500,0.0028532999858725816,35938,0.0
100,500,59,Greedy density,35874,498,2.0899999071843922e-05,35938,0.17808447882464243
100,500,59,Simulated annealing,35874,498,0.0007086000114213675,35938,0.17808447882464243
100,500,59,Greedy value,32733,500,1.3999990187585354e-05,35938,8.918136791140297
100,500,59,Greedy lightest,30915,487,1.3900003978051245e-05,35938,13.976849017752796
100,500,59,Random feasible,18656,500,2.3499989765696228e-05,35938,48.08837442261673
100,500,60,DP exact,35481,500,0.002682300008018501,35481,0.0
100,500,60,Greedy density,35312,498,1.5400000847876072e-05,35481,0.4763112651841831
100,500,60,Simulated annealing,35312,498,0.000694699992891401,35481,0.4763112651841831
100,500,60,Greedy value,33121,500,1.170000177808106e-05,35481,6.651447253459598
100,500,60,Greedy lightest,31000,489,1.2500007869675756e-05,35481,12.629294552013754
100,500,60,Random feasible,20889,500,2.230000973213464e-05,35481,41.12623657732308
100,500,61,DP exact,37803,500,0.002824399998644367,37803,0.0
100,500,61,Greedy density,37803,500,1.9800005247816443e-05,37803,0.0
100,500,61,Simulated annealing,37803,500,0.0006976000004215166,37803,0.0
100,500,61,Greedy value,35454,500,1.270000939257443e-05,37803,6.213792556146338
100,500,61,Greedy lightest,31689,488,1.2899996363557875e-05,37803,16.173319577811284
100,500,61,Random feasible,24936,499,2.3200002033263445e-05,37803,34.03698119196889
100,500,62,DP exact,35317,500,0.002636400007759221,35317,0.0
100,500,62,Greedy density,35242,498,1.619999238755554e-05,35317,0.21236231843021774
100,500,62,Simulated annealing,35243,500,0.000694900008966215,35317,0.20953082085114816
100,500,62,Greedy value,31366,500,1.2400007108226418e-05,35317,11.18724693490387
100,500,62,Greedy lightest,30847,486,1.379998866468668e-05,35317,12.656794178440977
100,500,62,Random feasible,19890,500,2.3200002033263445e-05,35317,43.68151315230625
100,500,63,DP exact,35656,500,0.0030353000038303435,35656,0.0
100,500,63,Greedy density,35573,500,2.0799998310394585e-05,35656,0.23277989679156383
100,500,63,Simulated annealing,35573,500,0.0007045000093057752,35656,0.23277989679156383
100,500,63,Greedy value,33728,499,1.2999997125007212e-05,35656,5.407224590531748
100,500,63,Greedy lightest,30614,498,1.3199998647905886e-05,35656,14.140677585820058
100,500,63,Random feasible,17011,500,2.549999044276774e-05,35656,52.29133946600852
100,500,64,DP exact,35055,500,0.002719199997955002,35055,0.0
100,500,64,Greedy density,35055,500,1.479999627918005e-05,35055,0.0
100,500,64,Simulated annealing,35055,500,0.0006929999944986776,35055,0.0
100,500,64,Greedy value,31976,500,1.1299998732283711e-05,35055,8.783340464983597
100,500,64,Greedy lightest,31134,491,1.2299991794861853e-05,35055,11.185280273855371
100,500,64,Random feasible,21066,500,3.159999323543161e-05,35055,39.9058622165169
100,500,65,DP exact,35204,500,0.0034405999904265627,35204,0.0
100,500,65,Greedy density,35204,500,2.5500004994682968e-05,35204,0.0
100,500,65,Simulated annealing,35204,500,0.0008362000080524012,35204,0.0
100,500,65,Greedy value,31292,500,1.3900003978051245e-05,35204,11.112373593909783
100,500,65,Greedy lightest,30615,496,1.4099990949034691e-05,35204,13.035450516986707
100,500,65,Random feasible,18522,500,3.139999171253294e-05,35204,47.38666060674923
100,500,66,DP exact,32973,500,0.0029027999989921227,32973,0.0
100,500,66,Greedy density,32918,498,2.1200001356191933e-05,32973,0.16680314196463775
100,500,66,Simulated annealing,32918,498,0.0007615999929839745,32973,0.16680314196463775
100,500,66,Greedy value,30984,500,1.3600001693703234e-05,32973,6.032208170321172
100,500,66,Greedy lightest,26601,494,1.4299992471933365e-05,32973,19.32490219270312
100,500,66,Random feasible,20795,500,2.6399997295811772e-05,32973,36.93324841537015
100,500,67,DP exact,33637,500,0.0028014999988954514,33637,0.0
100,500,67,Greedy density,33614,500,1.6700010746717453e-05,33637,0.06837708475785594
100,500,67,Simulated annealing,33614,500,0.0007409999961964786,33637,0.06837708475785594
100,500,67,Greedy value,26962,500,1.2699994840659201e-05,33637,19.844219163421233
100,500,67,Greedy lightest,27881,487,1.3500000932253897e-05,33637,17.112108689835598
100,500,67,Random feasible,17957,500,2.5200002710334957e-05,33637,46.61533430448613
100,500,68,DP exact,35898,500,0.002939800004241988,35898,0.0
100,500,68,Greedy density,35786,498,2.2499996703118086e-05,35898,0.3119950972199008
100,500,68,Simulated annealing,35786,498,0.0007560999947600067,35898,0.3119950972199008
100,500,68,Greedy value,31784,500,1.3600001693703234e-05,35898,11.460248481809572
100,500,68,Greedy lightest,31175,496,1.4399993233382702e-05,35898,13.156721822942782
100,500,68,Random feasible,19336,500,2.570000651758164e-05,35898,46.13627500139283
100,500,69,DP exact,35850,500,0.003001099990797229,35850,0.0
100,500,69,Greedy density,35764,499,1.9000013708136976e-05,35850,0.2398884239888424
100,500,69,Simulated annealing,35764,499,0.0007478999905288219,35850,0.2398884239888424
100,500,69,Greedy value,28919,500,1.2900010915473104e-05,35850,19.333333333333332
100,500,69,Greedy lightest,30135,486,1.410000550094992e-05,35850,15.94142259414226
100,500,69,Random feasible,19936,500,2.9799994081258774e-05,35850,44.390516039051604
100,500,70,DP exact,38800,500,0.003154799996991642,38800,0.0
100,500,70,Greedy density,38603,496,2.1100000594742596e-05,38800,0.5077319587628866
100,500,70,Simulated annealing,38603,496,0.0007631000044057146,38800,0.5077319587628866
100,500,70,Greedy value,35566,500,1.4200006262399256e-05,38800,8.335051546391753
100,500,70,Greedy lightest,34720,498,1.4800010831095278e-05,38800,10.515463917525773
100,500,70,Random feasible,20276,500,2.5000001187436283e-05,38800,47.74226804123711
100,500,71,DP exact,37511,500,0.0027141000027768314,37511,0.0
100,500,71,Greedy density,37511,500,1.4899997040629387e-05,37511,0.0
100,500,71,Simulated annealing,37511,500,0.0006942000036360696,37511,0.0
100,500,71,Greedy value,34276,500,1.1600001016631722e-05,37511,8.624136919836848
100,500,71,Greedy lightest,33968,490,1.2799995602108538e-05,37511,9.445229399376183
100,500,71,Random feasible,24926,500,2.2099993657320738e-05,37511,33.55015862013809
100,500,72,DP exact,37096,500,0.0031057000014698133,37096,0.0
100,500,72,Greedy density,36991,496,2.099999983329326e-05,37096,0.28304938537847746
100,500,72,Simulated annealing,36991,496,0.001510800007963553,37096,0.28304938537847746
100,500,72,Greedy value,31368,500,1.2300006346777081e-05,37096,15.44101789950399
100,500,72,Greedy lightest,32468,496,1.3199998647905886e-05,37096,12.475738624110416
100,500,72,Random feasible,22788,500,2.8299997211433947e-05,37096,38.57019624757386
100,500,73,DP exact,34667,499,0.0028405999910319224,34667,0.0
100,500,73,Greedy density,34667,499,2.5300003471784294e-05,34667,0.0
100,500,73,Simulated annealing,34667,499,0.0008640999876661226,34667,0.0
100,500,73,Greedy value,30495,500,1.920000067912042e-05,34667,12.03449966827242
100,500,73,Greedy lightest,27903,486,1.790000533219427e-05,34667,19.51135085239565
100,500,73,Random feasible,19570,500,2.95999925583601e-05,34667,43.54861972481034
100,500,74,DP exact,34653,500,0.002681999991182238,34653,0.0
100,500,74,Greedy density,34653,500,1.7300000763498247e-05,34653,0.0
100,500,74,Simulated annealing,34653,500,0.0007258999976329505,34653,0.0
100,500,74,Greedy value,32104,500,1.2400007108226418e-05,34653,7.355784491963178
100,500,74,Greedy lightest,28716,492,1.2599994079209864e-05,34653,17.13271578218336
100,500,74,Random feasible,17303,500,2.78999941656366e-05,34653,50.06781519637549
100,500,75,DP exact,31787,500,0.003252399998018518,31787,0.0
100,500,75,Greedy density,31787,500,2.4299995857290924e-05,31787,0.0
100,500,75,Simulated annealing,31787,500,0.0007556000055046752,31787,0.0
100,500,75,Greedy value,28707,500,1.3700002455152571e-05,31787,9.689495705791677
100,500,75,Greedy lightest,26074,497,1.3900003978051245e-05,31787,17.972756158177873
100,500,75,Random feasible,16445,500,2.749999111983925e-05,31787,48.265013999433734
100,500,76,DP exact,37354,500,0.0030599000019719824,37354,0.0
100,500,76,Greedy density,37244,498,2.19999928958714e-05,37354,0.29447984151630346
100,500,76,Simulated annealing,37244,498,0.0009209999989252537,37354,0.29447984151630346
100,500,76,Greedy value,32990,500,1.2799995602108538e-05,37354,11.682818439792257
100,500,76,Greedy lightest,33182,498,1.3700002455152571e-05,37354,11.168817261872892
100,500,76,Random feasible,21789,500,3.0199997127056122e-05,37354,41.668897574556944
100,500,77,DP exact,37755,500,0.0032233000092674047,37755,0.0
100,500,77,Greedy density,37570,495,2.169999061152339e-05,37755,0.4900013243279036
100,500,77,Simulated annealing,37570,495,0.0007769000076223165,37755,0.4900013243279036
100,500,77,Greedy value,33694,500,1.4399993233382702e-05,37755,10.756191232949279
100,500,77,Greedy lightest,30408,494,1.479999627918005e-05,37755,19.459674215335717
100,500,77,Random feasible,24128,500,2.5399989681318402e-05,37755,36.09323268441266
100,500,78,DP exact,33885,500,0.002885399997467175,33885,0.0
100,500,78,Greedy density,33857,500,1.5900004655122757e-05,33885,0.0826324332300428
100,500,78,Simulated annealing,33885,500,0.0011397999915061519,33885,0.0
100,500,78,Greedy value,29992,500,1.2599994079209864e-05,33885,11.488859377305593
100,500,78,Greedy lightest,27010,488,1.3600001693703234e-05,33885,20.28921351630515
100,500,78,Random feasible,19930,500,3.260000084992498e-05,33885,41.183414490187396
100,500,79,DP exact,42994,500,0.0030322999955387786,42994,0.0
100,500,79,Greedy density,42864,499,2.339998900424689e-05,42994,0.30236777224729033
100,500,79,Simulated annealing,42864,499,0.0008082999993348494,42994,0.30236777224729033
100,500,79,Greedy value,38729,500,1.3500000932253897e-05,42994,9.919988835651486
100,500,79,Greedy lightest,38985,499,1.3899989426136017e-05,42994,9.324556914918361
100,500,79,Random feasible,26361,500,2.6399997295811772e-05,42994,38.686793506070615
100,500,80,DP exact,36137,500,0.0029612000071210787,36137,0.0
100,500,80,Greedy density,35901,496,2.239999594166875e-05,36137,0.6530702603979301
100,500,80,Simulated annealing,35901,496,0.0007428999961121008,36137,0.6530702603979301
100,500,80,Greedy value,33789,500,1.3500000932253897e-05,36137,6.497495641586186
100,500,80,Greedy lightest,31323,492,1.4200006262399256e-05,36137,13.321526413371338
100,500,80,Random feasible,20471,500,2.5000001187436283e-05,36137,43.35168940421175
100,500,81,DP exact,36769,500,0.0028294000076130033,36769,0.0
100,500,81,Greedy density,36754,500,1.4600009308196604e-05,36769,0.04079523511653839
100,500,81,Simulated annealing,36754,500,0.0006802999996580184,36769,0.04079523511653839
100,500,81,Greedy value,32259,500,1.1899988749064505e-05,36769,12.265767358372543
100,500,81,Greedy lightest,30737,488,1.2500007869675756e-05,36769,16.40512388153064
100,500,81,Random feasible,23437,499,2.300000051036477e-05,36769,36.258804971579316
100,500,82,DP exact,36450,500,0.002965299994684756,36450,0.0
100,500,82,Greedy density,36405,500,2.059999678749591e-05,36450,0.12345679012345678
100,500,82,Simulated annealing,36405,500,0.0007366000063484535,36450,0.12345679012345678
100,500,82,Greedy value,32787,500,1.3299999409355223e-05,36450,10.049382716049383
100,500,82,Greedy lightest,31904,492,1.410000550094992e-05,36450,12.4718792866941
100,500,82,Random feasible,20142,500,2.469999890308827e-05,36450,44.74074074074074
100,500,83,DP exact,38004,500,0.002973700000438839,38004,0.0
100,500,83,Greedy density,37988,500,1.6999998479150236e-05,38004,0.04210083149142196
100,500,83,Simulated annealing,37988,500,0.0007830000104149804,38004,0.04210083149142196
100,500,83,Greedy value,35741,500,1.2899996363557875e-05,38004,5.9546363540679925
100,500,83,Greedy lightest,34337,486,1.3700002455152571e-05,38004,9.64898431744027
100,500,83,Random feasible,16611,500,2.6299996534362435e-05,38004,56.29144300599937
100,500,84,DP exact,32234,500,0.0029378000035649166,32234,0.0
100,500,84,Greedy density,32234,500,2.19999928958714e-05,32234,0.0
100,500,84,Simulated annealing,32234,500,0.0007217999955173582,32234,0.0
100,500,84,Greedy value,29215,500,1.3500000932253897e-05,32234,9.365886951665942
100,500,84,Greedy lightest,25563,493,1.4599994756281376e-05,32234,20.69553887199851
100,500,84,Random feasible,16893,500,2.5200002710334957e-05,32234,47.59260408264566
100,500,85,DP exact,36419,500,0.0028233999910298735,36419,0.0
100,500,85,Greedy density,36396,499,1.6000005416572094e-05,36419,0.06315384826601499
100,500,85,Simulated annealing,36406,500,0.0008396999910473824,36419,0.035695653367747604
100,500,85,Greedy value,34331,500,1.6699996194802225e-05,36419,5.733271094758231
100,500,85,Greedy lightest,32175,498,1.3600001693703234e-05,36419,11.65325791482468
100,500,85,Random feasible,21957,500,2.9399991035461426e-05,36419,39.7100414618743
100,500,86,DP exact,36090,500,0.002984600010677241,36090,0.0
100,500,86,Greedy density,36090,500,2.130000211764127e-05,36090,0.0
100,500,86,Simulated annealing,36090,500,0.0007291000074474141,36090,0.0
100,500,86,Greedy value,33030,500,1.3199998647905886e-05,36090,8.478802992518704
100,500,86,Greedy lightest,30528,500,1.3500000932253897e-05,36090,15.41147132169576
100,500,86,Random feasible,16692,500,2.4100008886307478e-05,36090,53.74896093100582
100,500,87,DP exact,39018,500,0.003089399993768893,39018,0.0
100,500,87,Greedy density,38920,499,4.150001041125506e-05,39018,0.25116612845353425
100,500,87,Simulated annealing,38920,499,0.0009606999956304207,39018,0.25116612845353425
100,500,87,Greedy value,35259,500,2.439999661874026e-05,39018,9.634015069967708
100,500,87,Greedy lightest,33700,489,5.77000027988106e-05,39018,13.62960684812138
100,500,87,Random feasible,26139,500,3.0499999411404133e-05,39018,33.00784253421498
100,500,88,DP exact,32551,500,0.002864499998395331,32551,0.0
100,500,88,Greedy density,32551,500,2.479999966453761e-05,32551,0.0
100,500,88,Simulated annealing,32551,500,0.0006925000052433461,32551,0.0
100,500,88,Greedy value,28087,500,1.2699994840659201e-05,32551,13.713864397407146
100,500,88,Greedy lightest,27385,486,1.4300007023848593e-05,32551,15.870480169580043
100,500,88,Random feasible,20987,500,2.479999966453761e-05,32551,35.525790298301125
100,500,89,DP exact,35193,500,0.004739299998618662,35193,0.0
100,500,89,Greedy density,35186,500,5.610000516753644e-05,35193,0.019890319097547807
100,500,89,Simulated annealing,35186,500,0.0009914999973261729,35193,0.019890319097547807
100,500,89,Greedy value,31012,500,1.6200006939470768e-05,35193,11.880203449549626
100,500,89,Greedy lightest,31391,487,1.4600009308196604e-05,35193,10.803284744125252
100,500,89,Random feasible,25263,499,3.070000093430281e-05,35193,28.21583837694996
100,500,90,DP exact,31459,500,0.0029569000034825876,31459,0.0
100,500,90,Greedy density,31459,500,2.3100001271814108e-05,31459,0.0
100,500,90,Simulated annealing,31459,500,0.0007717999978922307,31459,0.0
100,500,90,Greedy value,28017,500,1.3700002455152571e-05,31459,10.941225086620681
100,500,90,Greedy lightest,25457,492,1.4000004739500582e-05,31459,19.0788009790521
100,500,90,Random feasible,17043,500,2.6399997295811772e-05,31459,45.824724244254426
100,500,91,DP exact,33970,500,0.0028735999949276447,33970,0.0
100,500,91,Greedy density,33912,498,1.7700003809295595e-05,33970,0.17073888725345893
100,500,91,Simulated annealing,33912,498,0.000727299993741326,33970,0.17073888725345893
100,500,91,Greedy value,28578,500,1.2499993317760527e-05,33970,15.872828966735355
100,500,91,Greedy lightest,29532,484,1.3299999409355223e-05,33970,13.064468648807772
100,500,91,Random feasible,18145,500,2.400000812485814e-05,33970,46.58522225493082
100,500,92,DP exact,34203,500,0.0030878999968990684,34203,0.0
100,500,92,Greedy density,34158,498,2.6000008801929653e-05,34203,0.13156740636786246
100,500,92,Simulated annealing,34158,498,0.0008097999962046742,34203,0.13156740636786246
100,500,92,Greedy value,29408,500,1.4500008546747267e-05,34203,14.019238078531123
100,500,92,Greedy lightest,28758,490,1.4199991710484028e-05,34203,15.91965617051136
100,500,92,Random feasible,21780,500,2.7299989596940577e-05,34203,36.32137531795456
100,500,93,DP exact,36981,500,0.0028680000104941428,36981,0.0
100,500,93,Greedy density,36911,497,1.8499995348975062e-05,36981,0.1892863903085368
100,500,93,Simulated annealing,36911,497,0.0007259999983943999,36981,0.1892863903085368
100,500,93,Greedy value,34042,500,1.2799995602108538e-05,36981,7.9473243016684245
100,500,93,Greedy lightest,33228,497,1.3500000932253897e-05,36981,10.148454611827695
100,500,93,Random feasible,23207,500,2.469999890308827e-05,36981,37.2461534301398
100,500,94,DP exact,38251,500,0.0033262999932048842,38251,0.0
100,500,94,Greedy density,38251,500,2.6699999580159783e-05,38251,0.0
100,500,94,Simulated annealing,38251,500,0.0007470999989891425,38251,0.0
100,500,94,Greedy value,32627,500,1.3199998647905886e-05,38251,14.702883584742883
100,500,94,Greedy lightest,33324,492,1.4299992471933365e-05,38251,12.880709001071867
100,500,94,Random feasible,20177,500,2.4499997380189598e-05,38251,47.25105226007163
100,500,95,DP exact,31877,500,0.0028267000016057864,31877,0.0
100,500,95,Greedy density,31835,499,1.589999010320753e-05,31877,0.1317564388116824
100,500,95,Simulated annealing,31835,499,0.0007098999922163785,31877,0.1317564388116824
100,500,95,Greedy value,30243,500,1.2899996363557875e-05,31877,5.125952881387835
100,500,95,Greedy lightest,24436,486,1.3600001693703234e-05,31877,23.3428490761364
100,500,95,Random feasible,15675,499,2.510000194888562e-05,31877,50.82661480063996
100,500,96,DP exact,35848,500,0.002911199990194291,35848,0.0
100,500,96,Greedy density,35848,500,1.990000600926578e-05,35848,0.0
100,500,96,Simulated annealing,35848,500,0.000749099999666214,35848,0.0
100,500,96,Greedy value,31087,500,1.2899996363557875e-05,35848,13.281075652756082
100,500,96,Greedy lightest,29230,495,1.4000004739500582e-05,35848,18.46128096407052
100,500,96,Random feasible,20568,500,2.4900000425986946e-05,35848,42.624414193260435
100,500,97,DP exact,37104,499,0.0028307000029599294,37104,0.0
100,500,97,Greedy density,37019,497,1.6400008462369442e-05,37104,0.22908581285036653
100,500,97,Simulated annealing,37019,497,0.0007361999887507409,37104,0.22908581285036653
100,500,97,Greedy value,32880,500,1.2300006346777081e-05,37104,11.384217335058215
100,500,97,Greedy lightest,34051,489,1.3199998647905886e-05,37104,8.228223372143166
100,500,97,Random feasible,18720,500,2.340000355616212e-05,37104,49.54721862871928
100,500,98,DP exact,39097,500,0.002873699995689094,39097,0.0
100,500,98,Greedy density,38974,496,2.02999945031479e-05,39097,0.31460214338696063
100,500,98,Simulated annealing,38974,496,0.0007381000032182783,39097,0.31460214338696063
100,500,98,Greedy value,35389,500,1.2100004823878407e-05,39097,9.484103639665447
100,500,98,Greedy lightest,34265,489,1.3100012438371778e-05,39097,12.359004527201575
100,500,98,Random feasible,21827,500,2.339998900424689e-05,39097,44.17218712433179
100,500,99,DP exact,35805,498,0.002824099996360019,35805,0.0
100,500,99,Greedy density,35805,498,2.4599998141638935e-05,35805,0.0
100,500,99,Simulated annealing,35805,498,0.0007307000050786883,35805,0.0
100,500,99,Greedy value,33416,500,1.3999990187585354e-05,35805,6.672252478704092
100,500,99,Greedy lightest,30170,485,1.4600009308196604e-05,35805,15.73802541544477
100,500,99,Random feasible,15970,500,3.369999467395246e-05,35805,55.39729088116185
500,750,0,DP exact,76591,750,0.021944600011920556,76591,0.0
500,750,0,Greedy density,76465,750,9.810000483412296e-05,76591,0.1645101904923555
500,750,0,Simulated annealing,76465,750,0.0020234999974491075,76591,0.1645101904923555
500,750,0,Greedy value,42660,750,6.799999391660094e-05,76591,44.30154979044535
500,750,0,Greedy lightest,65158,747,7.100000220816582e-05,76591,14.927341332532542
500,750,0,Random feasible,16718,750,9.440000576432794e-05,76591,78.17237012181587
500,750,1,DP exact,84237,750,0.021092299997690134,84237,0.0
500,750,1,Greedy density,84237,750,9.529999806545675e-05,84237,0.0
500,750,1,Simulated annealing,84237,750,0.002034799996181391,84237,0.0
500,750,1,Greedy value,34044,750,6.70000008540228e-05,84237,59.58545532248299
500,750,1,Greedy lightest,73243,748,6.86999992467463e-05,84237,13.051272006363
500,750,1,Random feasible,16612,750,8.869999146554619e-05,84237,80.27944964801691
500,750,2,DP exact,77080,750,0.021939199999906123,77080,0.0
500,750,2,Greedy density,77044,750,9.210000280290842e-05,77080,0.0467047223663726
500,750,2,Simulated annealing,77044,750,0.002745099991443567,77080,0.0467047223663726
500,750,2,Greedy value,38469,750,6.61999947624281e-05,77080,50.09211209133368
500,750,2,Greedy lightest,65989,742,6.819999543949962e-05,77080,14.388946549039959
500,750,2,Random feasible,16430,750,0.00017949999892152846,77080,78.68448365334717
500,750,3,DP exact,81663,750,0.022916399990208447,81663,0.0
500,750,3,Greedy density,81662,750,9.639999188948423e-05,81663,0.0012245447754797153
500,750,3,Simulated annealing,81662,750,0.0019696999952429906,81663,0.0012245447754797153
500,750,3,Greedy value,42228,750,6.659999780822545e-05,81663,48.28992322104258
500,750,3,Greedy lightest,71596,746,6.70000008540228e-05,81663,12.327492254754295
500,750,3,Random feasible,19889,750,8.600000001024455e-05,81663,75.64502896048394
500,750,4,DP exact,79770,750,0.021934199990937486,79770,0.0
500,750,4,Greedy density,79726,749,0.00010180000390391797,79770,0.05515858092014542
500,750,4,Simulated annealing,79726,749,0.002048599999397993,79770,0.05515858092014542
500,750,4,Greedy value,41645,750,6.600000779144466e-05,79770,47.793656763194186
500,750,4,Greedy lightest,67164,746,6.669999856967479e-05,79770,15.802933433621662
500,750,4,Random feasible,19891,750,9.989998943638057e-05,79770,75.06456061175881
500,750,5,DP exact,78432,750,0.02075660000264179,78432,0.0
500,750,5,Greedy density,78391,750,9.420000424142927e-05,78432,0.05227458180334557
500,750,5,Simulated annealing,78391,750,0.001888300001155585,78432,0.05227458180334557
500,750,5,Greedy value,42034,750,6.779999239370227e-05,78432,46.40707874337005
500,750,5,Greedy lightest,65286,746,7.03999976394698e-05,78432,16.761015911872704
500,750,5,Random feasible,20891,750,8.650000381749123e-05,78432,73.3641880864953
500,750,6,DP exact,76936,750,0.02121160000388045,76936,0.0
500,750,6,Greedy density,76892,749,9.699999645818025e-05,76936,0.057190392014141625
500,750,6,Simulated annealing,76892,749,0.0020207000052323565,76936,0.057190392014141625
500,750,6,Greedy value,41010,750,6.61999947624281e-05,76936,46.695955079546636
500,750,6,Greedy lightest,65036,743,6.729998858645558e-05,76936,15.46740147655194
500,750,6,Random feasible,22603,750,0.0001765000051818788,76936,70.62103566600811
500,750,7,DP exact,76990,750,0.02088749999529682,76990,0.0
500,750,7,Greedy density,76891,750,9.059999138116837e-05,76990,0.12858812832835434
500,750,7,Simulated annealing,76891,750,0.001979000007850118,76990,0.12858812832835434
500,750,7,Greedy value,43331,750,6.219999340828508e-05,76990,43.71866476165736
500,750,7,Greedy lightest,64831,745,6.36000040685758e-05,76990,15.792960124691518
500,750,7,Random feasible,19748,750,0.0001221999991685152,76990,74.3499155734511
500,750,8,DP exact,74082,750,0.020258999997167848,74082,0.0
500,750,8,Greedy density,74082,750,0.00010299999848939478,74082,0.0
500,750,8,Simulated annealing,74082,750,0.001930700003867969,74082,0.0
500,750,8,Greedy value,37712,750,6.0399994254112244e-05,74082,49.09424691558003
500,750,8,Greedy lightest,60312,742,6.750000466126949e-05,74082,18.587511136308414
500,750,8,Random feasible,19890,750,8.630000229459256e-05,74082,73.15137280311006
500,750,9,DP exact,76946,750,0.02181900000141468,76946,0.0
500,750,9,Greedy density,76902,750,9.139999747276306e-05,76946,0.057182959478075536
500,750,9,Simulated annealing,76902,750,0.0020515000069281086,76946,0.057182959478075536
500,750,9,Greedy value,39419,750,6.259999645408243e-05,76946,48.77056637122138
500,750,9,Greedy lightest,66294,746,6.419999408535659e-05,76946,13.843474644555922
500,750,9,Random feasible,20021,750,0.00012460000289138407,76946,73.98045382476022
500,750,10,DP exact,86241,750,0.020524700012174435,86241,0.0
500,750,10,Greedy density,86241,750,9.57000011112541e-05,86241,0.0
500,750,10,Simulated annealing,86241,750,0.001885200006654486,86241,0.0
500,750,10,Greedy value,40233,750,6.600000779144466e-05,86241,53.348175461787314
500,750,10,Greedy lightest,75593,741,6.830001075286418e-05,86241,12.346795607657612
500,750,10,Random feasible,22575,750,0.00011900000390596688,86241,73.82335548057189
500,750,11,DP exact,80292,750,0.020518200006335974,80292,0.0
500,750,11,Greedy density,80234,750,9.359999967273325e-05,80292,0.07223633736860459
500,750,11,Simulated annealing,80234,750,0.0019170999876223505,80292,0.07223633736860459
500,750,11,Greedy value,34835,750,6.200000643730164e-05,80292,56.61460668559757
500,750,11,Greedy lightest,69219,745,6.400000711437315e-05,80292,13.790913166940667
500,750,11,Random feasible,25617,750,8.340000931639224e-05,80292,68.09520251083545
500,750,12,DP exact,71197,750,0.020303400000557303,71197,0.0
500,750,12,Greedy density,71197,750,8.909999451134354e-05,71197,0.0
500,750,12,Simulated annealing,71197,750,0.002103699996951036,71197,0.0
500,750,12,Greedy value,30667,750,6.10999995842576e-05,71197,56.926555894209024
500,750,12,Greedy lightest,59297,749,6.350000330712646e-05,71197,16.714187395536328
500,750,12,Random feasible,13046,750,9.539999882690609e-05,71197,81.67619422166665
500,750,13,DP exact,80699,750,0.020486600013100542,80699,0.0
500,750,13,Greedy density,80636,750,9.600000339560211e-05,80699,0.07806788188205555
500,750,13,Simulated annealing,80636,750,0.002398700002231635,80699,0.07806788188205555
500,750,13,Greedy value,42214,750,6.27999979769811e-05,80699,47.68956244810964
500,750,13,Greedy lightest,71305,744,6.420000863727182e-05,80699,11.640788609524282
500,750,13,Random feasible,22706,750,0.00010040000779554248,80699,71.86334403152455
500,750,14,DP exact,84991,750,0.021766599995316938,84991,0.0
500,750,14,Greedy density,84967,750,0.00010089999705087394,84991,0.028238284053605674
500,750,14,Simulated annealing,84967,750,0.0018779999954858795,84991,0.028238284053605674
500,750,14,Greedy value,44171,750,0.00013059999037068337,84991,48.028614794507654
500,750,14,Greedy lightest,73106,747,0.00010480001219548285,84991,13.983833582379312
500,750,14,Random feasible,21145,750,8.189999789465219e-05,84991,75.1208951536045
500,750,15,DP exact,84254,750,0.020564699996612035,84254,0.0
500,750,15,Greedy density,84202,749,0.00010220000694971532,84254,0.06171813801125169
500,750,15,Simulated annealing,84202,749,0.0018706000118982047,84254,0.06171813801125169
500,750,15,Greedy value,44533,750,6.590000702999532e-05,84254,47.144349229710166
500,750,15,Greedy lightest,73163,741,6.679999933112413e-05,84254,13.163766705438318
500,750,15,Random feasible,18680,750,8.209999941755086e-05,84254,77.82894580672728
500,750,16,DP exact,78527,750,0.021737100003520027,78527,0.0
500,750,16,Greedy density,78492,750,0.00010130000009667128,78527,0.044570657226176986
500,750,16,Simulated annealing,78492,750,0.0018337000074097887,78527,0.044570657226176986
500,750,16,Greedy value,41403,750,6.720000237692147e-05,78527,47.27545939613127
500,750,16,Greedy lightest,67702,741,6.849999772384763e-05,78527,13.78506755638188
500,750,16,Random feasible,21816,750,8.179999713320285e-05,78527,72.21847262724923
500,750,17,DP exact,75414,750,0.019872799995937385,75414,0.0
500,750,17,Greedy density,75413,750,9.590000263415277e-05,75414,0.0013260137375023205
500,750,17,Simulated annealing,75413,750,0.0019330999930389225,75414,0.0013260137375023205
500,750,17,Greedy value,37978,750,6.679999933112413e-05,75414,49.64065027713687
500,750,17,Greedy lightest,64182,750,6.819999543949962e-05,75414,14.893786299626065
500,750,17,Random feasible,22903,750,8.81000014487654e-05,75414,69.63030736998435
500,750,18,DP exact,77278,750,0.021517999994102865,77278,0.0
500,750,18,Greedy density,77170,748,9.639999188948423e-05,77278,0.1397551696472476
500,750,18,Simulated annealing,77170,748,0.0018894999957410619,77278,0.1397551696472476
500,750,18,Greedy value,41083,750,0.00010509999992791563,77278,46.83739227205673
500,750,18,Greedy lightest,66844,744,6.770000618416816e-05,77278,13.501902223142421
500,750,18,Random feasible,19956,750,8.579999848734587e-05,77278,74.17635031962524
500,750,19,DP exact,80318,750,0.02020109999284614,80318,0.0
500,750,19,Greedy density,80265,750,9.580000187270343e-05,80318,0.06598769889688488
500,750,19,Simulated annealing,80265,750,0.0020861999946646392,80318,0.06598769889688488
500,750,19,Greedy value,41203,750,6.61999947624281e-05,80318,48.70016683682363
500,750,19,Greedy lightest,71110,750,6.849999772384763e-05,80318,11.464428895141811
500,750,19,Random feasible,22784,750,9.110000974033028e-05,80318,71.632759779875
500,750,20,DP exact,75731,750,0.020272699999623,75731,0.0
500,750,20,Greedy density,75620,748,8.89999937498942e-05,75731,0.1465714172531724
500,750,20,Simulated annealing,75620,748,0.001923699994222261,75731,0.1465714172531724
500,750,20,Greedy value,37589,750,6.089999806135893e-05,75731,50.365108079914435
500,750,20,Greedy lightest,63809,749,6.2700011767447e-05,75731,15.742562490921815
500,750,20,Random feasible,19985,750,8.919999527279288e-05,75731,73.61054257833648
500,750,21,DP exact,81682,750,0.02042539999820292,81682,0.0
500,750,21,Greedy density,81659,750,9.329999738838524e-05,81682,0.028157978501995543
500,750,21,Simulated annealing,81659,750,0.0018918999994639307,81682,0.028157978501995543
500,750,21,Greedy value,37569,750,6.199999188538641e-05,81682,54.00577850689258
500,750,21,Greedy lightest,72234,748,6.53000024612993e-05,81682,11.566807864645822
500,750,21,Random feasible,20329,750,8.259998867288232e-05,81682,75.11201978404054
500,750,22,DP exact,82992,750,0.0212595000048168,82992,0.0
500,750,22,Greedy density,82967,749,9.290000889450312e-05,82992,0.030123385386543283
500,750,22,Simulated annealing,82967,749,0.001953899991349317,82992,0.030123385386543283
500,750,22,Greedy value,43460,750,6.720000237692147e-05,82992,47.63350684403316
500,750,22,Greedy lightest,71322,745,6.779999239370227e-05,82992,14.061596298438404
500,750,22,Random feasible,18853,750,0.00010889999975915998,82992,77.28335261229998
500,750,23,DP exact,81572,750,0.02072299999417737,81572,0.0
500,750,23,Greedy density,81570,750,0.00010269999620504677,81572,0.0024518217035257197
500,750,23,Simulated annealing,81570,750,0.002115299997967668,81572,0.0024518217035257197
500,750,23,Greedy value,40978,750,6.560000474564731e-05,81572,49.76462511646153
500,750,23,Greedy lightest,70228,743,6.890000076964498e-05,81572,13.906732702397882
500,750,23,Random feasible,22729,750,9.169999975711107e-05,81572,72.13627225028196
500,750,24,DP exact,75602,750,0.022144899994600564,75602,0.0
500,750,24,Greedy density,75503,749,9.330001194030046e-05,75602,0.13094891669532552
500,750,24,Simulated annealing,75503,749,0.002007300005061552,75602,0.13094891669532552
500,750,24,Greedy value,44186,750,6.590000702999532e-05,75602,41.554456231316635
500,750,24,Greedy lightest,62407,743,6.849999772384763e-05,75602,17.453241977725458
500,750,24,Random feasible,19813,750,0.00011049999739043415,75602,73.79302134864157
500,750,25,DP exact,76331,750,0.02093369999784045,76331,0.0
500,750,25,Greedy density,76303,750,9.220000356435776e-05,76331,0.03668234400178171
500,750,25,Simulated annealing,76303,750,0.0018173999997088686,76331,0.03668234400178171
500,750,25,Greedy value,42832,750,6.130000110715628e-05,76331,43.88649434698877
500,750,25,Greedy lightest,61899,749,6.540000322274864e-05,76331,18.907128165489773
500,750,25,Random feasible,22421,750,8.270000398624688e-05,76331,70.62661304057329
500,750,26,DP exact,78329,750,0.020365799995488487,78329,0.0
500,750,26,Greedy density,78244,749,9.389998740516603e-05,78329,0.10851664134611702
500,750,26,Simulated annealing,78244,749,0.0019846999930450693,78329,0.10851664134611702
500,750,26,Greedy value,39699,750,6.649999704677612e-05,78329,49.31762182588824
500,750,26,Greedy lightest,64657,743,6.920000305399299e-05,78329,17.454582593930727
500,750,26,Random feasible,20335,750,9.729999874252826e-05,78329,74.03898939090247
500,750,27,DP exact,77993,750,0.020644300006097183,77993,0.0
500,750,27,Greedy density,77922,750,9.759998647496104e-05,77993,0.09103381072660367
500,750,27,Simulated annealing,77922,750,0.002016599988564849,77993,0.09103381072660367
500,750,27,Greedy value,38244,750,6.659999780822545e-05,77993,50.96483017706717
500,750,27,Greedy lightest,63735,747,6.78000069456175e-05,77993,18.281127793519932
500,750,27,Random feasible,17477,750,9.070000669453293e-05,77993,77.59157873142462
500,750,28,DP exact,79147,750,0.02141709999705199,79147,0.0
500,750,28,Greedy density,79145,750,8.949999755714089e-05,79147,0.0025269435354467002
500,750,28,Simulated annealing,79145,750,0.0018922000017482787,79147,0.0025269435354467002
500,750,28,Greedy value,37350,750,6.089999806135893e-05,79147,52.80932947553287
500,750,28,Greedy lightest,68053,748,6.359998951666057e-05,79147,14.016955791122847
500,750,28,Random feasible,22901,750,9.480000881012529e-05,79147,71.06523304736756
500,750,29,DP exact,76411,750,0.020549900000332855,76411,0.0
500,750,29,Greedy density,76377,750,9.889999637380242e-05,76411,0.04449621127848085
500,750,29,Simulated annealing,76377,750,0.002047999994829297,76411,0.04449621127848085
500,750,29,Greedy value,39681,750,7.170000753831118e-05,76411,48.068995301723575
500,750,29,Greedy lightest,65461,743,6.790000770706683e-05,76411,14.330397455863684
500,750,29,Random feasible,18498,750,9.070000669453293e-05,76411,75.79144364031357
500,750,30,DP exact,80218,750,0.02132040000287816,80218,0.0
500,750,30,Greedy density,80183,750,9.480000881012529e-05,80218,0.04363110523822583
500,750,30,Simulated annealing,80183,750,0.0020524999999906868,80218,0.04363110523822583
500,750,30,Greedy value,36979,750,6.6100008552894e-05,80218,53.901867411304195
500,750,30,Greedy lightest,68462,744,7.240001286845654e-05,80218,14.655064948016655
500,750,30,Random feasible,26624,750,9.290000889450312e-05,80218,66.81044154678501
500,750,31,DP exact,78677,750,0.02216200000839308,78677,0.0
500,750,31,Greedy density,78622,750,9.919999865815043e-05,78677,0.06990607166007855
500,750,31,Simulated annealing,78622,750,0.0020225000043865293,78677,0.06990607166007855
500,750,31,Greedy value,36447,750,6.630001007579267e-05,78677,53.67515284009304
500,750,31,Greedy lightest,67331,741,6.679999933112413e-05,78677,14.42098707373184
500,750,31,Random feasible,18435,750,8.569999772589654e-05,78677,76.5687557990264
500,750,32,DP exact,77721,750,0.020192099997075275,77721,0.0
500,750,32,Greedy density,77716,750,9.630000567995012e-05,77721,0.006433267714002651
500,750,32,Simulated annealing,77716,750,0.0019449999963399023,77721,0.006433267714002651
500,750,32,Greedy value,40994,750,6.350000330712646e-05,77721,47.254924666435066
500,750,32,Greedy lightest,66713,744,6.27999979769811e-05,77721,14.163482199148236
500,750,32,Random feasible,15163,750,9.330001194030046e-05,77721,80.49047233051556
500,750,33,DP exact,77617,750,0.020833100003073923,77617,0.0
500,750,33,Greedy density,77617,750,9.919999865815043e-05,77617,0.0
500,750,33,Simulated annealing,77617,750,0.001988899995922111,77617,0.0
500,750,33,Greedy value,38124,750,6.690000009257346e-05,77617,50.88189443034387
500,750,33,Greedy lightest,67985,743,6.809999467805028e-05,77617,12.409652524575801
500,750,33,Random feasible,21575,750,8.879999222699553e-05,77617,72.2032544416816
500,750,34,DP exact,76245,750,0.021820599999045953,76245,0.0
500,750,34,Greedy density,76183,749,9.529999806545675e-05,76245,0.08131680765951865
500,750,34,Simulated annealing,76183,749,0.0019829999946523458,76245,0.08131680765951865
500,750,34,Greedy value,39356,750,6.160000339150429e-05,76245,48.38218899599974
500,750,34,Greedy lightest,67097,742,6.359998951666057e-05,76245,11.998163814020591
500,750,34,Random feasible,19056,750,8.939999679569155e-05,76245,75.00688569742279
500,750,35,DP exact,80781,750,0.02069109999865759,80781,0.0
500,750,35,Greedy density,80740,749,9.06000059330836e-05,80781,0.05075450910486377
500,750,35,Simulated annealing,80740,749,0.0019419999880483374,80781,0.05075450910486377
500,750,35,Greedy value,41982,750,6.140000186860561e-05,80781,48.029858506331934
500,750,35,Greedy lightest,71858,743,6.289999873843044e-05,80781,11.045914262017059
500,750,35,Random feasible,21113,750,8.81000014487654e-05,80781,73.86390364070759
500,750,36,DP exact,90206,750,0.020785399989108555,90206,0.0
500,750,36,Greedy density,90195,750,0.00010750000365078449,90206,0.012194310799725074
500,750,36,Simulated annealing,90195,750,0.0020178999984636903,90206,0.012194310799725074
500,750,36,Greedy value,39149,750,6.150000263005495e-05,90206,56.60044786377846
500,750,36,Greedy lightest,79498,741,6.369999027810991e-05,90206,11.870607276677827
500,750,36,Random feasible,19551,750,0.00010550000297371298,90206,78.32627541405228
500,750,37,DP exact,78902,750,0.021200899995164946,78902,0.0
500,750,37,Greedy density,78849,750,0.00010309999925084412,78902,0.0671719348052014
500,750,37,Simulated annealing,78849,750,0.0020533999922918156,78902,0.0671719348052014
500,750,37,Greedy value,36690,750,6.19000056758523e-05,78902,53.499277584852095
500,750,37,Greedy lightest,65660,746,6.310000026132911e-05,78902,16.78284454132975
500,750,37,Random feasible,17565,750,9.469999349676073e-05,78902,77.7382068895592
500,750,38,DP exact,78956,750,0.02089519999572076,78956,0.0
500,750,38,Greedy density,78956,750,8.950001210905612e-05,78956,0.0
500,750,38,Simulated annealing,78956,750,0.002416299990727566,78956,0.0
500,750,38,Greedy value,42317,750,6.0300008044578135e-05,78956,46.404326460307004
500,750,38,Greedy lightest,68219,748,6.330000178422779e-05,78956,13.598713207355996
500,750,38,Random feasible,18196,750,9.14999982342124e-05,78956,76.95425300167182
500,750,39,DP exact,78919,750,0.023716700001386926,78919,0.0
500,750,39,Greedy density,78919,750,9.630000567995012e-05,78919,0.0
500,750,39,Simulated annealing,78919,750,0.002024500005063601,78919,0.0
500,750,39,Greedy value,39258,750,6.600000779144466e-05,78919,50.25532508014547
500,750,39,Greedy lightest,64931,743,7.829999958630651e-05,78919,17.724502337840065
500,750,39,Random feasible,24961,750,9.310001041740179e-05,78919,68.3713681116081
500,750,40,DP exact,78187,750,0.020721799999591894,78187,0.0
500,750,40,Greedy density,78187,750,9.610000415705144e-05,78187,0.0
500,750,40,Simulated annealing,78187,750,0.0019487999961711466,78187,0.0
500,750,40,Greedy value,40074,750,6.609999400097877e-05,78187,48.745955209945386
500,750,40,Greedy lightest,63893,741,6.859999848529696e-05,78187,18.28181155435047
500,750,40,Random feasible,20991,750,8.769999840296805e-05,78187,73.15282591735199
500,750,41,DP exact,84136,750,0.020762100000865757,84136,0.0
500,750,41,Greedy density,84048,750,9.529999806545675e-05,84136,0.10459256441951127
500,750,41,Simulated annealing,84048,750,0.0029092000040691346,84136,0.10459256441951127
500,750,41,Greedy value,43853,750,6.609999400097877e-05,84136,47.878434914899685
500,750,41,Greedy lightest,74978,745,6.740000389982015e-05,84136,10.884758010839594
500,750,41,Random feasible,23833,750,0.00010569998994469643,84136,71.6732433203385
500,750,42,DP exact,75455,750,0.0207972000062,75455,0.0
500,750,42,Greedy density,75455,750,8.739999611862004e-05,75455,0.0
500,750,42,Simulated annealing,75455,750,0.0018810999899869785,75455,0.0
500,750,42,Greedy value,40838,750,6.0699996538460255e-05,75455,45.87767543569014
500,750,42,Greedy lightest,62957,743,0.00023049999435897917,75455,16.563514677622425
500,750,42,Random feasible,22269,750,8.830000297166407e-05,75455,70.4870452587635
500,750,43,DP exact,72782,750,0.022545600004377775,72782,0.0
500,750,43,Greedy density,72772,750,9.590000263415277e-05,72782,0.01373966090516886
500,750,43,Simulated annealing,72772,750,0.0019576999911805615,72782,0.01373966090516886
500,750,43,Greedy value,34327,750,6.650001159869134e-05,72782,52.835866010826855
500,750,43,Greedy lightest,61308,746,6.920000305399299e-05,72782,15.764886922590751
500,750,43,Random feasible,18591,750,8.840000373311341e-05,72782,74.45659641120056
500,750,44,DP exact,78072,750,0.021039699990069494,78072,0.0
500,750,44,Greedy density,78065,750,9.919999865815043e-05,78072,0.008966082590429348
500,750,44,Simulated annealing,78065,750,0.0019634000054793432,78072,0.008966082590429348
500,750,44,Greedy value,36612,750,6.690000009257346e-05,78072,53.10482631417153
500,750,44,Greedy lightest,66521,748,6.810000922996551e-05,78072,14.795317143149912
500,750,44,Random feasible,23908,750,8.859999070409685e-05,78072,69.37698534685931
500,750,45,DP exact,77152,750,0.02081880001060199,77152,0.0
500,750,45,Greedy density,77113,750,0.00011409999569877982,77152,0.050549564496059726
500,750,45,Simulated annealing,77113,750,0.0019997999916085973,77152,0.050549564496059726
500,750,45,Greedy value,36254,750,7.020001066848636e-05,77152,53.00964330153463
500,750,45,Greedy lightest,65122,741,8.250000246334821e-05,77152,15.592596433015347
500,750,45,Random feasible,21129,750,9.460000728722662e-05,77152,72.6138013272501
500,750,46,DP exact,73686,750,0.02056189998984337,73686,0.0
500,750,46,Greedy density,73684,750,0.00010340000153519213,73686,0.002714219797519203
500,750,46,Simulated annealing,73684,750,0.001946700009284541,73686,0.002714219797519203
500,750,46,Greedy value,39475,750,6.669999856967479e-05,73686,46.42808674646473
500,750,46,Greedy lightest,60123,746,6.740000389982015e-05,73686,18.406481556876475
500,750,46,Random feasible,19277,750,8.710000838618726e-05,73686,73.83899248161116
500,750,47,DP exact,76723,750,0.021062300002085976,76723,0.0
500,750,47,Greedy density,76681,749,0.00010389999079052359,76723,0.05474238494323736
500,750,47,Simulated annealing,76681,749,0.0020108000026084483,76723,0.05474238494323736
500,750,47,Greedy value,42782,750,6.61999947624281e-05,76723,44.238363984724266
500,750,47,Greedy lightest,64838,743,6.720000237692147e-05,76723,15.490791548818477
500,750,47,Random feasible,21832,750,9.529999806545675e-05,76723,71.54438695045815
500,750,48,DP exact,74658,750,0.021301300002960488,74658,0.0
500,750,48,Greedy density,74656,750,0.00010109999857377261,74658,0.0026788823702751214
500,750,48,Simulated annealing,74656,750,0.0018276000046171248,74658,0.0026788823702751214
500,750,48,Greedy value,42581,750,6.570000550709665e-05,74658,42.96525489565753
500,750,48,Greedy lightest,62153,748,6.849999772384763e-05,74658,16.749712020145196
500,750,48,Random feasible,22109,750,8.690000686328858e-05,74658,70.38629483779367
500,750,49,DP exact,74369,750,0.020418700005393475,74369,0.0
500,750,49,Greedy density,74310,749,9.020000288728625e-05,74369,0.0793341311567992
500,750,49,Simulated annealing,74310,749,0.001903099997434765,74369,0.0793341311567992
500,750,49,Greedy value,32615,750,6.150000263005495e-05,74369,56.14436122577956
500,750,49,Greedy lightest,64206,745,6.310000026132911e-05,74369,13.665640253331361
500,750,49,Random feasible,20351,750,8.719999459572136e-05,74369,72.63510333606744
500,750,50,DP exact,78063,750,0.020649500002036802,78063,0.0
500,750,50,Greedy density,77971,749,0.00010140000085812062,78063,0.11785352856026543
500,750,50,Simulated annealing,77971,749,0.0018185999942943454,78063,0.11785352856026543
500,750,50,Greedy value,39414,750,6.19000056758523e-05,78063,49.51001114484455
500,750,50,Greedy lightest,68142,749,6.410000787582248e-05,78063,12.708965835286884
500,750,50,Random feasible,22409,750,8.040000102482736e-05,78063,71.29369867927187
500,750,51,DP exact,79247,750,0.02065479999873787,79247,0.0
500,750,51,Greedy density,79247,750,9.300000965595245e-05,79247,0.0
500,750,51,Simulated annealing,79247,750,0.001862199991592206,79247,0.0
500,750,51,Greedy value,36621,750,6.19000056758523e-05,79247,53.788786957234976
500,750,51,Greedy lightest,67362,745,6.78999931551516e-05,79247,14.997413151286484
500,750,51,Random feasible,21525,750,9.859999408945441e-05,79247,72.83808850808232
500,750,52,DP exact,81287,750,0.020450500000151806,81287,0.0
500,750,52,Greedy density,81253,750,9.910001244861633e-05,81287,0.04182710642538167
500,750,52,Simulated annealing,81253,750,0.0018501000013202429,81287,0.04182710642538167
500,750,52,Greedy value,39612,750,6.079999729990959e-05,81287,51.26896059640533
500,750,52,Greedy lightest,69619,741,6.36000040685758e-05,81287,14.35407875798098
500,750,52,Random feasible,23824,750,9.010000212583691e-05,81287,70.69150048593256
500,750,53,DP exact,71716,750,0.02042079999228008,71716,0.0
500,750,53,Greedy density,71716,750,0.00011660000018309802,71716,0.0
500,750,53,Simulated annealing,71716,750,0.00192090000200551,71716,0.0
500,750,53,Greedy value,36918,750,6.479999865405262e-05,71716,48.521947682525514
500,750,53,Greedy lightest,60268,743,7.000000914558768e-05,71716,15.962965028724414
500,750,53,Random feasible,23242,750,8.769999840296805e-05,71716,67.59161135590384
500,750,54,DP exact,84376,750,0.021555500003159977,84376,0.0
500,750,54,Greedy density,84370,750,9.890001092571765e-05,84376,0.00711102683227458
500,750,54,Simulated annealing,84370,750,0.0018731000018306077,84376,0.00711102683227458
500,750,54,Greedy value,37728,750,6.809999467805028e-05,84376,55.28586327865744
500,750,54,Greedy lightest,71424,742,6.429999484680593e-05,84376,15.350336588603394
500,750,54,Random feasible,24508,750,8.22000001790002e-05,84376,70.95382573243576
500,750,55,DP exact,77728,750,0.0208652000001166,77728,0.0
500,750,55,Greedy density,77702,750,9.890001092571765e-05,77728,0.033449979415397284
500,750,55,Simulated annealing,77702,750,0.0019601999956648797,77728,0.033449979415397284
500,750,55,Greedy value,37197,750,6.580000626854599e-05,77728,52.144658295594894
500,750,55,Greedy lightest,67506,750,6.849999772384763e-05,77728,13.150988060930423
500,750,55,Random feasible,25418,750,8.749999688006938e-05,77728,67.29878550843969
500,750,56,DP exact,75735,750,0.021213499989244156,75735,0.0
500,750,56,Greedy density,75674,749,9.06000059330836e-05,75735,0.08054400211262956
500,750,56,Simulated annealing,75674,749,0.0018960999877890572,75735,0.08054400211262956
500,750,56,Greedy value,37289,750,6.850001227576286e-05,75735,50.76384762659273
500,750,56,Greedy lightest,64066,750,6.36000040685758e-05,75735,15.407671486102858
500,750,56,Random feasible,18718,750,8.910000906325877e-05,75735,75.28487489271804
500,750,57,DP exact,79912,750,0.021258100008708425,79912,0.0
500,750,57,Greedy density,79912,750,9.109999518841505e-05,79912,0.0
500,750,57,Simulated annealing,79912,750,0.0023167999897850677,79912,0.0
500,750,57,Greedy value,40267,750,6.150000263005495e-05,79912,49.61082190409451
500,750,57,Greedy lightest,68882,746,6.36000040685758e-05,79912,13.802682951246371
500,750,57,Random feasible,23259,750,0.0001604999997653067,79912,70.89423365702272
500,750,58,DP exact,78184,750,0.020788200010429136,78184,0.0
500,750,58,Greedy density,78174,750,9.329999738838524e-05,78184,0.012790340734677172
500,750,58,Simulated annealing,78174,750,0.0020109999895794317,78184,0.012790340734677172
500,750,58,Greedy value,37512,750,6.16999896010384e-05,78184,52.02087383607899
500,750,58,Greedy lightest,66944,750,6.340000254567713e-05,78184,14.376342985777141
500,750,58,Random feasible,17847,750,0.0001218999968841672,78184,77.17307889082166
500,750,59,DP exact,82785,750,0.021090900001581758,82785,0.0
500,750,59,Greedy density,82785,750,9.85000078799203e-05,82785,0.0
500,750,59,Simulated annealing,82785,750,0.002544100003433414,82785,0.0
500,750,59,Greedy value,43208,750,6.750000466126949e-05,82785,47.80696986168992
500,750,59,Greedy lightest,72881,747,6.799999391660094e-05,82785,11.963519961345654
500,750,59,Random feasible,22505,750,0.00013809998927172273,82785,72.81512351271365
500,750,60,DP exact,78581,750,0.020804100000532344,78581,0.0
500,750,60,Greedy density,78581,750,0.00010030000703409314,78581,0.0
500,750,60,Simulated annealing,78581,750,0.0020891000021947548,78581,0.0
500,750,60,Greedy value,44969,750,6.620000931434333e-05,78581,42.77369847673101
500,750,60,Greedy lightest,68993,749,6.859999848529696e-05,78581,12.201422735775823
500,750,60,Random feasible,16633,750,8.849998994264752e-05,78581,78.83330576093458
500,750,61,DP exact,78998,750,0.0207722999912221,78998,0.0
500,750,61,Greedy density,78983,750,9.109999518841505e-05,78998,0.018987822476518392
500,750,61,Simulated annealing,78983,750,0.002143300007446669,78998,0.018987822476518392
500,750,61,Greedy value,39595,750,6.230000872164965e-05,78998,49.87847793615028
500,750,61,Greedy lightest,67905,749,6.349998875521123e-05,78998,14.042127648801236
500,750,61,Random feasible,27054,750,8.929999603424221e-05,78998,65.75356338135143
500,750,62,DP exact,78095,750,0.021079700003610924,78095,0.0
500,750,62,Greedy density,78066,749,0.00010250000923406333,78095,0.037134259555669374
500,750,62,Simulated annealing,78066,749,0.002266999988933094,78095,0.037134259555669374
500,750,62,Greedy value,43862,750,8.55999969644472e-05,78095,43.83507266790448
500,750,62,Greedy lightest,66657,750,0.0002677000011317432,78095,14.64626416543953
500,750,62,Random feasible,18889,750,9.070000669453293e-05,78095,75.81279211217107
500,750,63,DP exact,70568,750,0.020740899999509566,70568,0.0
500,750,63,Greedy density,70510,750,9.940000018104911e-05,70568,0.08219022786532139
500,750,63,Simulated annealing,70510,750,0.002064000000245869,70568,0.08219022786532139
500,750,63,Greedy value,38777,750,6.649999704677612e-05,70568,45.05016438045573
500,750,63,Greedy lightest,61923,745,6.820000999141484e-05,70568,12.250595170615577
500,750,63,Random feasible,17766,750,9.289999434258789e-05,70568,74.82428296111551
500,750,64,DP exact,76199,750,0.020243800012394786,76199,0.0
500,750,64,Greedy density,76146,750,9.169999975711107e-05,76199,0.06955471856586044
500,750,64,Simulated annealing,76146,750,0.0019044000073336065,76199,0.06955471856586044
500,750,64,Greedy value,38349,750,6.189999112393707e-05,76199,49.67256788146826
500,750,64,Greedy lightest,63544,741,6.410000787582248e-05,76199,16.607829499074793
500,750,64,Random feasible,25289,750,9.23000043258071e-05,76199,66.81190041864066
500,750,65,DP exact,81616,750,0.020731500000692904,81616,0.0
500,750,65,Greedy density,81596,750,9.099999442696571e-05,81616,0.02450499901980004
500,750,65,Simulated annealing,81596,750,0.0023542999988421798,81616,0.02450499901980004
500,750,65,Greedy value,40748,750,6.239999493118376e-05,81616,50.0735149970594
500,750,65,Greedy lightest,69262,746,6.769999163225293e-05,81616,15.136737894530484
500,750,65,Random feasible,17538,750,9.679999493528157e-05,81616,78.51156635953734
500,750,66,DP exact,73622,750,0.022421399989980273,73622,0.0
500,750,66,Greedy density,73621,750,0.00010889999975915998,73622,0.0013582896416831926
500,750,66,Simulated annealing,73621,750,0.0019302999862702563,73622,0.0013582896416831926
500,750,66,Greedy value,41245,750,7.180000829976052e-05,73622,43.977343728776724
500,750,66,Greedy lightest,63800,746,6.920000305399299e-05,73622,13.341120860612318
500,750,66,Random feasible,16650,750,8.880000677891076e-05,73622,77.38447746597484
500,750,67,DP exact,80802,750,0.02083660000062082,80802,0.0
500,750,67,Greedy density,80768,750,0.00010580000525806099,80802,0.04207816638202025
500,750,67,Simulated annealing,80768,750,0.0021520000009331852,80802,0.04207816638202025
500,750,67,Greedy value,41422,750,6.620000931434333e-05,80802,48.73641741541051
500,750,67,Greedy lightest,69191,750,9.719999798107892e-05,80802,14.369693819459915
500,750,67,Random feasible,23278,750,8.89999937498942e-05,80802,71.19130714586272
500,750,68,DP exact,76032,750,0.02037729999574367,76032,0.0
500,750,68,Greedy density,76006,749,9.660000796429813e-05,76032,0.03419612794612795
500,750,68,Simulated annealing,76006,749,0.0018466000037733465,76032,0.03419612794612795
500,750,68,Greedy value,38622,750,6.420000863727182e-05,76032,49.20296717171717
500,750,68,Greedy lightest,65743,740,6.740000389982015e-05,76032,13.532460016835017
500,750,68,Random feasible,21263,750,8.22000001790002e-05,76032,72.03414351851852
500,750,69,DP exact,77454,750,0.02076310000848025,77454,0.0
500,750,69,Greedy density,77398,750,9.809999028220773e-05,77454,0.07230097864538952
500,750,69,Simulated annealing,77398,750,0.0020212999952491373,77454,0.07230097864538952
500,750,69,Greedy value,36181,750,6.609999400097877e-05,77454,53.28711235055646
500,750,69,Greedy lightest,69003,746,6.839999696239829e-05,77454,10.910992330931908
500,750,69,Random feasible,20373,750,9.139999747276306e-05,77454,73.69664575102641
500,750,70,DP exact,76629,750,0.02050319999398198,76629,0.0
500,750,70,Greedy density,76530,748,9.09000082174316e-05,76629,0.12919390831147476
500,750,70,Simulated annealing,76530,748,0.0019357000128366053,76629,0.12919390831147476
500,750,70,Greedy value,36746,750,6.580000626854599e-05,76629,52.04687520390453
500,750,70,Greedy lightest,64354,745,6.839999696239829e-05,76629,16.01873964165003
500,750,70,Random feasible,20674,750,8.89999937498942e-05,76629,73.0206579754401
500,750,71,DP exact,85458,750,0.021251699989079498,85458,0.0
500,750,71,Greedy density,85436,750,9.190000128000975e-05,85458,0.025743640150717312
500,750,71,Simulated annealing,85436,750,0.0023412000009557232,85458,0.025743640150717312
500,750,71,Greedy value,41292,750,6.540000322274864e-05,85458,51.6815277680264
500,750,71,Greedy lightest,75647,746,6.510000093840063e-05,85458,11.480493341758525
500,750,71,Random feasible,24744,750,9.529999806545675e-05,85458,71.0454258232114
500,750,72,DP exact,74200,750,0.02050250000320375,74200,0.0
500,750,72,Greedy density,74161,750,9.940000018104911e-05,74200,0.05256064690026954
500,750,72,Simulated annealing,74161,750,0.0019395999988773838,74200,0.05256064690026954
500,750,72,Greedy value,33604,750,6.510000093840063e-05,74200,54.711590296495956
500,750,72,Greedy lightest,64264,742,7.919999188743532e-05,74200,13.390835579514825
500,750,72,Random feasible,18901,750,8.739999611862004e-05,74200,74.52695417789758
500,750,73,DP exact,77011,750,0.02099370000360068,77011,0.0
500,750,73,Greedy density,76979,749,9.750000026542693e-05,77011,0.04155250548622924
500,750,73,Simulated annealing,76979,749,0.002028899994911626,77011,0.04155250548622924
500,750,73,Greedy value,36537,750,6.389999180100858e-05,77011,52.55612834530132
500,750,73,Greedy lightest,64787,749,6.479999865405262e-05,77011,15.87305709573957
500,750,73,Random feasible,23929,750,0.00011390000872779638,77011,68.92781550687565
500,750,74,DP exact,76470,750,0.020556199990096502,76470,0.0
500,750,74,Greedy density,76392,750,9.010000212583691e-05,76470,0.10200078462142016
500,750,74,Simulated annealing,76392,750,0.0018582000047899783,76470,0.10200078462142016
500,750,74,Greedy value,39332,750,6.139998731669039e-05,76470,48.565450503465414
500,750,74,Greedy lightest,65934,741,6.36000040685758e-05,76470,13.77795213809337
500,750,74,Random feasible,21942,750,8.410000009462237e-05,76470,71.30639466457434
500,750,75,DP exact,76127,750,0.020383999988553114,76127,0.0
500,750,75,Greedy density,76110,750,0.00010130000009667128,76127,0.022331104601521143
500,750,75,Simulated annealing,76110,750,0.001968600001418963,76127,0.022331104601521143
500,750,75,Greedy value,37605,750,6.70000008540228e-05,76127,50.60228302704691
500,750,75,Greedy lightest,66682,749,6.809999467805028e-05,76127,12.406898997727481
500,750,75,Random feasible,19083,750,8.830000297166407e-05,76127,74.93267828759835
500,750,76,DP exact,81865,750,0.022620400006417185,81865,0.0
500,750,76,Greedy density,81865,750,9.750000026542693e-05,81865,0.0
500,750,76,Simulated annealing,81865,750,0.0019976999901700765,81865,0.0
500,750,76,Greedy value,42010,750,6.53000024612993e-05,81865,48.6838087094607
500,750,76,Greedy lightest,70649,748,6.78999931551516e-05,81865,13.700604654003543
500,750,76,Random feasible,22757,750,8.769999840296805e-05,81865,72.20179563916203
500,750,77,DP exact,82510,750,0.02034550000098534,82510,0.0
500,750,77,Greedy density,82456,749,9.809999028220773e-05,82510,0.06544661253181433
500,750,77,Simulated annealing,82456,749,0.0024319999938597903,82510,0.06544661253181433
500,750,77,Greedy value,43566,750,0.00010939998901449144,82510,47.199127378499576
500,750,77,Greedy lightest,69008,748,6.890000076964498e-05,82510,16.36407708156587
500,750,77,Random feasible,19034,750,0.00012599999899975955,82510,76.9312810568416
500,750,78,DP exact,80340,750,0.021865200003958307,80340,0.0
500,750,78,Greedy density,80272,749,9.210000280290842e-05,80340,0.0846402788150361
500,750,78,Simulated annealing,80272,749,0.0019284999871160835,80340,0.0846402788150361
500,750,78,Greedy value,33569,750,6.239999493118376e-05,80340,58.216330594971375
500,750,78,Greedy lightest,69354,743,6.439999560825527e-05,80340,13.674383868558627
500,750,78,Random feasible,23385,750,8.959999831859022e-05,80340,70.8924570575056
500,750,79,DP exact,79576,750,0.020505600012256764,79576,0.0
500,750,79,Greedy density,79576,750,9.440000576432794e-05,79576,0.0
500,750,79,Simulated annealing,79576,750,0.0029732000111835077,79576,0.0
500,750,79,Greedy value,39560,750,0.00010770000517368317,79576,50.28651854830602
500,750,79,Greedy lightest,67591,742,0.00011900000390596688,79576,15.061073690559969
500,750,79,Random feasible,23509,750,9.940000018104911e-05,79576,70.45717301699004
500,750,80,DP exact,75763,750,0.02295889999368228,75763,0.0
500,750,80,Greedy density,75763,750,0.00010150000161956996,75763,0.0
500,750,80,Simulated annealing,75763,750,0.002022100001340732,75763,0.0
500,750,80,Greedy value,43563,750,6.710000161547214e-05,75763,42.50095693148371
500,750,80,Greedy lightest,62127,744,7.259999983943999e-05,75763,17.99823132663701
500,750,80,Random feasible,21014,750,9.679999493528157e-05,75763,72.26350593297519
500,750,81,DP exact,77230,750,0.021445499995024875,77230,0.0
500,750,81,Greedy density,77152,750,9.780000254977494e-05,77230,0.10099702188268807
500,750,81,Simulated annealing,77152,750,0.00195720000192523,77230,0.10099702188268807
500,750,81,Greedy value,43055,750,6.629999552387744e-05,77230,44.25093875437006
500,750,81,Greedy lightest,65987,743,6.769999163225293e-05,77230,14.55781432085977
500,750,81,Random feasible,17369,750,8.760001219343394e-05,77230,77.51003496050757
500,750,82,DP exact,85910,750,0.021813199986354448,85910,0.0
500,750,82,Greedy density,85832,749,0.00021610000112559646,85910,0.09079269002444419
500,750,82,Simulated annealing,85832,749,0.002620400002342649,85910,0.09079269002444419
500,750,82,Greedy value,40987,750,0.0001134999911300838,85910,52.29076940984751
500,750,82,Greedy lightest,77071,740,0.00010019999172072858,85910,10.288674193923875
500,750,82,Random feasible,18883,750,9.770000178832561e-05,85910,78.02002095215924
500,750,83,DP exact,82021,750,0.022264600003836676,82021,0.0
500,750,83,Greedy density,82021,750,9.240000508725643e-05,82021,0.0
500,750,83,Simulated annealing,82021,750,0.0019601999956648797,82021,0.0
500,750,83,Greedy value,39456,750,6.150000263005495e-05,82021,51.89524633935212
500,750,83,Greedy lightest,71138,747,6.44999963697046e-05,82021,13.268553175406298
500,750,83,Random feasible,22363,750,8.800000068731606e-05,82021,72.735031272479
500,750,84,DP exact,85112,750,0.021079099999042228,85112,0.0
500,750,84,Greedy density,85097,750,9.600000339560211e-05,85112,0.017623836826769435
500,750,84,Simulated annealing,85097,750,0.0019221999973524362,85112,0.017623836826769435
500,750,84,Greedy value,36417,750,6.199999188538641e-05,85112,57.21284895196917
500,750,84,Greedy lightest,74971,743,6.489999941550195e-05,85112,11.914888617351254
500,750,84,Random feasible,19694,750,8.319999324157834e-05,85112,76.86107716890685
500,750,85,DP exact,82995,750,0.02105860000301618,82995,0.0
500,750,85,Greedy density,82917,750,9.40000027185306e-05,82995,0.09398156515452738
500,750,85,Simulated annealing,82917,750,0.0019190000020898879,82995,0.09398156515452738
500,750,85,Greedy value,38450,750,6.19000056758523e-05,82995,53.671907946261825
500,750,85,Greedy lightest,74035,748,6.310000026132911e-05,82995,10.795831074161095
500,750,85,Random feasible,28312,750,9.000000136438757e-05,82995,65.88710163262847
500,750,86,DP exact,80008,750,0.020704700000351295,80008,0.0
500,750,86,Greedy density,79952,749,9.690001024864614e-05,80008,0.06999300069993
500,750,86,Simulated annealing,79952,749,0.0020837000047322363,80008,0.06999300069993
500,750,86,Greedy value,43478,750,6.510000093840063e-05,80008,45.65793420657934
500,750,86,Greedy lightest,69646,742,6.78999931551516e-05,80008,12.95120487951205
500,750,86,Random feasible,22874,750,9.469999349676073e-05,80008,71.4103589641036
500,750,87,DP exact,85341,750,0.024551800001063384,85341,0.0
500,750,87,Greedy density,85257,750,9.339999814983457e-05,85341,0.0984286568003656
500,750,87,Simulated annealing,85257,750,0.00199869999778457,85341,0.0984286568003656
500,750,87,Greedy value,43565,750,6.659999780822545e-05,85341,48.95185198204849
500,750,87,Greedy lightest,74642,749,6.749999010935426e-05,85341,12.53676427508466
500,750,87,Random feasible,20933,750,0.0001497999910498038,85341,75.47134437140413
500,750,88,DP exact,78392,750,0.021123400001670234,78392,0.0
500,750,88,Greedy density,78392,750,9.65999934123829e-05,78392,0.0
500,750,88,Simulated annealing,78392,750,0.0020343000069260597,78392,0.0
500,750,88,Greedy value,40257,750,6.669999856967479e-05,78392,48.64654556587407
500,750,88,Greedy lightest,61129,746,6.849999772384763e-05,78392,22.02137973262578
500,750,88,Random feasible,17460,750,9.109999518841505e-05,78392,77.72731911419532
500,750,89,DP exact,73369,750,0.021792600004118867,73369,0.0
500,750,89,Greedy density,73369,750,9.729999874252826e-05,73369,0.0
500,750,89,Simulated annealing,73369,750,0.001990999997360632,73369,0.0
500,750,89,Greedy value,34211,750,6.779999239370227e-05,73369,53.371314860499666
500,750,89,Greedy lightest,64415,748,6.459999713115394e-05,73369,12.204064386866389
500,750,89,Random feasible,20423,750,8.280000474769622e-05,73369,72.16399296705693
500,750,90,DP exact,84519,750,0.020566600011079572,84519,0.0
500,750,90,Greedy density,84519,750,9.789998875930905e-05,84519,0.0
500,750,90,Simulated annealing,84519,750,0.0020638000132748857,84519,0.0
500,750,90,Greedy value,47878,750,6.629999552387744e-05,84519,43.35238230457057
500,750,90,Greedy lightest,73311,747,6.890000076964498e-05,84519,13.260923579313527
500,750,90,Random feasible,21654,750,8.630000229459256e-05,84519,74.37972526887445
500,750,91,DP exact,73655,750,0.021032800010289066,73655,0.0
500,750,91,Greedy density,73570,750,9.520001185592264e-05,73655,0.11540289186070192
500,750,91,Simulated annealing,73570,750,0.002091099988319911,73655,0.11540289186070192
500,750,91,Greedy value,32720,750,6.479999865405262e-05,73655,55.57667503903333
500,750,91,Greedy lightest,65070,741,6.469999789260328e-05,73655,11.655692077930894
500,750,91,Random feasible,19654,750,8.889999298844486e-05,73655,73.31613603964429
500,750,92,DP exact,80037,750,0.021232600003713742,80037,0.0
500,750,92,Greedy density,80023,750,9.519999730400741e-05,80037,0.017491909991628873
500,750,92,Simulated annealing,80023,750,0.0019656000076793134,80037,0.017491909991628873
500,750,92,Greedy value,37037,750,6.510000093840063e-05,80037,53.72515211714582
500,750,92,Greedy lightest,71157,743,6.710000161547214e-05,80037,11.09486862326174
500,750,92,Random feasible,18283,750,9.06999921426177e-05,80037,77.15681497307496
500,750,93,DP exact,79043,750,0.021558399996138178,79043,0.0
500,750,93,Greedy density,79042,750,9.590000263415277e-05,79043,0.001265134167478461
500,750,93,Simulated annealing,79042,750,0.0018579000025056303,79043,0.001265134167478461
500,750,93,Greedy value,43124,750,6.229999416973442e-05,79043,45.44235416165884
500,750,93,Greedy lightest,68446,743,6.429999484680593e-05,79043,13.406626772769252
500,750,93,Random feasible,19141,750,8.240000170189887e-05,79043,75.78406690029477
500,750,94,DP exact,76995,750,0.020939800000633113,76995,0.0
500,750,94,Greedy density,76995,750,0.0001024999946821481,76995,0.0
500,750,94,Simulated annealing,76995,750,0.0021784999989904463,76995,0.0
500,750,94,Greedy value,45343,750,6.520000169984996e-05,76995,41.109162932657966
500,750,94,Greedy lightest,67400,749,6.730000313837081e-05,76995,12.461848171959218
500,750,94,Random feasible,24104,750,9.359999967273325e-05,76995,68.69407104357425
500,750,95,DP exact,82710,750,0.02069229999324307,82710,0.0
500,750,95,Greedy density,82710,750,9.929999941959977e-05,82710,0.0
500,750,95,Simulated annealing,82710,750,0.0020337000023573637,82710,0.0
500,750,95,Greedy value,45149,750,6.669999856967479e-05,82710,45.41288840527143
500,750,95,Greedy lightest,70690,744,6.860001303721219e-05,82710,14.532704630637166
500,750,95,Random feasible,20907,750,9.180000051856041e-05,82710,74.72252448313384
500,750,96,DP exact,81355,750,0.02166939999733586,81355,0.0
500,750,96,Greedy density,81348,750,9.509999654255807e-05,81355,0.008604265257206072
500,750,96,Simulated annealing,81348,750,0.002462999997078441,81355,0.008604265257206072
500,750,96,Greedy value,40077,750,6.500000017695129e-05,81355,50.73812304099318
500,750,96,Greedy lightest,72790,748,6.78000069456175e-05,81355,10.527933132567144
500,750,96,Random feasible,21957,750,9.780000254977494e-05,81355,73.01087824964661
500,750,97,DP exact,82853,750,0.021650299997418188,82853,0.0
500,750,97,Greedy density,82768,749,9.810000483412296e-05,82853,0.1025913364633749
500,750,97,Simulated annealing,82768,749,0.0019475000008242205,82853,0.1025913364633749
500,750,97,Greedy value,44853,750,6.120000034570694e-05,82853,45.864362183626426
500,750,97,Greedy lightest,71029,744,6.359998951666057e-05,82853,14.271058380505233
500,750,97,Random feasible,24445,750,8.250000246334821e-05,82853,70.49593859003295
500,750,98,DP exact,81704,750,0.021135400005732663,81704,0.0
500,750,98,Greedy density,81652,749,9.830000635702163e-05,81704,0.06364437481641046
500,750,98,Simulated annealing,81652,749,0.0019900000042980537,81704,0.06364437481641046
500,750,98,Greedy value,44184,750,6.6100008552894e-05,81704,45.92186429061001
500,750,98,Greedy lightest,68625,750,6.860001303721219e-05,81704,16.00778419661216
500,750,98,Random feasible,21530,750,8.250000246334821e-05,81704,73.6487809654362
500,750,99,DP exact,74663,750,0.02065740000398364,74663,0.0
500,750,99,Greedy density,74564,750,9.480000881012529e-05,74663,0.1325957971150369
500,750,99,Simulated annealing,74564,750,0.0019533000013325363,74663,0.1325957971150369
500,750,99,Greedy value,35632,750,6.230000872164965e-05,74663,52.2762278504748
500,750,99,Greedy lightest,65612,743,6.330000178422779e-05,74663,12.122470299880797
500,750,99,Random feasible,20755,750,8.299999171867967e-05,74663,72.20175990785262
1000,1000,0,DP exact,106350,1000,0.05820749999838881,106350,0.0
1000,1000,0,Greedy density,106347,1000,0.0002103000006172806,106350,0.0028208744710860366
1000,1000,0,Simulated annealing,106347,1000,0.0037897000001976267,106350,0.0028208744710860366
1000,1000,0,Greedy value,30443,1000,0.00012680000509135425,106350,71.37470615890926
1000,1000,0,Greedy lightest,91298,1000,0.00013000000035390258,106350,14.153267512929007
1000,1000,0,Random feasible,19370,1000,0.0001745000045048073,106350,81.78655383168783
1000,1000,1,DP exact,111600,1000,0.05605830000422429,111600,0.0
1000,1000,1,Greedy density,111600,1000,0.000185500000952743,111600,0.0
1000,1000,1,Simulated annealing,111600,1000,0.0036636000004364178,111600,0.0
1000,1000,1,Greedy value,41314,1000,0.00012650000280700624,111600,62.98028673835125
1000,1000,1,Greedy lightest,96633,995,0.00013000000035390258,111600,13.411290322580646
1000,1000,1,Random feasible,23131,1000,0.00016340000729542226,111600,79.27329749103943
1000,1000,2,DP exact,107575,1000,0.05496259999927133,107575,0.0
1000,1000,2,Greedy density,107540,1000,0.00017899999511428177,107575,0.03253544039042529
1000,1000,2,Simulated annealing,107540,1000,0.003995599996414967,107575,0.03253544039042529
1000,1000,2,Greedy value,44133,1000,0.00012670000432990491,107575,58.97466883569603
1000,1000,2,Greedy lightest,91963,992,0.00013020000187680125,107575,14.512665582151987
1000,1000,2,Random feasible,20195,1000,0.00017780000052880496,107575,81.22705089472461
1000,1000,3,DP exact,104075,1000,0.05395120001048781,104075,0.0
1000,1000,3,Greedy density,104027,999,0.00019169998995494097,104075,0.04612058611578189
1000,1000,3,Simulated annealing,104027,999,0.0035789000103250146,104075,0.04612058611578189
1000,1000,3,Greedy value,37293,1000,0.00013590000162366778,104075,64.16718712466971
1000,1000,3,Greedy lightest,89517,1000,0.00014030000602360815,104075,13.987989430699015
1000,1000,3,Random feasible,20817,1000,0.00016660000255797058,104075,79.99807830891184
1000,1000,4,DP exact,116543,1000,0.05661839999083895,116543,0.0
1000,1000,4,Greedy density,116537,1000,0.00022029998945072293,116543,0.005148314356074582
1000,1000,4,Simulated annealing,116537,1000,0.003540099991369061,116543,0.005148314356074582
1000,1000,4,Greedy value,37335,1000,0.00014179998834151775,116543,67.96461391932591
1000,1000,4,Greedy lightest,99584,999,0.00014089999604038894,116543,14.551710527444806
1000,1000,4,Random feasible,20730,1000,0.00016239999968092889,116543,82.21257389976232
1000,1000,5,DP exact,113861,1000,0.059530999991693534,113861,0.0
1000,1000,5,Greedy density,113834,1000,0.00019659999816212803,113861,0.02371312389668104
1000,1000,5,Simulated annealing,113834,1000,0.0036447000020416453,113861,0.02371312389668104
1000,1000,5,Greedy value,41357,1000,0.0001483000087318942,113861,63.67764203722082
1000,1000,5,Greedy lightest,99616,998,0.00014430000737775117,113861,12.510868515119313
1000,1000,5,Random feasible,22447,1000,0.00017590000061318278,113861,80.2856114033778
1000,1000,6,DP exact,110787,1000,0.05544999999983702,110787,0.0
1000,1000,6,Greedy density,110787,1000,0.000185800003237091,110787,0.0
1000,1000,6,Simulated annealing,110787,1000,0.0037402000016300008,110787,0.0
1000,1000,6,Greedy value,41828,1000,0.0001402000052621588,110787,62.24466769566826
1000,1000,6,Greedy lightest,97436,993,0.00013839999155607074,110787,12.05105292137164
1000,1000,6,Random feasible,24807,1000,0.00017040000238921493,110787,77.608383655122
1000,1000,7,DP exact,118712,1000,0.05507699999725446,118712,0.0
1000,1000,7,Greedy density,118676,1000,0.00019150000298395753,118712,0.030325493631646338
1000,1000,7,Simulated annealing,118676,1000,0.004218400004901923,118712,0.030325493631646338
1000,1000,7,Greedy value,41115,1000,0.0001343000039923936,118712,65.36575914819058
1000,1000,7,Greedy lightest,101646,997,0.00013599998783320189,118712,14.375968731046566
1000,1000,7,Random feasible,19705,1000,0.00017439998919144273,118712,83.40100411078913
1000,1000,8,DP exact,102437,1000,0.05929499999911059,102437,0.0
1000,1000,8,Greedy density,102381,999,0.00018220000492874533,102437,0.05466774700547654
1000,1000,8,Simulated annealing,102381,999,0.003370799997355789,102437,0.05466774700547654
1000,1000,8,Greedy value,36358,1000,0.00012710000737570226,102437,64.50696525669436
1000,1000,8,Greedy lightest,86193,998,0.00014060000830795616,102437,15.857551470660015
1000,1000,8,Random feasible,23584,1000,0.00015900000289548188,102437,76.97706883255074
1000,1000,9,DP exact,112963,1000,0.055112100002588704,112963,0.0
1000,1000,9,Greedy density,112913,999,0.0001832000125432387,112963,0.04426228056974407
1000,1000,9,Simulated annealing,112913,999,0.0034841000015148893,112963,0.04426228056974407
1000,1000,9,Greedy value,42197,1000,0.00013269999180920422,112963,62.64529093597019
1000,1000,9,Greedy lightest,98462,993,0.00013169999874662608,112963,12.836946610837177
1000,1000,9,Random feasible,21863,1000,0.0001638000103412196,112963,80.64587519807371
1000,1000,10,DP exact,103358,1000,0.055281799999647774,103358,0.0
1000,1000,10,Greedy density,103358,1000,0.00026509999588597566,103358,0.0
1000,1000,10,Simulated annealing,103358,1000,0.003990099998190999,103358,0.0
1000,1000,10,Greedy value,40322,1000,0.0004526999982772395,103358,60.98802221405213
1000,1000,10,Greedy lightest,85911,995,0.00025430000096093863,103358,16.88016408986242
1000,1000,10,Random feasible,20617,1000,0.0001615999935893342,103358,80.05282609957624
1000,1000,11,DP exact,115626,1000,0.054823900005430914,115626,0.0
1000,1000,11,Greedy density,115621,1000,0.0002173000102629885,115626,0.004324286925086053
1000,1000,11,Simulated annealing,115621,1000,0.003761500003747642,115626,0.004324286925086053
1000,1000,11,Greedy value,42111,1000,0.00016320000577252358,115626,63.57999065954024
1000,1000,11,Greedy lightest,102101,999,0.0002153999957954511,115626,11.697196132357774
1000,1000,11,Random feasible,23301,1000,0.00017210000078193843,115626,79.84795807171398
1000,1000,12,DP exact,112293,1000,0.05617169999459293,112293,0.0
1000,1000,12,Greedy density,112292,1000,0.0002116999967256561,112293,0.000890527459414211
1000,1000,12,Simulated annealing,112292,1000,0.0035173000069335103,112293,0.000890527459414211
1000,1000,12,Greedy value,40931,1000,0.00014039999223314226,112293,63.54982055871693
1000,1000,12,Greedy lightest,96878,999,0.0001399000029778108,112293,13.727480786870062
1000,1000,12,Random feasible,21697,1000,0.00015650001296307892,112293,80.67822571308986
1000,1000,13,DP exact,105833,1000,0.05540630000177771,105833,0.0
1000,1000,13,Greedy density,105764,999,0.00018239999189972878,105833,0.06519705573875824
1000,1000,13,Simulated annealing,105764,999,0.004070200011483394,105833,0.06519705573875824
1000,1000,13,Greedy value,35329,1000,0.00012629998673219234,105833,66.61816257689
1000,1000,13,Greedy lightest,90737,998,0.00014800000644754618,105833,14.263981933801366
1000,1000,13,Random feasible,20072,1000,0.00018620000628288835,105833,81.0342709740818
1000,1000,14,DP exact,119690,1000,0.056137799998396076,119690,0.0
1000,1000,14,Greedy density,119684,1000,0.00020930000755470246,119690,0.005012950121146295
1000,1000,14,Simulated annealing,119684,1000,0.003597800008719787,119690,0.005012950121146295
1000,1000,14,Greedy value,40931,1000,0.00018030000501312315,119690,65.80248976522684
1000,1000,14,Greedy lightest,105513,991,0.00019489999976940453,119690,11.844765644581836
1000,1000,14,Random feasible,18730,1000,0.00016870000399649143,119690,84.35124070515498
1000,1000,15,DP exact,116436,1000,0.05558329999621492,116436,0.0
1000,1000,15,Greedy density,116397,999,0.00018309999722987413,116436,0.03349479542409564
1000,1000,15,Simulated annealing,116397,999,0.0038345999928424135,116436,0.03349479542409564
1000,1000,15,Greedy value,41838,1000,0.0001370999962091446,116436,64.06781407812016
1000,1000,15,Greedy lightest,101961,995,0.00016980001237243414,116436,12.431722147789344
1000,1000,15,Random feasible,17676,1000,0.00016450000111944973,116436,84.81912810470989
1000,1000,16,DP exact,115400,1000,0.055823100003181025,115400,0.0
1000,1000,16,Greedy density,115356,1000,0.0001697999978205189,115400,0.038128249566724434
1000,1000,16,Simulated annealing,115356,1000,0.003679399989778176,115400,0.038128249566724434
1000,1000,16,Greedy value,41175,1000,0.0001260999997612089,115400,64.31975736568458
1000,1000,16,Greedy lightest,104634,993,0.00013040000339969993,115400,9.329289428076256
1000,1000,16,Random feasible,18286,1000,0.0001647000026423484,115400,84.15424610051993
1000,1000,17,DP exact,124281,1000,0.05525970000599045,124281,0.0
1000,1000,17,Greedy density,124281,1000,0.0001829999964684248,124281,0.0
1000,1000,17,Simulated annealing,124281,1000,0.004118400000152178,124281,0.0
1000,1000,17,Greedy value,57396,1000,0.00013349999790079892,124281,53.81755859705023
1000,1000,17,Greedy lightest,109021,995,0.00012969999806955457,124281,12.278626660551492
1000,1000,17,Random feasible,21463,1000,0.00018139999883715063,124281,82.73026448129642
1000,1000,18,DP exact,106686,1000,0.055252100006327964,106686,0.0
1000,1000,18,Greedy density,106606,999,0.00017510000907350332,106686,0.07498640871342069
1000,1000,18,Simulated annealing,106606,999,0.00366770000255201,106686,0.07498640871342069
1000,1000,18,Greedy value,41962,1000,0.00012490000517573208,106686,60.66775396959301
1000,1000,18,Greedy lightest,89675,996,0.00012939999578520656,106686,15.944922482799992
1000,1000,18,Random feasible,20813,1000,0.00015829999756533653,106686,80.4913484430947
1000,1000,19,DP exact,109839,1000,0.05559730000095442,109839,0.0
1000,1000,19,Greedy density,109839,1000,0.00020049999875482172,109839,0.0
1000,1000,19,Simulated annealing,109839,1000,0.003770399998757057,109839,0.0
1000,1000,19,Greedy value,36291,1000,0.00013509999553207308,109839,66.95982301368366
1000,1000,19,Greedy lightest,95815,999,0.0001432000135537237,109839,12.767778293684392
1000,1000,19,Random feasible,24657,1000,0.00017860000662039965,109839,77.5516892906891
1000,1000,20,DP exact,116166,1000,0.05750100000295788,116166,0.0
1000,1000,20,Greedy density,116094,999,0.00023269999655894935,116166,0.06198026961417282
1000,1000,20,Simulated annealing,116094,999,0.0038740000018151477,116166,0.06198026961417282
1000,1000,20,Greedy value,36163,1000,0.0001638999965507537,116166,68.86954874920373
1000,1000,20,Greedy lightest,104209,990,0.0001767999929143116,116166,10.29302894134256
1000,1000,20,Random feasible,22959,1000,0.0001677000109339133,116166,80.23604152678064
1000,1000,21,DP exact,102339,1000,0.054783100000349805,102339,0.0
1000,1000,21,Greedy density,102329,1000,0.00021189999824855477,102339,0.00977144588084699
1000,1000,21,Simulated annealing,102329,1000,0.0046390999923460186,102339,0.00977144588084699
1000,1000,21,Greedy value,39118,1000,0.00012919999426230788,102339,61.77605800330275
1000,1000,21,Greedy lightest,85263,995,0.00013699999544769526,102339,16.685720986134317
1000,1000,21,Random feasible,20816,1000,0.00016229999891947955,102339,79.65975825442891
1000,1000,22,DP exact,116045,1000,0.057855300008668564,116045,0.0
1000,1000,22,Greedy density,115980,1000,0.00019130000146105886,116045,0.05601275367314404
1000,1000,22,Simulated annealing,115980,1000,0.0036642000050051138,116045,0.05601275367314404
1000,1000,22,Greedy value,40146,1000,0.00014590000500902534,116045,65.40479986212246
1000,1000,22,Greedy lightest,100581,994,0.00014220000593923032,116045,13.325864966176914
1000,1000,22,Random feasible,18681,1000,0.00017470000602770597,116045,83.9019345943384
1000,1000,23,DP exact,114312,1000,0.056660300004296005,114312,0.0
1000,1000,23,Greedy density,114301,1000,0.0001917000045068562,114312,0.00962278675904542
1000,1000,23,Simulated annealing,114301,1000,0.0038084999978309497,114312,0.00962278675904542
1000,1000,23,Greedy value,37241,1000,0.00013780000153928995,114312,67.4216180278536
1000,1000,23,Greedy lightest,100597,1000,0.00014109999756328762,114312,11.997865490937084
1000,1000,23,Random feasible,22924,1000,0.0001900000061141327,114312,79.94611239414935
1000,1000,24,DP exact,114828,1000,0.05793640000047162,114828,0.0
1000,1000,24,Greedy density,114809,1000,0.000189200000022538,114828,0.016546486919566655
1000,1000,24,Simulated annealing,114809,1000,0.003942299998016097,114828,0.016546486919566655
1000,1000,24,Greedy value,32722,1000,0.00013609998859465122,114828,71.50346605357578
1000,1000,24,Greedy lightest,97753,998,0.0001407999952789396,114828,14.870066534294772
1000,1000,24,Random feasible,22651,1000,0.00017499999376013875,114828,80.27397498867872
1000,1000,25,DP exact,113956,1000,0.05823999999847729,113956,0.0
1000,1000,25,Greedy density,113910,1000,0.0001914000022225082,113956,0.04036645722910597
1000,1000,25,Simulated annealing,113910,1000,0.0037222999962978065,113956,0.04036645722910597
1000,1000,25,Greedy value,41851,1000,0.00013670000771526247,113956,63.274421706623606
1000,1000,25,Greedy lightest,102278,1000,0.0001412999990861863,113956,10.247814946119554
1000,1000,25,Random feasible,24602,1000,0.00016870000399649143,113956,78.41096563585945
1000,1000,26,DP exact,112585,1000,0.05367189999378752,112585,0.0
1000,1000,26,Greedy density,112575,1000,0.0001990000018849969,112585,0.008882177910023537
1000,1000,26,Simulated annealing,112575,1000,0.00391220000165049,112585,0.008882177910023537
1000,1000,26,Greedy value,46839,1000,0.00014289999671746045,112585,58.39676688724075
1000,1000,26,Greedy lightest,96952,999,0.00014930000179447234,112585,13.885508726739797
1000,1000,26,Random feasible,23770,1000,0.0001816000003600493,112585,78.88706310787406
1000,1000,27,DP exact,116498,1000,0.0567665999988094,116498,0.0
1000,1000,27,Greedy density,116498,1000,0.000228899996727705,116498,0.0
1000,1000,27,Simulated annealing,116498,1000,0.004112499998882413,116498,0.0
1000,1000,27,Greedy value,42178,1000,0.00030980000155977905,116498,63.79508661092894
1000,1000,27,Greedy lightest,102001,994,0.00017670000670477748,116498,12.443990454771756
1000,1000,27,Random feasible,19641,1000,0.00017430000298190862,116498,83.1404830984223
1000,1000,28,DP exact,111069,1000,0.05854399999952875,111069,0.0
1000,1000,28,Greedy density,111005,999,0.00017410000145900995,111069,0.05762183867685853
1000,1000,28,Simulated annealing,111005,999,0.0033504000020911917,111069,0.05762183867685853
1000,1000,28,Greedy value,41109,1000,0.00012959999730810523,111069,62.98787240364098
1000,1000,28,Greedy lightest,92952,993,0.0001323999895248562,111069,16.311482051697592
1000,1000,28,Random feasible,17305,1000,0.00015959999291226268,111069,84.41959502651505
1000,1000,29,DP exact,114478,1000,0.0574242000002414,114478,0.0
1000,1000,29,Greedy density,114413,999,0.0002072000061161816,114478,0.05677946854417443
1000,1000,29,Simulated annealing,114413,999,0.004239799993229099,114478,0.05677946854417443
1000,1000,29,Greedy value,42947,1000,0.00013420000323094428,114478,62.48449483743602
1000,1000,29,Greedy lightest,99447,995,0.00014189998910296708,114478,13.130033718269013
1000,1000,29,Random feasible,22133,1000,0.00017579999985173345,114478,80.66615419556597
1000,1000,30,DP exact,104934,1000,0.05905900000652764,104934,0.0
1000,1000,30,Greedy density,104867,999,0.0002179000002797693,104934,0.06384965788019135
1000,1000,30,Simulated annealing,104867,999,0.003692999991471879,104934,0.06384965788019135
1000,1000,30,Greedy value,39038,1000,0.00013490000856108963,104934,62.797567995120744
1000,1000,30,Greedy lightest,90613,999,0.00015659999917261302,104934,13.647626126898812
1000,1000,30,Random feasible,17297,1000,0.0001621999981580302,104934,83.51630548725866
1000,1000,31,DP exact,109081,1000,0.05701770000450779,109081,0.0
1000,1000,31,Greedy density,109071,1000,0.0001917000045068562,109081,0.009167499381193791
1000,1000,31,Simulated annealing,109071,1000,0.003711299999849871,109081,0.009167499381193791
1000,1000,31,Greedy value,39934,1000,0.00015630001144018024,109081,63.390507971140714
1000,1000,31,Greedy lightest,96540,996,0.00015940000594127923,109081,11.496960973955135
1000,1000,31,Random feasible,16882,1000,0.0001686999894445762,109081,84.52342754466864
1000,1000,32,DP exact,111805,1000,0.05567839999275748,111805,0.0
1000,1000,32,Greedy density,111775,1000,0.00022190000163391232,111805,0.026832431465497967
1000,1000,32,Simulated annealing,111775,1000,0.0034902999905170873,111805,0.026832431465497967
1000,1000,32,Greedy value,36882,1000,0.00014059999375604093,111805,67.0122087563168
1000,1000,32,Greedy lightest,97393,996,0.00014039999223314226,111805,12.890300076025223
1000,1000,32,Random feasible,18392,1000,0.00015589999384246767,111805,83.54993068288537
1000,1000,33,DP exact,114337,1000,0.056865600010496564,114337,0.0
1000,1000,33,Greedy density,114284,999,0.0001804999919841066,114337,0.04635419855339916
1000,1000,33,Simulated annealing,114284,999,0.0033860999974422157,114337,0.04635419855339916
1000,1000,33,Greedy value,42146,1000,0.0001277999981539324,114337,63.138791467329035
1000,1000,33,Greedy lightest,95926,996,0.00013290000788401812,114337,16.102399048427017
1000,1000,33,Random feasible,24486,1000,0.0001588000013725832,114337,78.58436026832959
1000,1000,34,DP exact,111290,1000,0.054679299995768815,111290,0.0
1000,1000,34,Greedy density,111230,1000,0.000225800002226606,111290,0.05391319974840507
1000,1000,34,Simulated annealing,111230,1000,0.0036311999865574762,111290,0.05391319974840507
1000,1000,34,Greedy value,36409,1000,0.00013800000306218863,111290,67.28457183933867
1000,1000,34,Greedy lightest,93257,997,0.00029379999614320695,111290,16.203612184383143
1000,1000,34,Random feasible,22450,1000,0.0001627000019652769,111290,79.82747776080511
1000,1000,35,DP exact,105534,1000,0.055495099994004704,105534,0.0
1000,1000,35,Greedy density,105534,1000,0.00020389999554026872,105534,0.0
1000,1000,35,Simulated annealing,105534,1000,0.0038063000101828948,105534,0.0
1000,1000,35,Greedy value,39022,1000,0.0001294999965466559,105534,63.024238633994734
1000,1000,35,Greedy lightest,90392,996,0.00013329999637790024,105534,14.347982640665567
1000,1000,35,Random feasible,18990,1000,0.00017510000907350332,105534,82.00579907896982
1000,1000,36,DP exact,112587,1000,0.05622620000212919,112587,0.0
1000,1000,36,Greedy density,112587,1000,0.00018699999782256782,112587,0.0
1000,1000,36,Simulated annealing,112587,1000,0.003498499994748272,112587,0.0
1000,1000,36,Greedy value,40119,1000,0.0001328999933321029,112587,64.36622345386235
1000,1000,36,Greedy lightest,97017,1000,0.00013889999536331743,112587,13.829305337205895
1000,1000,36,Random feasible,22031,1000,0.00016450000111944973,112587,80.43202145896062
1000,1000,37,DP exact,114643,1000,0.05463959999906365,114643,0.0
1000,1000,37,Greedy density,114578,999,0.00021139999444130808,114643,0.056697748663241544
1000,1000,37,Simulated annealing,114578,999,0.0034010999952442944,114643,0.056697748663241544
1000,1000,37,Greedy value,41014,1000,0.00013669999316334724,114643,64.22459286655095
1000,1000,37,Greedy lightest,98360,992,0.0001396999869029969,114643,14.203222176670184
1000,1000,37,Random feasible,22145,1000,0.00015999999595806003,114643,80.68351316696179
1000,1000,38,DP exact,110993,1000,0.05598360000294633,110993,0.0
1000,1000,38,Greedy density,110985,1000,0.0004056000034324825,110993,0.007207661744434333
1000,1000,38,Simulated annealing,110985,1000,0.00399670000479091,110993,0.007207661744434333
1000,1000,38,Greedy value,39103,1000,0.00013689999468624592,110993,64.76985035092304
1000,1000,38,Greedy lightest,94480,997,0.00017940001271199435,110993,14.87751479823052
1000,1000,38,Random feasible,19181,1000,0.00019910000264644623,110993,82.71873001000063
1000,1000,39,DP exact,106990,1000,0.05563019998953678,106990,0.0
1000,1000,39,Greedy density,106961,1000,0.0004360000020824373,106990,0.02710533694737826
1000,1000,39,Simulated annealing,106961,1000,0.004789500002516434,106990,0.02710533694737826
1000,1000,39,Greedy value,42030,1000,0.00019449999672360718,106990,60.7159547621273
1000,1000,39,Greedy lightest,87063,992,0.00014899999951012433,106990,18.62510515001402
1000,1000,39,Random feasible,21366,1000,0.00017590000061318278,106990,80.02990933732124
1000,1000,40,DP exact,110234,1000,0.05834040000627283,110234,0.0
1000,1000,40,Greedy density,110234,1000,0.00018740000086836517,110234,0.0
1000,1000,40,Simulated annealing,110234,1000,0.00407439999980852,110234,0.0
1000,1000,40,Greedy value,42091,1000,0.0001345999917248264,110234,61.8166808788577
1000,1000,40,Greedy lightest,97814,995,0.00013929999840911478,110234,11.266941234102001
1000,1000,40,Random feasible,17996,1000,0.00018459999409969896,110234,83.67472830524157
1000,1000,41,DP exact,112447,1000,0.054945500000030734,112447,0.0
1000,1000,41,Greedy density,112392,999,0.00018950000230688602,112447,0.04891193184344625
1000,1000,41,Simulated annealing,112392,999,0.003623700002208352,112447,0.04891193184344625
1000,1000,41,Greedy value,43167,1000,0.00013700000999961048,112447,61.61124796570829
1000,1000,41,Greedy lightest,96570,991,0.00014000000373926014,112447,14.119540761425382
1000,1000,41,Random feasible,24952,1000,0.00016959999629762024,112447,77.80999048440599
1000,1000,42,DP exact,110391,1000,0.05628640000941232,110391,0.0
1000,1000,42,Greedy density,110315,999,0.00018990000535268337,110391,0.06884619217146325
1000,1000,42,Simulated annealing,110315,999,0.0038364000065485016,110391,0.06884619217146325
1000,1000,42,Greedy value,41748,1000,0.00013660000695381314,110391,62.181699595075685
1000,1000,42,Greedy lightest,97043,994,0.00013910001143813133,110391,12.091565435588047
1000,1000,42,Random feasible,18789,1000,0.00016719999257475138,110391,82.97959072750496
1000,1000,43,DP exact,109623,1000,0.056821199992555194,109623,0.0
1000,1000,43,Greedy density,109617,1000,0.00018099999579135329,109623,0.005473303959935415
1000,1000,43,Simulated annealing,109617,1000,0.003548300010152161,109623,0.005473303959935415
1000,1000,43,Greedy value,38781,1000,0.00012670000432990491,109623,64.62329985495745
1000,1000,43,Greedy lightest,95563,991,0.00015300000086426735,109623,12.825775612781989
1000,1000,43,Random feasible,15904,1000,0.00018250000721309334,109623,85.49209563686453
1000,1000,44,DP exact,112967,1000,0.05485699999553617,112967,0.0
1000,1000,44,Greedy density,112944,1000,0.00020629999926313758,112967,0.02035992812060159
1000,1000,44,Simulated annealing,112944,1000,0.0038773999986005947,112967,0.02035992812060159
1000,1000,44,Greedy value,41217,1000,0.0001390999968862161,112967,63.514123593615835
1000,1000,44,Greedy lightest,96515,998,0.00014109999756328762,112967,14.56354510609293
1000,1000,44,Random feasible,22830,1000,0.00017410000145900995,112967,79.79055830463764
1000,1000,45,DP exact,110865,1000,0.05878260001190938,110865,0.0
1000,1000,45,Greedy density,110825,1000,0.00022119999630376697,110865,0.036079917016190864
1000,1000,45,Simulated annealing,110825,1000,0.0034982000070158392,110865,0.036079917016190864
1000,1000,45,Greedy value,40266,1000,0.0001652000064495951,110865,63.68015153565147
1000,1000,45,Greedy lightest,92628,991,0.00017769999976735562,110865,16.44973616560682
1000,1000,45,Random feasible,19904,1000,0.0001588000013725832,110865,82.04663329274342
1000,1000,46,DP exact,112955,1000,0.05498030000308063,112955,0.0
1000,1000,46,Greedy density,112895,999,0.00019400000746827573,112955,0.053118498517108585
1000,1000,46,Simulated annealing,112895,999,0.0037869000079808757,112955,0.053118498517108585
1000,1000,46,Greedy value,44787,1000,0.00014010000450070947,112955,60.3496967819043
1000,1000,46,Greedy lightest,96684,996,0.00014340000052470714,112955,14.404851489531229
1000,1000,46,Random feasible,22613,1000,0.00016339999274350703,112955,79.98052321721039
1000,1000,47,DP exact,109884,1000,0.05475139999180101,109884,0.0
1000,1000,47,Greedy density,109884,1000,0.00017929999739862978,109884,0.0
1000,1000,47,Simulated annealing,109884,1000,0.0036605000059353188,109884,0.0
1000,1000,47,Greedy value,37147,1000,0.00013380000018514693,109884,66.19435040588257
1000,1000,47,Greedy lightest,93746,994,0.0001303000026382506,109884,14.68639656364894
1000,1000,47,Random feasible,21767,1000,0.00016830000095069408,109884,80.19092861563102
1000,1000,48,DP exact,104109,1000,0.053893499993137084,104109,0.0
1000,1000,48,Greedy density,104031,999,0.00019289999909233302,104109,0.07492147652940669
1000,1000,48,Simulated annealing,104031,999,0.0037044000055175275,104109,0.07492147652940669
1000,1000,48,Greedy value,42505,1000,0.00013660000695381314,104109,59.172597950225246
1000,1000,48,Greedy lightest,88649,1000,0.0001812000118661672,104109,14.849820860828554
1000,1000,48,Random feasible,23998,1000,0.00032210000790655613,104109,76.94915905445255
1000,1000,49,DP exact,116305,1000,0.05609569999796804,116305,0.0
1000,1000,49,Greedy density,116271,1000,0.00019530000281520188,116305,0.029233480933751773
1000,1000,49,Simulated annealing,116271,1000,0.0034718000097200274,116305,0.029233480933751773
1000,1000,49,Greedy value,36942,1000,0.00013580000086221844,116305,68.23696315721594
1000,1000,49,Greedy lightest,103059,997,0.00013830000534653664,116305,11.389020248484588
1000,1000,49,Random feasible,22071,1000,0.00016980001237243414,116305,81.02317183268131
1000,1000,50,DP exact,113219,1000,0.05694370000855997,113219,0.0
1000,1000,50,Greedy density,113101,1000,0.0001883999939309433,113219,0.10422278946113285
1000,1000,50,Simulated annealing,113101,1000,0.003688600001623854,113219,0.10422278946113285
1000,1000,50,Greedy value,42162,1000,0.0001264000020455569,113219,62.76066737915014
1000,1000,50,Greedy lightest,97937,996,0.0001323999895248562,113219,13.497734479195188
1000,1000,50,Random feasible,21895,1000,0.00016239999968092889,113219,80.66137309108895
1000,1000,51,DP exact,112474,1000,0.05435289999877568,112474,0.0
1000,1000,51,Greedy density,112474,1000,0.00017759999900590628,112474,0.0
1000,1000,51,Simulated annealing,112474,1000,0.0033713000011630356,112474,0.0
1000,1000,51,Greedy value,43289,1000,0.0001260999997612089,112474,61.51199388303075
1000,1000,51,Greedy lightest,98079,997,0.00013099999341648072,112474,12.798513434215907
1000,1000,51,Random feasible,23091,1000,0.00015740000526420772,112474,79.46992193751444
1000,1000,52,DP exact,94046,1000,0.055380200006766245,94046,0.0
1000,1000,52,Greedy density,94046,1000,0.0001917000045068562,94046,0.0
1000,1000,52,Simulated annealing,94046,1000,0.003552600013790652,94046,0.0
1000,1000,52,Greedy value,43174,1000,0.00013649999164044857,94046,54.09267805116645
1000,1000,52,Greedy lightest,77501,998,0.00014139999984763563,94046,17.592454756183145
1000,1000,52,Random feasible,16575,1000,0.00017420000222045928,94046,82.37564596048742
1000,1000,53,DP exact,104496,1000,0.054980299988528714,104496,0.0
1000,1000,53,Greedy density,104449,999,0.000185800003237091,104496,0.04497779819323228
1000,1000,53,Simulated annealing,104449,999,0.0035648999910335988,104496,0.04497779819323228
1000,1000,53,Greedy value,36345,1000,0.0001357000001007691,104496,65.21876435461644
1000,1000,53,Greedy lightest,89910,991,0.00016870000399649143,104496,13.958429030776298
1000,1000,53,Random feasible,21212,1000,0.00016719999257475138,104496,79.7006583984076
1000,1000,54,DP exact,114565,1000,0.05539160000625998,114565,0.0
1000,1000,54,Greedy density,114545,1000,0.00018930000078398734,114565,0.01745733862872605
1000,1000,54,Simulated annealing,114545,1000,0.004248900004313327,114565,0.01745733862872605
1000,1000,54,Greedy value,43087,1000,0.00017949999892152846,114565,62.39078252520403
1000,1000,54,Greedy lightest,100224,995,0.0001483000087318942,114565,12.517784663728015
1000,1000,54,Random feasible,24416,1000,0.0001728000061120838,114565,78.68808100205123
1000,1000,55,DP exact,107275,1000,0.054444399997009896,107275,0.0
1000,1000,55,Greedy density,107275,1000,0.00018190000264439732,107275,0.0
1000,1000,55,Simulated annealing,107275,1000,0.0035976999934064224,107275,0.0
1000,1000,55,Greedy value,39215,1000,0.00012799999967683107,107275,63.44441855045444
1000,1000,55,Greedy lightest,89752,995,0.00027099999715574086,107275,16.334653926823584
1000,1000,55,Random feasible,21388,1000,0.00016660000255797058,107275,80.06245630389186
1000,1000,56,DP exact,110962,1000,0.06012850000115577,110962,0.0
1000,1000,56,Greedy density,110962,1000,0.00018620000628288835,110962,0.0
1000,1000,56,Simulated annealing,110962,1000,0.0035555999929783866,110962,0.0
1000,1000,56,Greedy value,44082,1000,0.00013600000238511711,110962,60.27288621329824
1000,1000,56,Greedy lightest,99282,997,0.00013929999840911478,110962,10.526126061174095
1000,1000,56,Random feasible,22935,1000,0.00017749999824445695,110962,79.33076188244624
1000,1000,57,DP exact,112689,1000,0.0548834000073839,112689,0.0
1000,1000,57,Greedy density,112640,1000,0.0001900000061141327,112689,0.043482504947244184
1000,1000,57,Simulated annealing,112640,1000,0.003566800005501136,112689,0.043482504947244184
1000,1000,57,Greedy value,38271,1000,0.0001365999924018979,112689,66.03838884008199
1000,1000,57,Greedy lightest,93784,996,0.0001390999968862161,112689,16.776260327094924
1000,1000,57,Random feasible,22990,1000,0.00016599999798927456,112689,79.59871859720114
1000,1000,58,DP exact,114614,1000,0.054868199993507005,114614,0.0
1000,1000,58,Greedy density,114565,1000,0.000199399990378879,114614,0.0427521943218106
1000,1000,58,Simulated annealing,114565,1000,0.0034998999908566475,114614,0.0427521943218106
1000,1000,58,Greedy value,39200,1000,0.00013390000094659626,114614,65.79824454255152
1000,1000,58,Greedy lightest,98363,998,0.00013939999917056412,114614,14.178896120892736
1000,1000,58,Random feasible,25861,1000,0.00015969999367371202,114614,77.43643882946238
1000,1000,59,DP exact,102620,1000,0.05471969999780413,102620,0.0
1000,1000,59,Greedy density,102569,999,0.0006148000102257356,102620,0.049697914636523094
1000,1000,59,Simulated annealing,102569,999,0.0037047999940114096,102620,0.049697914636523094
1000,1000,59,Greedy value,34485,1000,0.000331600007484667,102620,66.39543948548041
1000,1000,59,Greedy lightest,85775,994,0.00013760000001639128,102620,16.414928863769244
1000,1000,59,Random feasible,21935,1000,0.00016370000957977027,102620,78.62502436172286
1000,1000,60,DP exact,112798,1000,0.05613860000448767,112798,0.0
1000,1000,60,Greedy density,112692,999,0.00019210000755265355,112798,0.09397329739889006
1000,1000,60,Simulated annealing,112692,999,0.0036082000005990267,112798,0.09397329739889006
1000,1000,60,Greedy value,36338,1000,0.00013760000001639128,112798,67.78488980301069
1000,1000,60,Greedy lightest,95675,999,0.00014180000289343297,112798,15.18023369208674
1000,1000,60,Random feasible,20994,1000,0.00017410000145900995,112798,81.38796787177077
1000,1000,61,DP exact,104629,1000,0.054398799999034964,104629,0.0
1000,1000,61,Greedy density,104609,1000,0.0001883000077214092,104629,0.019115159277064676
1000,1000,61,Simulated annealing,104609,1000,0.003927400000975467,104629,0.019115159277064676
1000,1000,61,Greedy value,40751,1000,0.00014810000720899552,104629,61.05190721501687
1000,1000,61,Greedy lightest,88323,997,0.00013889999536331743,104629,15.584589358590831
1000,1000,61,Random feasible,20891,1000,0.0001728999923216179,104629,80.0332603771421
1000,1000,62,DP exact,110291,1000,0.056713400001171976,110291,0.0
1000,1000,62,Greedy density,110291,1000,0.0002575999969849363,110291,0.0
1000,1000,62,Simulated annealing,110291,1000,0.0037376999971456826,110291,0.0
1000,1000,62,Greedy value,38376,1000,0.00018899999849963933,110291,65.20477645501447
1000,1000,62,Greedy lightest,90330,999,0.0001478000049246475,110291,18.098484917173657
1000,1000,62,Random feasible,21004,1000,0.0001731000083964318,110291,80.95583501826985
1000,1000,63,DP exact,109313,1000,0.05537499999627471,109313,0.0
1000,1000,63,Greedy density,109301,1000,0.00028390000807121396,109313,0.010977651331497626
1000,1000,63,Simulated annealing,109301,1000,0.0036398000083863735,109313,0.010977651331497626
1000,1000,63,Greedy value,40038,1000,0.0002035999932559207,109313,63.37306633245817
1000,1000,63,Greedy lightest,94652,995,0.00014960000407882035,109313,13.411945514257225
1000,1000,63,Random feasible,19874,1000,0.0001697999978205189,109313,81.81917978648468
1000,1000,64,DP exact,123267,1000,0.05431289999978617,123267,0.0
1000,1000,64,Greedy density,123267,1000,0.00018030000501312315,123267,0.0
1000,1000,64,Simulated annealing,123267,1000,0.003967399999964982,123267,0.0
1000,1000,64,Greedy value,43062,1000,0.0001736000122036785,123267,65.06607607875587
1000,1000,64,Greedy lightest,107005,993,0.00013689999468624592,123267,13.192500831528308
1000,1000,64,Random feasible,21984,1000,0.0002091999922413379,123267,82.16554308939132
1000,1000,65,DP exact,105796,1000,0.054491299990331754,105796,0.0
1000,1000,65,Greedy density,105796,1000,0.00017800000205170363,105796,0.0
1000,1000,65,Simulated annealing,105796,1000,0.003541500002029352,105796,0.0
1000,1000,65,Greedy value,37033,1000,0.00012589999823831022,105796,64.99584105259179
1000,1000,65,Greedy lightest,91615,1000,0.0001297999988310039,105796,13.404098453627736
1000,1000,65,Random feasible,17372,1000,0.00016429999959655106,105796,83.579719460093
1000,1000,66,DP exact,109226,1000,0.0545851000060793,109226,0.0
1000,1000,66,Greedy density,109221,1000,0.00017719999596010894,109226,0.00457766465859777
1000,1000,66,Simulated annealing,109221,1000,0.003743699999176897,109226,0.00457766465859777
1000,1000,66,Greedy value,38987,1000,0.00012909999350085855,109226,64.30611759104976
1000,1000,66,Greedy lightest,91879,998,0.0001311999949393794,109226,15.881749766539102
1000,1000,66,Random feasible,21933,1000,0.00017340001068077981,109226,79.91961620859502
1000,1000,67,DP exact,109565,1000,0.056389200006378815,109565,0.0
1000,1000,67,Greedy density,109561,1000,0.0001883000077214092,109565,0.003650800894446219
1000,1000,67,Simulated annealing,109561,1000,0.0038056000048527494,109565,0.003650800894446219
1000,1000,67,Greedy value,39931,1000,0.0001252999936696142,109565,63.554967370967006
1000,1000,67,Greedy lightest,96669,998,0.00015789999451953918,109565,11.77018208369461
1000,1000,67,Random feasible,17229,1000,0.00016399999731220305,109565,84.27508784739652
1000,1000,68,DP exact,99749,1000,0.05500910000409931,99749,0.0
1000,1000,68,Greedy density,99714,1000,0.00017970000044442713,99749,0.03508807105835648
1000,1000,68,Simulated annealing,99714,1000,0.0034942999918712303,99749,0.03508807105835648
1000,1000,68,Greedy value,39795,1000,0.00012630000128410757,99749,60.10486320664869
1000,1000,68,Greedy lightest,85515,996,0.0001345000055152923,99749,14.269817241275602
1000,1000,68,Random feasible,19929,1000,0.00019099999917671084,99749,80.02085233937183
1000,1000,69,DP exact,110091,1000,0.05546180000237655,110091,0.0
1000,1000,69,Greedy density,110091,1000,0.0001720000000204891,110091,0.0
1000,1000,69,Simulated annealing,110091,1000,0.003457600003457628,110091,0.0
1000,1000,69,Greedy value,44761,1000,0.00012789999891538173,110091,59.34181722393293
1000,1000,69,Greedy lightest,95944,993,0.00013810000382363796,110091,12.850278406045907
1000,1000,69,Random feasible,20225,1000,0.00020260000019334257,110091,81.62883432796505
1000,1000,70,DP exact,117187,1000,0.05639840000367258,117187,0.0
1000,1000,70,Greedy density,117147,1000,0.00019210000755265355,117187,0.03413347896951027
1000,1000,70,Simulated annealing,117147,1000,0.003889799991156906,117187,0.03413347896951027
1000,1000,70,Greedy value,46756,1000,0.00013780000153928995,117187,60.101376432539446
1000,1000,70,Greedy lightest,100295,997,0.00014259999443311244,117187,14.414568168824188
1000,1000,70,Random feasible,20249,1000,0.00017929999739862978,117187,82.72077960865967
1000,1000,71,DP exact,113400,1000,0.05518270000175107,113400,0.0
1000,1000,71,Greedy density,113363,1000,0.00017299999308306724,113400,0.03262786596119929
1000,1000,71,Simulated annealing,113363,1000,0.003630100007285364,113400,0.03262786596119929
1000,1000,71,Greedy value,42383,1000,0.00012659998901654035,113400,62.62522045855379
1000,1000,71,Greedy lightest,99142,999,0.00013000000035390258,113400,12.573192239858907
1000,1000,71,Random feasible,20652,1000,0.0001618999958736822,113400,81.78835978835978
1000,1000,72,DP exact,106520,1000,0.05846590000146534,106520,0.0
1000,1000,72,Greedy density,106474,1000,0.00019239999528508633,106520,0.04318437852046564
1000,1000,72,Simulated annealing,106474,1000,0.004185099998721853,106520,0.04318437852046564
1000,1000,72,Greedy value,37451,1000,0.00013460000627674162,106520,64.84134434847915
1000,1000,72,Greedy lightest,92322,1000,0.00014309999824035913,106520,13.32895230942546
1000,1000,72,Random feasible,19701,1000,0.0001925000105984509,106520,81.50488171235449
1000,1000,73,DP exact,124968,1000,0.05852170000434853,124968,0.0
1000,1000,73,Greedy density,124957,1000,0.00018370000179857016,124968,0.008802253376864477
1000,1000,73,Simulated annealing,124957,1000,0.003659699999843724,124968,0.008802253376864477
1000,1000,73,Greedy value,39242,1000,0.00013859999307896942,124968,68.59836118046219
1000,1000,73,Greedy lightest,111336,992,0.00014430000737775117,124968,10.908392548492413
1000,1000,73,Random feasible,19526,1000,0.0001697999978205189,124968,84.37520005121311
1000,1000,74,DP exact,109792,1000,0.05616609999560751,109792,0.0
1000,1000,74,Greedy density,109792,1000,0.0001914000022225082,109792,0.0
1000,1000,74,Simulated annealing,109792,1000,0.0036352000024635345,109792,0.0
1000,1000,74,Greedy value,38366,1000,0.0001357000001007691,109792,65.0557417662489
1000,1000,74,Greedy lightest,93601,996,0.00013889999536331743,109792,14.746976100262314
1000,1000,74,Random feasible,21630,1000,0.0001677000109339133,109792,80.29911104634218
1000,1000,75,DP exact,107637,1000,0.054889899998670444,107637,0.0
1000,1000,75,Greedy density,107563,1000,0.0001849999971454963,107637,0.0687495935412544
1000,1000,75,Simulated annealing,107563,1000,0.003370499995071441,107637,0.0687495935412544
1000,1000,75,Greedy value,37489,1000,0.00013549999857787043,107637,65.1708984828637
1000,1000,75,Greedy lightest,93188,1000,0.00014139999984763563,107637,13.423822663210606
1000,1000,75,Random feasible,16438,1000,0.0001618999958736822,107637,84.72829974822784
1000,1000,76,DP exact,103879,1000,0.052772600000025705,103879,0.0
1000,1000,76,Greedy density,103812,1000,0.00020379999477881938,103879,0.06449811800267619
1000,1000,76,Simulated annealing,103812,1000,0.0035694000107469037,103879,0.06449811800267619
1000,1000,76,Greedy value,45687,1000,0.0001281999866478145,103879,56.019022131518405
1000,1000,76,Greedy lightest,89318,996,0.0001289000065298751,103879,14.017270093089074
1000,1000,76,Random feasible,19445,1000,0.0001703000016277656,103879,81.28110590205912
1000,1000,77,DP exact,111348,1000,0.05619380000280216,111348,0.0
1000,1000,77,Greedy density,111346,1000,0.00018509999790694565,111348,0.0017961705643567913
1000,1000,77,Simulated annealing,111346,1000,0.003749199997400865,111348,0.0017961705643567913
1000,1000,77,Greedy value,45095,1000,0.00013870000839233398,111348,59.50084420016525
1000,1000,77,Greedy lightest,98175,997,0.00014170000213198364,111348,11.830477422136006
1000,1000,77,Random feasible,21082,1000,0.00016340000729542226,111348,81.06656608111506
1000,1000,78,DP exact,112948,1000,0.05307350000657607,112948,0.0
1000,1000,78,Greedy density,112880,999,0.00022419999004341662,112948,0.060204695966285374
1000,1000,78,Simulated annealing,112880,999,0.003760599996894598,112948,0.060204695966285374
1000,1000,78,Greedy value,41868,1000,0.00013299999409355223,112948,62.931614548287705
1000,1000,78,Greedy lightest,97236,992,0.00013989998842589557,112948,13.910826220915819
1000,1000,78,Random feasible,18889,1000,0.00015669999993406236,112948,83.2763749690123
1000,1000,79,DP exact,109755,1000,0.05628689999866765,109755,0.0
1000,1000,79,Greedy density,109740,1000,0.0001846999948611483,109755,0.013666803334700014
1000,1000,79,Simulated annealing,109740,1000,0.0036031999916303903,109755,0.013666803334700014
1000,1000,79,Greedy value,42990,1000,0.00013699999544769526,109755,60.830941642749764
1000,1000,79,Greedy lightest,92479,1000,0.00014180000289343297,109755,15.740512960685162
1000,1000,79,Random feasible,20282,1000,0.00016830000095069408,109755,81.52065965104096
1000,1000,80,DP exact,109619,1000,0.055714799993438646,109619,0.0
1000,1000,80,Greedy density,109613,1000,0.00017579999985173345,109619,0.005473503680931226
1000,1000,80,Simulated annealing,109613,1000,0.0033823999983724207,109619,0.005473503680931226
1000,1000,80,Greedy value,41879,1000,0.00012909999350085855,109619,61.795856557713535
1000,1000,80,Greedy lightest,94976,996,0.0001373999984934926,109619,13.358085733312656
1000,1000,80,Random feasible,26408,1000,0.00015780000831000507,109619,75.9092857989947
1000,1000,81,DP exact,109489,1000,0.05681759999424685,109489,0.0
1000,1000,81,Greedy density,109489,1000,0.00016830000095069408,109489,0.0
1000,1000,81,Simulated annealing,109489,1000,0.0034845999907702208,109489,0.0
1000,1000,81,Greedy value,42193,1000,0.00012840000272262841,109489,61.463708683064056
1000,1000,81,Greedy lightest,92496,1000,0.00014000000373926014,109489,15.520280576130936
1000,1000,81,Random feasible,18866,1000,0.00016070000128820539,109489,82.76904529222114
1000,1000,82,DP exact,103377,1000,0.055086199994548224,103377,0.0
1000,1000,82,Greedy density,103316,1000,0.00022649999300483614,103377,0.059007322712015246
1000,1000,82,Simulated annealing,103316,1000,0.003577600000426173,103377,0.059007322712015246
1000,1000,82,Greedy value,39759,1000,0.00013630000466946512,103377,61.53980092283583
1000,1000,82,Greedy lightest,84947,999,0.00014250000822357833,103377,17.827950124302312
1000,1000,82,Random feasible,20260,1000,0.00016619999951217324,103377,80.40183019433724
1000,1000,83,DP exact,116834,1000,0.05510409999988042,116834,0.0
1000,1000,83,Greedy density,116797,1000,0.0003935999993700534,116834,0.0316688635157574
1000,1000,83,Simulated annealing,116797,1000,0.0034625999978743494,116834,0.0316688635157574
1000,1000,83,Greedy value,41121,1000,0.0002226999931735918,116834,64.80390982077135
1000,1000,83,Greedy lightest,103219,993,0.0002445999998599291,116834,11.653285858568568
1000,1000,83,Random feasible,25128,1000,0.0001613000058569014,116834,78.49256209664995
1000,1000,84,DP exact,106824,1000,0.055199599999468774,106824,0.0
1000,1000,84,Greedy density,106824,1000,0.00017100000695791095,106824,0.0
1000,1000,84,Simulated annealing,106824,1000,0.0035262999881524593,106824,0.0
1000,1000,84,Greedy value,46569,1000,0.00013439999020192772,106824,56.40586385082004
1000,1000,84,Greedy lightest,91475,999,0.00014899999951012433,106824,14.368493971392196
1000,1000,84,Random feasible,24768,1000,0.0001627000019652769,106824,76.81419905639183
1000,1000,85,DP exact,113699,1000,0.05563449999317527,113699,0.0
1000,1000,85,Greedy density,113658,1000,0.00019249999604653567,113699,0.0360601236598387
1000,1000,85,Simulated annealing,113658,1000,0.003801199985900894,113699,0.0360601236598387
1000,1000,85,Greedy value,45509,1000,0.00013439999020192772,113699,59.97414225279026
1000,1000,85,Greedy lightest,98886,995,0.00013770000077784061,113699,13.028258823736357
1000,1000,85,Random feasible,21244,1000,0.00017750001279637218,113699,81.31557885293626
1000,1000,86,DP exact,112909,1000,0.05448429999523796,112909,0.0
1000,1000,86,Greedy density,112909,1000,0.0001877999893622473,112909,0.0
1000,1000,86,Simulated annealing,112909,1000,0.003434500002185814,112909,0.0
1000,1000,86,Greedy value,46762,1000,0.00013649999164044857,112909,58.58434668626948
1000,1000,86,Greedy lightest,98983,995,0.00013580000086221844,112909,12.333826355737807
1000,1000,86,Random feasible,20535,1000,0.00016229999891947955,112909,81.81278728887865
1000,1000,87,DP exact,104642,1000,0.05573689998709597,104642,0.0
1000,1000,87,Greedy density,104642,1000,0.00020080000103916973,104642,0.0
1000,1000,87,Simulated annealing,104642,1000,0.0035487999994074926,104642,0.0
1000,1000,87,Greedy value,42044,1000,0.00013630000466946512,104642,59.821104336690816
1000,1000,87,Greedy lightest,89777,993,0.0001323000033153221,104642,14.205577110529234
1000,1000,87,Random feasible,18401,1000,0.00017549999756738544,104642,82.41528258251945
1000,1000,88,DP exact,112696,1000,0.06287329999031499,112696,0.0
1000,1000,88,Greedy density,112696,1000,0.00019230000907555223,112696,0.0
1000,1000,88,Simulated annealing,112696,1000,0.004017699990072288,112696,0.0
1000,1000,88,Greedy value,42014,1000,0.0001357000001007691,112696,62.71917370625399
1000,1000,88,Greedy lightest,96964,1000,0.00014059999375604093,112696,13.959679136792788
1000,1000,88,Random feasible,19574,1000,0.00018509999790694565,112696,82.63114928657627
1000,1000,89,DP exact,119274,1000,0.055155800000648014,119274,0.0
1000,1000,89,Greedy density,119229,1000,0.00019029999384656549,119274,0.03772825594848835
1000,1000,89,Simulated annealing,119229,1000,0.0037662000104319304,119274,0.03772825594848835
1000,1000,89,Greedy value,40069,1000,0.00013600000238511711,119274,66.40592249777822
1000,1000,89,Greedy lightest,106730,993,0.00014150000060908496,119274,10.516960947063065
1000,1000,89,Random feasible,22067,1000,0.0001770999951986596,119274,81.49890168854905
1000,1000,90,DP exact,112164,1000,0.05558200000086799,112164,0.0
1000,1000,90,Greedy density,112164,1000,0.00018489999638404697,112164,0.0
1000,1000,90,Simulated annealing,112164,1000,0.0042579000000841916,112164,0.0
1000,1000,90,Greedy value,40179,1000,0.00013520001084543765,112164,64.17834599336686
1000,1000,90,Greedy lightest,97953,991,0.00014050000754650682,112164,12.669840590563817
1000,1000,90,Random feasible,18580,1000,0.00021240000205580145,112164,83.43497022217467
1000,1000,91,DP exact,119118,1000,0.055092900001909584,119118,0.0
1000,1000,91,Greedy density,119076,1000,0.00018760000239126384,119118,0.03525915478768952
1000,1000,91,Simulated annealing,119076,1000,0.0035816000017803162,119118,0.03525915478768952
1000,1000,91,Greedy value,45111,1000,0.00012769999739248306,119118,62.12914924696519
1000,1000,91,Greedy lightest,103870,999,0.00014150000060908496,119118,12.800752195302138
1000,1000,91,Random feasible,21781,1000,0.00016910000704228878,119118,81.7147702278413
1000,1000,92,DP exact,117005,1000,0.05596440000226721,117005,0.0
1000,1000,92,Greedy density,116946,1000,0.00017549999756738544,117005,0.05042519550446562
1000,1000,92,Simulated annealing,116946,1000,0.0035416000027908012,117005,0.05042519550446562
1000,1000,92,Greedy value,47821,1000,0.0001309000072069466,117005,59.129097047134735
1000,1000,92,Greedy lightest,99313,1000,0.00014010000450070947,117005,15.120721336695013
1000,1000,92,Random feasible,17531,1000,0.00017519999528303742,117005,85.01687962052904
1000,1000,93,DP exact,106536,1000,0.057974399998784065,106536,0.0
1000,1000,93,Greedy density,106462,999,0.0001871999993454665,106536,0.06946008860854547
1000,1000,93,Simulated annealing,106462,999,0.0036417000083019957,106536,0.06946008860854547
1000,1000,93,Greedy value,46884,1000,0.0001362000039080158,106536,55.99234061725614
1000,1000,93,Greedy lightest,89784,996,0.00014130001363810152,106536,15.724262221220997
1000,1000,93,Random feasible,15500,1000,0.0001728000061120838,106536,85.45092738604791
1000,1000,94,DP exact,110510,1000,0.05416309999418445,110510,0.0
1000,1000,94,Greedy density,110504,1000,0.00018139999883715063,110510,0.005429372907429192
1000,1000,94,Simulated annealing,110504,1000,0.0036816000065300614,110510,0.005429372907429192
1000,1000,94,Greedy value,42914,1000,0.00012840000272262841,110510,61.16731517509728
1000,1000,94,Greedy lightest,93266,991,0.00013099999341648072,110510,15.604017735951498
1000,1000,94,Random feasible,25487,1000,0.00017270000535063446,110510,76.93692878472537
1000,1000,95,DP exact,111399,1000,0.0551182999915909,111399,0.0
1000,1000,95,Greedy density,111399,1000,0.00018909999926108867,111399,0.0
1000,1000,95,Simulated annealing,111399,1000,0.003853700007312,111399,0.0
1000,1000,95,Greedy value,32376,1000,0.000135600013891235,111399,70.93690248565966
1000,1000,95,Greedy lightest,91330,993,0.0002730999985942617,111399,18.0154220414905
1000,1000,95,Random feasible,20166,1000,0.00017309999384451658,111399,81.89750356825465
1000,1000,96,DP exact,121214,1000,0.056164499997976236,121214,0.0
1000,1000,96,Greedy density,121214,1000,0.00018069999350700527,121214,0.0
1000,1000,96,Simulated annealing,121214,1000,0.003530100002535619,121214,0.0
1000,1000,96,Greedy value,40945,1000,0.00013309999485500157,121214,66.22089857607207
1000,1000,96,Greedy lightest,104600,993,0.00013380000018514693,121214,13.706337551767948
1000,1000,96,Random feasible,17493,1000,0.00016280000272672623,121214,85.56849868827034
1000,1000,97,DP exact,115314,1000,0.05542580000474118,115314,0.0
1000,1000,97,Greedy density,115314,1000,0.00019010000687558204,115314,0.0
1000,1000,97,Simulated annealing,115314,1000,0.003988900003605522,115314,0.0
1000,1000,97,Greedy value,39117,1000,0.00013440000475384295,115314,66.07783963785837
1000,1000,97,Greedy lightest,99103,997,0.00015900000289548188,115314,14.058136913124166
1000,1000,97,Random feasible,21229,1000,0.0001765000051818788,115314,81.59026657647814
1000,1000,98,DP exact,113383,1000,0.07897260000754613,113383,0.0
1000,1000,98,Greedy density,113357,1000,0.0005393000028561801,113383,0.022931127241297197
1000,1000,98,Simulated annealing,113357,1000,0.009428500008652918,113383,0.022931127241297197
1000,1000,98,Greedy value,38192,1000,0.0001908999984152615,113383,66.31593801539914
1000,1000,98,Greedy lightest,103355,992,0.00019469999824650586,113383,8.844359383681857
1000,1000,98,Random feasible,16655,1000,0.0002631999959703535,113383,85.31084906908443
1000,1000,99,DP exact,114405,1000,0.10122219999902882,114405,0.0
1000,1000,99,Greedy density,114359,1000,0.000185500000952743,114405,0.04020803286569643
1000,1000,99,Simulated annealing,114359,1000,0.003785499997320585,114405,0.04020803286569643
1000,1000,99,Greedy value,41025,1000,0.00013479999324772507,114405,64.14055329749574
1000,1000,99,Greedy lightest,100200,1000,0.00014229999214876443,114405,12.416415366461257
1000,1000,99,Random feasible,22934,1000,0.00016120000509545207,114405,79.95367335343735
5000,1500,0,DP exact,TIMEOUT,,0.0,,
5000,1500,0,Greedy density,244822,1500,0.0008652999968035147,,
5000,1500,0,Simulated annealing,244822,1500,0.0082916999963345,,
5000,1500,0,Greedy value,38891,1500,0.001122599991504103,,
5000,1500,0,Greedy lightest,213755,1499,0.0007415000000037253,,
5000,1500,0,Random feasible,18447,1500,0.0008228999940911308,,
5000,1500,1,DP exact,TIMEOUT,,0.0,,
5000,1500,1,Greedy density,250980,1500,0.0009809999901335686,,
5000,1500,1,Simulated annealing,250980,1500,0.008585599993239157,,
5000,1500,1,Greedy value,39859,1500,0.0007088999991538003,,
5000,1500,1,Greedy lightest,214918,1500,0.0006559000030392781,,
5000,1500,1,Random feasible,21677,1500,0.0007855000003473833,,
5000,1500,2,DP exact,TIMEOUT,,0.0,,
5000,1500,2,Greedy density,228092,1500,0.0009032999951159582,,
5000,1500,2,Simulated annealing,228092,1500,0.008158299999195151,,
5000,1500,2,Greedy value,45758,1500,0.0007479000050807372,,
5000,1500,2,Greedy lightest,191453,1499,0.0007528999994974583,,
5000,1500,2,Random feasible,22309,1500,0.0008339000050909817,,
5000,1500,3,DP exact,TIMEOUT,,0.0,,
5000,1500,3,Greedy density,247306,1500,0.0009080000018002465,,
5000,1500,3,Simulated annealing,247306,1500,0.008181299999705516,,
5000,1500,3,Greedy value,43790,1500,0.0007486999966204166,,
5000,1500,3,Greedy lightest,213265,1499,0.0007155000057537109,,
5000,1500,3,Random feasible,18039,1500,0.0008120999991660938,,
5000,1500,4,DP exact,TIMEOUT,,0.0,,
5000,1500,4,Greedy density,241488,1500,0.000898300000699237,,
5000,1500,4,Simulated annealing,241488,1500,0.008751199988182634,,
5000,1500,4,Greedy value,41789,1500,0.0008547000034013763,,
5000,1500,4,Greedy lightest,209697,1495,0.0007369999948423356,,
5000,1500,4,Random feasible,21471,1500,0.0008841999951982871,,
5000,1500,5,DP exact,TIMEOUT,,0.0,,
5000,1500,5,Greedy density,261034,1500,0.0009087000071303919,,
5000,1500,5,Simulated annealing,261034,1500,0.008356100006494671,,
5000,1500,5,Greedy value,41798,1500,0.0007438000029651448,,
5000,1500,5,Greedy lightest,223431,1495,0.0007136000058380887,,
5000,1500,5,Random feasible,23431,1500,0.0010127999994438142,,
5000,1500,6,DP exact,TIMEOUT,,0.0,,
5000,1500,6,Greedy density,241474,1500,0.0008634999976493418,,
5000,1500,6,Simulated annealing,241474,1500,0.008453600006760098,,
5000,1500,6,Greedy value,50730,1500,0.0007030999986454844,,
5000,1500,6,Greedy lightest,204645,1498,0.0006638000049861148,,
5000,1500,6,Random feasible,22758,1500,0.0010790999949676916,,
5000,1500,7,DP exact,TIMEOUT,,0.0,,
5000,1500,7,Greedy density,231693,1500,0.0008472000045003369,,
5000,1500,7,Simulated annealing,231693,1500,0.008458299998892471,,
5000,1500,7,Greedy value,39832,1500,0.001258899996173568,,
5000,1500,7,Greedy lightest,198323,1498,0.0007542999956058338,,
5000,1500,7,Random feasible,18777,1500,0.0009531000105198473,,
5000,1500,8,DP exact,TIMEOUT,,0.0,,
5000,1500,8,Greedy density,244437,1500,0.0008965000015450642,,
5000,1500,8,Simulated annealing,244437,1500,0.008558200002880767,,
5000,1500,8,Greedy value,36870,1500,0.0007372999971266836,,
5000,1500,8,Greedy lightest,211147,1498,0.0007153999904403463,,
5000,1500,8,Random feasible,25064,1500,0.000815800012787804,,
5000,1500,9,DP exact,TIMEOUT,,0.0,,
5000,1500,9,Greedy density,239507,1500,0.001132700010202825,,
5000,1500,9,Simulated annealing,239507,1500,0.008070099996984936,,
5000,1500,9,Greedy value,42815,1500,0.0007313000096473843,,
5000,1500,9,Greedy lightest,210577,1498,0.0007033000001683831,,
5000,1500,9,Random feasible,22879,1500,0.0008011000027181581,,
5000,1500,10,DP exact,TIMEOUT,,0.0,,
5000,1500,10,Greedy density,241843,1500,0.0008365000103367493,,
5000,1500,10,Simulated annealing,241843,1500,0.00824149999243673,,
5000,1500,10,Greedy value,43825,1500,0.0007000000041443855,,
5000,1500,10,Greedy lightest,208273,1498,0.0008165000035660341,,
5000,1500,10,Random feasible,19449,1500,0.0008144000021275133,,
5000,1500,11,DP exact,TIMEOUT,,0.0,,
5000,1500,11,Greedy density,241858,1500,0.0009518000006210059,,
5000,1500,11,Simulated annealing,241858,1500,0.008307900003273971,,
5000,1500,11,Greedy value,42841,1500,0.0007361000025412068,,
5000,1500,11,Greedy lightest,205856,1496,0.0007474000012734905,,
5000,1500,11,Random feasible,19420,1500,0.0007790000090608373,,
5000,1500,12,DP exact,TIMEOUT,,0.0,,
5000,1500,12,Greedy density,233501,1500,0.0012758999946527183,,
5000,1500,12,Simulated annealing,233501,1500,0.008840499998768792,,
5000,1500,12,Greedy value,41798,1500,0.0008024999988265336,,
5000,1500,12,Greedy lightest,199695,1497,0.0006760999967809767,,
5000,1500,12,Random feasible,21039,1500,0.0008276999869849533,,
5000,1500,13,DP exact,TIMEOUT,,0.0,,
5000,1500,13,Greedy density,235818,1500,0.001112499987357296,,
5000,1500,13,Simulated annealing,235818,1500,0.012266799996723421,,
5000,1500,13,Greedy value,40717,1500,0.0007132000027922913,,
5000,1500,13,Greedy lightest,203197,1500,0.0006634000019403175,,
5000,1500,13,Random feasible,20913,1500,0.0008569000056013465,,
5000,1500,14,DP exact,TIMEOUT,,0.0,,
5000,1500,14,Greedy density,240898,1500,0.0009257000056095421,,
5000,1500,14,Simulated annealing,240898,1500,0.00866669999959413,,
5000,1500,14,Greedy value,40869,1500,0.0007630999898537993,,
5000,1500,14,Greedy lightest,203922,1494,0.0007363000040641055,,
5000,1500,14,Random feasible,19614,1500,0.0008245000062743202,,
5000,1500,15,DP exact,TIMEOUT,,0.0,,
5000,1500,15,Greedy density,230446,1500,0.000901099992915988,,
5000,1500,15,Simulated annealing,230446,1500,0.008202400000300258,,
5000,1500,15,Greedy value,41837,1500,0.000738300004741177,,
5000,1500,15,Greedy lightest,196500,1498,0.0007120999944163486,,
5000,1500,15,Random feasible,23888,1500,0.00082230000407435,,
5000,1500,16,DP exact,TIMEOUT,,0.0,,
5000,1500,16,Greedy density,237272,1500,0.0009024000028148293,,
5000,1500,16,Simulated annealing,237272,1500,0.008210799991502427,,
5000,1500,16,Greedy value,39873,1500,0.0008908000017981976,,
5000,1500,16,Greedy lightest,196854,1497,0.0007680999988224357,,
5000,1500,16,Random feasible,19723,1500,0.0008131000067805871,,
5000,1500,17,DP exact,TIMEOUT,,0.0,,
5000,1500,17,Greedy density,250517,1500,0.0010602999973343685,,
5000,1500,17,Simulated annealing,250517,1500,0.008320600012666546,,
5000,1500,17,Greedy value,46768,1500,0.0008159999997587875,,
5000,1500,17,Greedy lightest,214514,1500,0.0007231000054161996,,
5000,1500,17,Random feasible,17324,1500,0.0008191999950213358,,
5000,1500,18,DP exact,TIMEOUT,,0.0,,
5000,1500,18,Greedy density,254121,1500,0.000963800004683435,,
5000,1500,18,Simulated annealing,254121,1500,0.00856220000423491,,
5000,1500,18,Greedy value,44843,1500,0.0007488999981433153,,
5000,1500,18,Greedy lightest,219456,1500,0.0007177999941632152,,
5000,1500,18,Random feasible,20584,1500,0.0009391000057803467,,
5000,1500,19,DP exact,TIMEOUT,,0.0,,
5000,1500,19,Greedy density,246731,1500,0.0009990000107791275,,
5000,1500,19,Simulated annealing,246731,1500,0.009179100001347251,,
5000,1500,19,Greedy value,45772,1500,0.0007483999943360686,,
5000,1500,19,Greedy lightest,209247,1495,0.0007730999932391569,,
5000,1500,19,Random feasible,22301,1500,0.001006899998174049,,
5000,1500,20,DP exact,TIMEOUT,,0.0,,
5000,1500,20,Greedy density,238765,1500,0.0009882000013021752,,
5000,1500,20,Simulated annealing,238765,1500,0.008630199998151511,,
5000,1500,20,Greedy value,44846,1500,0.00074970000423491,,
5000,1500,20,Greedy lightest,202163,1496,0.000701700002537109,,
5000,1500,20,Random feasible,24791,1500,0.0008286000083899125,,
5000,1500,21,DP exact,TIMEOUT,,0.0,,
5000,1500,21,Greedy density,246875,1500,0.0012666000111494213,,
5000,1500,21,Simulated annealing,246875,1500,0.008507499995175749,,
5000,1500,21,Greedy value,43791,1500,0.0009298000077251345,,
5000,1500,21,Greedy lightest,213877,1500,0.0008759999909671023,,
5000,1500,21,Random feasible,20709,1500,0.0008935000078054145,,
5000,1500,22,DP exact,TIMEOUT,,0.0,,
5000,1500,22,Greedy density,237437,1500,0.0009152999991783872,,
5000,1500,22,Simulated annealing,237437,1500,0.008387900001253001,,
5000,1500,22,Greedy value,48808,1500,0.0007690000056754798,,
5000,1500,22,Greedy lightest,203572,1497,0.0007351000094786286,,
5000,1500,22,Random feasible,21492,1500,0.0008128000044962391,,
5000,1500,23,DP exact,TIMEOUT,,0.0,,
5000,1500,23,Greedy density,235933,1500,0.0008856000058585778,,
5000,1500,23,Simulated annealing,235933,1500,0.008291599995573051,,
5000,1500,23,Greedy value,42801,1500,0.0007037000032141805,,
5000,1500,23,Greedy lightest,199203,1497,0.0006704999977955595,,
5000,1500,23,Random feasible,23707,1500,0.0008011000027181581,,
5000,1500,24,DP exact,TIMEOUT,,0.0,,
5000,1500,24,Greedy density,243668,1500,0.000907899986486882,,
5000,1500,24,Simulated annealing,243668,1500,0.008166300001903437,,
5000,1500,24,Greedy value,42820,1500,0.0007379000016953796,,
5000,1500,24,Greedy lightest,212713,1497,0.0007027000101516023,,
5000,1500,24,Random feasible,24504,1500,0.0007685000018682331,,
5000,1500,25,DP exact,TIMEOUT,,0.0,,
5000,1500,25,Greedy density,241988,1500,0.0008558999979868531,,
5000,1500,25,Simulated annealing,241988,1500,0.00803240000095684,,
5000,1500,25,Greedy value,42781,1500,0.0006787000020267442,,
5000,1500,25,Greedy lightest,202431,1499,0.0006547999946633354,,
5000,1500,25,Random feasible,21095,1500,0.0008124000014504418,,
5000,1500,26,DP exact,TIMEOUT,,0.0,,
5000,1500,26,Greedy density,246382,1500,0.0008479999960400164,,
5000,1500,26,Simulated annealing,246382,1500,0.00916220000362955,,
5000,1500,26,Greedy value,45784,1500,0.0007031999994069338,,
5000,1500,26,Greedy lightest,207079,1497,0.0006858999986434355,,
5000,1500,26,Random feasible,19344,1500,0.0008469000022159889,,
5000,1500,27,DP exact,TIMEOUT,,0.0,,
5000,1500,27,Greedy density,251073,1500,0.0008563000010326505,,
5000,1500,27,Simulated annealing,251073,1500,0.009066800004802644,,
5000,1500,27,Greedy value,40808,1500,0.0009024000028148293,,
5000,1500,27,Greedy lightest,217467,1499,0.0007336000126088038,,
5000,1500,27,Random feasible,19893,1500,0.0008187999919755384,,
5000,1500,28,DP exact,TIMEOUT,,0.0,,
5000,1500,28,Greedy density,237478,1500,0.0008591999940108508,,
5000,1500,28,Simulated annealing,237478,1500,0.008297899999888614,,
5000,1500,28,Greedy value,48677,1500,0.0006847999902674928,,
5000,1500,28,Greedy lightest,206774,1499,0.0006623999943258241,,
5000,1500,28,Random feasible,17942,1500,0.0008224000048357993,,
5000,1500,29,DP exact,TIMEOUT,,0.0,,
5000,1500,29,Greedy density,230463,1500,0.000901699997484684,,
5000,1500,29,Simulated annealing,230463,1500,0.008210400003008544,,
5000,1500,29,Greedy value,36852,1500,0.0007396000000881031,,
5000,1500,29,Greedy lightest,194453,1495,0.0007155000057537109,,
5000,1500,29,Random feasible,23347,1500,0.0009787000017240644,,
5000,1500,30,DP exact,TIMEOUT,,0.0,,
5000,1500,30,Greedy density,253921,1500,0.0009049999935086817,,
5000,1500,30,Simulated annealing,253921,1500,0.008280299996840768,,
5000,1500,30,Greedy value,46649,1500,0.0007400000031339005,,
5000,1500,30,Greedy lightest,216973,1499,0.0007006999949226156,,
5000,1500,30,Random feasible,27328,1500,0.0008458999946014956,,
5000,1500,31,DP exact,TIMEOUT,,0.0,,
5000,1500,31,Greedy density,245730,1500,0.0008873999904608354,,
5000,1500,31,Simulated annealing,245730,1500,0.008251599996583536,,
5000,1500,31,Greedy value,49663,1500,0.0007302000012714416,,
5000,1500,31,Greedy lightest,211718,1494,0.0007020999910309911,,
5000,1500,31,Random feasible,23412,1500,0.0007782000029692426,,
5000,1500,32,DP exact,TIMEOUT,,0.0,,
5000,1500,32,Greedy density,253565,1500,0.0009118000016314909,,
5000,1500,32,Simulated annealing,253565,1500,0.008157899996149354,,
5000,1500,32,Greedy value,46776,1500,0.0007620000105816871,,
5000,1500,32,Greedy lightest,215338,1494,0.0007334999972954392,,
5000,1500,32,Random feasible,23237,1500,0.0007959000067785382,,
5000,1500,33,DP exact,TIMEOUT,,0.0,,
5000,1500,33,Greedy density,235410,1500,0.001081999987945892,,
5000,1500,33,Simulated annealing,235410,1500,0.008476200004224665,,
5000,1500,33,Greedy value,44726,1500,0.000897999998414889,,
5000,1500,33,Greedy lightest,195402,1494,0.0007336000126088038,,
5000,1500,33,Random feasible,25009,1500,0.0008098999969661236,,
5000,1500,34,DP exact,TIMEOUT,,0.0,,
5000,1500,34,Greedy density,243627,1500,0.0008692999981576577,,
5000,1500,34,Simulated annealing,243627,1500,0.008496599999489263,,
5000,1500,34,Greedy value,32914,1500,0.0006941000028746203,,
5000,1500,34,Greedy lightest,211387,1498,0.0006671000010101125,,
5000,1500,34,Random feasible,24573,1500,0.0008383999957004562,,
5000,1500,35,DP exact,TIMEOUT,,0.0,,
5000,1500,35,Greedy density,250023,1500,0.0008765000093262643,,
5000,1500,35,Simulated annealing,250023,1500,0.009953899992979132,,
5000,1500,35,Greedy value,40789,1500,0.0011654999980237335,,
5000,1500,35,Greedy lightest,211211,1495,0.000714999987394549,,
5000,1500,35,Random feasible,20017,1500,0.0008343999943463132,,
5000,1500,36,DP exact,TIMEOUT,,0.0,,
5000,1500,36,Greedy density,243758,1500,0.0009132999985013157,,
5000,1500,36,Simulated annealing,243758,1500,0.008881200003088452,,
5000,1500,36,Greedy value,41811,1500,0.0007341999880736694,,
5000,1500,36,Greedy lightest,210682,1499,0.0007000000041443855,,
5000,1500,36,Random feasible,24172,1500,0.000829099997645244,,
5000,1500,37,DP exact,TIMEOUT,,0.0,,
5000,1500,37,Greedy density,244101,1500,0.000901099992915988,,
5000,1500,37,Simulated annealing,244101,1500,0.00831109999853652,,
5000,1500,37,Greedy value,45785,1500,0.0007256999961100519,,
5000,1500,37,Greedy lightest,208944,1500,0.0009753000049386173,,
5000,1500,37,Random feasible,18955,1500,0.0007679999980609864,,
5000,1500,38,DP exact,TIMEOUT,,0.0,,
5000,1500,38,Greedy density,243789,1500,0.000909099995624274,,
5000,1500,38,Simulated annealing,243789,1500,0.008035200007725507,,
5000,1500,38,Greedy value,43841,1500,0.0009223999950336292,,
5000,1500,38,Greedy lightest,206827,1496,0.0009034999966388568,,
5000,1500,38,Random feasible,21073,1500,0.0007765999907860532,,
5000,1500,39,DP exact,TIMEOUT,,0.0,,
5000,1500,39,Greedy density,247998,1500,0.0008716000011190772,,
5000,1500,39,Simulated annealing,247998,1500,0.01027500000782311,,
5000,1500,39,Greedy value,40865,1500,0.0007064999954309314,,
5000,1500,39,Greedy lightest,210352,1495,0.0007321000011870638,,
5000,1500,39,Random feasible,23843,1500,0.0008224000048357993,,
5000,1500,40,DP exact,TIMEOUT,,0.0,,
5000,1500,40,Greedy density,239460,1500,0.0010583999974187464,,
5000,1500,40,Simulated annealing,239460,1500,0.00831540000217501,,
5000,1500,40,Greedy value,43840,1500,0.0008014999912120402,,
5000,1500,40,Greedy lightest,206764,1496,0.0007418000022880733,,
5000,1500,40,Random feasible,23210,1500,0.0008903999987524003,,
5000,1500,41,DP exact,TIMEOUT,,0.0,,
5000,1500,41,Greedy density,242349,1500,0.0012079000007361174,,
5000,1500,41,Simulated annealing,242349,1500,0.008041300010518171,,
5000,1500,41,Greedy value,44789,1500,0.0007359000010183081,,
5000,1500,41,Greedy lightest,209422,1496,0.0006704000115860254,,
5000,1500,41,Random feasible,19882,1500,0.0008298999891849235,,
5000,1500,42,DP exact,TIMEOUT,,0.0,,
5000,1500,42,Greedy density,246943,1500,0.0009006999898701906,,
5000,1500,42,Simulated annealing,246943,1500,0.009059500007424504,,
5000,1500,42,Greedy value,41873,1500,0.0008041999972192571,,
5000,1500,42,Greedy lightest,206851,1497,0.0009690000006230548,,
5000,1500,42,Random feasible,23719,1500,0.0008353000011993572,,
5000,1500,43,DP exact,TIMEOUT,,0.0,,
5000,1500,43,Greedy density,250545,1500,0.0008964000007836148,,
5000,1500,43,Simulated annealing,250545,1500,0.009328699990874156,,
5000,1500,43,Greedy value,44817,1500,0.0007377000001724809,,
5000,1500,43,Greedy lightest,213838,1500,0.0007064999954309314,,
5000,1500,43,Random feasible,27593,1500,0.0008646999922348186,,
5000,1500,44,DP exact,TIMEOUT,,0.0,,
5000,1500,44,Greedy density,230224,1500,0.0008608000061940402,,
5000,1500,44,Simulated annealing,230224,1500,0.008681199993588962,,
5000,1500,44,Greedy value,35877,1500,0.0007512000011047348,,
5000,1500,44,Greedy lightest,196194,1497,0.0007264000014401972,,
5000,1500,44,Random feasible,25157,1500,0.0008219000010285527,,
5000,1500,45,DP exact,TIMEOUT,,0.0,,
5000,1500,45,Greedy density,247356,1500,0.0011325000086799264,,
5000,1500,45,Simulated annealing,247356,1500,0.008758700001635589,,
5000,1500,45,Greedy value,37879,1500,0.0008578999986639246,,
5000,1500,45,Greedy lightest,208964,1500,0.000836199993500486,,
5000,1500,45,Random feasible,24911,1500,0.0009171999990940094,,
5000,1500,46,DP exact,TIMEOUT,,0.0,,
5000,1500,46,Greedy density,236786,1500,0.0008842000097502023,,
5000,1500,46,Simulated annealing,236786,1500,0.008403100000577979,,
5000,1500,46,Greedy value,40771,1500,0.0007230000046547502,,
5000,1500,46,Greedy lightest,202506,1500,0.0007167000003391877,,
5000,1500,46,Random feasible,19656,1500,0.0008917000086512417,,
5000,1500,47,DP exact,TIMEOUT,,0.0,,
5000,1500,47,Greedy density,240436,1500,0.000908799993339926,,
5000,1500,47,Simulated annealing,240436,1500,0.008854100000462495,,
5000,1500,47,Greedy value,46802,1500,0.0008834000036586076,,
5000,1500,47,Greedy lightest,199897,1497,0.0007137999928090721,,
5000,1500,47,Random feasible,22111,1500,0.0008188000065274537,,
5000,1500,48,DP exact,TIMEOUT,,0.0,,
5000,1500,48,Greedy density,252501,1500,0.0009522000036668032,,
5000,1500,48,Simulated annealing,252501,1500,0.010746200001449324,,
5000,1500,48,Greedy value,35809,1500,0.001101999994716607,,
5000,1500,48,Greedy lightest,218891,1498,0.0007327999919652939,,
5000,1500,48,Random feasible,21555,1500,0.0009161000052699819,,
5000,1500,49,DP exact,TIMEOUT,,0.0,,
5000,1500,49,Greedy density,241293,1500,0.0008846999990055338,,
5000,1500,49,Simulated annealing,241293,1500,0.008809399994788691,,
5000,1500,49,Greedy value,36889,1500,0.0007519999926444143,,
5000,1500,49,Greedy lightest,207948,1500,0.0006945999921299517,,
5000,1500,49,Random feasible,19180,1500,0.000835899991216138,,
5000,1500,50,DP exact,TIMEOUT,,0.0,,
5000,1500,50,Greedy density,243037,1500,0.0009228999988408759,,
5000,1500,50,Simulated annealing,243037,1500,0.008496299997204915,,
5000,1500,50,Greedy value,43828,1500,0.0007314999966183677,,
5000,1500,50,Greedy lightest,207684,1500,0.0007056000031298026,,
5000,1500,50,Random feasible,14535,1500,0.0008254999993368983,,
5000,1500,51,DP exact,TIMEOUT,,0.0,,
5000,1500,51,Greedy density,219735,1500,0.000905699998838827,,
5000,1500,51,Simulated annealing,219735,1500,0.008635300007881597,,
5000,1500,51,Greedy value,44742,1500,0.0007359000010183081,,
5000,1500,51,Greedy lightest,186367,1500,0.0006951000104891136,,
5000,1500,51,Random feasible,18086,1500,0.0010187000007135794,,
5000,1500,52,DP exact,TIMEOUT,,0.0,,
5000,1500,52,Greedy density,240753,1500,0.0009207999974023551,,
5000,1500,52,Simulated annealing,240753,1500,0.008613099998910911,,
5000,1500,52,Greedy value,41794,1500,0.0007351999956881627,,
5000,1500,52,Greedy lightest,208885,1494,0.0007808999944245443,,
5000,1500,52,Random feasible,18428,1500,0.0008296000014524907,,
5000,1500,53,DP exact,TIMEOUT,,0.0,,
5000,1500,53,Greedy density,245347,1500,0.0009262999956263229,,
5000,1500,53,Simulated annealing,245347,1500,0.008245599994552322,,
5000,1500,53,Greedy value,53722,1500,0.0007111000013537705,,
5000,1500,53,Greedy lightest,211976,1498,0.0006861000001663342,,
5000,1500,53,Random feasible,24469,1500,0.0008277000015368685,,
5000,1500,54,DP exact,TIMEOUT,,0.0,,
5000,1500,54,Greedy density,250730,1500,0.0008582000009482726,,
5000,1500,54,Simulated annealing,250730,1500,0.0090459000057308,,
5000,1500,54,Greedy value,52720,1500,0.0007117000059224665,,
5000,1500,54,Greedy lightest,215491,1494,0.0006571999983862042,,
5000,1500,54,Random feasible,21658,1500,0.0010261999996146187,,
5000,1500,55,DP exact,TIMEOUT,,0.0,,
5000,1500,55,Greedy density,239688,1500,0.000883800006704405,,
5000,1500,55,Simulated annealing,239688,1500,0.008333100005984306,,
5000,1500,55,Greedy value,40840,1500,0.0007012999994913116,,
5000,1500,55,Greedy lightest,202121,1498,0.0008863999973982573,,
5000,1500,55,Random feasible,17933,1500,0.0009980000031646341,,
5000,1500,56,DP exact,TIMEOUT,,0.0,,
5000,1500,56,Greedy density,236484,1500,0.0009397999965585768,,
5000,1500,56,Simulated annealing,236484,1500,0.008066299997153692,,
5000,1500,56,Greedy value,48802,1500,0.0007449000113410875,,
5000,1500,56,Greedy lightest,201597,1500,0.0007474999874830246,,
5000,1500,56,Random feasible,26392,1500,0.0009694000036688522,,
5000,1500,57,DP exact,TIMEOUT,,0.0,,
5000,1500,57,Greedy density,236846,1500,0.0008728999964660034,,
5000,1500,57,Simulated annealing,236846,1500,0.007882600009907037,,
5000,1500,57,Greedy value,45827,1500,0.000712799999746494,,
5000,1500,57,Greedy lightest,202524,1496,0.0006861000001663342,,
5000,1500,57,Random feasible,19458,1500,0.0007748999923933297,,
5000,1500,58,DP exact,TIMEOUT,,0.0,,
5000,1500,58,Greedy density,244323,1500,0.0008724000072106719,,
5000,1500,58,Simulated annealing,244323,1500,0.007978399997227825,,
5000,1500,58,Greedy value,34889,1500,0.0007304000027943403,,
5000,1500,58,Greedy lightest,206468,1499,0.0007038999901851639,,
5000,1500,58,Random feasible,20054,1500,0.0007556000055046752,,
5000,1500,59,DP exact,TIMEOUT,,0.0,,
5000,1500,59,Greedy density,235996,1500,0.0010827999940374866,,
5000,1500,59,Simulated annealing,235996,1500,0.008796900001470931,,
5000,1500,59,Greedy value,45805,1500,0.0007044999947538599,,
5000,1500,59,Greedy lightest,199580,1500,0.0007326000049943104,,
5000,1500,59,Random feasible,24005,1500,0.0009424999880138785,,
5000,1500,60,DP exact,TIMEOUT,,0.0,,
5000,1500,60,Greedy density,238182,1500,0.0008306999952765182,,
5000,1500,60,Simulated annealing,238182,1500,0.008669800008647144,,
5000,1500,60,Greedy value,46802,1500,0.0008355000027222559,,
5000,1500,60,Greedy lightest,203835,1494,0.0007552000024588779,,
5000,1500,60,Random feasible,21699,1500,0.0008264000061899424,,
5000,1500,61,DP exact,TIMEOUT,,0.0,,
5000,1500,61,Greedy density,239121,1500,0.0008945999870775267,,
5000,1500,61,Simulated annealing,239121,1500,0.009882700003799982,,
5000,1500,61,Greedy value,42782,1500,0.0007862999918870628,,
5000,1500,61,Greedy lightest,201404,1497,0.0006902000022819266,,
5000,1500,61,Random feasible,19921,1500,0.0011407999991206452,,
5000,1500,62,DP exact,TIMEOUT,,0.0,,
5000,1500,62,Greedy density,241288,1500,0.000894600001629442,,
5000,1500,62,Simulated annealing,241288,1500,0.008257499997853301,,
5000,1500,62,Greedy value,38843,1500,0.0007483000081265345,,
5000,1500,62,Greedy lightest,208487,1500,0.0007064999954309314,,
5000,1500,62,Random feasible,17146,1500,0.0007785999914631248,,
5000,1500,63,DP exact,TIMEOUT,,0.0,,
5000,1500,63,Greedy density,244503,1500,0.0008726999949431047,,
5000,1500,63,Simulated annealing,244503,1500,0.008363899993128143,,
5000,1500,63,Greedy value,43793,1500,0.0008870000019669533,,
5000,1500,63,Greedy lightest,211710,1498,0.0007637999951839447,,
5000,1500,63,Random feasible,23274,1500,0.0008174000104190782,,
5000,1500,64,DP exact,TIMEOUT,,0.0,,
5000,1500,64,Greedy density,249299,1500,0.000988400002825074,,
5000,1500,64,Simulated annealing,249299,1500,0.00863549999485258,,
5000,1500,64,Greedy value,45822,1500,0.0008190999942598864,,
5000,1500,64,Greedy lightest,212894,1500,0.0007334000110859051,,
5000,1500,64,Random feasible,20418,1500,0.0008360999927390367,,
5000,1500,65,DP exact,TIMEOUT,,0.0,,
5000,1500,65,Greedy density,242559,1500,0.0008999999990919605,,
5000,1500,65,Simulated annealing,242559,1500,0.008609300013631582,,
5000,1500,65,Greedy value,41841,1500,0.0007304000027943403,,
5000,1500,65,Greedy lightest,206703,1494,0.0007122999959392473,,
5000,1500,65,Random feasible,22258,1500,0.0008172000088961795,,
5000,1500,66,DP exact,TIMEOUT,,0.0,,
5000,1500,66,Greedy density,248463,1500,0.0009083000040845945,,
5000,1500,66,Simulated annealing,248463,1500,0.008372600001166575,,
5000,1500,66,Greedy value,42863,1500,0.0007214999932330102,,
5000,1500,66,Greedy lightest,217180,1496,0.0006706999993184581,,
5000,1500,66,Random feasible,23008,1500,0.0009340999968117103,,
5000,1500,67,DP exact,TIMEOUT,,0.0,,
5000,1500,67,Greedy density,244052,1500,0.0009156000014627352,,
5000,1500,67,Simulated annealing,244052,1500,0.00852800000575371,,
5000,1500,67,Greedy value,38897,1500,0.0010051999997813255,,
5000,1500,67,Greedy lightest,202425,1496,0.0007287000044016168,,
5000,1500,67,Random feasible,22860,1500,0.0008342000073753297,,
5000,1500,68,DP exact,TIMEOUT,,0.0,,
5000,1500,68,Greedy density,244018,1500,0.000912499992409721,,
5000,1500,68,Simulated annealing,244018,1500,0.008550599988666363,,
5000,1500,68,Greedy value,44760,1500,0.0007436000014422461,,
5000,1500,68,Greedy lightest,207877,1498,0.0007140999950934201,,
5000,1500,68,Random feasible,22033,1500,0.000836799998069182,,
5000,1500,69,DP exact,TIMEOUT,,0.0,,
5000,1500,69,Greedy density,240487,1500,0.0008920999971451238,,
5000,1500,69,Simulated annealing,240487,1500,0.008617500003310852,,
5000,1500,69,Greedy value,37891,1500,0.0006880000000819564,,
5000,1500,69,Greedy lightest,204915,1499,0.0006776999944122508,,
5000,1500,69,Random feasible,21711,1500,0.0009556000004522502,,
5000,1500,70,DP exact,TIMEOUT,,0.0,,
5000,1500,70,Greedy density,234049,1500,0.0008926000009523705,,
5000,1500,70,Simulated annealing,234049,1500,0.009524300010525621,,
5000,1500,70,Greedy value,37835,1500,0.0007355999987339601,,
5000,1500,70,Greedy lightest,199121,1497,0.0008578999986639246,,
5000,1500,70,Random feasible,22483,1500,0.000833099998999387,,
5000,1500,71,DP exact,TIMEOUT,,0.0,,
5000,1500,71,Greedy density,231106,1500,0.0009523999906377867,,
5000,1500,71,Simulated annealing,231106,1500,0.010023099996033125,,
5000,1500,71,Greedy value,39830,1500,0.0007389999955194071,,
5000,1500,71,Greedy lightest,199144,1497,0.0008147000044118613,,
5000,1500,71,Random feasible,19509,1500,0.0012663000088650733,,
5000,1500,72,DP exact,TIMEOUT,,0.0,,
5000,1500,72,Greedy density,233169,1500,0.0009159000037470832,,
5000,1500,72,Simulated annealing,233169,1500,0.008729099994525313,,
5000,1500,72,Greedy value,36865,1500,0.000756499997805804,,
5000,1500,72,Greedy lightest,198967,1494,0.00112900001113303,,
5000,1500,72,Random feasible,23186,1500,0.0008265999931609258,,
5000,1500,73,DP exact,TIMEOUT,,0.0,,
5000,1500,73,Greedy density,247231,1500,0.0008604000031482428,,
5000,1500,73,Simulated annealing,247231,1500,0.008255900000222027,,
5000,1500,73,Greedy value,41773,1500,0.0007085999968694523,,
5000,1500,73,Greedy lightest,213257,1495,0.000669400003971532,,
5000,1500,73,Random feasible,13879,1500,0.0008224999910453334,,
5000,1500,74,DP exact,TIMEOUT,,0.0,,
5000,1500,74,Greedy density,254276,1500,0.0008732999995118007,,
5000,1500,74,Simulated annealing,254276,1500,0.00884599999699276,,
5000,1500,74,Greedy value,46734,1500,0.0007327000057557598,,
5000,1500,74,Greedy lightest,222082,1496,0.0007064000092213973,,
5000,1500,74,Random feasible,17121,1500,0.0008547000034013763,,
5000,1500,75,DP exact,TIMEOUT,,0.0,,
5000,1500,75,Greedy density,240152,1500,0.0008680000028107315,,
5000,1500,75,Simulated annealing,240152,1500,0.008195099988370202,,
5000,1500,75,Greedy value,48677,1500,0.0007317999989027157,,
5000,1500,75,Greedy lightest,202422,1494,0.0007926999969640747,,
5000,1500,75,Random feasible,21679,1500,0.000822600006358698,,
5000,1500,76,DP exact,TIMEOUT,,0.0,,
5000,1500,76,Greedy density,244063,1500,0.0008821000083116814,,
5000,1500,76,Simulated annealing,244063,1500,0.008680999992066063,,
5000,1500,76,Greedy value,44823,1500,0.0007297999982256442,,
5000,1500,76,Greedy lightest,209226,1498,0.0009140000038314611,,
5000,1500,76,Random feasible,16905,1500,0.0008503999997628853,,
5000,1500,77,DP exact,TIMEOUT,,0.0,,
5000,1500,77,Greedy density,239718,1500,0.0014042999973753467,,
5000,1500,77,Simulated annealing,239718,1500,0.008507700011250563,,
5000,1500,77,Greedy value,44834,1500,0.0007580999954370782,,
5000,1500,77,Greedy lightest,202747,1499,0.000708499996108003,,
5000,1500,77,Random feasible,21559,1500,0.0008525000012014061,,
5000,1500,78,DP exact,TIMEOUT,,0.0,,
5000,1500,78,Greedy density,228317,1500,0.0009914999973261729,,
5000,1500,78,Simulated annealing,228317,1500,0.008264299991424195,,
5000,1500,78,Greedy value,37868,1500,0.0007372999971266836,,
5000,1500,78,Greedy lightest,192169,1496,0.0007230999908642843,,
5000,1500,78,Random feasible,22020,1500,0.0008356000034837052,,
5000,1500,79,DP exact,TIMEOUT,,0.0,,
5000,1500,79,Greedy density,228783,1500,0.0008977999968919903,,
5000,1500,79,Simulated annealing,228783,1500,0.008227400001487695,,
5000,1500,79,Greedy value,44763,1500,0.0007354000117629766,,
5000,1500,79,Greedy lightest,192765,1494,0.0007122999959392473,,
5000,1500,79,Random feasible,22718,1500,0.000817699998151511,,
5000,1500,80,DP exact,TIMEOUT,,0.0,,
5000,1500,80,Greedy density,245938,1500,0.0009085999918170273,,
5000,1500,80,Simulated annealing,245938,1500,0.008201000004191883,,
5000,1500,80,Greedy value,50637,1500,0.0007544999971287325,,
5000,1500,80,Greedy lightest,212854,1495,0.0007031999994069338,,
5000,1500,80,Random feasible,17950,1500,0.000821099994936958,,
5000,1500,81,DP exact,TIMEOUT,,0.0,,
5000,1500,81,Greedy density,249585,1500,0.00090970000019297,,
5000,1500,81,Simulated annealing,249585,1500,0.00828439999895636,,
5000,1500,81,Greedy value,41728,1500,0.0007292999944183975,,
5000,1500,81,Greedy lightest,212359,1499,0.0006986999942455441,,
5000,1500,81,Random feasible,17577,1500,0.0008228000078815967,,
5000,1500,82,DP exact,TIMEOUT,,0.0,,
5000,1500,82,Greedy density,246210,1500,0.0008984000014606863,,
5000,1500,82,Simulated annealing,246210,1500,0.008633699995698407,,
5000,1500,82,Greedy value,52670,1500,0.0007330999942496419,,
5000,1500,82,Greedy lightest,212688,1500,0.0007107999990694225,,
5000,1500,82,Random feasible,21997,1500,0.0008419999940088019,,
5000,1500,83,DP exact,TIMEOUT,,0.0,,
5000,1500,83,Greedy density,238823,1500,0.0008933999924920499,,
5000,1500,83,Simulated annealing,238823,1500,0.009179100001347251,,
5000,1500,83,Greedy value,44717,1500,0.0007478999905288219,,
5000,1500,83,Greedy lightest,201687,1499,0.0009661999938543886,,
5000,1500,83,Random feasible,22240,1500,0.0008193999965442345,,
5000,1500,84,DP exact,TIMEOUT,,0.0,,
5000,1500,84,Greedy density,233033,1500,0.0009034999966388568,,
5000,1500,84,Simulated annealing,233033,1500,0.008626700000604615,,
5000,1500,84,Greedy value,41788,1500,0.0009513999975752085,,
5000,1500,84,Greedy lightest,196431,1499,0.0007346999918809161,,
5000,1500,84,Random feasible,21472,1500,0.0008077000093180686,,
5000,1500,85,DP exact,TIMEOUT,,0.0,,
5000,1500,85,Greedy density,233855,1500,0.0008791000000201166,,
5000,1500,85,Simulated annealing,233855,1500,0.008392700008698739,,
5000,1500,85,Greedy value,39825,1500,0.0009068999934243038,,
5000,1500,85,Greedy lightest,197213,1494,0.0007987999997567385,,
5000,1500,85,Random feasible,25723,1500,0.0008121999999275431,,
5000,1500,86,DP exact,TIMEOUT,,0.0,,
5000,1500,86,Greedy density,244880,1500,0.0009579999896232039,,
5000,1500,86,Simulated annealing,244880,1500,0.008283499992103316,,
5000,1500,86,Greedy value,35889,1500,0.0007289000059245154,,
5000,1500,86,Greedy lightest,210833,1500,0.0007033000001683831,,
5000,1500,86,Random feasible,20639,1500,0.0008063999994192272,,
5000,1500,87,DP exact,TIMEOUT,,0.0,,
5000,1500,87,Greedy density,241772,1500,0.0008371999865630642,,
5000,1500,87,Simulated annealing,241772,1500,0.008181099998182617,,
5000,1500,87,Greedy value,38824,1500,0.0006815999950049445,,
5000,1500,87,Greedy lightest,205786,1499,0.0006643999950028956,,
5000,1500,87,Random feasible,19361,1500,0.0008286000083899125,,
5000,1500,88,DP exact,TIMEOUT,,0.0,,
5000,1500,88,Greedy density,241867,1500,0.0008447000000160187,,
5000,1500,88,Simulated annealing,241867,1500,0.00831839999591466,,
5000,1500,88,Greedy value,44801,1500,0.0006921000021975487,,
5000,1500,88,Greedy lightest,210071,1498,0.0006736999930581078,,
5000,1500,88,Random feasible,17457,1500,0.0009046000050147995,,
5000,1500,89,DP exact,TIMEOUT,,0.0,,
5000,1500,89,Greedy density,237733,1500,0.0008414000039920211,,
5000,1500,89,Simulated annealing,237733,1500,0.008565900003304705,,
5000,1500,89,Greedy value,41766,1500,0.0007225000008475035,,
5000,1500,89,Greedy lightest,202133,1495,0.0006594000005861744,,
5000,1500,89,Random feasible,27217,1500,0.0008209999941755086,,
5000,1500,90,DP exact,TIMEOUT,,0.0,,
5000,1500,90,Greedy density,242737,1500,0.0010665000008884817,,
5000,1500,90,Simulated annealing,242737,1500,0.00872880000679288,,
5000,1500,90,Greedy value,41824,1500,0.0007360000017797574,,
5000,1500,90,Greedy lightest,205598,1496,0.0007053000008454546,,
5000,1500,90,Random feasible,20005,1500,0.0007912000000942498,,
5000,1500,91,DP exact,TIMEOUT,,0.0,,
5000,1500,91,Greedy density,252361,1500,0.0008403999963775277,,
5000,1500,91,Simulated annealing,252361,1500,0.007947799997054972,,
5000,1500,91,Greedy value,45788,1500,0.0006869000062579289,,
5000,1500,91,Greedy lightest,221276,1498,0.0006591999990632758,,
5000,1500,91,Random feasible,19491,1500,0.0007630999898537993,,
5000,1500,92,DP exact,TIMEOUT,,0.0,,
5000,1500,92,Greedy density,243281,1500,0.0008967000030679628,,
5000,1500,92,Simulated annealing,243281,1500,0.008119599995552562,,
5000,1500,92,Greedy value,44740,1500,0.0007326000049943104,,
5000,1500,92,Greedy lightest,212616,1498,0.0007273999945027754,,
5000,1500,92,Random feasible,22917,1500,0.0007715999963693321,,
5000,1500,93,DP exact,TIMEOUT,,0.0,,
5000,1500,93,Greedy density,247310,1500,0.0009191000135615468,,
5000,1500,93,Simulated annealing,247310,1500,0.008817599999019876,,
5000,1500,93,Greedy value,44732,1500,0.0007517999911215156,,
5000,1500,93,Greedy lightest,211729,1500,0.0007116000051610172,,
5000,1500,93,Random feasible,22857,1500,0.0008528000034857541,,
5000,1500,94,DP exact,TIMEOUT,,0.0,,
5000,1500,94,Greedy density,242862,1499,0.0008630000083940104,,
5000,1500,94,Simulated annealing,242862,1499,0.008045599999604747,,
5000,1500,94,Greedy value,37843,1500,0.0008394000033149496,,
5000,1500,94,Greedy lightest,211238,1496,0.0007264000014401972,,
5000,1500,94,Random feasible,22981,1500,0.0007769000076223165,,
5000,1500,95,DP exact,TIMEOUT,,0.0,,
5000,1500,95,Greedy density,239895,1500,0.0010474000009708107,,
5000,1500,95,Simulated annealing,239895,1500,0.008316899999044836,,
5000,1500,95,Greedy value,39804,1500,0.0007506999972974882,,
5000,1500,95,Greedy lightest,202285,1494,0.000686999992467463,,
5000,1500,95,Random feasible,23564,1500,0.0007940999930724502,,
5000,1500,96,DP exact,TIMEOUT,,0.0,,
5000,1500,96,Greedy density,255178,1500,0.0012998000020161271,,
5000,1500,96,Simulated annealing,255178,1500,0.007893699992564507,,
5000,1500,96,Greedy value,44775,1500,0.0007220999978017062,,
5000,1500,96,Greedy lightest,219890,1497,0.0007178999949246645,,
5000,1500,96,Random feasible,18599,1500,0.0007647000020369887,,
5000,1500,97,DP exact,TIMEOUT,,0.0,,
5000,1500,97,Greedy density,232294,1500,0.0008465999999316409,,
5000,1500,97,Simulated annealing,232294,1500,0.008640800006105565,,
5000,1500,97,Greedy value,41827,1500,0.0006999000033829361,,
5000,1500,97,Greedy lightest,201619,1494,0.0006673999887425452,,
5000,1500,97,Random feasible,20519,1500,0.0009325999999418855,,
5000,1500,98,DP exact,TIMEOUT,,0.0,,
5000,1500,98,Greedy density,241600,1500,0.000862000000779517,,
5000,1500,98,Simulated annealing,241600,1500,0.008581200003391132,,
5000,1500,98,Greedy value,41846,1500,0.0007619999960297719,,
5000,1500,98,Greedy lightest,207231,1495,0.0009212000004481524,,
5000,1500,98,Random feasible,19501,1500,0.0008211000094888732,,
5000,1500,99,DP exact,TIMEOUT,,0.0,,
5000,1500,99,Greedy density,244329,1500,0.0010089999996125698,,
5000,1500,99,Simulated annealing,244329,1500,0.008008300006622449,,
5000,1500,99,Greedy value,44811,1500,0.0007528999994974583,,
5000,1500,99,Greedy lightest,205497,1499,0.001083499999367632,,
5000,1500,99,Random feasible,18367,1500,0.0007710000063525513,,
10000,2000,0,DP exact,TIMEOUT,,0.0,,
10000,2000,0,Greedy density,340734,2000,0.0022335999965434894,,
10000,2000,0,Simulated annealing,340734,2000,0.010468699998455122,,
10000,2000,0,Greedy value,47925,2000,0.001868599996669218,,
10000,2000,0,Greedy lightest,295021,1996,0.0015705999976489693,,
10000,2000,0,Random feasible,17384,2000,0.001990199991269037,,
10000,2000,1,DP exact,TIMEOUT,,0.0,,
10000,2000,1,Greedy density,328467,2000,0.001979099994059652,,
10000,2000,1,Simulated annealing,328467,2000,0.010584799994830973,,
10000,2000,1,Greedy value,48864,2000,0.0016592000029049814,,
10000,2000,1,Greedy lightest,277154,1997,0.0014974000077927485,,
10000,2000,1,Random feasible,23249,2000,0.001861500000813976,,
10000,2000,2,DP exact,TIMEOUT,,0.0,,
10000,2000,2,Greedy density,343838,2000,0.002151300010154955,,
10000,2000,2,Simulated annealing,343838,2000,0.010556199995335191,,
10000,2000,2,Greedy value,42882,2000,0.001467100009904243,,
10000,2000,2,Greedy lightest,292236,2000,0.0017120999982580543,,
10000,2000,2,Random feasible,20317,2000,0.0015928000066196546,,
10000,2000,3,DP exact,TIMEOUT,,0.0,,
10000,2000,3,Greedy density,337621,2000,0.002118499993230216,,
10000,2000,3,Simulated annealing,337621,2000,0.010680599996703677,,
10000,2000,3,Greedy value,34948,2000,0.0015469000063603744,,
10000,2000,3,Greedy lightest,283480,1996,0.0015183000068645924,,
10000,2000,3,Random feasible,20058,2000,0.0016429000097559765,,
10000,2000,4,DP exact,TIMEOUT,,0.0,,
10000,2000,4,Greedy density,343486,2000,0.00196460000006482,,
10000,2000,4,Simulated annealing,343486,2000,0.010066200004075654,,
10000,2000,4,Greedy value,43898,2000,0.001547400010167621,,
10000,2000,4,Greedy lightest,298576,1998,0.001421299995854497,,
10000,2000,4,Random feasible,24691,2000,0.0015648000116925687,,
10000,2000,5,DP exact,TIMEOUT,,0.0,,
10000,2000,5,Greedy density,339773,2000,0.0019134000031044707,,
10000,2000,5,Simulated annealing,339773,2000,0.009960899988072924,,
10000,2000,5,Greedy value,44887,2000,0.0015303999971365556,,
10000,2000,5,Greedy lightest,293474,2000,0.00143269999534823,,
10000,2000,5,Random feasible,17828,2000,0.0015334999916376546,,
10000,2000,6,DP exact,TIMEOUT,,0.0,,
10000,2000,6,Greedy density,351644,2000,0.0019373999966774136,,
10000,2000,6,Simulated annealing,351644,2000,0.0098260999948252,,
10000,2000,6,Greedy value,44934,2000,0.0014905999996699393,,
10000,2000,6,Greedy lightest,304744,1995,0.0014654000115115196,,
10000,2000,6,Random feasible,23747,2000,0.0017802999936975539,,
10000,2000,7,DP exact,TIMEOUT,,0.0,,
10000,2000,7,Greedy density,341302,2000,0.0023050000017974526,,
10000,2000,7,Simulated annealing,341302,2000,0.010789599997224286,,
10000,2000,7,Greedy value,54845,2000,0.001843399993958883,,
10000,2000,7,Greedy lightest,288923,1997,0.0016177000070456415,,
10000,2000,7,Random feasible,19320,2000,0.001962100010132417,,
10000,2000,8,DP exact,TIMEOUT,,0.0,,
10000,2000,8,Greedy density,333727,2000,0.0021087999921292067,,
10000,2000,8,Simulated annealing,333727,2000,0.010267599995131604,,
10000,2000,8,Greedy value,48906,2000,0.0014567000034730881,,
10000,2000,8,Greedy lightest,288249,1999,0.001410199998645112,,
10000,2000,8,Random feasible,22591,2000,0.0018733999895630404,,
10000,2000,9,DP exact,TIMEOUT,,0.0,,
10000,2000,9,Greedy density,336208,2000,0.0019721999997273088,,
10000,2000,9,Simulated annealing,336208,2000,0.010078100007376634,,
10000,2000,9,Greedy value,41925,2000,0.001478500009397976,,
10000,2000,9,Greedy lightest,279580,1996,0.0014576000103261322,,
10000,2000,9,Random feasible,21085,2000,0.001596600006450899,,
10000,2000,10,DP exact,TIMEOUT,,0.0,,
10000,2000,10,Greedy density,343209,2000,0.001785200001904741,,
10000,2000,10,Simulated annealing,343209,2000,0.00997790000110399,,
10000,2000,10,Greedy value,39947,2000,0.0014348999975482002,,
10000,2000,10,Greedy lightest,293410,1998,0.0018103999900631607,,
10000,2000,10,Random feasible,21621,2000,0.0015715000045020133,,
10000,2000,11,DP exact,TIMEOUT,,0.0,,
10000,2000,11,Greedy density,342408,2000,0.001941199996508658,,
10000,2000,11,Simulated annealing,342408,2000,0.010818199996720068,,
10000,2000,11,Greedy value,37969,2000,0.0014947000017855316,,
10000,2000,11,Greedy lightest,293146,1995,0.0014458999939961359,,
10000,2000,11,Random feasible,27546,2000,0.0015364999999292195,,
10000,2000,12,DP exact,TIMEOUT,,0.0,,
10000,2000,12,Greedy density,346476,2000,0.0019438000017544255,,
10000,2000,12,Simulated annealing,346476,2000,0.01014009999926202,,
10000,2000,12,Greedy value,48798,2000,0.0016453999996883795,,
10000,2000,12,Greedy lightest,299097,1995,0.0015085000050021335,,
10000,2000,12,Random feasible,23659,2000,0.0015478999994229525,,
10000,2000,13,DP exact,TIMEOUT,,0.0,,
10000,2000,13,Greedy density,341493,2000,0.0019039000035263598,,
10000,2000,13,Simulated annealing,341493,2000,0.010234400004264899,,
10000,2000,13,Greedy value,43891,2000,0.0014660000015283003,,
10000,2000,13,Greedy lightest,287022,1998,0.0014501000114250928,,
10000,2000,13,Random feasible,16700,2000,0.001713899997412227,,
10000,2000,14,DP exact,TIMEOUT,,0.0,,
10000,2000,14,Greedy density,335950,2000,0.002046300010988489,,
10000,2000,14,Simulated annealing,335950,2000,0.009886800005915575,,
10000,2000,14,Greedy value,48909,2000,0.0017204000032506883,,
10000,2000,14,Greedy lightest,289247,1996,0.001622499999939464,,
10000,2000,14,Random feasible,19273,2000,0.00163050000264775,,
10000,2000,15,DP exact,TIMEOUT,,0.0,,
10000,2000,15,Greedy density,360704,2000,0.0018989999953191727,,
10000,2000,15,Simulated annealing,360704,2000,0.010162000005948357,,
10000,2000,15,Greedy value,43892,2000,0.0017290999967372045,,
10000,2000,15,Greedy lightest,316783,2000,0.0018253000016557053,,
10000,2000,15,Random feasible,25442,2000,0.0016426000074716285,,
10000,2000,16,DP exact,TIMEOUT,,0.0,,
10000,2000,16,Greedy density,345062,2000,0.0023098000092431903,,
10000,2000,16,Simulated annealing,345062,2000,0.009692999999970198,,
10000,2000,16,Greedy value,41929,2000,0.001445600006263703,,
10000,2000,16,Greedy lightest,298385,1997,0.0016378000000258908,,
10000,2000,16,Random feasible,23207,2000,0.0019049999973503873,,
10000,2000,17,DP exact,TIMEOUT,,0.0,,
10000,2000,17,Greedy density,338368,2000,0.0020748999959323555,,
10000,2000,17,Simulated annealing,338368,2000,0.01014240000222344,,
10000,2000,17,Greedy value,46900,2000,0.001510800007963553,,
10000,2000,17,Greedy lightest,290312,1999,0.001481600003899075,,
10000,2000,17,Random feasible,19326,2000,0.0015638000040780753,,
10000,2000,18,DP exact,TIMEOUT,,0.0,,
10000,2000,18,Greedy density,357658,2000,0.001818799995817244,,
10000,2000,18,Simulated annealing,357658,2000,0.011053599999286234,,
10000,2000,18,Greedy value,46896,2000,0.0014490999892586842,,
10000,2000,18,Greedy lightest,308696,1999,0.001672300000791438,,
10000,2000,18,Random feasible,21647,2000,0.0019754999957513064,,
10000,2000,19,DP exact,TIMEOUT,,0.0,,
10000,2000,19,Greedy density,335021,2000,0.0024161000037565827,,
10000,2000,19,Simulated annealing,335021,2000,0.009551999988616444,,
10000,2000,19,Greedy value,33936,2000,0.0014959000109229237,,
10000,2000,19,Greedy lightest,285360,1999,0.0014177999983076006,,
10000,2000,19,Random feasible,23758,2000,0.0015069999935803935,,
10000,2000,20,DP exact,TIMEOUT,,0.0,,
10000,2000,20,Greedy density,342465,2000,0.001818100005039014,,
10000,2000,20,Simulated annealing,342465,2000,0.01049339999735821,,
10000,2000,20,Greedy value,47856,2000,0.001781500002834946,,
10000,2000,20,Greedy lightest,292889,2000,0.001743400003761053,,
10000,2000,20,Random feasible,22986,2000,0.0018323999975109473,,
10000,2000,21,DP exact,TIMEOUT,,0.0,,
10000,2000,21,Greedy density,331382,2000,0.0018934999970952049,,
10000,2000,21,Simulated annealing,331382,2000,0.00957399999606423,,
10000,2000,21,Greedy value,43861,2000,0.0014898000081302598,,
10000,2000,21,Greedy lightest,282991,1997,0.0016859000024851412,,
10000,2000,21,Random feasible,20364,2000,0.0020130999910179526,,
10000,2000,22,DP exact,TIMEOUT,,0.0,,
10000,2000,22,Greedy density,349881,2000,0.0022855999995954335,,
10000,2000,22,Simulated annealing,349881,2000,0.009759299995494075,,
10000,2000,22,Greedy value,47933,2000,0.0014652000099886209,,
10000,2000,22,Greedy lightest,303807,1995,0.0014073000056669116,,
10000,2000,22,Random feasible,22470,2000,0.001884299999801442,,
10000,2000,23,DP exact,TIMEOUT,,0.0,,
10000,2000,23,Greedy density,334492,2000,0.0018610999977681786,,
10000,2000,23,Simulated annealing,334492,2000,0.010561100003542379,,
10000,2000,23,Greedy value,42920,2000,0.0014885999989928678,,
10000,2000,23,Greedy lightest,291405,1998,0.0015964000049280003,,
10000,2000,23,Random feasible,20783,2000,0.0015470000071218237,,
10000,2000,24,DP exact,TIMEOUT,,0.0,,
10000,2000,24,Greedy density,351466,2000,0.0018976999999722466,,
10000,2000,24,Simulated annealing,351466,2000,0.010501900003873743,,
10000,2000,24,Greedy value,42895,2000,0.0014836999907856807,,
10000,2000,24,Greedy lightest,302951,2000,0.0014033999905223027,,
10000,2000,24,Random feasible,19930,2000,0.0015928999928291887,,
10000,2000,25,DP exact,TIMEOUT,,0.0,,
10000,2000,25,Greedy density,340954,2000,0.0021720000077039003,,
10000,2000,25,Simulated annealing,340954,2000,0.01511910000408534,,
10000,2000,25,Greedy value,38964,2000,0.0015447999903699383,,
10000,2000,25,Greedy lightest,295064,1996,0.0014260999887483194,,
10000,2000,25,Random feasible,18642,2000,0.002426999999443069,,
10000,2000,26,DP exact,TIMEOUT,,0.0,,
10000,2000,26,Greedy density,351848,2000,0.0018912999948952347,,
10000,2000,26,Simulated annealing,351848,2000,0.010322000001906417,,
10000,2000,26,Greedy value,43899,2000,0.0015053999959491193,,
10000,2000,26,Greedy lightest,305903,1999,0.0014762999926460907,,
10000,2000,26,Random feasible,21254,2000,0.001631699997233227,,
10000,2000,27,DP exact,TIMEOUT,,0.0,,
10000,2000,27,Greedy density,333166,2000,0.0018939000001410022,,
10000,2000,27,Simulated annealing,333166,2000,0.009941300013451837,,
10000,2000,27,Greedy value,36925,2000,0.0015843000001041219,,
10000,2000,27,Greedy lightest,281120,1996,0.0018496999982744455,,
10000,2000,27,Random feasible,20454,2000,0.0017579999985173345,,
10000,2000,28,DP exact,TIMEOUT,,0.0,,
10000,2000,28,Greedy density,318837,2000,0.0018496999982744455,,
10000,2000,28,Simulated annealing,318837,2000,0.010829499995452352,,
10000,2000,28,Greedy value,43882,2000,0.0014644999901065603,,
10000,2000,28,Greedy lightest,265670,1997,0.0015100000018719584,,
10000,2000,28,Random feasible,19751,2000,0.0016266000020550564,,
10000,2000,29,DP exact,TIMEOUT,,0.0,,
10000,2000,29,Greedy density,361636,2000,0.0022400999878300354,,
10000,2000,29,Simulated annealing,361636,2000,0.00987130000430625,,
10000,2000,29,Greedy value,48895,2000,0.0017113000067183748,,
10000,2000,29,Greedy lightest,316173,1998,0.0015020999999251217,,
10000,2000,29,Random feasible,23966,2000,0.00162830000044778,,
10000,2000,30,DP exact,TIMEOUT,,0.0,,
10000,2000,30,Greedy density,330009,2000,0.0020040999952470884,,
10000,2000,30,Simulated annealing,330009,2000,0.010329000011552125,,
10000,2000,30,Greedy value,48818,2000,0.0016512000001966953,,
10000,2000,30,Greedy lightest,284193,1995,0.001527400003396906,,
10000,2000,30,Random feasible,26950,2000,0.0016257999959634617,,
10000,2000,31,DP exact,TIMEOUT,,0.0,,
10000,2000,31,Greedy density,341018,2000,0.001924200012581423,,
10000,2000,31,Simulated annealing,341018,2000,0.009722000002511777,,
10000,2000,31,Greedy value,38926,2000,0.0015819999971427023,,
10000,2000,31,Greedy lightest,291056,1996,0.001404700000421144,,
10000,2000,31,Random feasible,23149,2000,0.001711699995212257,,
10000,2000,32,DP exact,TIMEOUT,,0.0,,
10000,2000,32,Greedy density,348931,2000,0.0019170000014128163,,
10000,2000,32,Simulated annealing,348931,2000,0.00993699999526143,,
10000,2000,32,Greedy value,41914,2000,0.0015699999930802733,,
10000,2000,32,Greedy lightest,297588,1997,0.0013910999987274408,,
10000,2000,32,Random feasible,21048,2000,0.001614799999515526,,
10000,2000,33,DP exact,TIMEOUT,,0.0,,
10000,2000,33,Greedy density,344215,2000,0.0019555000035325065,,
10000,2000,33,Simulated annealing,344215,2000,0.010539599999901839,,
10000,2000,33,Greedy value,47892,2000,0.0014764999941689894,,
10000,2000,33,Greedy lightest,293157,1996,0.0014277000009315088,,
10000,2000,33,Random feasible,20228,2000,0.0015483000024687499,,
10000,2000,34,DP exact,TIMEOUT,,0.0,,
10000,2000,34,Greedy density,336331,2000,0.0018004000012297183,,
10000,2000,34,Simulated annealing,336331,2000,0.010480700002517551,,
10000,2000,34,Greedy value,38933,2000,0.001709299991489388,,
10000,2000,34,Greedy lightest,283839,1996,0.0014601000002585351,,
10000,2000,34,Random feasible,26106,2000,0.0018364999996265396,,
10000,2000,35,DP exact,TIMEOUT,,0.0,,
10000,2000,35,Greedy density,329244,2000,0.002012600001762621,,
10000,2000,35,Simulated annealing,329244,2000,0.009990699996706098,,
10000,2000,35,Greedy value,39937,2000,0.0014676999999210238,,
10000,2000,35,Greedy lightest,280056,1995,0.0014242999895941466,,
10000,2000,35,Random feasible,20857,2000,0.0015051000082166865,,
10000,2000,36,DP exact,TIMEOUT,,0.0,,
10000,2000,36,Greedy density,342228,2000,0.002028000002610497,,
10000,2000,36,Simulated annealing,342228,2000,0.010383300003013574,,
10000,2000,36,Greedy value,38912,2000,0.0014866999990772456,,
10000,2000,36,Greedy lightest,296065,1996,0.001399799992213957,,
10000,2000,36,Random feasible,21916,2000,0.0016341000009560958,,
10000,2000,37,DP exact,TIMEOUT,,0.0,,
10000,2000,37,Greedy density,324287,2000,0.001859700001659803,,
10000,2000,37,Simulated annealing,324287,2000,0.009777900006156415,,
10000,2000,37,Greedy value,42906,2000,0.0016233999922405928,,
10000,2000,37,Greedy lightest,275566,1998,0.0014162000006763265,,
10000,2000,37,Random feasible,22416,2000,0.0016280999989248812,,
10000,2000,38,DP exact,TIMEOUT,,0.0,,
10000,2000,38,Greedy density,339721,2000,0.0018722000095294788,,
10000,2000,38,Simulated annealing,339721,2000,0.010744800005340949,,
10000,2000,38,Greedy value,38939,2000,0.0014647999923909083,,
10000,2000,38,Greedy lightest,290822,1998,0.00140530000498984,,
10000,2000,38,Random feasible,21014,2000,0.0016378000000258908,,
10000,2000,39,DP exact,TIMEOUT,,0.0,,
10000,2000,39,Greedy density,339754,2000,0.002013800010900013,,
10000,2000,39,Simulated annealing,339754,2000,0.009651900007156655,,
10000,2000,39,Greedy value,45857,2000,0.0018318000074941665,,
10000,2000,39,Greedy lightest,290800,1995,0.0015668999985791743,,
10000,2000,39,Random feasible,18026,2000,0.001750499999616295,,
10000,2000,40,DP exact,TIMEOUT,,0.0,,
10000,2000,40,Greedy density,335488,2000,0.0019557999912649393,,
10000,2000,40,Simulated annealing,335488,2000,0.010457900003530085,,
10000,2000,40,Greedy value,42913,2000,0.0014775000017834827,,
10000,2000,40,Greedy lightest,282741,1998,0.0015224000089801848,,
10000,2000,40,Random feasible,19504,2000,0.0016328000056091696,,
10000,2000,41,DP exact,TIMEOUT,,0.0,,
10000,2000,41,Greedy density,337489,2000,0.0019070999987889081,,
10000,2000,41,Simulated annealing,337489,2000,0.010413100011646748,,
10000,2000,41,Greedy value,42917,2000,0.0016361000016331673,,
10000,2000,41,Greedy lightest,289413,1995,0.0016600999952061102,,
10000,2000,41,Random feasible,26597,2000,0.0017463000112911686,,
10000,2000,42,DP exact,TIMEOUT,,0.0,,
10000,2000,42,Greedy density,332959,2000,0.001820000004954636,,
10000,2000,42,Simulated annealing,332959,2000,0.010231799999019131,,
10000,2000,42,Greedy value,42946,2000,0.0018784999992931262,,
10000,2000,42,Greedy lightest,282617,1996,0.0014756000018678606,,
10000,2000,42,Random feasible,19338,2000,0.001867699989816174,,
10000,2000,43,DP exact,TIMEOUT,,0.0,,
10000,2000,43,Greedy density,344256,2000,0.002355600008741021,,
10000,2000,43,Simulated annealing,344256,2000,0.010761099998489954,,
10000,2000,43,Greedy value,39909,2000,0.0017407999985152856,,
10000,2000,43,Greedy lightest,298309,1997,0.0014032999897608534,,
10000,2000,43,Random feasible,22091,2000,0.001632999992580153,,
10000,2000,44,DP exact,TIMEOUT,,0.0,,
10000,2000,44,Greedy density,350069,2000,0.0021597000013571233,,
10000,2000,44,Simulated annealing,350069,2000,0.009806900008697994,,
10000,2000,44,Greedy value,44900,2000,0.001500999991549179,,
10000,2000,44,Greedy lightest,305641,1999,0.001415199993061833,,
10000,2000,44,Random feasible,21179,2000,0.0019152000022586435,,
10000,2000,45,DP exact,TIMEOUT,,0.0,,
10000,2000,45,Greedy density,342362,2000,0.002024200002779253,,
10000,2000,45,Simulated annealing,342362,2000,0.010349999996833503,,
10000,2000,45,Greedy value,48877,2000,0.0014704999921377748,,
10000,2000,45,Greedy lightest,293375,1999,0.0015903000021353364,,
10000,2000,45,Random feasible,23372,2000,0.0015743999974802136,,
10000,2000,46,DP exact,TIMEOUT,,0.0,,
10000,2000,46,Greedy density,338168,2000,0.0018617000023368746,,
10000,2000,46,Simulated annealing,338168,2000,0.010127299989107996,,
10000,2000,46,Greedy value,41922,2000,0.001488300011260435,,
10000,2000,46,Greedy lightest,286738,1998,0.0014221000019460917,,
10000,2000,46,Random feasible,20640,2000,0.0017286999936914071,,
10000,2000,47,DP exact,TIMEOUT,,0.0,,
10000,2000,47,Greedy density,324830,2000,0.0018898999987868592,,
10000,2000,47,Simulated annealing,324830,2000,0.009648499995819293,,
10000,2000,47,Greedy value,44858,2000,0.0017031999886967242,,
10000,2000,47,Greedy lightest,271270,2000,0.0016707000031601638,,
10000,2000,47,Random feasible,17098,2000,0.00154310000652913,,
10000,2000,48,DP exact,TIMEOUT,,0.0,,
10000,2000,48,Greedy density,354409,2000,0.001816000003600493,,
10000,2000,48,Simulated annealing,354409,2000,0.010889999990467913,,
10000,2000,48,Greedy value,42945,2000,0.001451400006772019,,
10000,2000,48,Greedy lightest,298791,1995,0.0014113000070210546,,
10000,2000,48,Random feasible,23845,2000,0.001607099999091588,,
10000,2000,49,DP exact,TIMEOUT,,0.0,,
10000,2000,49,Greedy density,355718,2000,0.0021938999998383224,,
10000,2000,49,Simulated annealing,355718,2000,0.010681200001272373,,
10000,2000,49,Greedy value,41923,2000,0.001564099991810508,,
10000,2000,49,Greedy lightest,302114,1998,0.0015028999914648011,,
10000,2000,49,Random feasible,22126,2000,0.0017726999940350652,,
10000,2000,50,DP exact,TIMEOUT,,0.0,,
10000,2000,50,Greedy density,337842,2000,0.0019539000059012324,,
10000,2000,50,Simulated annealing,337842,2000,0.010100499988766387,,
10000,2000,50,Greedy value,46873,2000,0.001669899997068569,,
10000,2000,50,Greedy lightest,292137,1998,0.0015014999953564256,,
10000,2000,50,Random feasible,21644,2000,0.0017916000069817528,,
10000,2000,51,DP exact,TIMEOUT,,0.0,,
10000,2000,51,Greedy density,339323,2000,0.0019681999983731657,,
10000,2000,51,Simulated annealing,339323,2000,0.0104356999945594,,
10000,2000,51,Greedy value,35965,2000,0.0014639000000897795,,
10000,2000,51,Greedy lightest,285487,1996,0.0016622000111965463,,
10000,2000,51,Random feasible,25661,2000,0.0015712999884271994,,
10000,2000,52,DP exact,TIMEOUT,,0.0,,
10000,2000,52,Greedy density,350150,2000,0.0018572999979369342,,
10000,2000,52,Simulated annealing,350150,2000,0.0102201999980025,,
10000,2000,52,Greedy value,39958,2000,0.0016611000028206035,,
10000,2000,52,Greedy lightest,297208,1996,0.0014912999904481694,,
10000,2000,52,Random feasible,20621,2000,0.0018519000004744157,,
10000,2000,53,DP exact,TIMEOUT,,0.0,,
10000,2000,53,Greedy density,353488,2000,0.0018779999954858795,,
10000,2000,53,Simulated annealing,353488,2000,0.010356800004956312,,
10000,2000,53,Greedy value,43924,2000,0.00148379999154713,,
10000,2000,53,Greedy lightest,305082,1996,0.001942499991855584,,
10000,2000,53,Random feasible,22020,2000,0.0015618000034010038,,
10000,2000,54,DP exact,TIMEOUT,,0.0,,
10000,2000,54,Greedy density,341665,2000,0.0023496000067098066,,
10000,2000,54,Simulated annealing,341665,2000,0.010308199998689815,,
10000,2000,54,Greedy value,38933,2000,0.00157049999688752,,
10000,2000,54,Greedy lightest,300543,1998,0.001526499996543862,,
10000,2000,54,Random feasible,21149,2000,0.0017099999968195334,,
10000,2000,55,DP exact,TIMEOUT,,0.0,,
10000,2000,55,Greedy density,337708,2000,0.0019764000026043504,,
10000,2000,55,Simulated annealing,337708,2000,0.009915200003888458,,
10000,2000,55,Greedy value,40921,2000,0.0017866999987745658,,
10000,2000,55,Greedy lightest,290646,1998,0.001437300001271069,,
10000,2000,55,Random feasible,22171,2000,0.0016190999886021018,,
10000,2000,56,DP exact,TIMEOUT,,0.0,,
10000,2000,56,Greedy density,355554,2000,0.001947699987795204,,
10000,2000,56,Simulated annealing,355554,2000,0.010945399990305305,,
10000,2000,56,Greedy value,43864,2000,0.0015008000045781955,,
10000,2000,56,Greedy lightest,307496,1999,0.001432099990779534,,
10000,2000,56,Random feasible,22873,2000,0.0015829000039957464,,
10000,2000,57,DP exact,TIMEOUT,,0.0,,
10000,2000,57,Greedy density,352910,2000,0.002200500006438233,,
10000,2000,57,Simulated annealing,352910,2000,0.009359600007883273,,
10000,2000,57,Greedy value,46908,2000,0.0015925000043353066,,
10000,2000,57,Greedy lightest,302387,2000,0.00155790000280831,,
10000,2000,57,Random feasible,20111,2000,0.0016614000051049516,,
10000,2000,58,DP exact,TIMEOUT,,0.0,,
10000,2000,58,Greedy density,342013,2000,0.0026064999983645976,,
10000,2000,58,Simulated annealing,342013,2000,0.010077800005092286,,
10000,2000,58,Greedy value,46894,2000,0.0016476000018883497,,
10000,2000,58,Greedy lightest,293496,1999,0.0017274999991059303,,
10000,2000,58,Random feasible,24231,2000,0.0015811999910511076,,
10000,2000,59,DP exact,TIMEOUT,,0.0,,
10000,2000,59,Greedy density,345065,2000,0.0018182000058004633,,
10000,2000,59,Simulated annealing,345065,2000,0.009756300001754425,,
10000,2000,59,Greedy value,45919,2000,0.001458200000342913,,
10000,2000,59,Greedy lightest,291606,1997,0.0019471000123303384,,
10000,2000,59,Random feasible,21974,2000,0.0015312000032281503,,
10000,2000,60,DP exact,TIMEOUT,,0.0,,
10000,2000,60,Greedy density,350727,2000,0.0019348000059835613,,
10000,2000,60,Simulated annealing,350727,2000,0.009939700001268648,,
10000,2000,60,Greedy value,41943,2000,0.0014636999985668808,,
10000,2000,60,Greedy lightest,305403,1995,0.0014291999978013337,,
10000,2000,60,Random feasible,20265,2000,0.0017512000049464405,,
10000,2000,61,DP exact,TIMEOUT,,0.0,,
10000,2000,61,Greedy density,341159,2000,0.0018249999993713573,,
10000,2000,61,Simulated annealing,341159,2000,0.010249899991322309,,
10000,2000,61,Greedy value,41909,2000,0.0017518999957246706,,
10000,2000,61,Greedy lightest,291673,2000,0.0016230000037467107,,
10000,2000,61,Random feasible,21455,2000,0.0018782999977702275,,
10000,2000,62,DP exact,TIMEOUT,,0.0,,
10000,2000,62,Greedy density,348418,2000,0.001885200006654486,,
10000,2000,62,Simulated annealing,348418,2000,0.009947300000931136,,
10000,2000,62,Greedy value,42920,2000,0.0014596999972127378,,
10000,2000,62,Greedy lightest,297993,1995,0.001423100009560585,,
10000,2000,62,Random feasible,22483,2000,0.0016082999936770648,,
10000,2000,63,DP exact,TIMEOUT,,0.0,,
10000,2000,63,Greedy density,335684,2000,0.0020345999946584925,,
10000,2000,63,Simulated annealing,335684,2000,0.0104527999938,,
10000,2000,63,Greedy value,44904,2000,0.0024468000046908855,,
10000,2000,63,Greedy lightest,286768,1996,0.0018169999966630712,,
10000,2000,63,Random feasible,23325,2000,0.002183399992645718,,
10000,2000,64,DP exact,TIMEOUT,,0.0,,
10000,2000,64,Greedy density,334831,2000,0.0018971000099554658,,
10000,2000,64,Simulated annealing,334831,2000,0.009920800002873875,,
10000,2000,64,Greedy value,49870,2000,0.0014977999962866306,,
10000,2000,64,Greedy lightest,284806,1999,0.001462500003981404,,
10000,2000,64,Random feasible,17670,2000,0.0016696999955456704,,
10000,2000,65,DP exact,TIMEOUT,,0.0,,
10000,2000,65,Greedy density,350398,2000,0.0019362999883014709,,
10000,2000,65,Simulated annealing,350398,2000,0.011428300000261515,,
10000,2000,65,Greedy value,41933,2000,0.0015180000045802444,,
10000,2000,65,Greedy lightest,301913,1996,0.0015583000058541074,,
10000,2000,65,Random feasible,20756,2000,0.001628699988941662,,
10000,2000,66,DP exact,TIMEOUT,,0.0,,
10000,2000,66,Greedy density,347694,2000,0.0018925000040326267,,
10000,2000,66,Simulated annealing,347694,2000,0.010863499992410652,,
10000,2000,66,Greedy value,47891,2000,0.0015327000000979751,,
10000,2000,66,Greedy lightest,297882,1995,0.0014907000004313886,,
10000,2000,66,Random feasible,13578,2000,0.0016720999992685392,,
10000,2000,67,DP exact,TIMEOUT,,0.0,,
10000,2000,67,Greedy density,351013,2000,0.0020490999886533245,,
10000,2000,67,Simulated annealing,351013,2000,0.009771799988811836,,
10000,2000,67,Greedy value,47864,2000,0.0015622000064468011,,
10000,2000,67,Greedy lightest,299187,1995,0.0015109999949345365,,
10000,2000,67,Random feasible,19514,2000,0.0016285000019706786,,
10000,2000,68,DP exact,TIMEOUT,,0.0,,
10000,2000,68,Greedy density,346908,2000,0.002710899992962368,,
10000,2000,68,Simulated annealing,346908,2000,0.01061570001184009,,
10000,2000,68,Greedy value,47824,2000,0.0016896000015549362,,
10000,2000,68,Greedy lightest,294496,1996,0.0021278000058373436,,
10000,2000,68,Random feasible,15833,2000,0.0016457000019727275,,
10000,2000,69,DP exact,TIMEOUT,,0.0,,
10000,2000,69,Greedy density,344653,2000,0.002042699998128228,,
10000,2000,69,Simulated annealing,344653,2000,0.010347799994633533,,
10000,2000,69,Greedy value,44900,2000,0.001576999988174066,,
10000,2000,69,Greedy lightest,295579,1999,0.0014977999962866306,,
10000,2000,69,Random feasible,19693,2000,0.0016433000128017738,,
10000,2000,70,DP exact,TIMEOUT,,0.0,,
10000,2000,70,Greedy density,352214,2000,0.0019099999917671084,,
10000,2000,70,Simulated annealing,352214,2000,0.010191200010012835,,
10000,2000,70,Greedy value,41929,2000,0.0015457999979844317,,
10000,2000,70,Greedy lightest,301314,2000,0.0014770999987376854,,
10000,2000,70,Random feasible,24405,2000,0.0016739999991841614,,
10000,2000,71,DP exact,TIMEOUT,,0.0,,
10000,2000,71,Greedy density,345006,2000,0.002021499996772036,,
10000,2000,71,Simulated annealing,345006,2000,0.010389299990492873,,
10000,2000,71,Greedy value,36936,2000,0.0015510999946855009,,
10000,2000,71,Greedy lightest,299075,1998,0.0014994999946793541,,
10000,2000,71,Random feasible,22702,2000,0.0016190000023925677,,
10000,2000,72,DP exact,TIMEOUT,,0.0,,
10000,2000,72,Greedy density,339436,2000,0.0019133000023430213,,
10000,2000,72,Simulated annealing,339436,2000,0.010286000004271045,,
10000,2000,72,Greedy value,39945,2000,0.0015383999998448417,,
10000,2000,72,Greedy lightest,287770,2000,0.0015705000114394352,,
10000,2000,72,Random feasible,23530,2000,0.0016481000056955963,,
10000,2000,73,DP exact,TIMEOUT,,0.0,,
10000,2000,73,Greedy density,320319,2000,0.001960599998710677,,
10000,2000,73,Simulated annealing,320319,2000,0.010152000002563,,
10000,2000,73,Greedy value,43891,2000,0.0017517999949632213,,
10000,2000,73,Greedy lightest,270305,1994,0.0015085000050021335,,
10000,2000,73,Random feasible,18706,2000,0.0018320000090170652,,
10000,2000,74,DP exact,TIMEOUT,,0.0,,
10000,2000,74,Greedy density,339031,2000,0.00186159998702351,,
10000,2000,74,Simulated annealing,339031,2000,0.010272599989548326,,
10000,2000,74,Greedy value,47863,2000,0.0018751999887172133,,
10000,2000,74,Greedy lightest,294198,1999,0.0016131000011228025,,
10000,2000,74,Random feasible,24792,2000,0.0016637999942759052,,
10000,2000,75,DP exact,TIMEOUT,,0.0,,
10000,2000,75,Greedy density,335757,2000,0.0021486000041477382,,
10000,2000,75,Simulated annealing,335757,2000,0.009832199997617863,,
10000,2000,75,Greedy value,44881,2000,0.0015705999976489693,,
10000,2000,75,Greedy lightest,284039,1995,0.0014839000068604946,,
10000,2000,75,Random feasible,19316,2000,0.0019213000050513074,,
10000,2000,76,DP exact,TIMEOUT,,0.0,,
10000,2000,76,Greedy density,354728,2000,0.0018447999900672585,,
10000,2000,76,Simulated annealing,354728,2000,0.010362700006226078,,
10000,2000,76,Greedy value,39921,2000,0.0014577999972971156,,
10000,2000,76,Greedy lightest,307846,1996,0.001990100005059503,,
10000,2000,76,Random feasible,22009,2000,0.0016016000008676201,,
10000,2000,77,DP exact,TIMEOUT,,0.0,,
10000,2000,77,Greedy density,354092,2000,0.0018505000043660402,,
10000,2000,77,Simulated annealing,354092,2000,0.010317000007489696,,
10000,2000,77,Greedy value,40918,2000,0.0014559999981429428,,
10000,2000,77,Greedy lightest,303087,1999,0.0014204999897629023,,
10000,2000,77,Random feasible,26989,2000,0.0018492999952286482,,
10000,2000,78,DP exact,TIMEOUT,,0.0,,
10000,2000,78,Greedy density,351531,2000,0.0021392000053310767,,
10000,2000,78,Simulated annealing,351531,2000,0.009824499997193925,,
10000,2000,78,Greedy value,43943,2000,0.001672300000791438,,
10000,2000,78,Greedy lightest,303488,1997,0.0015864999877521768,,
10000,2000,78,Random feasible,23613,2000,0.001772600007825531,,
10000,2000,79,DP exact,TIMEOUT,,0.0,,
10000,2000,79,Greedy density,337755,2000,0.0020226000051479787,,
10000,2000,79,Simulated annealing,337755,2000,0.010661699998308904,,
10000,2000,79,Greedy value,46897,2000,0.0015992999979062006,,
10000,2000,79,Greedy lightest,289958,1994,0.0018945000047096983,,
10000,2000,79,Random feasible,21491,2000,0.001552699992316775,,
10000,2000,80,DP exact,TIMEOUT,,0.0,,
10000,2000,80,Greedy density,321168,2000,0.0018027000041911379,,
10000,2000,80,Simulated annealing,321168,2000,0.009883099992293864,,
10000,2000,80,Greedy value,38915,2000,0.0015936999989207834,,
10000,2000,80,Greedy lightest,274816,2000,0.0015832000062800944,,
10000,2000,80,Random feasible,19116,2000,0.001856000002590008,,
10000,2000,81,DP exact,TIMEOUT,,0.0,,
10000,2000,81,Greedy density,357054,2000,0.00195499999972526,,
10000,2000,81,Simulated annealing,357054,2000,0.012214400005177595,,
10000,2000,81,Greedy value,46950,2000,0.0015917000127956271,,
10000,2000,81,Greedy lightest,310026,2000,0.0014552000066032633,,
10000,2000,81,Random feasible,21658,2000,0.0015459999995073304,,
10000,2000,82,DP exact,TIMEOUT,,0.0,,
10000,2000,82,Greedy density,341173,2000,0.001988900010474026,,
10000,2000,82,Simulated annealing,341173,2000,0.010276400003931485,,
10000,2000,82,Greedy value,42925,2000,0.0015380000113509595,,
10000,2000,82,Greedy lightest,295465,1998,0.0014922999980626628,,
10000,2000,82,Random feasible,22898,2000,0.0019383000035304576,,
10000,2000,83,DP exact,TIMEOUT,,0.0,,
10000,2000,83,Greedy density,332091,2000,0.00192760000936687,,
10000,2000,83,Simulated annealing,332091,2000,0.009709300007671118,,
10000,2000,83,Greedy value,45928,2000,0.0016691999917384237,,
10000,2000,83,Greedy lightest,280725,1997,0.0015120000025490299,,
10000,2000,83,Random feasible,22626,2000,0.0016566999984206632,,
10000,2000,84,DP exact,TIMEOUT,,0.0,,
10000,2000,84,Greedy density,359432,2000,0.0020484999986365438,,
10000,2000,84,Simulated annealing,359432,2000,0.010130000009667128,,
10000,2000,84,Greedy value,37951,2000,0.00154310000652913,,
10000,2000,84,Greedy lightest,307950,1999,0.0014654999977210537,,
10000,2000,84,Random feasible,20221,2000,0.0017152999935206026,,
10000,2000,85,DP exact,TIMEOUT,,0.0,,
10000,2000,85,Greedy density,343832,2000,0.002225700009148568,,
10000,2000,85,Simulated annealing,343832,2000,0.010853300002054311,,
10000,2000,85,Greedy value,38949,2000,0.001561299999593757,,
10000,2000,85,Greedy lightest,291676,1997,0.0014107000024523586,,
10000,2000,85,Random feasible,21183,2000,0.0016309999919030815,,
10000,2000,86,DP exact,TIMEOUT,,0.0,,
10000,2000,86,Greedy density,350855,2000,0.0018639000045368448,,
10000,2000,86,Simulated annealing,350855,2000,0.009758600004715845,,
10000,2000,86,Greedy value,41915,2000,0.0014424999972106889,,
10000,2000,86,Greedy lightest,300682,1999,0.0015440999995917082,,
10000,2000,86,Random feasible,23322,2000,0.0015318000077968463,,
10000,2000,87,DP exact,TIMEOUT,,0.0,,
10000,2000,87,Greedy density,329956,2000,0.0022253000061027706,,
10000,2000,87,Simulated annealing,329956,2000,0.010563000003458,,
10000,2000,87,Greedy value,47874,2000,0.0014894000050844625,,
10000,2000,87,Greedy lightest,279739,1997,0.0014147000038065016,,
10000,2000,87,Random feasible,24085,2000,0.0016468999965582043,,
10000,2000,88,DP exact,TIMEOUT,,0.0,,
10000,2000,88,Greedy density,357471,2000,0.0018988999945577234,,
10000,2000,88,Simulated annealing,357471,2000,0.009775999991688877,,
10000,2000,88,Greedy value,37918,2000,0.001610199993592687,,
10000,2000,88,Greedy lightest,307008,1999,0.0014603000017814338,,
10000,2000,88,Random feasible,19169,2000,0.0015655000024707988,,
10000,2000,89,DP exact,TIMEOUT,,0.0,,
10000,2000,89,Greedy density,338105,2000,0.0019530999998096377,,
10000,2000,89,Simulated annealing,338105,2000,0.011138999994727783,,
10000,2000,89,Greedy value,47914,2000,0.0015061000012792647,,
10000,2000,89,Greedy lightest,287420,1996,0.0014309999969555065,,
10000,2000,89,Random feasible,17750,2000,0.0015444000018760562,,
10000,2000,90,DP exact,TIMEOUT,,0.0,,
10000,2000,90,Greedy density,334492,2000,0.0020530000037979335,,
10000,2000,90,Simulated annealing,334492,2000,0.010957700011203997,,
10000,2000,90,Greedy value,44890,2000,0.0015181999915512279,,
10000,2000,90,Greedy lightest,287691,1997,0.001440399995772168,,
10000,2000,90,Random feasible,17645,2000,0.001789899994037114,,
10000,2000,91,DP exact,TIMEOUT,,0.0,,
10000,2000,91,Greedy density,339353,2000,0.001978400003281422,,
10000,2000,91,Simulated annealing,339353,2000,0.010137500008568168,,
10000,2000,91,Greedy value,43904,2000,0.0018711000011535361,,
10000,2000,91,Greedy lightest,292266,1996,0.00149789999704808,,
10000,2000,91,Random feasible,26421,2000,0.0017343999934382737,,
10000,2000,92,DP exact,TIMEOUT,,0.0,,
10000,2000,92,Greedy density,358661,2000,0.0019476000015856698,,
10000,2000,92,Simulated annealing,358661,2000,0.010170100009418093,,
10000,2000,92,Greedy value,46870,2000,0.0014854000037303194,,
10000,2000,92,Greedy lightest,311332,1999,0.0016543999954592437,,
10000,2000,92,Random feasible,24393,2000,0.0015509999939240515,,
10000,2000,93,DP exact,TIMEOUT,,0.0,,
10000,2000,93,Greedy density,352185,2000,0.0019487999961711466,,
10000,2000,93,Simulated annealing,352185,2000,0.010346199997002259,,
10000,2000,93,Greedy value,51869,2000,0.0014882999967085198,,
10000,2000,93,Greedy lightest,305249,1997,0.0014171999937389046,,
10000,2000,93,Random feasible,23963,2000,0.0017343000072287396,,
10000,2000,94,DP exact,TIMEOUT,,0.0,,
10000,2000,94,Greedy density,348209,2000,0.0020138999971095473,,
10000,2000,94,Simulated annealing,348209,2000,0.010182400001212955,,
10000,2000,94,Greedy value,44859,2000,0.0015617999888490885,,
10000,2000,94,Greedy lightest,298950,1998,0.0017377000040141866,,
10000,2000,94,Random feasible,21181,2000,0.001627400008146651,,
10000,2000,95,DP exact,TIMEOUT,,0.0,,
10000,2000,95,Greedy density,331970,2000,0.0018623000069055706,,
10000,2000,95,Simulated annealing,331970,2000,0.010099199993419461,,
10000,2000,95,Greedy value,41902,2000,0.0015974999987520278,,
10000,2000,95,Greedy lightest,286100,1995,0.0014177999983076006,,
10000,2000,95,Random feasible,20819,2000,0.0021444000012706965,,
10000,2000,96,DP exact,TIMEOUT,,0.0,,
10000,2000,96,Greedy density,325632,2000,0.0018853999936254695,,
10000,2000,96,Simulated annealing,325632,2000,0.010586600008537062,,
10000,2000,96,Greedy value,38940,2000,0.001647099998081103,,
10000,2000,96,Greedy lightest,273490,1998,0.0015180000045802444,,
10000,2000,96,Random feasible,21950,2000,0.0018058999994536862,,
10000,2000,97,DP exact,TIMEOUT,,0.0,,
10000,2000,97,Greedy density,336310,2000,0.00188460000208579,,
10000,2000,97,Simulated annealing,336310,2000,0.01049280000734143,,
10000,2000,97,Greedy value,41919,2000,0.001545899998745881,,
10000,2000,97,Greedy lightest,283922,1999,0.0013972000015201047,,
10000,2000,97,Random feasible,19630,2000,0.0015776999935042113,,
10000,2000,98,DP exact,TIMEOUT,,0.0,,
10000,2000,98,Greedy density,331762,2000,0.0022926000092411414,,
10000,2000,98,Simulated annealing,331762,2000,0.010046600000350736,,
10000,2000,98,Greedy value,40916,2000,0.0015531999961240217,,
10000,2000,98,Greedy lightest,279975,1995,0.0014424999972106889,,
10000,2000,98,Random feasible,20886,2000,0.0015725000121165067,,
10000,2000,99,DP exact,TIMEOUT,,0.0,,
10000,2000,99,Greedy density,340315,2000,0.0018719000072451308,,
10000,2000,99,Simulated annealing,340315,2000,0.010560999988229014,,
10000,2000,99,Greedy value,38938,2000,0.0014396000042324886,,
10000,2000,99,Greedy lightest,295145,1995,0.0016868000093381852,,
10000,2000,99,Random feasible,21218,2000,0.001554500006022863,,
