paper_id,question_id,chunker,scoring,strategy,budget,budget_sort,source_tokens,budget_tokens,used_tokens,token_ratio_vs_full,cost_saving_vs_full,budget_utilization,avg_total_value,full_doc_answer_recall,full_doc_evidence_recall,answer_token_recall,answer_recall_retained,evidence_recall,evidence_recall_retained,answer_90_retained,evidence_complete,answer_and_evidence_preserved
1912.01214,b6f15fb6279b82e34a5bf4828b7b5ddabfdf1d54,semantic-threshold,hybrid,knapsack,20%,0.2,5479,1095,951,0.1735718196751232,0.8264281803248767,0.8684931506849315,2.2245760660119904,1.0,1.0,1.0,1.0,0.5076923076923077,0.5076923076923077,1.0,0.0,0.0
1912.01214,b6f15fb6279b82e34a5bf4828b7b5ddabfdf1d54,semantic-threshold,hybrid,knapsack,40%,0.4,5479,2191,2120,0.3869319218835554,0.6130680781164446,0.967594705613875,3.573106366584046,1.0,1.0,1.0,1.0,1.0,1.0,1.0,1.0,1.0
1912.01214,b6f15fb6279b82e34a5bf4828b7b5ddabfdf1d54,semantic-threshold,hybrid,knapsack,60%,0.6,5479,3287,2950,0.5384194196021171,0.46158058039788286,0.8974749011256465,4.3621282948509394,1.0,1.0,1.0,1.0,1.0,1.0,1.0,1.0,1.0
1912.01214,b6f15fb6279b82e34a5bf4828b7b5ddabfdf1d54,semantic-threshold,hybrid,knapsack,80%,0.8,5479,4383,4271,0.7795218105493703,0.2204781894506297,0.9744467259867671,5.417812071017187,1.0,1.0,1.0,1.0,1.0,1.0,1.0,1.0,1.0
1912.01214,b6f15fb6279b82e34a5bf4828b7b5ddabfdf1d54,semantic-threshold,hybrid,knapsack,100%,1.0,5479,5479,5479,1.0,0.0,1.0,6.136584366346392,1.0,1.0,1.0,1.0,1.0,1.0,1.0,1.0,1.0
1912.01214,f5e6f43454332e0521a778db0b769481e23e7682,semantic-threshold,hybrid,knapsack,20%,0.2,5479,1095,951,0.1735718196751232,0.8264281803248767,0.8684931506849315,1.9936728522791485,1.0,1.0,1.0,1.0,0.538568376068376,0.538568376068376,1.0,0.0,0.0
1912.01214,f5e6f43454332e0521a778db0b769481e23e7682,semantic-threshold,hybrid,knapsack,40%,0.4,5479,2191,2187,0.3991604307355357,0.6008395692644644,0.9981743496120493,3.277773098498217,1.0,1.0,1.0,1.0,0.9027777777777778,0.9027777777777778,1.0,1.0,1.0
1912.01214,f5e6f43454332e0521a778db0b769481e23e7682,semantic-threshold,hybrid,knapsack,60%,0.6,5479,3287,3042,0.5552108048914035,0.4447891951085965,0.925463948889565,4.315099022693838,1.0,1.0,1.0,1.0,0.9236111111111112,0.9236111111111112,1.0,1.0,1.0
1912.01214,f5e6f43454332e0521a778db0b769481e23e7682,semantic-threshold,hybrid,knapsack,80%,0.8,5479,4383,4276,0.7804343858368316,0.21956561416316844,0.9755874971480721,5.343435844023797,1.0,1.0,1.0,1.0,0.9375,0.9375,1.0,1.0,1.0
1912.01214,f5e6f43454332e0521a778db0b769481e23e7682,semantic-threshold,hybrid,knapsack,100%,1.0,5479,5479,5479,1.0,0.0,1.0,6.147830821296896,1.0,1.0,1.0,1.0,1.0,1.0,1.0,1.0,1.0
1912.01214,9a05a5f4351db75da371f7ac12eb0b03607c4b87,semantic-threshold,hybrid,knapsack,20%,0.2,5479,1095,951,0.1735718196751232,0.8264281803248767,0.8684931506849315,2.366574390077322,1.0,1.0,0.5,0.5,0.6129032258064516,0.6129032258064516,0.0,0.0,0.0
1912.01214,9a05a5f4351db75da371f7ac12eb0b03607c4b87,semantic-threshold,hybrid,knapsack,40%,0.4,5479,2191,2154,0.39313743383829164,0.6068625661617084,0.9831127339114559,3.174641624129551,1.0,1.0,1.0,1.0,0.7096774193548387,0.7096774193548387,1.0,0.0,0.0
1912.01214,9a05a5f4351db75da371f7ac12eb0b03607c4b87,semantic-threshold,hybrid,knapsack,60%,0.6,5479,3287,3009,0.5491878079941596,0.45081219200584044,0.9154243991481594,3.661343425317927,1.0,1.0,1.0,1.0,1.0,1.0,1.0,1.0,1.0
1912.01214,9a05a5f4351db75da371f7ac12eb0b03607c4b87,semantic-threshold,hybrid,knapsack,80%,0.8,5479,4383,4245,0.774776419054572,0.22522358094542805,0.9685147159479809,4.2539475708863534,1.0,1.0,1.0,1.0,1.0,1.0,1.0,1.0,1.0
1912.01214,9a05a5f4351db75da371f7ac12eb0b03607c4b87,semantic-threshold,hybrid,knapsack,100%,1.0,5479,5479,5479,1.0,0.0,1.0,4.503112962232547,1.0,1.0,1.0,1.0,1.0,1.0,1.0,1.0,1.0
1912.01214,5eda469a8a77f028d0c5f1acd296111085614537,semantic-threshold,hybrid,knapsack,20%,0.2,5479,1095,1074,0.1960211717466691,0.8039788282533309,0.9808219178082191,2.1986320579278607,0.125,1.0,0.0,0.0,0.37543859649122807,0.37543859649122807,0.0,0.0,0.0
1912.01214,5eda469a8a77f028d0c5f1acd296111085614537,semantic-threshold,hybrid,knapsack,40%,0.4,5479,2191,2135,0.38966964774593904,0.610330352254061,0.9744408945686901,3.4518172390137742,0.125,1.0,0.0,0.0,0.5381578947368422,0.5381578947368422,0.0,0.0,0.0
1912.01214,5eda469a8a77f028d0c5f1acd296111085614537,semantic-threshold,hybrid,knapsack,60%,0.6,5479,3287,2896,0.5285636064975361,0.4714363935024639,0.8810465470033465,4.13200713085598,0.125,1.0,0.0,0.0,0.6019736842105263,0.6019736842105263,0.0,0.0,0.0
1912.01214,5eda469a8a77f028d0c5f1acd296111085614537,semantic-threshold,hybrid,knapsack,80%,0.8,5479,4383,4217,0.7696659974447891,0.23033400255521086,0.9621263974446727,5.091160925762433,0.125,1.0,0.125,1.0,1.0,1.0,1.0,1.0,1.0
1912.01214,5eda469a8a77f028d0c5f1acd296111085614537,semantic-threshold,hybrid,knapsack,100%,1.0,5479,5479,5479,1.0,0.0,1.0,5.685736704387012,0.125,1.0,0.125,1.0,1.0,1.0,1.0,1.0,1.0
1810.08699,18c5d366b1da8447b5404eab71f4cc658ba12e6f,semantic-threshold,hybrid,knapsack,20%,0.2,4436,887,744,0.16771866546438233,0.8322813345356177,0.8387824126268321,1.249665039916402,1.0,1.0,0.125,0.125,0.20249084249084248,0.20249084249084248,0.0,0.0,0.0
1810.08699,18c5d366b1da8447b5404eab71f4cc658ba12e6f,semantic-threshold,hybrid,knapsack,40%,0.4,4436,1774,1585,0.3573038773669973,0.6426961226330027,0.8934611048478016,2.157308749918637,1.0,1.0,0.75,0.75,0.355006105006105,0.355006105006105,0.0,0.0,0.0
1810.08699,18c5d366b1da8447b5404eab71f4cc658ba12e6f,semantic-threshold,hybrid,knapsack,60%,0.6,4436,2661,2411,0.5435076645626691,0.4564923354373309,0.9060503570086433,2.8753318199191353,1.0,1.0,1.0,1.0,1.0,1.0,1.0,1.0,1.0
1810.08699,18c5d366b1da8447b5404eab71f4cc658ba12e6f,semantic-threshold,hybrid,knapsack,80%,0.8,4436,3548,3071,0.6922903516681695,0.30770964833183045,0.8655580608793687,3.3666049177722126,1.0,1.0,1.0,1.0,1.0,1.0,1.0,1.0,1.0
1810.08699,18c5d366b1da8447b5404eab71f4cc658ba12e6f,semantic-threshold,hybrid,knapsack,100%,1.0,4436,4436,4436,1.0,0.0,1.0,3.8856786856672256,1.0,1.0,1.0,1.0,1.0,1.0,1.0,1.0,1.0
1810.08699,b5e4866f0685299f1d7af267bbcc4afe2aab806f,semantic-threshold,hybrid,knapsack,20%,0.2,4436,887,744,0.16771866546438233,0.8322813345356177,0.8387824126268321,1.3571587641487488,1.0,1.0,0.0,0.0,0.3709677419354839,0.3709677419354839,0.0,0.0,0.0
1810.08699,b5e4866f0685299f1d7af267bbcc4afe2aab806f,semantic-threshold,hybrid,knapsack,40%,0.4,4436,1774,1729,0.3897655545536519,0.6102344454463481,0.9746335963923337,2.6029611214381503,1.0,1.0,0.0,0.0,0.5483870967741935,0.5483870967741935,0.0,0.0,0.0
1810.08699,b5e4866f0685299f1d7af267bbcc4afe2aab806f,semantic-threshold,hybrid,knapsack,60%,0.6,4436,2661,2620,0.5906221821460775,0.40937781785392247,0.9845922585494176,3.5818613660486815,1.0,1.0,1.0,1.0,1.0,1.0,1.0,1.0,1.0
1810.08699,b5e4866f0685299f1d7af267bbcc4afe2aab806f,semantic-threshold,hybrid,knapsack,80%,0.8,4436,3548,3461,0.7802073940486925,0.21979260595130745,0.9754791431792559,4.38293422347179,1.0,1.0,1.0,1.0,1.0,1.0,1.0,1.0,1.0
1810.08699,b5e4866f0685299f1d7af267bbcc4afe2aab806f,semantic-threshold,hybrid,knapsack,100%,1.0,4436,4436,4436,1.0,0.0,1.0,5.019845776844896,1.0,1.0,1.0,1.0,1.0,1.0,1.0,1.0,1.0
1810.08699,1f085b9bb7bfd0d6c8cba1a9d73f08fcf2da7590,semantic-threshold,hybrid,knapsack,20%,0.2,4436,887,812,0.18304779080252478,0.8169522091974752,0.915445321307779,1.3504178425582942,0.0,1.0,0.0,0.0,0.27704714640198513,0.27704714640198513,0.0,0.0,0.0
1810.08699,1f085b9bb7bfd0d6c8cba1a9d73f08fcf2da7590,semantic-threshold,hybrid,knapsack,40%,0.4,4436,1774,1729,0.3897655545536519,0.6102344454463481,0.9746335963923337,2.9250369188570704,0.0,1.0,0.0,0.0,0.4357320099255583,0.4357320099255583,0.0,0.0,0.0
1810.08699,1f085b9bb7bfd0d6c8cba1a9d73f08fcf2da7590,semantic-threshold,hybrid,knapsack,60%,0.6,4436,2661,2620,0.5906221821460775,0.40937781785392247,0.9845922585494176,3.5329791936661716,0.0,1.0,0.0,0.0,0.6923076923076923,0.6923076923076923,0.0,0.0,0.0
1810.08699,1f085b9bb7bfd0d6c8cba1a9d73f08fcf2da7590,semantic-threshold,hybrid,knapsack,80%,0.8,4436,3548,3446,0.7768259693417493,0.2231740306582507,0.9712514092446449,4.128018154827565,0.0,1.0,0.0,0.0,0.7307692307692308,0.7307692307692308,0.0,0.0,0.0
1810.08699,1f085b9bb7bfd0d6c8cba1a9d73f08fcf2da7590,semantic-threshold,hybrid,knapsack,100%,1.0,4436,4436,4436,1.0,0.0,1.0,4.73507461965992,0.0,1.0,0.0,0.0,1.0,1.0,0.0,1.0,0.0
1609.00425,b6ae8e10c6a0d34c834f18f66ab730b670fb528c,semantic-threshold,hybrid,knapsack,20%,0.2,5976,1195,1159,0.19394243641231593,0.8060575635876841,0.9698744769874477,2.5371245929025763,1.0,1.0,1.0,1.0,1.0,1.0,1.0,1.0,1.0
1609.00425,b6ae8e10c6a0d34c834f18f66ab730b670fb528c,semantic-threshold,hybrid,knapsack,40%,0.4,5976,2390,2345,0.3924029451137885,0.6075970548862115,0.9811715481171548,4.3234597087333375,1.0,1.0,1.0,1.0,1.0,1.0,1.0,1.0,1.0
1609.00425,b6ae8e10c6a0d34c834f18f66ab730b670fb528c,semantic-threshold,hybrid,knapsack,60%,0.6,5976,3585,3523,0.589524765729585,0.410475234270415,0.9827057182705718,5.709027906134767,1.0,1.0,1.0,1.0,1.0,1.0,1.0,1.0,1.0
1609.00425,b6ae8e10c6a0d34c834f18f66ab730b670fb528c,semantic-threshold,hybrid,knapsack,80%,0.8,5976,4780,4728,0.7911646586345381,0.2088353413654619,0.9891213389121339,6.804425718418892,1.0,1.0,1.0,1.0,1.0,1.0,1.0,1.0,1.0
1609.00425,b6ae8e10c6a0d34c834f18f66ab730b670fb528c,semantic-threshold,hybrid,knapsack,100%,1.0,5976,5976,5877,0.983433734939759,0.016566265060240948,0.983433734939759,7.42107425407223,1.0,1.0,1.0,1.0,1.0,1.0,1.0,1.0,1.0
1609.00425,a87a009c242d57c51fc94fe312af5e02070f898b,semantic-threshold,hybrid,knapsack,20%,0.2,5976,1195,1193,0.1996318607764391,0.8003681392235609,0.998326359832636,3.678317656779692,1.0,1.0,0.3333333333333333,0.3333333333333333,0.28205128205128205,0.28205128205128205,0.0,0.0,0.0
1609.00425,a87a009c242d57c51fc94fe312af5e02070f898b,semantic-threshold,hybrid,knapsack,40%,0.4,5976,2390,2251,0.37667336010709507,0.6233266398929049,0.9418410041841004,5.257515924910041,1.0,1.0,1.0,1.0,1.0,1.0,1.0,1.0,1.0
1609.00425,a87a009c242d57c51fc94fe312af5e02070f898b,semantic-threshold,hybrid,knapsack,60%,0.6,5976,3585,3514,0.5880187416331994,0.41198125836680055,0.9801952580195258,6.509776435110005,1.0,1.0,1.0,1.0,1.0,1.0,1.0,1.0,1.0
1609.00425,a87a009c242d57c51fc94fe312af5e02070f898b,semantic-threshold,hybrid,knapsack,80%,0.8,5976,4780,4604,0.7704149933065596,0.2295850066934404,0.9631799163179916,7.294962772985199,1.0,1.0,1.0,1.0,1.0,1.0,1.0,1.0,1.0
1609.00425,a87a009c242d57c51fc94fe312af5e02070f898b,semantic-threshold,hybrid,knapsack,100%,1.0,5976,5976,5253,0.8790160642570282,0.12098393574297184,0.8790160642570282,7.605052860359511,1.0,1.0,1.0,1.0,1.0,1.0,1.0,1.0,1.0
1801.05147,2df4a045a9cd7b44874340b6fdf9308d3c55327a,semantic-threshold,hybrid,knapsack,20%,0.2,8779,1755,1730,0.1970611686980294,0.8029388313019706,0.9857549857549858,5.2079197027713136,0.8,1.0,0.3,0.37499999999999994,0.42424242424242425,0.42424242424242425,0.0,0.0,0.0
1801.05147,2df4a045a9cd7b44874340b6fdf9308d3c55327a,semantic-threshold,hybrid,knapsack,40%,0.4,8779,3511,3497,0.39833694042601664,0.6016630595739834,0.9960125320421532,7.628619453417816,0.8,1.0,0.3,0.37499999999999994,0.5151515151515151,0.5151515151515151,0.0,0.0,0.0
1801.05147,2df4a045a9cd7b44874340b6fdf9308d3c55327a,semantic-threshold,hybrid,knapsack,60%,0.6,8779,5267,5199,0.5922086798040779,0.4077913201959221,0.9870894247199544,9.195493621160054,0.8,1.0,0.7,0.8749999999999999,1.0,1.0,0.0,1.0,0.0
1801.05147,2df4a045a9cd7b44874340b6fdf9308d3c55327a,semantic-threshold,hybrid,knapsack,80%,0.8,8779,7023,6921,0.7883585829821164,0.21164141701788364,0.9854762921828278,10.598559143570323,0.8,1.0,0.8,1.0,1.0,1.0,1.0,1.0,1.0
1801.05147,2df4a045a9cd7b44874340b6fdf9308d3c55327a,semantic-threshold,hybrid,knapsack,100%,1.0,8779,8779,8779,1.0,0.0,1.0,11.624873882072892,0.8,1.0,0.8,1.0,1.0,1.0,1.0,1.0,1.0
1811.00383,a313e98994fc039a82aa2447c411dda92c65a470,semantic-threshold,hybrid,knapsack,20%,0.2,2935,587,336,0.11448040885860307,0.8855195911413969,0.5724020442930153,0.7289911994745815,1.0,1.0,0.0,0.0,0.4375,0.4375,0.0,0.0,0.0
1811.00383,a313e98994fc039a82aa2447c411dda92c65a470,semantic-threshold,hybrid,knapsack,40%,0.4,2935,1174,1071,0.3649063032367973,0.6350936967632027,0.9122657580919932,1.4605076135136112,1.0,1.0,0.5,0.5,0.59375,0.59375,0.0,0.0,0.0
1811.00383,a313e98994fc039a82aa2447c411dda92c65a470,semantic-threshold,hybrid,knapsack,60%,0.6,2935,1761,1461,0.49778534923339013,0.5022146507666099,0.8296422487223168,1.818838947807437,1.0,1.0,0.5,0.5,0.6875,0.6875,0.0,0.0,0.0
1811.00383,a313e98994fc039a82aa2447c411dda92c65a470,semantic-threshold,hybrid,knapsack,80%,0.8,2935,2348,2187,0.7451448040885861,0.2548551959114139,0.9314310051107325,2.1691427848750653,1.0,1.0,1.0,1.0,1.0,1.0,1.0,1.0,1.0
1811.00383,a313e98994fc039a82aa2447c411dda92c65a470,semantic-threshold,hybrid,knapsack,100%,1.0,2935,2935,2935,1.0,0.0,1.0,2.517845508791819,1.0,1.0,1.0,1.0,1.0,1.0,1.0,1.0,1.0
1811.00383,37861be6aecd9242c4fdccdfcd06e48f3f1f8f81,semantic-threshold,hybrid,knapsack,20%,0.2,2935,587,390,0.13287904599659284,0.8671209540034072,0.6643952299829642,0.5693834942094369,0.0,1.0,0.0,0.0,0.48148148148148145,0.48148148148148145,0.0,0.0,0.0
1811.00383,37861be6aecd9242c4fdccdfcd06e48f3f1f8f81,semantic-threshold,hybrid,knapsack,40%,0.4,2935,1174,1125,0.3833049403747871,0.616695059625213,0.9582623509369677,1.2832864202671017,0.0,1.0,0.0,0.0,0.5185185185185185,0.5185185185185185,0.0,0.0,0.0
1811.00383,37861be6aecd9242c4fdccdfcd06e48f3f1f8f81,semantic-threshold,hybrid,knapsack,60%,0.6,2935,1761,1461,0.49778534923339013,0.5022146507666099,0.8296422487223168,1.6498816218108452,0.0,1.0,0.0,0.0,0.7037037037037037,0.7037037037037037,0.0,0.0,0.0
1811.00383,37861be6aecd9242c4fdccdfcd06e48f3f1f8f81,semantic-threshold,hybrid,knapsack,80%,0.8,2935,2348,2209,0.752640545144804,0.24735945485519595,0.9408006814310051,2.205780563967365,0.0,1.0,0.0,0.0,0.7407407407407407,0.7407407407407407,0.0,0.0,0.0
1811.00383,37861be6aecd9242c4fdccdfcd06e48f3f1f8f81,semantic-threshold,hybrid,knapsack,100%,1.0,2935,2935,2935,1.0,0.0,1.0,2.4110357239078515,0.0,1.0,0.0,0.0,1.0,1.0,0.0,1.0,0.0
1811.00383,7e62a53823aba08bc26b2812db016f5ce6159565,semantic-threshold,hybrid,knapsack,20%,0.2,2935,587,336,0.11448040885860307,0.8855195911413969,0.5724020442930153,0.196838421029163,1.0,1.0,0.16666666666666666,0.16666666666666666,0.15625,0.15625,0.0,0.0,0.0
1811.00383,7e62a53823aba08bc26b2812db016f5ce6159565,semantic-threshold,hybrid,knapsack,40%,0.4,2935,1174,1071,0.3649063032367973,0.6350936967632027,0.9122657580919932,1.1139203416403616,1.0,1.0,0.5,0.5,0.28125,0.28125,0.0,0.0,0.0
1811.00383,7e62a53823aba08bc26b2812db016f5ce6159565,semantic-threshold,hybrid,knapsack,60%,0.6,2935,1761,1461,0.49778534923339013,0.5022146507666099,0.8296422487223168,1.5988673244343206,1.0,1.0,1.0,1.0,1.0,1.0,1.0,1.0,1.0
1811.00383,7e62a53823aba08bc26b2812db016f5ce6159565,semantic-threshold,hybrid,knapsack,80%,0.8,2935,2348,2209,0.752640545144804,0.24735945485519595,0.9408006814310051,2.104057657980154,1.0,1.0,1.0,1.0,1.0,1.0,1.0,1.0,1.0
1811.00383,7e62a53823aba08bc26b2812db016f5ce6159565,semantic-threshold,hybrid,knapsack,100%,1.0,2935,2935,2935,1.0,0.0,1.0,2.3392887289028077,1.0,1.0,1.0,1.0,1.0,1.0,1.0,1.0,1.0
1909.09067,9eabb54c2408dac24f00f92cf1061258c7ea2e1a,semantic-threshold,hybrid,knapsack,20%,0.2,4058,811,776,0.19122720551996056,0.8087727944800395,0.9568434032059187,1.5048182524077856,1.0,1.0,0.5,0.5,0.45401174168297453,0.45401174168297453,0.0,0.0,0.0
1909.09067,9eabb54c2408dac24f00f92cf1061258c7ea2e1a,semantic-threshold,hybrid,knapsack,40%,0.4,4058,1623,1470,0.362247412518482,0.637752587481518,0.9057301293900185,2.2046902316878216,1.0,1.0,1.0,1.0,0.8082191780821918,0.8082191780821918,1.0,1.0,1.0
1909.09067,9eabb54c2408dac24f00f92cf1061258c7ea2e1a,semantic-threshold,hybrid,knapsack,60%,0.6,4058,2434,2121,0.5226712666338098,0.4773287333661902,0.871405094494659,2.8918490929563454,1.0,1.0,1.0,1.0,0.863013698630137,0.863013698630137,1.0,1.0,1.0
1909.09067,9eabb54c2408dac24f00f92cf1061258c7ea2e1a,semantic-threshold,hybrid,knapsack,80%,0.8,4058,3246,2909,0.7168555938886151,0.2831444061113849,0.8961799137399877,3.5156280881897515,1.0,1.0,1.0,1.0,1.0,1.0,1.0,1.0,1.0
1909.09067,9eabb54c2408dac24f00f92cf1061258c7ea2e1a,semantic-threshold,hybrid,knapsack,100%,1.0,4058,4058,3583,0.8829472646623953,0.11705273533760474,0.8829472646623953,3.8987878438603145,1.0,1.0,1.0,1.0,1.0,1.0,1.0,1.0,1.0
1909.09067,3d013f15796ae7fed5272183a166c45f16e24e39,semantic-threshold,hybrid,knapsack,20%,0.2,4058,811,776,0.19122720551996056,0.8087727944800395,0.9568434032059187,1.4522574622715843,1.0,1.0,0.36363636363636365,0.36363636363636365,0.5016307893020222,0.5016307893020222,0.0,0.0,0.0
1909.09067,3d013f15796ae7fed5272183a166c45f16e24e39,semantic-threshold,hybrid,knapsack,40%,0.4,4058,1623,1427,0.3516510596352883,0.6483489403647117,0.8792359827479975,2.139416323540108,1.0,1.0,0.36363636363636365,0.36363636363636365,0.5870841487279843,0.5870841487279843,0.0,0.0,0.0
1909.09067,3d013f15796ae7fed5272183a166c45f16e24e39,semantic-threshold,hybrid,knapsack,60%,0.6,4058,2434,2215,0.5458353868900936,0.4541646131099064,0.910024650780608,2.788130539178338,1.0,1.0,0.5454545454545454,0.5454545454545454,0.8333333333333333,0.8333333333333333,0.0,1.0,0.0
1909.09067,3d013f15796ae7fed5272183a166c45f16e24e39,semantic-threshold,hybrid,knapsack,80%,0.8,4058,3246,2909,0.7168555938886151,0.2831444061113849,0.8961799137399877,3.308028288944238,1.0,1.0,1.0,1.0,1.0,1.0,1.0,1.0,1.0
1909.09067,3d013f15796ae7fed5272183a166c45f16e24e39,semantic-threshold,hybrid,knapsack,100%,1.0,4058,4058,3583,0.8829472646623953,0.11705273533760474,0.8829472646623953,3.719897742803547,1.0,1.0,1.0,1.0,1.0,1.0,1.0,1.0,1.0
1704.06194,9ee07edc371e014df686ced4fb0c3a7b9ce3d5dc,semantic-threshold,hybrid,knapsack,20%,0.2,6863,1372,1249,0.18199038321433775,0.8180096167856623,0.9103498542274052,2.7936303940763763,1.0,1.0,1.0,1.0,1.0,1.0,1.0,1.0,1.0
1704.06194,9ee07edc371e014df686ced4fb0c3a7b9ce3d5dc,semantic-threshold,hybrid,knapsack,40%,0.4,6863,2745,2728,0.397493807372869,0.602506192627131,0.9938069216757741,4.806115237265546,1.0,1.0,1.0,1.0,1.0,1.0,1.0,1.0,1.0
1704.06194,9ee07edc371e014df686ced4fb0c3a7b9ce3d5dc,semantic-threshold,hybrid,knapsack,60%,0.6,6863,4117,4069,0.5928894069648841,0.4071105930351159,0.9883410250182172,6.226420981034363,1.0,1.0,1.0,1.0,1.0,1.0,1.0,1.0,1.0
1704.06194,9ee07edc371e014df686ced4fb0c3a7b9ce3d5dc,semantic-threshold,hybrid,knapsack,80%,0.8,6863,5490,5472,0.7973189567244645,0.2026810432755355,0.9967213114754099,7.4614381500296885,1.0,1.0,1.0,1.0,1.0,1.0,1.0,1.0,1.0
1704.06194,9ee07edc371e014df686ced4fb0c3a7b9ce3d5dc,semantic-threshold,hybrid,knapsack,100%,1.0,6863,6863,6724,0.9797464665598135,0.020253533440186544,0.9797464665598135,8.58946626008255,1.0,1.0,1.0,1.0,1.0,1.0,1.0,1.0,1.0
1704.06194,d3aa0449708cc861a51551b128d73e11d62207d2,semantic-threshold,hybrid,knapsack,20%,0.2,6863,1372,1321,0.19248142211860703,0.8075185778813929,0.9628279883381924,2.4282555504636356,1.0,1.0,0.6428571428571429,0.6428571428571429,0.4827586206896552,0.4827586206896552,0.0,0.0,0.0
1704.06194,d3aa0449708cc861a51551b128d73e11d62207d2,semantic-threshold,hybrid,knapsack,40%,0.4,6863,2745,2743,0.3996794404779251,0.6003205595220749,0.9992714025500911,4.031516410117103,1.0,1.0,0.7857142857142857,0.7857142857142857,0.6551724137931034,0.6551724137931034,0.0,0.0,0.0
1704.06194,d3aa0449708cc861a51551b128d73e11d62207d2,semantic-threshold,hybrid,knapsack,60%,0.6,6863,4117,4091,0.5960950021856332,0.40390499781436684,0.9936847218848677,5.369997971455027,1.0,1.0,1.0,1.0,1.0,1.0,1.0,1.0,1.0
1704.06194,d3aa0449708cc861a51551b128d73e11d62207d2,semantic-threshold,hybrid,knapsack,80%,0.8,6863,5490,5478,0.7981932099664869,0.2018067900335131,0.9978142076502732,6.584193726023998,1.0,1.0,1.0,1.0,1.0,1.0,1.0,1.0,1.0
1704.06194,d3aa0449708cc861a51551b128d73e11d62207d2,semantic-threshold,hybrid,knapsack,100%,1.0,6863,6863,6744,0.9826606440332216,0.01733935596677838,0.9826606440332216,7.141983413994127,1.0,1.0,1.0,1.0,1.0,1.0,1.0,1.0,1.0
1704.06194,cfbec1ef032ac968560a7c76dec70faf1269b27c,semantic-threshold,hybrid,knapsack,20%,0.2,6863,1372,1264,0.18417601631939384,0.8158239836806062,0.9212827988338192,2.00908251526576,1.0,1.0,0.25,0.25,0.4339622641509434,0.4339622641509434,0.0,0.0,0.0
1704.06194,cfbec1ef032ac968560a7c76dec70faf1269b27c,semantic-threshold,hybrid,knapsack,40%,0.4,6863,2745,2671,0.38918840157365586,0.6108115984263441,0.9730418943533697,3.614987163509098,1.0,1.0,0.25,0.25,0.4528301886792453,0.4528301886792453,0.0,0.0,0.0
1704.06194,cfbec1ef032ac968560a7c76dec70faf1269b27c,semantic-threshold,hybrid,knapsack,60%,0.6,6863,4117,4067,0.5925979892175434,0.40740201078245664,0.9878552343939762,4.774919030481319,1.0,1.0,1.0,1.0,1.0,1.0,1.0,1.0,1.0
1704.06194,cfbec1ef032ac968560a7c76dec70faf1269b27c,semantic-threshold,hybrid,knapsack,80%,0.8,6863,5490,5414,0.7888678420515809,0.2111321579484191,0.9861566484517305,5.822845758720472,1.0,1.0,1.0,1.0,1.0,1.0,1.0,1.0,1.0
1704.06194,cfbec1ef032ac968560a7c76dec70faf1269b27c,semantic-threshold,hybrid,knapsack,100%,1.0,6863,6863,6744,0.9826606440332216,0.01733935596677838,0.9826606440332216,6.737947254438775,1.0,1.0,1.0,1.0,1.0,1.0,1.0,1.0,1.0
1704.06194,c0e341c4d2253eb42c8840381b082aae274eddad,semantic-threshold,hybrid,knapsack,20%,0.2,6863,1372,1308,0.19058720676089175,0.8094127932391082,0.9533527696793003,2.713352913662431,1.0,1.0,0.2,0.2,0.41509433962264153,0.41509433962264153,0.0,0.0,0.0
1704.06194,c0e341c4d2253eb42c8840381b082aae274eddad,semantic-threshold,hybrid,knapsack,40%,0.4,6863,2745,2709,0.39472533877313126,0.6052746612268687,0.9868852459016394,4.01738241757868,1.0,1.0,0.2,0.2,0.4528301886792453,0.4528301886792453,0.0,0.0,0.0
1704.06194,c0e341c4d2253eb42c8840381b082aae274eddad,semantic-threshold,hybrid,knapsack,60%,0.6,6863,4117,4105,0.5981349264170188,0.4018650735829812,0.9970852562545542,5.080968090975597,1.0,1.0,1.0,1.0,1.0,1.0,1.0,1.0,1.0
1704.06194,c0e341c4d2253eb42c8840381b082aae274eddad,semantic-threshold,hybrid,knapsack,80%,0.8,6863,5490,5478,0.7981932099664869,0.2018067900335131,0.9978142076502732,6.150670938150133,1.0,1.0,1.0,1.0,1.0,1.0,1.0,1.0,1.0
1704.06194,c0e341c4d2253eb42c8840381b082aae274eddad,semantic-threshold,hybrid,knapsack,100%,1.0,6863,6863,6744,0.9826606440332216,0.01733935596677838,0.9826606440332216,6.8787544066774595,1.0,1.0,1.0,1.0,1.0,1.0,1.0,1.0,1.0
1909.00512,1ec152119cf756b16191b236c85522afeed11f59,semantic-threshold,hybrid,knapsack,20%,0.2,6284,1256,1206,0.19191597708465946,0.8080840229153405,0.9601910828025477,3.243667424444309,1.0,1.0,0.5454545454545454,0.5454545454545454,0.5384615384615384,0.5384615384615384,0.0,0.0,0.0
1909.00512,1ec152119cf756b16191b236c85522afeed11f59,semantic-threshold,hybrid,knapsack,40%,0.4,6284,2513,2329,0.37062380649267984,0.6293761935073201,0.9267807401512137,4.590399577219178,1.0,1.0,0.6363636363636364,0.6363636363636364,0.6153846153846154,0.6153846153846154,0.0,0.0,0.0
1909.00512,1ec152119cf756b16191b236c85522afeed11f59,semantic-threshold,hybrid,knapsack,60%,0.6,6284,3770,3643,0.5797262889879058,0.4202737110120942,0.9663129973474801,5.491776960851833,1.0,1.0,0.8181818181818182,0.8181818181818182,0.7692307692307693,0.7692307692307693,0.0,0.0,0.0
1909.00512,1ec152119cf756b16191b236c85522afeed11f59,semantic-threshold,hybrid,knapsack,80%,0.8,6284,5027,4674,0.7437937619350732,0.2562062380649268,0.9297791923612493,6.162801004369275,1.0,1.0,1.0,1.0,0.9230769230769231,0.9230769230769231,1.0,1.0,1.0
1909.00512,1ec152119cf756b16191b236c85522afeed11f59,semantic-threshold,hybrid,knapsack,100%,1.0,6284,6284,6254,0.9952259707192871,0.00477402928071291,0.9952259707192871,6.6436292848860425,1.0,1.0,1.0,1.0,1.0,1.0,1.0,1.0,1.0
2003.03106,66c96c297c2cffdf5013bab5e95b59101cb38655,semantic-threshold,hybrid,knapsack,20%,0.2,6460,1292,1197,0.18529411764705883,0.8147058823529412,0.9264705882352942,2.223609531858624,0.7142857142857143,1.0,0.2857142857142857,0.39999999999999997,0.5830065359477123,0.5830065359477123,0.0,0.0,0.0
2003.03106,66c96c297c2cffdf5013bab5e95b59101cb38655,semantic-threshold,hybrid,knapsack,40%,0.4,6460,2584,2559,0.3961300309597523,0.6038699690402477,0.9903250773993808,3.900120923457901,0.7142857142857143,1.0,0.5714285714285714,0.7999999999999999,1.0,1.0,0.0,1.0,0.0
2003.03106,66c96c297c2cffdf5013bab5e95b59101cb38655,semantic-threshold,hybrid,knapsack,60%,0.6,6460,3876,3865,0.598297213622291,0.40170278637770895,0.9971620227038184,5.275366655573455,0.7142857142857143,1.0,0.7142857142857143,1.0,1.0,1.0,1.0,1.0,1.0
2003.03106,66c96c297c2cffdf5013bab5e95b59101cb38655,semantic-threshold,hybrid,knapsack,80%,0.8,6460,5168,5079,0.7862229102167183,0.2137770897832817,0.9827786377708978,6.494917443689184,0.7142857142857143,1.0,0.7142857142857143,1.0,1.0,1.0,1.0,1.0,1.0
2003.03106,66c96c297c2cffdf5013bab5e95b59101cb38655,semantic-threshold,hybrid,knapsack,100%,1.0,6460,6460,6460,1.0,0.0,1.0,7.5394355533437984,0.7142857142857143,1.0,0.7142857142857143,1.0,1.0,1.0,1.0,1.0,1.0
2003.03106,6b53e1f46ae4ba9b75117fc6e593abded89366be,semantic-threshold,hybrid,knapsack,20%,0.2,6460,1292,1209,0.18715170278637772,0.8128482972136223,0.9357585139318886,1.9353075348327553,0.9166666666666666,1.0,0.25,0.27272727272727276,0.3329769282243752,0.3329769282243752,0.0,0.0,0.0
2003.03106,6b53e1f46ae4ba9b75117fc6e593abded89366be,semantic-threshold,hybrid,knapsack,40%,0.4,6460,2584,2559,0.3961300309597523,0.6038699690402477,0.9903250773993808,3.514160864152562,0.9166666666666666,1.0,0.3333333333333333,0.36363636363636365,0.47257862733118033,0.47257862733118033,0.0,0.0,0.0
2003.03106,6b53e1f46ae4ba9b75117fc6e593abded89366be,semantic-threshold,hybrid,knapsack,60%,0.6,6460,3876,3768,0.58328173374613,0.41671826625387,0.9721362229102167,4.797197444598461,0.9166666666666666,1.0,0.5833333333333334,0.6363636363636365,0.5744522999039888,0.5744522999039888,0.0,0.0,0.0
2003.03106,6b53e1f46ae4ba9b75117fc6e593abded89366be,semantic-threshold,hybrid,knapsack,80%,0.8,6460,5168,5141,0.7958204334365325,0.20417956656346747,0.9947755417956656,6.008943984784559,0.9166666666666666,1.0,0.9166666666666666,1.0,1.0,1.0,1.0,1.0,1.0
2003.03106,6b53e1f46ae4ba9b75117fc6e593abded89366be,semantic-threshold,hybrid,knapsack,100%,1.0,6460,6460,6460,1.0,0.0,1.0,7.058273926513125,0.9166666666666666,1.0,0.9166666666666666,1.0,1.0,1.0,1.0,1.0,1.0
2003.03106,c0bee6539eb6956a7347daa9d2419b367bd02064,semantic-threshold,hybrid,knapsack,20%,0.2,6460,1292,1199,0.18560371517027863,0.8143962848297214,0.9280185758513931,1.9123312867970297,0.0,1.0,0.0,0.0,0.8571428571428572,0.8571428571428572,0.0,1.0,0.0
2003.03106,c0bee6539eb6956a7347daa9d2419b367bd02064,semantic-threshold,hybrid,knapsack,40%,0.4,6460,2584,2549,0.39458204334365327,0.6054179566563467,0.9864551083591331,3.3835767508422667,0.0,1.0,0.0,0.0,0.9081632653061225,0.9081632653061225,0.0,1.0,0.0
2003.03106,c0bee6539eb6956a7347daa9d2419b367bd02064,semantic-threshold,hybrid,knapsack,60%,0.6,6460,3876,3873,0.5995356037151702,0.40046439628482977,0.9992260061919505,4.683500152406062,0.0,1.0,0.0,0.0,1.0,1.0,0.0,1.0,0.0
2003.03106,c0bee6539eb6956a7347daa9d2419b367bd02064,semantic-threshold,hybrid,knapsack,80%,0.8,6460,5168,5087,0.7874613003095975,0.2125386996904025,0.9843266253869969,5.785671606532955,0.0,1.0,0.0,0.0,1.0,1.0,0.0,1.0,0.0
2003.03106,c0bee6539eb6956a7347daa9d2419b367bd02064,semantic-threshold,hybrid,knapsack,100%,1.0,6460,6460,6460,1.0,0.0,1.0,6.849566350061757,0.0,1.0,0.0,0.0,1.0,1.0,0.0,1.0,0.0
2003.03106,3de0487276bb5961586acc6e9f82934ef8cb668c,semantic-threshold,hybrid,knapsack,20%,0.2,6460,1292,1197,0.18529411764705883,0.8147058823529412,0.9264705882352942,2.1344798410363026,1.0,1.0,1.0,1.0,0.30995301117252333,0.30995301117252333,1.0,0.0,0.0
2003.03106,3de0487276bb5961586acc6e9f82934ef8cb668c,semantic-threshold,hybrid,knapsack,40%,0.4,6460,2584,2569,0.3976780185758514,0.6023219814241486,0.9941950464396285,3.744345862895221,1.0,1.0,1.0,1.0,0.8455284552845529,0.8455284552845529,1.0,1.0,1.0
2003.03106,3de0487276bb5961586acc6e9f82934ef8cb668c,semantic-threshold,hybrid,knapsack,60%,0.6,6460,3876,3778,0.5848297213622291,0.4151702786377709,0.9747162022703818,5.050194684813132,1.0,1.0,1.0,1.0,1.0,1.0,1.0,1.0,1.0
2003.03106,3de0487276bb5961586acc6e9f82934ef8cb668c,semantic-threshold,hybrid,knapsack,80%,0.8,6460,5168,5141,0.7958204334365325,0.20417956656346747,0.9947755417956656,6.394186659996968,1.0,1.0,1.0,1.0,1.0,1.0,1.0,1.0,1.0
2003.03106,3de0487276bb5961586acc6e9f82934ef8cb668c,semantic-threshold,hybrid,knapsack,100%,1.0,6460,6460,6460,1.0,0.0,1.0,7.511081774472396,1.0,1.0,1.0,1.0,1.0,1.0,1.0,1.0,1.0
1708.01464,113d791df6fcfc9cecfb7b1bebaf32cc2e4402ab,semantic-threshold,hybrid,knapsack,20%,0.2,4327,865,862,0.1992142361913566,0.8007857638086434,0.9965317919075144,3.3088267166683556,0.0,1.0,0.0,0.0,0.5,0.5,0.0,0.0,0.0
1708.01464,113d791df6fcfc9cecfb7b1bebaf32cc2e4402ab,semantic-threshold,hybrid,knapsack,40%,0.4,4327,1730,1706,0.394268546336954,0.605731453663046,0.9861271676300578,4.564611197742245,0.0,1.0,0.0,0.0,0.6666666666666666,0.6666666666666666,0.0,0.0,0.0
1708.01464,113d791df6fcfc9cecfb7b1bebaf32cc2e4402ab,semantic-threshold,hybrid,knapsack,60%,0.6,4327,2596,2571,0.5941761035359371,0.4058238964640629,0.9903697996918336,5.707962348642236,0.0,1.0,0.0,0.0,0.6666666666666666,0.6666666666666666,0.0,0.0,0.0
1708.01464,113d791df6fcfc9cecfb7b1bebaf32cc2e4402ab,semantic-threshold,hybrid,knapsack,80%,0.8,4327,3461,3352,0.7746706725213774,0.22532932747862255,0.9685062120774343,6.414409456397782,0.0,1.0,0.0,0.0,1.0,1.0,0.0,1.0,0.0
1708.01464,113d791df6fcfc9cecfb7b1bebaf32cc2e4402ab,semantic-threshold,hybrid,knapsack,100%,1.0,4327,4327,4184,0.9669516986364687,0.03304830136353132,0.9669516986364687,7.13462603468315,0.0,1.0,0.0,0.0,1.0,1.0,0.0,1.0,0.0
1708.01464,0752d71a0a1f73b3482a888313622ce9e9870d6e,semantic-threshold,hybrid,knapsack,20%,0.2,4327,865,846,0.19551652415068177,0.8044834758493182,0.9780346820809248,2.5361414039634087,1.0,1.0,1.0,1.0,1.0,1.0,1.0,1.0,1.0
1708.01464,0752d71a0a1f73b3482a888313622ce9e9870d6e,semantic-threshold,hybrid,knapsack,40%,0.4,4327,1730,1708,0.39473076034203836,0.6052692396579616,0.9872832369942196,3.8283732696183654,1.0,1.0,1.0,1.0,1.0,1.0,1.0,1.0,1.0
1708.01464,0752d71a0a1f73b3482a888313622ce9e9870d6e,semantic-threshold,hybrid,knapsack,60%,0.6,4327,2596,2575,0.5951005315461059,0.40489946845389413,0.9919106317411402,4.771260229306829,1.0,1.0,1.0,1.0,1.0,1.0,1.0,1.0,1.0
1708.01464,0752d71a0a1f73b3482a888313622ce9e9870d6e,semantic-threshold,hybrid,knapsack,80%,0.8,4327,3461,3440,0.795008088745089,0.204991911254911,0.9939323894828085,5.679575761607279,1.0,1.0,1.0,1.0,1.0,1.0,1.0,1.0,1.0
1708.01464,0752d71a0a1f73b3482a888313622ce9e9870d6e,semantic-threshold,hybrid,knapsack,100%,1.0,4327,4327,4184,0.9669516986364687,0.03304830136353132,0.9669516986364687,6.434658787860331,1.0,1.0,1.0,1.0,1.0,1.0,1.0,1.0,1.0
1708.01464,55c8f7acbfd4f5cde634aaecd775b3bb32e9ffa3,semantic-threshold,hybrid,knapsack,20%,0.2,4327,865,780,0.18026346198289808,0.8197365380171019,0.9017341040462428,2.3413063203799074,1.0,1.0,1.0,1.0,1.0,1.0,1.0,1.0,1.0
1708.01464,55c8f7acbfd4f5cde634aaecd775b3bb32e9ffa3,semantic-threshold,hybrid,knapsack,40%,0.4,4327,1730,1633,0.3773977351513751,0.6226022648486249,0.9439306358381503,3.015330271817305,1.0,1.0,1.0,1.0,1.0,1.0,1.0,1.0,1.0
1708.01464,55c8f7acbfd4f5cde634aaecd775b3bb32e9ffa3,semantic-threshold,hybrid,knapsack,60%,0.6,4327,2596,2470,0.5708342962791773,0.42916570372082274,0.9514637904468413,3.5872196890668167,1.0,1.0,1.0,1.0,1.0,1.0,1.0,1.0,1.0
1708.01464,55c8f7acbfd4f5cde634aaecd775b3bb32e9ffa3,semantic-threshold,hybrid,knapsack,80%,0.8,4327,3461,3390,0.7834527386179801,0.21654726138201985,0.9794856977752094,4.024068996975663,1.0,1.0,1.0,1.0,1.0,1.0,1.0,1.0,1.0
1708.01464,55c8f7acbfd4f5cde634aaecd775b3bb32e9ffa3,semantic-threshold,hybrid,knapsack,100%,1.0,4327,4327,4023,0.9297434712271782,0.07025652877282185,0.9297434712271782,4.295947367637236,1.0,1.0,1.0,1.0,1.0,1.0,1.0,1.0,1.0
1708.01464,4eaf9787f51cd7cdc45eb85cf223d752328c6ee4,semantic-threshold,hybrid,knapsack,20%,0.2,4327,865,865,0.19990755719898312,0.8000924428010169,1.0,2.766317311994834,0.9285714285714286,1.0,0.5714285714285714,0.6153846153846153,0.4271941489361702,0.4271941489361702,0.0,0.0,0.0
1708.01464,4eaf9787f51cd7cdc45eb85cf223d752328c6ee4,semantic-threshold,hybrid,knapsack,40%,0.4,4327,1730,1725,0.39865957938525537,0.6013404206147446,0.9971098265895953,4.27476347449926,0.9285714285714286,1.0,0.5714285714285714,0.6153846153846153,0.5324689716312057,0.5324689716312057,0.0,0.0,0.0
1708.01464,4eaf9787f51cd7cdc45eb85cf223d752328c6ee4,semantic-threshold,hybrid,knapsack,60%,0.6,4327,2596,2593,0.5992604575918651,0.4007395424081349,0.99884437596302,5.44408891079673,0.9285714285714286,1.0,0.5714285714285714,0.6153846153846153,0.6058289007092199,0.6058289007092199,0.0,0.0,0.0
1708.01464,4eaf9787f51cd7cdc45eb85cf223d752328c6ee4,semantic-threshold,hybrid,knapsack,80%,0.8,4327,3461,3430,0.7926970187196672,0.20730298128033275,0.9910430511412887,6.2332480928443115,0.9285714285714286,1.0,0.9285714285714286,1.0,1.0,1.0,1.0,1.0,1.0
1708.01464,4eaf9787f51cd7cdc45eb85cf223d752328c6ee4,semantic-threshold,hybrid,knapsack,100%,1.0,4327,4327,4184,0.9669516986364687,0.03304830136353132,0.9669516986364687,7.1514325984277365,0.9285714285714286,1.0,0.9285714285714286,1.0,1.0,1.0,1.0,1.0,1.0
2002.03407,31735ec3d83c40b79d11df5c34154849aeb3fb47,semantic-threshold,hybrid,knapsack,20%,0.2,5042,1008,996,0.19754065846886157,0.8024593415311384,0.9880952380952381,1.8993751711625997,1.0,1.0,1.0,1.0,1.0,1.0,1.0,1.0,1.0
2002.03407,31735ec3d83c40b79d11df5c34154849aeb3fb47,semantic-threshold,hybrid,knapsack,40%,0.4,5042,2016,2003,0.39726299087663625,0.6027370091233637,0.9935515873015873,3.307701726276469,1.0,1.0,1.0,1.0,1.0,1.0,1.0,1.0,1.0
2002.03407,31735ec3d83c40b79d11df5c34154849aeb3fb47,semantic-threshold,hybrid,knapsack,60%,0.6,5042,3025,2748,0.5450218167393891,0.4549781832606109,0.9084297520661156,4.002555897300011,1.0,1.0,1.0,1.0,1.0,1.0,1.0,1.0,1.0
2002.03407,31735ec3d83c40b79d11df5c34154849aeb3fb47,semantic-threshold,hybrid,knapsack,80%,0.8,5042,4033,4012,0.7957159857199524,0.2042840142800476,0.9947929580957104,4.636981899404147,1.0,1.0,1.0,1.0,1.0,1.0,1.0,1.0,1.0
2002.03407,31735ec3d83c40b79d11df5c34154849aeb3fb47,semantic-threshold,hybrid,knapsack,100%,1.0,5042,5042,4915,0.9748115827052757,0.02518841729472432,0.9748115827052757,5.366916097927835,1.0,1.0,1.0,1.0,1.0,1.0,1.0,1.0,1.0
2002.03407,10d450960907091f13e0be55f40bcb96f44dd074,semantic-threshold,hybrid,knapsack,20%,0.2,5042,1008,974,0.1931773105910353,0.8068226894089647,0.9662698412698413,2.773106832681529,0.0,1.0,0.0,0.0,0.7142857142857143,0.7142857142857143,0.0,0.0,0.0
2002.03407,10d450960907091f13e0be55f40bcb96f44dd074,semantic-threshold,hybrid,knapsack,40%,0.4,5042,2016,2003,0.39726299087663625,0.6027370091233637,0.9935515873015873,4.102304006622085,0.0,1.0,0.0,0.0,0.8095238095238095,0.8095238095238095,0.0,1.0,0.0
2002.03407,10d450960907091f13e0be55f40bcb96f44dd074,semantic-threshold,hybrid,knapsack,60%,0.6,5042,3025,2718,0.5390717969059897,0.4609282030940103,0.8985123966942149,4.741357060800667,0.0,1.0,0.0,0.0,0.8492063492063492,0.8492063492063492,0.0,1.0,0.0
2002.03407,10d450960907091f13e0be55f40bcb96f44dd074,semantic-threshold,hybrid,knapsack,80%,0.8,5042,4033,3463,0.6868306227687425,0.3131693772312575,0.8586660054549963,5.210621565576608,0.0,1.0,0.0,0.0,0.8571428571428572,0.8571428571428572,0.0,1.0,0.0
2002.03407,10d450960907091f13e0be55f40bcb96f44dd074,semantic-threshold,hybrid,knapsack,100%,1.0,5042,5042,4915,0.9748115827052757,0.02518841729472432,0.9748115827052757,5.948248311629025,0.0,1.0,0.0,0.0,1.0,1.0,0.0,1.0,0.0
2002.03407,b5608076d91450b0d295ad14c3e3a90d7e168d0e,semantic-threshold,hybrid,knapsack,20%,0.2,5042,1008,989,0.19615232050773504,0.803847679492265,0.9811507936507936,2.0494762809592433,0.0,1.0,0.0,0.0,0.5925925925925926,0.5925925925925926,0.0,0.0,0.0
2002.03407,b5608076d91450b0d295ad14c3e3a90d7e168d0e,semantic-threshold,hybrid,knapsack,40%,0.4,5042,2016,1957,0.38813962713209044,0.6118603728679095,0.970734126984127,3.183065398073147,0.0,1.0,0.0,0.0,0.6666666666666666,0.6666666666666666,0.0,0.0,0.0
2002.03407,b5608076d91450b0d295ad14c3e3a90d7e168d0e,semantic-threshold,hybrid,knapsack,60%,0.6,5042,3025,2948,0.5846886156287188,0.41531138437128123,0.9745454545454545,4.18719465016914,0.0,1.0,0.0,0.0,0.7962962962962963,0.7962962962962963,0.0,0.0,0.0
2002.03407,b5608076d91450b0d295ad14c3e3a90d7e168d0e,semantic-threshold,hybrid,knapsack,80%,0.8,5042,4033,3939,0.781237604125347,0.21876239587465296,0.9766922886188941,5.219404732130498,0.0,1.0,0.0,0.0,1.0,1.0,0.0,1.0,0.0
2002.03407,b5608076d91450b0d295ad14c3e3a90d7e168d0e,semantic-threshold,hybrid,knapsack,100%,1.0,5042,5042,4623,0.9168980563268544,0.0831019436731456,0.9168980563268544,5.830409437777764,0.0,1.0,0.0,0.0,1.0,1.0,0.0,1.0,0.0
2002.03407,c21b87c97d1afac85ece2450ee76d01c946de668,semantic-threshold,hybrid,knapsack,20%,0.2,5042,1008,911,0.18068226894089648,0.8193177310591035,0.9037698412698413,1.587469270072679,1.0,1.0,0.0,0.0,0.35526315789473684,0.35526315789473684,0.0,0.0,0.0
2002.03407,c21b87c97d1afac85ece2450ee76d01c946de668,semantic-threshold,hybrid,knapsack,40%,0.4,5042,2016,1942,0.3851646172153907,0.6148353827846094,0.9632936507936508,2.784142174021309,1.0,1.0,1.0,1.0,1.0,1.0,1.0,1.0,1.0
2002.03407,c21b87c97d1afac85ece2450ee76d01c946de668,semantic-threshold,hybrid,knapsack,60%,0.6,5042,3025,2830,0.5612852042840143,0.4387147957159857,0.9355371900826446,3.663786076902235,1.0,1.0,1.0,1.0,1.0,1.0,1.0,1.0,1.0
2002.03407,c21b87c97d1afac85ece2450ee76d01c946de668,semantic-threshold,hybrid,knapsack,80%,0.8,5042,4033,3939,0.781237604125347,0.21876239587465296,0.9766922886188941,4.422516744254787,1.0,1.0,1.0,1.0,1.0,1.0,1.0,1.0,1.0
2002.03407,c21b87c97d1afac85ece2450ee76d01c946de668,semantic-threshold,hybrid,knapsack,100%,1.0,5042,5042,4908,0.9734232447441491,0.026576755255850903,0.9734232447441491,4.95504742267998,1.0,1.0,1.0,1.0,1.0,1.0,1.0,1.0,1.0
1909.11687,d087539e6a38c42f0a521ff2173ef42c0733878e,semantic-threshold,hybrid,knapsack,20%,0.2,4922,984,979,0.19890288500609507,0.8010971149939049,0.9949186991869918,1.7204471355797626,1.0,1.0,1.0,1.0,1.0,1.0,1.0,1.0,1.0
1909.11687,d087539e6a38c42f0a521ff2173ef42c0733878e,semantic-threshold,hybrid,knapsack,40%,0.4,4922,1968,1957,0.3976026005688744,0.6023973994311256,0.994410569105691,3.1060539792985074,1.0,1.0,1.0,1.0,1.0,1.0,1.0,1.0,1.0
1909.11687,d087539e6a38c42f0a521ff2173ef42c0733878e,semantic-threshold,hybrid,knapsack,60%,0.6,4922,2953,2772,0.5631856968711906,0.4368143031288094,0.9387064002709109,4.079906478830924,1.0,1.0,1.0,1.0,1.0,1.0,1.0,1.0,1.0
1909.11687,d087539e6a38c42f0a521ff2173ef42c0733878e,semantic-threshold,hybrid,knapsack,80%,0.8,4922,3937,3838,0.7797643234457537,0.22023567655424625,0.9748539497078994,4.937204931708833,1.0,1.0,1.0,1.0,1.0,1.0,1.0,1.0,1.0
1909.11687,d087539e6a38c42f0a521ff2173ef42c0733878e,semantic-threshold,hybrid,knapsack,100%,1.0,4922,4922,4760,0.9670865501828525,0.0329134498171475,0.9670865501828525,5.901144205355203,1.0,1.0,1.0,1.0,1.0,1.0,1.0,1.0,1.0
1909.11687,efe9bad55107a6be7704ed97ecce948a8ca7b1d2,semantic-threshold,hybrid,knapsack,20%,0.2,4922,984,911,0.18508736286062577,0.8149126371393742,0.9258130081300813,1.6938161591083283,1.0,1.0,0.25,0.25,0.4864864864864865,0.4864864864864865,0.0,0.0,0.0
1909.11687,efe9bad55107a6be7704ed97ecce948a8ca7b1d2,semantic-threshold,hybrid,knapsack,40%,0.4,4922,1968,1895,0.38500609508329947,0.6149939049167006,0.9629065040650406,2.7196977577516805,1.0,1.0,0.75,0.75,0.7297297297297297,0.7297297297297297,0.0,0.0,0.0
1909.11687,efe9bad55107a6be7704ed97ecce948a8ca7b1d2,semantic-threshold,hybrid,knapsack,60%,0.6,4922,2953,2772,0.5631856968711906,0.4368143031288094,0.9387064002709109,3.772804140800761,1.0,1.0,0.75,0.75,0.7837837837837838,0.7837837837837838,0.0,0.0,0.0
1909.11687,efe9bad55107a6be7704ed97ecce948a8ca7b1d2,semantic-threshold,hybrid,knapsack,80%,0.8,4922,3937,3926,0.7976432344575376,0.2023567655424624,0.9972059944119889,4.429323672425812,1.0,1.0,0.75,0.75,0.8918918918918919,0.8918918918918919,0.0,1.0,0.0
1909.11687,efe9bad55107a6be7704ed97ecce948a8ca7b1d2,semantic-threshold,hybrid,knapsack,100%,1.0,4922,4922,4247,0.8628606257618854,0.13713937423811462,0.8628606257618854,4.94055628833666,1.0,1.0,0.75,0.75,0.8918918918918919,0.8918918918918919,0.0,1.0,0.0
1605.06083,7561a968470a8936d10e1ba722d2f38b5a9a4d38,semantic-threshold,hybrid,knapsack,20%,0.2,2887,577,513,0.1776931070315206,0.8223068929684794,0.8890814558058926,2.10810891418679,0.0,1.0,0.0,0.0,0.5967741935483871,0.5967741935483871,0.0,0.0,0.0
1605.06083,7561a968470a8936d10e1ba722d2f38b5a9a4d38,semantic-threshold,hybrid,knapsack,40%,0.4,2887,1154,1115,0.38621406304121925,0.6137859369587808,0.9662045060658578,3.5105700087292644,0.0,1.0,0.0,0.0,0.8225806451612903,0.8225806451612903,0.0,1.0,0.0
1605.06083,7561a968470a8936d10e1ba722d2f38b5a9a4d38,semantic-threshold,hybrid,knapsack,60%,0.6,2887,1732,1718,0.5950813993765154,0.4049186006234846,0.9919168591224018,4.307342229448793,0.0,1.0,0.0,0.0,1.0,1.0,0.0,1.0,0.0
1605.06083,7561a968470a8936d10e1ba722d2f38b5a9a4d38,semantic-threshold,hybrid,knapsack,80%,0.8,2887,2309,2085,0.7222029788708001,0.2777970211291999,0.9029883066262451,4.746912166916589,0.0,1.0,0.0,0.0,1.0,1.0,0.0,1.0,0.0
1605.06083,7561a968470a8936d10e1ba722d2f38b5a9a4d38,semantic-threshold,hybrid,knapsack,100%,1.0,2887,2887,2765,0.9577416002771043,0.04225839972289569,0.9577416002771043,5.3367972952928895,0.0,1.0,0.0,0.0,1.0,1.0,0.0,1.0,0.0
1605.06083,6d4400f45bd97b812e946b8a682b018826e841f1,semantic-threshold,hybrid,knapsack,20%,0.2,2887,577,562,0.19466574298579842,0.8053342570142016,0.9740034662045061,1.4657957697874555,1.0,1.0,0.07142857142857142,0.07142857142857142,0.18947368421052632,0.18947368421052632,0.0,0.0,0.0
1605.06083,6d4400f45bd97b812e946b8a682b018826e841f1,semantic-threshold,hybrid,knapsack,40%,0.4,2887,1154,1149,0.3979909941115345,0.6020090058884655,0.9956672443674177,2.668143543766807,1.0,1.0,0.2857142857142857,0.2857142857142857,0.3263157894736842,0.3263157894736842,0.0,0.0,0.0
1605.06083,6d4400f45bd97b812e946b8a682b018826e841f1,semantic-threshold,hybrid,knapsack,60%,0.6,2887,1732,1688,0.5846899896085902,0.4153100103914098,0.9745958429561201,3.1523316181644594,1.0,1.0,0.35714285714285715,0.35714285714285715,0.42105263157894735,0.42105263157894735,0.0,0.0,0.0
1605.06083,6d4400f45bd97b812e946b8a682b018826e841f1,semantic-threshold,hybrid,knapsack,80%,0.8,2887,2309,2085,0.7222029788708001,0.2777970211291999,0.9029883066262451,3.5303276686823923,1.0,1.0,0.42857142857142855,0.42857142857142855,0.4631578947368421,0.4631578947368421,0.0,0.0,0.0
1605.06083,6d4400f45bd97b812e946b8a682b018826e841f1,semantic-threshold,hybrid,knapsack,100%,1.0,2887,2887,2614,0.9054381711118809,0.09456182888811915,0.9054381711118809,3.6621251273804845,1.0,1.0,1.0,1.0,1.0,1.0,1.0,1.0,1.0
1605.06083,26c2e1eb12143d985e4fb50543cf0d1eb4395e67,semantic-threshold,hybrid,knapsack,20%,0.2,2887,577,554,0.19189470038101836,0.8081052996189817,0.9601386481802426,2.013669652428821,1.0,1.0,0.0,0.0,0.15268817204301074,0.15268817204301074,0.0,0.0,0.0
1605.06083,26c2e1eb12143d985e4fb50543cf0d1eb4395e67,semantic-threshold,hybrid,knapsack,40%,0.4,2887,1154,1144,0.39625909248354696,0.603740907516453,0.9913344887348353,3.6924507926479455,1.0,1.0,0.5,0.5,0.2331182795698925,0.2331182795698925,0.0,0.0,0.0
1605.06083,26c2e1eb12143d985e4fb50543cf0d1eb4395e67,semantic-threshold,hybrid,knapsack,60%,0.6,2887,1732,1718,0.5950813993765154,0.4049186006234846,0.9919168591224018,4.663528059662459,1.0,1.0,0.5,0.5,0.24645161290322581,0.24645161290322581,0.0,0.0,0.0
1605.06083,26c2e1eb12143d985e4fb50543cf0d1eb4395e67,semantic-threshold,hybrid,knapsack,80%,0.8,2887,2309,2085,0.7222029788708001,0.2777970211291999,0.9029883066262451,5.185397927215384,1.0,1.0,0.5,0.5,0.2705376344086021,0.2705376344086021,0.0,0.0,0.0
1605.06083,26c2e1eb12143d985e4fb50543cf0d1eb4395e67,semantic-threshold,hybrid,knapsack,100%,1.0,2887,2887,2691,0.9321094561828888,0.06789054381711124,0.9321094561828888,5.673608276011186,1.0,1.0,1.0,1.0,1.0,1.0,1.0,1.0,1.0
1804.05918,f17ca24b135f9fe6bb25dc5084b13e1637ec7744,semantic-threshold,hybrid,knapsack,20%,0.2,5690,1138,1057,0.1857644991212654,0.8142355008787346,0.9288224956063269,4.045572552079663,1.0,1.0,1.0,1.0,0.47721686519190776,0.47721686519190776,1.0,0.0,0.0
1804.05918,f17ca24b135f9fe6bb25dc5084b13e1637ec7744,semantic-threshold,hybrid,knapsack,40%,0.4,5690,2276,2257,0.3966608084358524,0.6033391915641476,0.9916520210896309,5.8476287484723874,1.0,1.0,1.0,1.0,1.0,1.0,1.0,1.0,1.0
1804.05918,f17ca24b135f9fe6bb25dc5084b13e1637ec7744,semantic-threshold,hybrid,knapsack,60%,0.6,5690,3414,3352,0.589103690685413,0.410896309314587,0.9818394844756884,6.845230557247392,1.0,1.0,1.0,1.0,1.0,1.0,1.0,1.0,1.0
1804.05918,f17ca24b135f9fe6bb25dc5084b13e1637ec7744,semantic-threshold,hybrid,knapsack,80%,0.8,5690,4552,4521,0.7945518453427065,0.2054481546572935,0.9931898066783831,7.749124092713885,1.0,1.0,1.0,1.0,1.0,1.0,1.0,1.0,1.0
1804.05918,f17ca24b135f9fe6bb25dc5084b13e1637ec7744,semantic-threshold,hybrid,knapsack,100%,1.0,5690,5690,5536,0.9729349736379613,0.02706502636203867,0.9729349736379613,8.429227115189851,1.0,1.0,1.0,1.0,1.0,1.0,1.0,1.0,1.0
1804.05918,bd5bd1765362c2d972a762ca12675108754aa437,semantic-threshold,hybrid,knapsack,20%,0.2,5690,1138,1138,0.2,0.8,1.0,3.143973732214195,1.0,1.0,1.0,1.0,1.0,1.0,1.0,1.0,1.0
1804.05918,bd5bd1765362c2d972a762ca12675108754aa437,semantic-threshold,hybrid,knapsack,40%,0.4,5690,2276,2250,0.3954305799648506,0.6045694200351495,0.9885764499121266,4.896655299683978,1.0,1.0,0.7777777777777778,0.7777777777777778,0.8699186991869919,0.8699186991869919,0.0,1.0,0.0
1804.05918,bd5bd1765362c2d972a762ca12675108754aa437,semantic-threshold,hybrid,knapsack,60%,0.6,5690,3414,3408,0.598945518453427,0.40105448154657297,0.9982425307557118,6.052696907971896,1.0,1.0,1.0,1.0,1.0,1.0,1.0,1.0,1.0
1804.05918,bd5bd1765362c2d972a762ca12675108754aa437,semantic-threshold,hybrid,knapsack,80%,0.8,5690,4552,4468,0.7852372583479789,0.21476274165202114,0.9815465729349736,6.865703563417391,1.0,1.0,1.0,1.0,1.0,1.0,1.0,1.0,1.0
1804.05918,bd5bd1765362c2d972a762ca12675108754aa437,semantic-threshold,hybrid,knapsack,100%,1.0,5690,5690,5545,0.9745166959578208,0.025483304042179244,0.9745166959578208,7.6914828579594,1.0,1.0,1.0,1.0,1.0,1.0,1.0,1.0,1.0
1809.04267,d9b6c61fc6d29ad399d27b931b6cb7b1117b314a,semantic-threshold,hybrid,knapsack,20%,0.2,5695,1139,1119,0.1964881474978051,0.8035118525021949,0.9824407374890255,3.3756561019095903,1.0,1.0,0.5714285714285714,0.5714285714285714,0.45588235294117646,0.45588235294117646,0.0,0.0,0.0
1809.04267,d9b6c61fc6d29ad399d27b931b6cb7b1117b314a,semantic-threshold,hybrid,knapsack,40%,0.4,5695,2278,2229,0.39139596136962246,0.6086040386303775,0.9784899034240562,5.17928894777493,1.0,1.0,0.8571428571428571,0.8571428571428571,0.6029411764705882,0.6029411764705882,0.0,0.0,0.0
1809.04267,d9b6c61fc6d29ad399d27b931b6cb7b1117b314a,semantic-threshold,hybrid,knapsack,60%,0.6,5695,3417,3410,0.5987708516242318,0.4012291483757682,0.9979514193737197,6.438053703555786,1.0,1.0,0.8571428571428571,0.8571428571428571,0.7352941176470589,0.7352941176470589,0.0,0.0,0.0
1809.04267,d9b6c61fc6d29ad399d27b931b6cb7b1117b314a,semantic-threshold,hybrid,knapsack,80%,0.8,5695,4556,4370,0.7673397717295873,0.23266022827041266,0.9591747146619842,7.2927859594659115,1.0,1.0,1.0,1.0,1.0,1.0,1.0,1.0,1.0
1809.04267,d9b6c61fc6d29ad399d27b931b6cb7b1117b314a,semantic-threshold,hybrid,knapsack,100%,1.0,5695,5695,5695,1.0,0.0,1.0,8.4489309766287,1.0,1.0,1.0,1.0,1.0,1.0,1.0,1.0,1.0
1901.05287,d27438b11bc70e706431dda0af2b1c0b0d209f96,semantic-threshold,hybrid,knapsack,20%,0.2,2108,421,312,0.14800759013282733,0.8519924098671727,0.7410926365795725,0.6716440891073269,0.0,1.0,0.0,0.0,0.5882352941176471,0.5882352941176471,0.0,0.0,0.0
1901.05287,d27438b11bc70e706431dda0af2b1c0b0d209f96,semantic-threshold,hybrid,knapsack,40%,0.4,2108,843,836,0.396584440227704,0.603415559772296,0.9916963226571768,1.6378492252919954,0.0,1.0,0.0,0.0,1.0,1.0,0.0,1.0,0.0
1901.05287,d27438b11bc70e706431dda0af2b1c0b0d209f96,semantic-threshold,hybrid,knapsack,60%,0.6,2108,1264,836,0.396584440227704,0.603415559772296,0.6613924050632911,1.6378492252919954,0.0,1.0,0.0,0.0,1.0,1.0,0.0,1.0,0.0
1901.05287,d27438b11bc70e706431dda0af2b1c0b0d209f96,semantic-threshold,hybrid,knapsack,80%,0.8,2108,1686,1473,0.6987666034155597,0.30123339658444026,0.8736654804270463,1.9794459871644206,0.0,1.0,0.0,0.0,1.0,1.0,0.0,1.0,0.0
1901.05287,d27438b11bc70e706431dda0af2b1c0b0d209f96,semantic-threshold,hybrid,knapsack,100%,1.0,2108,2108,1473,0.6987666034155597,0.30123339658444026,0.6987666034155597,1.9794459871644206,0.0,1.0,0.0,0.0,1.0,1.0,0.0,1.0,0.0
1612.06685,8d4ac4afbf5b14f412171729ceb5e822afcfa3f4,semantic-threshold,hybrid,knapsack,20%,0.2,1871,374,292,0.15606627471940138,0.8439337252805986,0.7807486631016043,0.15,0.0,1.0,0.0,0.0,0.22641509433962265,0.22641509433962265,0.0,0.0,0.0
1612.06685,8d4ac4afbf5b14f412171729ceb5e822afcfa3f4,semantic-threshold,hybrid,knapsack,40%,0.4,1871,748,292,0.15606627471940138,0.8439337252805986,0.39037433155080214,0.15,0.0,1.0,0.0,0.0,0.22641509433962265,0.22641509433962265,0.0,0.0,0.0
1612.06685,8d4ac4afbf5b14f412171729ceb5e822afcfa3f4,semantic-threshold,hybrid,knapsack,60%,0.6,1871,1122,1080,0.5772314270443613,0.42276857295563874,0.9625668449197861,1.004304457096502,0.0,1.0,0.0,0.0,0.4528301886792453,0.4528301886792453,0.0,0.0,0.0
1612.06685,8d4ac4afbf5b14f412171729ceb5e822afcfa3f4,semantic-threshold,hybrid,knapsack,80%,0.8,1871,1496,1080,0.5772314270443613,0.42276857295563874,0.7219251336898396,1.004304457096502,0.0,1.0,0.0,0.0,0.4528301886792453,0.4528301886792453,0.0,0.0,0.0
1612.06685,8d4ac4afbf5b14f412171729ceb5e822afcfa3f4,semantic-threshold,hybrid,knapsack,100%,1.0,1871,1871,1871,1.0,0.0,1.0,1.7540071055320692,0.0,1.0,0.0,0.0,1.0,1.0,0.0,1.0,0.0
1612.06685,3c93894c4baf49deacc6ed2a14ef5e0f13b7d96f,semantic-threshold,hybrid,knapsack,20%,0.2,1871,374,292,0.15606627471940138,0.8439337252805986,0.7807486631016043,0.15,1.0,1.0,0.42857142857142855,0.42857142857142855,0.30357142857142855,0.30357142857142855,0.0,0.0,0.0
1612.06685,3c93894c4baf49deacc6ed2a14ef5e0f13b7d96f,semantic-threshold,hybrid,knapsack,40%,0.4,1871,748,292,0.15606627471940138,0.8439337252805986,0.39037433155080214,0.15,1.0,1.0,0.42857142857142855,0.42857142857142855,0.30357142857142855,0.30357142857142855,0.0,0.0,0.0
1612.06685,3c93894c4baf49deacc6ed2a14ef5e0f13b7d96f,semantic-threshold,hybrid,knapsack,60%,0.6,1871,1122,1080,0.5772314270443613,0.42276857295563874,0.9625668449197861,0.9954479790057168,1.0,1.0,0.8571428571428571,0.8571428571428571,0.8253968253968255,0.8253968253968255,0.0,1.0,0.0
1612.06685,3c93894c4baf49deacc6ed2a14ef5e0f13b7d96f,semantic-threshold,hybrid,knapsack,80%,0.8,1871,1496,1080,0.5772314270443613,0.42276857295563874,0.7219251336898396,0.9954479790057168,1.0,1.0,0.8571428571428571,0.8571428571428571,0.8253968253968255,0.8253968253968255,0.0,1.0,0.0
1612.06685,3c93894c4baf49deacc6ed2a14ef5e0f13b7d96f,semantic-threshold,hybrid,knapsack,100%,1.0,1871,1871,1871,1.0,0.0,1.0,1.7715536472994946,1.0,1.0,1.0,1.0,1.0,1.0,1.0,1.0,1.0
1612.06685,07d15501a599bae7eb4a9ead63e9df3d55b3dc35,semantic-threshold,hybrid,knapsack,20%,0.2,1871,374,292,0.15606627471940138,0.8439337252805986,0.7807486631016043,0.4,1.0,1.0,0.0,0.0,0.07142857142857142,0.07142857142857142,0.0,0.0,0.0
1612.06685,07d15501a599bae7eb4a9ead63e9df3d55b3dc35,semantic-threshold,hybrid,knapsack,40%,0.4,1871,748,292,0.15606627471940138,0.8439337252805986,0.39037433155080214,0.4,1.0,1.0,0.0,0.0,0.07142857142857142,0.07142857142857142,0.0,0.0,0.0
1612.06685,07d15501a599bae7eb4a9ead63e9df3d55b3dc35,semantic-threshold,hybrid,knapsack,60%,0.6,1871,1122,1080,0.5772314270443613,0.42276857295563874,0.9625668449197861,1.15,1.0,1.0,0.0,0.0,0.22857142857142856,0.22857142857142856,0.0,0.0,0.0
1612.06685,07d15501a599bae7eb4a9ead63e9df3d55b3dc35,semantic-threshold,hybrid,knapsack,80%,0.8,1871,1496,1080,0.5772314270443613,0.42276857295563874,0.7219251336898396,1.15,1.0,1.0,0.0,0.0,0.22857142857142856,0.22857142857142856,0.0,0.0,0.0
1612.06685,07d15501a599bae7eb4a9ead63e9df3d55b3dc35,semantic-threshold,hybrid,knapsack,100%,1.0,1871,1871,1871,1.0,0.0,1.0,1.2849059053760477,1.0,1.0,1.0,1.0,1.0,1.0,1.0,1.0,1.0
1912.04961,99e78c390932594bd833be0f5c890af5c605d808,semantic-threshold,hybrid,knapsack,20%,0.2,6543,1308,1077,0.1646033929390188,0.8353966070609812,0.823394495412844,2.0698803419073255,1.0,1.0,1.0,1.0,1.0,1.0,1.0,1.0,1.0
1912.04961,99e78c390932594bd833be0f5c890af5c605d808,semantic-threshold,hybrid,knapsack,40%,0.4,6543,2617,2521,0.3852972642518722,0.6147027357481278,0.9633167749331295,3.3774024196943757,1.0,1.0,1.0,1.0,1.0,1.0,1.0,1.0,1.0
1912.04961,99e78c390932594bd833be0f5c890af5c605d808,semantic-threshold,hybrid,knapsack,60%,0.6,6543,3925,3878,0.5926944826532172,0.4073055173467828,0.9880254777070063,4.5031466640821245,1.0,1.0,1.0,1.0,1.0,1.0,1.0,1.0,1.0
1912.04961,99e78c390932594bd833be0f5c890af5c605d808,semantic-threshold,hybrid,knapsack,80%,0.8,6543,5234,5084,0.7770136023230934,0.22298639767690664,0.9713412304165074,5.474145027210784,1.0,1.0,1.0,1.0,1.0,1.0,1.0,1.0,1.0
1912.04961,99e78c390932594bd833be0f5c890af5c605d808,semantic-threshold,hybrid,knapsack,100%,1.0,6543,6543,6413,0.9801314381782057,0.019868561821794306,0.9801314381782057,6.299402176450576,1.0,1.0,1.0,1.0,1.0,1.0,1.0,1.0,1.0
1912.04961,861187338c5ad445b9acddba8f2c7688785667b1,semantic-threshold,hybrid,knapsack,20%,0.2,6543,1308,1297,0.1982271129451322,0.8017728870548678,0.9915902140672783,1.679904162505485,0.0,1.0,0.0,0.0,1.0,1.0,0.0,1.0,0.0
1912.04961,861187338c5ad445b9acddba8f2c7688785667b1,semantic-threshold,hybrid,knapsack,40%,0.4,6543,2617,2428,0.37108360079474245,0.6289163992052575,0.9277799006495988,2.7677745764902335,0.0,1.0,0.0,0.0,1.0,1.0,0.0,1.0,0.0
1912.04961,861187338c5ad445b9acddba8f2c7688785667b1,semantic-threshold,hybrid,knapsack,60%,0.6,6543,3925,3865,0.5907076264710378,0.4092923735289622,0.9847133757961783,3.817004011965998,0.0,1.0,0.0,0.0,1.0,1.0,0.0,1.0,0.0
1912.04961,861187338c5ad445b9acddba8f2c7688785667b1,semantic-threshold,hybrid,knapsack,80%,0.8,6543,5234,5022,0.7675378266850069,0.23246217331499308,0.9594956056553305,4.700462448597813,0.0,1.0,0.0,0.0,1.0,1.0,0.0,1.0,0.0
1912.04961,861187338c5ad445b9acddba8f2c7688785667b1,semantic-threshold,hybrid,knapsack,100%,1.0,6543,6543,6421,0.9813541189057008,0.01864588109429921,0.9813541189057008,5.475547954947783,0.0,1.0,0.0,0.0,1.0,1.0,0.0,1.0,0.0
1912.04961,f161e6d5aecf8fae3a26374dcb3e4e1b40530c95,semantic-threshold,hybrid,knapsack,20%,0.2,6543,1308,1290,0.19715726730857405,0.8028427326914259,0.9862385321100917,1.2661731188747862,1.0,1.0,0.25,0.25,0.44,0.44,0.0,0.0,0.0
1912.04961,f161e6d5aecf8fae3a26374dcb3e4e1b40530c95,semantic-threshold,hybrid,knapsack,40%,0.4,6543,2617,2563,0.39171633807122114,0.6082836619287788,0.9793656858998854,2.5043983872803834,1.0,1.0,1.0,1.0,1.0,1.0,1.0,1.0,1.0
1912.04961,f161e6d5aecf8fae3a26374dcb3e4e1b40530c95,semantic-threshold,hybrid,knapsack,60%,0.6,6543,3925,3729,0.5699220541036222,0.4300779458963778,0.9500636942675159,3.3791207725138963,1.0,1.0,1.0,1.0,1.0,1.0,1.0,1.0,1.0
1912.04961,f161e6d5aecf8fae3a26374dcb3e4e1b40530c95,semantic-threshold,hybrid,knapsack,80%,0.8,6543,5234,5084,0.7770136023230934,0.22298639767690664,0.9713412304165074,4.095824744076657,1.0,1.0,1.0,1.0,1.0,1.0,1.0,1.0,1.0
1912.04961,f161e6d5aecf8fae3a26374dcb3e4e1b40530c95,semantic-threshold,hybrid,knapsack,100%,1.0,6543,6543,6421,0.9813541189057008,0.01864588109429921,0.9813541189057008,4.619524141948687,1.0,1.0,1.0,1.0,1.0,1.0,1.0,1.0,1.0
1910.10781,12c50dea84f9a8845795fa8b8c1679328bd66246,semantic-threshold,hybrid,knapsack,20%,0.2,3670,734,606,0.1651226158038147,0.8348773841961853,0.8256130790190735,1.4853262407607342,1.0,1.0,1.0,1.0,1.0,1.0,1.0,1.0,1.0
1910.10781,12c50dea84f9a8845795fa8b8c1679328bd66246,semantic-threshold,hybrid,knapsack,40%,0.4,3670,1468,1370,0.37329700272479566,0.6267029972752043,0.9332425068119891,2.5004389751119427,1.0,1.0,1.0,1.0,1.0,1.0,1.0,1.0,1.0
1910.10781,12c50dea84f9a8845795fa8b8c1679328bd66246,semantic-threshold,hybrid,knapsack,60%,0.6,3670,2202,2153,0.5866485013623978,0.41335149863760223,0.977747502270663,3.2426471667945758,1.0,1.0,1.0,1.0,1.0,1.0,1.0,1.0,1.0
1910.10781,12c50dea84f9a8845795fa8b8c1679328bd66246,semantic-threshold,hybrid,knapsack,80%,0.8,3670,2936,2900,0.7901907356948229,0.2098092643051771,0.9877384196185286,3.874175108360162,1.0,1.0,1.0,1.0,1.0,1.0,1.0,1.0,1.0
1910.10781,12c50dea84f9a8845795fa8b8c1679328bd66246,semantic-threshold,hybrid,knapsack,100%,1.0,3670,3670,3670,1.0,0.0,1.0,4.221307510735252,1.0,1.0,1.0,1.0,1.0,1.0,1.0,1.0,1.0
1910.10781,0810b43404686ddfe4ca84783477ae300fdd2ea4,semantic-threshold,hybrid,knapsack,20%,0.2,3670,734,540,0.14713896457765668,0.8528610354223434,0.7356948228882834,2.2236311735946814,1.0,1.0,1.0,1.0,0.4152287319422151,0.4152287319422151,1.0,0.0,0.0
1910.10781,0810b43404686ddfe4ca84783477ae300fdd2ea4,semantic-threshold,hybrid,knapsack,40%,0.4,3670,1468,1319,0.35940054495912804,0.640599455040872,0.8985013623978202,3.5116719447919937,1.0,1.0,1.0,1.0,0.6258025682182986,0.6258025682182986,1.0,0.0,0.0
1910.10781,0810b43404686ddfe4ca84783477ae300fdd2ea4,semantic-threshold,hybrid,knapsack,60%,0.6,3670,2202,2102,0.5727520435967303,0.42724795640326974,0.9545867393278837,4.166067686826494,1.0,1.0,1.0,1.0,0.8928571428571428,0.8928571428571428,1.0,1.0,1.0
1910.10781,0810b43404686ddfe4ca84783477ae300fdd2ea4,semantic-threshold,hybrid,knapsack,80%,0.8,3670,2936,2923,0.796457765667575,0.20354223433242502,0.9955722070844687,4.759971985755789,1.0,1.0,1.0,1.0,1.0,1.0,1.0,1.0,1.0
1910.10781,0810b43404686ddfe4ca84783477ae300fdd2ea4,semantic-threshold,hybrid,knapsack,100%,1.0,3670,3670,3670,1.0,0.0,1.0,5.218737078629876,1.0,1.0,1.0,1.0,1.0,1.0,1.0,1.0,1.0
1603.09631,455d4ef8611f62b1361be4f6387b222858bb5e56,semantic-threshold,hybrid,knapsack,20%,0.2,3308,661,636,0.19226118500604594,0.8077388149939541,0.962178517397882,2.425356331473588,1.0,1.0,1.0,1.0,0.75,0.75,1.0,0.0,0.0
1603.09631,455d4ef8611f62b1361be4f6387b222858bb5e56,semantic-threshold,hybrid,knapsack,40%,0.4,3308,1323,1295,0.3914752116082225,0.6085247883917775,0.9788359788359788,3.9371736431059685,1.0,1.0,1.0,1.0,1.0,1.0,1.0,1.0,1.0
1603.09631,455d4ef8611f62b1361be4f6387b222858bb5e56,semantic-threshold,hybrid,knapsack,60%,0.6,3308,1984,1963,0.593409915356711,0.40659008464328905,0.9894153225806451,4.962930735619167,1.0,1.0,1.0,1.0,1.0,1.0,1.0,1.0,1.0
1603.09631,455d4ef8611f62b1361be4f6387b222858bb5e56,semantic-threshold,hybrid,knapsack,80%,0.8,3308,2646,2598,0.7853688029020556,0.21463119709794443,0.981859410430839,5.527446436938193,1.0,1.0,1.0,1.0,1.0,1.0,1.0,1.0,1.0
1603.09631,455d4ef8611f62b1361be4f6387b222858bb5e56,semantic-threshold,hybrid,knapsack,100%,1.0,3308,3308,3308,1.0,0.0,1.0,5.875104677040181,1.0,1.0,1.0,1.0,1.0,1.0,1.0,1.0,1.0
1603.09631,bc16ce6e9c61ae13d46970ebe6c4728a47f8f425,semantic-threshold,hybrid,knapsack,20%,0.2,3308,661,640,0.19347037484885127,0.8065296251511487,0.9682299546142209,2.0499149725867305,1.0,1.0,0.0,0.0,0.47368421052631576,0.47368421052631576,0.0,0.0,0.0
1603.09631,bc16ce6e9c61ae13d46970ebe6c4728a47f8f425,semantic-threshold,hybrid,knapsack,40%,0.4,3308,1323,1308,0.3954050785973398,0.6045949214026602,0.9886621315192744,3.549285505876854,1.0,1.0,0.0,0.0,0.5263157894736842,0.5263157894736842,0.0,0.0,0.0
1603.09631,bc16ce6e9c61ae13d46970ebe6c4728a47f8f425,semantic-threshold,hybrid,knapsack,60%,0.6,3308,1984,1971,0.5958282950423216,0.4041717049576784,0.9934475806451613,4.972609388451524,1.0,1.0,0.0,0.0,0.631578947368421,0.631578947368421,0.0,0.0,0.0
1603.09631,bc16ce6e9c61ae13d46970ebe6c4728a47f8f425,semantic-threshold,hybrid,knapsack,80%,0.8,3308,2646,2625,0.7935308343409916,0.2064691656590084,0.9920634920634921,6.265088321379987,1.0,1.0,1.0,1.0,0.8421052631578947,0.8421052631578947,1.0,1.0,1.0
1603.09631,bc16ce6e9c61ae13d46970ebe6c4728a47f8f425,semantic-threshold,hybrid,knapsack,100%,1.0,3308,3308,3308,1.0,0.0,1.0,7.204119089985069,1.0,1.0,1.0,1.0,1.0,1.0,1.0,1.0,1.0
1911.06964,1ff0fccf0dca95a6630380c84b0422bed854269a,semantic-threshold,hybrid,knapsack,20%,0.2,2612,522,425,0.16271056661562022,0.8372894333843798,0.814176245210728,1.5941724148193936,1.0,1.0,0.25,0.25,0.4594594594594595,0.4594594594594595,0.0,0.0,0.0
1911.06964,1ff0fccf0dca95a6630380c84b0422bed854269a,semantic-threshold,hybrid,knapsack,40%,0.4,2612,1044,848,0.32465543644716693,0.675344563552833,0.8122605363984674,2.128097967108077,1.0,1.0,0.5,0.5,0.5675675675675675,0.5675675675675675,0.0,0.0,0.0
1911.06964,1ff0fccf0dca95a6630380c84b0422bed854269a,semantic-threshold,hybrid,knapsack,60%,0.6,2612,1567,1485,0.5685298621745789,0.4314701378254211,0.9476707083599234,2.8934028577745328,1.0,1.0,0.5,0.5,0.5945945945945946,0.5945945945945946,0.0,0.0,0.0
1911.06964,1ff0fccf0dca95a6630380c84b0422bed854269a,semantic-threshold,hybrid,knapsack,80%,0.8,2612,2089,1725,0.6604134762633997,0.33958652373660025,0.8257539492580181,3.0197247187520384,1.0,1.0,1.0,1.0,1.0,1.0,1.0,1.0,1.0
1911.06964,1ff0fccf0dca95a6630380c84b0422bed854269a,semantic-threshold,hybrid,knapsack,100%,1.0,2612,2612,2148,0.8223583460949464,0.1776416539050536,0.8223583460949464,3.553650271040722,1.0,1.0,1.0,1.0,1.0,1.0,1.0,1.0,1.0
1911.06964,3d7d865e905295d11f1e85af5fa89b210e3e9fdf,semantic-threshold,hybrid,knapsack,20%,0.2,2612,522,425,0.16271056661562022,0.8372894333843798,0.814176245210728,1.2633619668783098,0.0,1.0,0.0,0.0,0.24,0.24,0.0,0.0,0.0
1911.06964,3d7d865e905295d11f1e85af5fa89b210e3e9fdf,semantic-threshold,hybrid,knapsack,40%,0.4,2612,1044,848,0.32465543644716693,0.675344563552833,0.8122605363984674,1.9099050801291035,0.0,1.0,0.0,0.0,0.26,0.26,0.0,0.0,0.0
1911.06964,3d7d865e905295d11f1e85af5fa89b210e3e9fdf,semantic-threshold,hybrid,knapsack,60%,0.6,2612,1567,1485,0.5685298621745789,0.4314701378254211,0.9476707083599234,2.691518481091741,0.0,1.0,0.0,0.0,0.34,0.34,0.0,0.0,0.0
1911.06964,3d7d865e905295d11f1e85af5fa89b210e3e9fdf,semantic-threshold,hybrid,knapsack,80%,0.8,2612,2089,1950,0.7465543644716692,0.25344563552833077,0.9334609861177597,3.0546553778822836,0.0,1.0,0.0,0.0,1.0,1.0,0.0,1.0,0.0
1911.06964,3d7d865e905295d11f1e85af5fa89b210e3e9fdf,semantic-threshold,hybrid,knapsack,100%,1.0,2612,2612,1950,0.7465543644716692,0.25344563552833077,0.7465543644716692,3.0546553778822836,0.0,1.0,0.0,0.0,1.0,1.0,0.0,1.0,0.0
1911.06964,2ad4d3d222f5237ed97923640bc8e199409cbe52,semantic-threshold,hybrid,knapsack,20%,0.2,2612,522,425,0.16271056661562022,0.8372894333843798,0.814176245210728,1.0772294978569066,1.0,1.0,0.0,0.0,0.24,0.24,0.0,0.0,0.0
1911.06964,2ad4d3d222f5237ed97923640bc8e199409cbe52,semantic-threshold,hybrid,knapsack,40%,0.4,2612,1044,890,0.34073506891271055,0.6592649310872895,0.8524904214559387,1.7456836908764708,1.0,1.0,1.0,1.0,1.0,1.0,1.0,1.0,1.0
1911.06964,2ad4d3d222f5237ed97923640bc8e199409cbe52,semantic-threshold,hybrid,knapsack,60%,0.6,2612,1567,1527,0.5846094946401225,0.41539050535987754,0.9744735162731334,2.4686507277991914,1.0,1.0,1.0,1.0,1.0,1.0,1.0,1.0,1.0
1911.06964,2ad4d3d222f5237ed97923640bc8e199409cbe52,semantic-threshold,hybrid,knapsack,80%,0.8,2612,2089,1950,0.7465543644716692,0.25344563552833077,0.9334609861177597,2.959532883117508,1.0,1.0,1.0,1.0,1.0,1.0,1.0,1.0,1.0
1911.06964,2ad4d3d222f5237ed97923640bc8e199409cbe52,semantic-threshold,hybrid,knapsack,100%,1.0,2612,2612,2539,0.972052067381317,0.027947932618683002,0.972052067381317,3.3585752949864753,1.0,1.0,1.0,1.0,1.0,1.0,1.0,1.0,1.0
1911.06964,3fad42be0fb2052bb404b989cc7d58b440cd23a0,semantic-threshold,hybrid,knapsack,20%,0.2,2612,522,425,0.16271056661562022,0.8372894333843798,0.814176245210728,0.8446607428462414,1.0,1.0,0.0,0.0,0.2894736842105263,0.2894736842105263,0.0,0.0,0.0
1911.06964,3fad42be0fb2052bb404b989cc7d58b440cd23a0,semantic-threshold,hybrid,knapsack,40%,0.4,2612,1044,1014,0.388208269525268,0.611791730474732,0.9712643678160919,1.4826262553796083,1.0,1.0,1.0,1.0,1.0,1.0,1.0,1.0,1.0
1911.06964,3fad42be0fb2052bb404b989cc7d58b440cd23a0,semantic-threshold,hybrid,knapsack,60%,0.6,2612,1567,1553,0.594563552833078,0.40543644716692195,0.9910657306955967,2.253533024535171,1.0,1.0,1.0,1.0,1.0,1.0,1.0,1.0,1.0
1911.06964,3fad42be0fb2052bb404b989cc7d58b440cd23a0,semantic-threshold,hybrid,knapsack,80%,0.8,2612,2089,1976,0.7565084226646248,0.2434915773353752,0.9459071325993298,2.6980245459987886,1.0,1.0,1.0,1.0,1.0,1.0,1.0,1.0,1.0
1911.06964,3fad42be0fb2052bb404b989cc7d58b440cd23a0,semantic-threshold,hybrid,knapsack,100%,1.0,2612,2612,2539,0.972052067381317,0.027947932618683002,0.972052067381317,2.9476686364632423,1.0,1.0,1.0,1.0,1.0,1.0,1.0,1.0,1.0
2001.02284,ee417fea65f9b1029455797671da0840c8c1abbe,semantic-threshold,hybrid,knapsack,20%,0.2,8776,1755,1715,0.19541932543299909,0.8045806745670009,0.9772079772079773,4.537860168423111,0.0,1.0,0.0,0.0,0.4843581445523193,0.4843581445523193,0.0,0.0,0.0
2001.02284,ee417fea65f9b1029455797671da0840c8c1abbe,semantic-threshold,hybrid,knapsack,40%,0.4,8776,3510,3505,0.39938468550592526,0.6006153144940747,0.9985754985754985,6.913968334709838,0.0,1.0,0.0,0.0,0.6210895361380799,0.6210895361380799,0.0,0.0,0.0
2001.02284,ee417fea65f9b1029455797671da0840c8c1abbe,semantic-threshold,hybrid,knapsack,60%,0.6,8776,5265,5224,0.5952597994530537,0.40474020054694626,0.9922127255460589,8.352681934929441,0.0,1.0,0.0,0.0,0.7529665587918015,0.7529665587918015,0.0,0.0,0.0
2001.02284,ee417fea65f9b1029455797671da0840c8c1abbe,semantic-threshold,hybrid,knapsack,80%,0.8,8776,7020,7009,0.7986554238833181,0.20134457611668188,0.9984330484330485,9.814639002346219,0.0,1.0,0.0,0.0,0.8001618122977346,0.8001618122977346,0.0,1.0,0.0
2001.02284,ee417fea65f9b1029455797671da0840c8c1abbe,semantic-threshold,hybrid,knapsack,100%,1.0,8776,8776,8609,0.9809708295350957,0.019029170464904266,0.9809708295350957,10.92723500137398,0.0,1.0,0.0,0.0,1.0,1.0,0.0,1.0,0.0
2001.02284,ca5a82b54cb707c9b947aa8445aac51ea218b23a,semantic-threshold,hybrid,knapsack,20%,0.2,8776,1755,1734,0.19758432087511393,0.8024156791248861,0.9880341880341881,3.786584910473815,1.0,1.0,0.7142857142857143,0.7142857142857143,0.5396825396825398,0.5396825396825398,0.0,0.0,0.0
2001.02284,ca5a82b54cb707c9b947aa8445aac51ea218b23a,semantic-threshold,hybrid,knapsack,40%,0.4,8776,3510,3504,0.3992707383773929,0.6007292616226071,0.9982905982905983,5.980628090483517,1.0,1.0,0.7857142857142857,0.7857142857142857,0.748015873015873,0.748015873015873,0.0,0.0,0.0
2001.02284,ca5a82b54cb707c9b947aa8445aac51ea218b23a,semantic-threshold,hybrid,knapsack,60%,0.6,8776,5265,5193,0.5917274384685506,0.4082725615314494,0.9863247863247864,7.609293563307872,1.0,1.0,0.8571428571428571,0.8571428571428571,0.875,0.875,0.0,1.0,0.0
2001.02284,ca5a82b54cb707c9b947aa8445aac51ea218b23a,semantic-threshold,hybrid,knapsack,80%,0.8,8776,7020,7009,0.7986554238833181,0.20134457611668188,0.9984330484330485,9.060777165498155,1.0,1.0,0.8571428571428571,0.8571428571428571,0.8928571428571428,0.8928571428571428,0.0,1.0,0.0
2001.02284,ca5a82b54cb707c9b947aa8445aac51ea218b23a,semantic-threshold,hybrid,knapsack,100%,1.0,8776,8776,8553,0.9745897903372835,0.025410209662716454,0.9745897903372835,10.06680490225617,1.0,1.0,1.0,1.0,1.0,1.0,1.0,1.0,1.0
2001.02284,da55bd769721b878dd17f07f124a37a0a165db02,semantic-threshold,hybrid,knapsack,20%,0.2,8776,1755,1715,0.19541932543299909,0.8045806745670009,0.9772079772079773,4.558440513748242,1.0,1.0,0.6818181818181818,0.6818181818181818,0.559322033898305,0.559322033898305,0.0,0.0,0.0
2001.02284,da55bd769721b878dd17f07f124a37a0a165db02,semantic-threshold,hybrid,knapsack,40%,0.4,8776,3510,3505,0.39938468550592526,0.6006153144940747,0.9985754985754985,6.467510486368592,1.0,1.0,0.7272727272727273,0.7272727272727273,0.6271186440677966,0.6271186440677966,0.0,0.0,0.0
2001.02284,da55bd769721b878dd17f07f124a37a0a165db02,semantic-threshold,hybrid,knapsack,60%,0.6,8776,5265,5262,0.5995897903372835,0.40041020966271645,0.9994301994301994,7.888575457780572,1.0,1.0,1.0,1.0,1.0,1.0,1.0,1.0,1.0
2001.02284,da55bd769721b878dd17f07f124a37a0a165db02,semantic-threshold,hybrid,knapsack,80%,0.8,8776,7020,6991,0.7966043755697356,0.20339562443026438,0.9958689458689459,9.051337267603223,1.0,1.0,1.0,1.0,1.0,1.0,1.0,1.0,1.0
2001.02284,da55bd769721b878dd17f07f124a37a0a165db02,semantic-threshold,hybrid,knapsack,100%,1.0,8776,8776,8609,0.9809708295350957,0.019029170464904266,0.9809708295350957,9.904164196900389,1.0,1.0,1.0,1.0,1.0,1.0,1.0,1.0,1.0
2002.01664,feb448860918ef5b905bb25d7b855ba389117c1f,semantic-threshold,hybrid,knapsack,20%,0.2,3210,642,627,0.19532710280373833,0.8046728971962617,0.9766355140186916,0.5521493309434398,0.625,1.0,0.0,0.0,0.23228625413320736,0.23228625413320736,0.0,0.0,0.0
2002.01664,feb448860918ef5b905bb25d7b855ba389117c1f,semantic-threshold,hybrid,knapsack,40%,0.4,3210,1284,1148,0.3576323987538941,0.6423676012461059,0.8940809968847352,1.252719761688546,0.625,1.0,0.625,1.0,0.8275862068965517,0.8275862068965517,1.0,1.0,1.0
2002.01664,feb448860918ef5b905bb25d7b855ba389117c1f,semantic-threshold,hybrid,knapsack,60%,0.6,3210,1926,1775,0.5529595015576324,0.4470404984423676,0.9215991692627207,1.8048690926319857,0.625,1.0,0.625,1.0,0.8793103448275862,0.8793103448275862,1.0,1.0,1.0
2002.01664,feb448860918ef5b905bb25d7b855ba389117c1f,semantic-threshold,hybrid,knapsack,80%,0.8,3210,2568,2433,0.7579439252336448,0.24205607476635516,0.947429906542056,2.2048690926319856,0.625,1.0,0.625,1.0,1.0,1.0,1.0,1.0,1.0
2002.01664,feb448860918ef5b905bb25d7b855ba389117c1f,semantic-threshold,hybrid,knapsack,100%,1.0,3210,3210,2433,0.7579439252336448,0.24205607476635516,0.7579439252336448,2.2048690926319856,0.625,1.0,0.625,1.0,1.0,1.0,1.0,1.0,1.0
2002.01664,4bc2784be43d599000cb71d31928908250d4cef3,semantic-threshold,hybrid,knapsack,20%,0.2,3210,642,448,0.1395638629283489,0.8604361370716511,0.6978193146417445,0.9080425154616651,1.0,1.0,0.0,0.0,0.2125,0.2125,0.0,0.0,0.0
2002.01664,4bc2784be43d599000cb71d31928908250d4cef3,semantic-threshold,hybrid,knapsack,40%,0.4,3210,1284,1075,0.3348909657320872,0.6651090342679128,0.8372274143302181,1.7172964051241095,1.0,1.0,0.5,0.5,0.425,0.425,0.0,0.0,0.0
2002.01664,4bc2784be43d599000cb71d31928908250d4cef3,semantic-threshold,hybrid,knapsack,60%,0.6,3210,1926,1853,0.5772585669781931,0.4227414330218069,0.9620976116303219,2.413067760760149,1.0,1.0,0.6666666666666666,0.6666666666666666,0.5125,0.5125,0.0,0.0,0.0
2002.01664,4bc2784be43d599000cb71d31928908250d4cef3,semantic-threshold,hybrid,knapsack,80%,0.8,3210,2568,2553,0.7953271028037383,0.2046728971962617,0.9941588785046729,3.01898293478214,1.0,1.0,1.0,1.0,1.0,1.0,1.0,1.0,1.0
2002.01664,4bc2784be43d599000cb71d31928908250d4cef3,semantic-threshold,hybrid,knapsack,100%,1.0,3210,3210,2553,0.7953271028037383,0.2046728971962617,0.7953271028037383,3.01898293478214,1.0,1.0,1.0,1.0,1.0,1.0,1.0,1.0,1.0
1808.09111,6424e442b34a576f904d9649d63acf1e4fdefdfc,semantic-threshold,hybrid,knapsack,20%,0.2,5980,1196,1160,0.1939799331103679,0.8060200668896321,0.9698996655518395,2.5608715289756665,1.0,1.0,1.0,1.0,1.0,1.0,1.0,1.0,1.0
1808.09111,6424e442b34a576f904d9649d63acf1e4fdefdfc,semantic-threshold,hybrid,knapsack,40%,0.4,5980,2392,2311,0.38645484949832776,0.6135451505016722,0.9661371237458194,3.7578321154209218,1.0,1.0,1.0,1.0,1.0,1.0,1.0,1.0,1.0
1808.09111,6424e442b34a576f904d9649d63acf1e4fdefdfc,semantic-threshold,hybrid,knapsack,60%,0.6,5980,3588,3586,0.5996655518394649,0.4003344481605351,0.9994425863991081,4.29828329678932,1.0,1.0,1.0,1.0,1.0,1.0,1.0,1.0,1.0
1808.09111,6424e442b34a576f904d9649d63acf1e4fdefdfc,semantic-threshold,hybrid,knapsack,80%,0.8,5980,4784,4612,0.7712374581939799,0.22876254180602007,0.9640468227424749,4.7501166312015455,1.0,1.0,1.0,1.0,1.0,1.0,1.0,1.0,1.0
1808.09111,6424e442b34a576f904d9649d63acf1e4fdefdfc,semantic-threshold,hybrid,knapsack,100%,1.0,5980,5980,5568,0.9311036789297659,0.06889632107023413,0.9311036789297659,5.046046290943879,1.0,1.0,1.0,1.0,1.0,1.0,1.0,1.0,1.0
1808.09111,5eabfc6cc8aa8a99e6e42514ef9584569cb75dec,semantic-threshold,hybrid,knapsack,20%,0.2,5980,1196,1160,0.1939799331103679,0.8060200668896321,0.9698996655518395,2.746233331965332,0.0,1.0,0.0,0.0,1.0,1.0,0.0,1.0,0.0
1808.09111,5eabfc6cc8aa8a99e6e42514ef9584569cb75dec,semantic-threshold,hybrid,knapsack,40%,0.4,5980,2392,2311,0.38645484949832776,0.6135451505016722,0.9661371237458194,4.085646566951414,0.0,1.0,0.0,0.0,1.0,1.0,0.0,1.0,0.0
1808.09111,5eabfc6cc8aa8a99e6e42514ef9584569cb75dec,semantic-threshold,hybrid,knapsack,60%,0.6,5980,3588,3586,0.5996655518394649,0.4003344481605351,0.9994425863991081,4.828069169285424,0.0,1.0,0.0,0.0,1.0,1.0,0.0,1.0,0.0
1808.09111,5eabfc6cc8aa8a99e6e42514ef9584569cb75dec,semantic-threshold,hybrid,knapsack,80%,0.8,5980,4784,4768,0.797324414715719,0.20267558528428098,0.9966555183946488,5.413166236951807,0.0,1.0,0.0,0.0,1.0,1.0,0.0,1.0,0.0
1808.09111,5eabfc6cc8aa8a99e6e42514ef9584569cb75dec,semantic-threshold,hybrid,knapsack,100%,1.0,5980,5980,5813,0.9720735785953177,0.027926421404682267,0.9720735785953177,5.924051907198317,0.0,1.0,0.0,0.0,1.0,1.0,0.0,1.0,0.0
1808.09111,887c6727e9f25ade61b4853a869fe712fe0b703d,semantic-threshold,hybrid,knapsack,20%,0.2,5980,1196,1153,0.19280936454849498,0.807190635451505,0.9640468227424749,2.1538344872560313,0.75,1.0,0.75,1.0,0.46551724137931033,0.46551724137931033,1.0,0.0,0.0
1808.09111,887c6727e9f25ade61b4853a869fe712fe0b703d,semantic-threshold,hybrid,knapsack,40%,0.4,5980,2392,2276,0.3806020066889632,0.6193979933110367,0.9515050167224081,4.038366760771205,0.75,1.0,0.75,1.0,1.0,1.0,1.0,1.0,1.0
1808.09111,887c6727e9f25ade61b4853a869fe712fe0b703d,semantic-threshold,hybrid,knapsack,60%,0.6,5980,3588,3561,0.5954849498327759,0.4045150501672241,0.9924749163879598,5.326687383701681,0.75,1.0,0.75,1.0,1.0,1.0,1.0,1.0,1.0
1808.09111,887c6727e9f25ade61b4853a869fe712fe0b703d,semantic-threshold,hybrid,knapsack,80%,0.8,5980,4784,4579,0.7657190635451505,0.2342809364548495,0.9571488294314381,6.194189743070603,0.75,1.0,0.75,1.0,1.0,1.0,1.0,1.0,1.0
1808.09111,887c6727e9f25ade61b4853a869fe712fe0b703d,semantic-threshold,hybrid,knapsack,100%,1.0,5980,5980,5862,0.9802675585284281,0.019732441471571938,0.9802675585284281,6.782325963631996,0.75,1.0,0.75,1.0,1.0,1.0,1.0,1.0,1.0
1906.08593,6236762b5631d9e395f81e1ebccc4bf3ab9b24ac,semantic-threshold,hybrid,knapsack,20%,0.2,3267,653,588,0.17998163452708907,0.820018365472911,0.900459418070444,2.0085869268152554,0.0,1.0,0.0,0.0,1.0,1.0,0.0,1.0,0.0
1906.08593,6236762b5631d9e395f81e1ebccc4bf3ab9b24ac,semantic-threshold,hybrid,knapsack,40%,0.4,3267,1306,1225,0.3749617385981022,0.6250382614018978,0.9379785604900459,2.615401361376851,0.0,1.0,0.0,0.0,1.0,1.0,0.0,1.0,0.0
1906.08593,6236762b5631d9e395f81e1ebccc4bf3ab9b24ac,semantic-threshold,hybrid,knapsack,60%,0.6,3267,1960,1806,0.5528007346189164,0.44719926538108357,0.9214285714285714,3.190205232368145,0.0,1.0,0.0,0.0,1.0,1.0,0.0,1.0,0.0
1906.08593,6236762b5631d9e395f81e1ebccc4bf3ab9b24ac,semantic-threshold,hybrid,knapsack,80%,0.8,3267,2613,2569,0.7863483318028772,0.21365166819712278,0.9831611174894757,3.7514182032662573,0.0,1.0,0.0,0.0,1.0,1.0,0.0,1.0,0.0
1906.08593,6236762b5631d9e395f81e1ebccc4bf3ab9b24ac,semantic-threshold,hybrid,knapsack,100%,1.0,3267,3267,3047,0.9326599326599326,0.06734006734006737,0.9326599326599326,4.148452321288554,0.0,1.0,0.0,0.0,1.0,1.0,0.0,1.0,0.0
1906.08593,31d695ba855d821d3e5cdb7bea638c7dbb7c87c7,semantic-threshold,hybrid,knapsack,20%,0.2,3267,653,602,0.1842669115396388,0.8157330884603612,0.9218989280245024,1.372372765420709,0.7777777777777778,1.0,0.0,0.0,0.32558139534883723,0.32558139534883723,0.0,0.0,0.0
1906.08593,31d695ba855d821d3e5cdb7bea638c7dbb7c87c7,semantic-threshold,hybrid,knapsack,40%,0.4,3267,1306,1169,0.35782063054790325,0.6421793694520967,0.8950995405819295,2.2881977342650375,0.7777777777777778,1.0,0.1111111111111111,0.14285714285714285,0.4418604651162791,0.4418604651162791,0.0,0.0,0.0
1906.08593,31d695ba855d821d3e5cdb7bea638c7dbb7c87c7,semantic-threshold,hybrid,knapsack,60%,0.6,3267,1960,1932,0.5913682277318641,0.40863177226813585,0.9857142857142858,3.2353902876407825,0.7777777777777778,1.0,0.2222222222222222,0.2857142857142857,0.627906976744186,0.627906976744186,0.0,0.0,0.0
1906.08593,31d695ba855d821d3e5cdb7bea638c7dbb7c87c7,semantic-threshold,hybrid,knapsack,80%,0.8,3267,2613,2612,0.7995102540557086,0.20048974594429136,0.9996172981247609,3.83242845884984,0.7777777777777778,1.0,0.7777777777777778,1.0,1.0,1.0,1.0,1.0,1.0
1906.08593,31d695ba855d821d3e5cdb7bea638c7dbb7c87c7,semantic-threshold,hybrid,knapsack,100%,1.0,3267,3267,3249,0.9944903581267218,0.0055096418732781816,0.9944903581267218,4.367758569835851,0.7777777777777778,1.0,0.7777777777777778,1.0,1.0,1.0,1.0,1.0,1.0
1906.08593,b14217978ad9c3c9b6b1ce393b1b5c6e7f49ecab,semantic-threshold,hybrid,knapsack,20%,0.2,3267,653,588,0.17998163452708907,0.820018365472911,0.900459418070444,2.204990284680505,1.0,1.0,0.375,0.375,0.3333333333333333,0.3333333333333333,0.0,0.0,0.0
1906.08593,b14217978ad9c3c9b6b1ce393b1b5c6e7f49ecab,semantic-threshold,hybrid,knapsack,40%,0.4,3267,1306,1169,0.35782063054790325,0.6421793694520967,0.8950995405819295,2.931707487885499,1.0,1.0,0.75,0.75,0.8333333333333333,0.8333333333333333,0.0,1.0,0.0
1906.08593,b14217978ad9c3c9b6b1ce393b1b5c6e7f49ecab,semantic-threshold,hybrid,knapsack,60%,0.6,3267,1960,1932,0.5913682277318641,0.40863177226813585,0.9857142857142858,3.6722471974561475,1.0,1.0,0.75,0.75,0.8333333333333333,0.8333333333333333,0.0,1.0,0.0
1906.08593,b14217978ad9c3c9b6b1ce393b1b5c6e7f49ecab,semantic-threshold,hybrid,knapsack,80%,0.8,3267,2613,2410,0.7376798285889195,0.26232017141108055,0.9223115193264447,4.3453136130900205,1.0,1.0,1.0,1.0,0.75,0.75,1.0,0.0,0.0
1906.08593,b14217978ad9c3c9b6b1ce393b1b5c6e7f49ecab,semantic-threshold,hybrid,knapsack,100%,1.0,3267,3267,3047,0.9326599326599326,0.06734006734006737,0.9326599326599326,4.749583920556433,1.0,1.0,1.0,1.0,0.75,0.75,1.0,0.0,0.0
1809.00540,2c78993524ca62bf1f525b60f2220a374d0e3535,semantic-threshold,hybrid,knapsack,20%,0.2,4250,850,648,0.1524705882352941,0.8475294117647059,0.7623529411764706,0.9302727362135813,1.0,1.0,0.5,0.5,0.36764705882352944,0.36764705882352944,0.0,0.0,0.0
1809.00540,2c78993524ca62bf1f525b60f2220a374d0e3535,semantic-threshold,hybrid,knapsack,40%,0.4,4250,1700,1662,0.3910588235294118,0.6089411764705882,0.9776470588235294,1.7938792482168644,1.0,1.0,0.5,0.5,0.4411764705882353,0.4411764705882353,0.0,0.0,0.0
1809.00540,2c78993524ca62bf1f525b60f2220a374d0e3535,semantic-threshold,hybrid,knapsack,60%,0.6,4250,2550,2455,0.5776470588235294,0.4223529411764706,0.9627450980392157,2.65450125334028,1.0,1.0,0.5,0.5,0.5147058823529411,0.5147058823529411,0.0,0.0,0.0
1809.00540,2c78993524ca62bf1f525b60f2220a374d0e3535,semantic-threshold,hybrid,knapsack,80%,0.8,4250,3400,3229,0.7597647058823529,0.2402352941176471,0.9497058823529412,3.345914448972352,1.0,1.0,0.5,0.5,0.6029411764705882,0.6029411764705882,0.0,0.0,0.0
1809.00540,2c78993524ca62bf1f525b60f2220a374d0e3535,semantic-threshold,hybrid,knapsack,100%,1.0,4250,4250,3551,0.8355294117647059,0.16447058823529415,0.8355294117647059,3.7459144489723517,1.0,1.0,0.5,0.5,0.6470588235294118,0.6470588235294118,0.0,0.0,0.0
2004.03354,16535db1d73a9373ffe9d6eedaa2369cefd91ac4,semantic-threshold,hybrid,knapsack,20%,0.2,5654,1130,1114,0.19702865228157057,0.8029713477184295,0.9858407079646018,3.2001710283412153,1.0,1.0,1.0,1.0,0.64,0.64,1.0,0.0,0.0
2004.03354,16535db1d73a9373ffe9d6eedaa2369cefd91ac4,semantic-threshold,hybrid,knapsack,40%,0.4,5654,2261,2229,0.3942341704987619,0.605765829501238,0.9858469703670942,5.207189148464679,1.0,1.0,1.0,1.0,0.92,0.92,1.0,1.0,1.0
2004.03354,16535db1d73a9373ffe9d6eedaa2369cefd91ac4,semantic-threshold,hybrid,knapsack,60%,0.6,5654,3392,3258,0.5762292182525646,0.42377078174743543,0.9604952830188679,6.617381359623756,1.0,1.0,1.0,1.0,1.0,1.0,1.0,1.0,1.0
2004.03354,16535db1d73a9373ffe9d6eedaa2369cefd91ac4,semantic-threshold,hybrid,knapsack,80%,0.8,5654,4523,4408,0.7796250442164839,0.22037495578351607,0.9745743975237674,7.703093094972378,1.0,1.0,1.0,1.0,1.0,1.0,1.0,1.0,1.0
2004.03354,16535db1d73a9373ffe9d6eedaa2369cefd91ac4,semantic-threshold,hybrid,knapsack,100%,1.0,5654,5654,5226,0.9243013795542978,0.07569862044570219,0.9243013795542978,8.307806968666876,1.0,1.0,1.0,1.0,1.0,1.0,1.0,1.0,1.0
1611.04798,41ac23e32bf208b69414f4b687c4f324c6132464,semantic-threshold,hybrid,knapsack,20%,0.2,5819,1163,1092,0.18766111015638426,0.8123388898436157,0.938950988822012,1.652360675438568,1.0,1.0,1.0,1.0,1.0,1.0,1.0,1.0,1.0
1611.04798,41ac23e32bf208b69414f4b687c4f324c6132464,semantic-threshold,hybrid,knapsack,40%,0.4,5819,2327,2091,0.35934009279945006,0.6406599072005499,0.898581865062312,2.490750091865252,1.0,1.0,1.0,1.0,1.0,1.0,1.0,1.0,1.0
1611.04798,41ac23e32bf208b69414f4b687c4f324c6132464,semantic-threshold,hybrid,knapsack,60%,0.6,5819,3491,3416,0.5870424471558687,0.41295755284413127,0.9785161844743626,3.5056195226644475,1.0,1.0,1.0,1.0,1.0,1.0,1.0,1.0,1.0
1611.04798,41ac23e32bf208b69414f4b687c4f324c6132464,semantic-threshold,hybrid,knapsack,80%,0.8,5819,4655,4629,0.7954975081629145,0.20450249183708546,0.9944146079484425,4.227867184299333,1.0,1.0,1.0,1.0,1.0,1.0,1.0,1.0,1.0
1611.04798,41ac23e32bf208b69414f4b687c4f324c6132464,semantic-threshold,hybrid,knapsack,100%,1.0,5819,5819,4943,0.8494586698745489,0.15054133012545112,0.8494586698745489,4.559900931752422,1.0,1.0,1.0,1.0,1.0,1.0,1.0,1.0,1.0
1912.13337,e97186c51d4af490dba6faaf833d269c8256426c,semantic-threshold,hybrid,knapsack,20%,0.2,9635,1927,1783,0.18505448884276077,0.8149455111572392,0.9252724442138038,2.0155542609299784,0.0,1.0,0.0,0.0,0.5342506690849652,0.5342506690849652,0.0,0.0,0.0
1912.13337,e97186c51d4af490dba6faaf833d269c8256426c,semantic-threshold,hybrid,knapsack,40%,0.4,9635,3854,3700,0.384016606123508,0.615983393876492,0.9600415153087701,3.472866683074523,0.0,1.0,0.0,0.0,0.7929489214339227,0.7929489214339227,0.0,0.0,0.0
1912.13337,e97186c51d4af490dba6faaf833d269c8256426c,semantic-threshold,hybrid,knapsack,60%,0.6,9635,5781,5643,0.5856772184743124,0.4143227815256876,0.9761286974571873,4.674244898671146,0.0,1.0,0.0,0.0,0.6961852620220452,0.6961852620220452,0.0,0.0,0.0
1912.13337,e97186c51d4af490dba6faaf833d269c8256426c,semantic-threshold,hybrid,knapsack,80%,0.8,9635,7708,7506,0.7790347690710949,0.22096523092890508,0.9737934613388687,5.632613386669088,0.0,1.0,0.0,0.0,0.920094066359481,0.920094066359481,0.0,1.0,0.0
1912.13337,e97186c51d4af490dba6faaf833d269c8256426c,semantic-threshold,hybrid,knapsack,100%,1.0,9635,9635,8970,0.9309807991696938,0.06901920083030622,0.9309807991696938,6.126041039841816,0.0,1.0,0.0,0.0,0.9655570519824834,0.9655570519824834,0.0,1.0,0.0
1912.13337,5bb3c27606c59d73fd6944ba7382096de4fa58d8,semantic-threshold,hybrid,knapsack,20%,0.2,9635,1927,1863,0.19335755059678256,0.8066424494032174,0.9667877529839128,2.0048727201521177,1.0,1.0,0.75,0.75,1.0,1.0,0.0,1.0,0.0
1912.13337,5bb3c27606c59d73fd6944ba7382096de4fa58d8,semantic-threshold,hybrid,knapsack,40%,0.4,9635,3854,3851,0.3996886351842242,0.6003113648157758,0.9992215879605605,3.7714400045087286,1.0,1.0,0.75,0.75,1.0,1.0,0.0,1.0,0.0
1912.13337,5bb3c27606c59d73fd6944ba7382096de4fa58d8,semantic-threshold,hybrid,knapsack,60%,0.6,9635,5781,5708,0.5924234561494551,0.40757654385054487,0.9873724269157585,5.123582821212703,1.0,1.0,0.75,0.75,1.0,1.0,0.0,1.0,0.0
1912.13337,5bb3c27606c59d73fd6944ba7382096de4fa58d8,semantic-threshold,hybrid,knapsack,80%,0.8,9635,7708,7455,0.7737415672029061,0.2262584327970939,0.9671769590036325,6.208987364201045,1.0,1.0,1.0,1.0,1.0,1.0,1.0,1.0,1.0
1912.13337,5bb3c27606c59d73fd6944ba7382096de4fa58d8,semantic-threshold,hybrid,knapsack,100%,1.0,9635,9635,8874,0.9210171250648677,0.07898287493513234,0.9210171250648677,6.8550933787159725,1.0,1.0,1.0,1.0,1.0,1.0,1.0,1.0,1.0
1912.13337,8de9f14c7c4f37ab103bc8a639d6d80ade1bc27b,semantic-threshold,hybrid,knapsack,20%,0.2,9635,1927,1722,0.17872340425531916,0.8212765957446808,0.8936170212765957,2.1836158208078973,1.0,1.0,1.0,1.0,1.0,1.0,1.0,1.0,1.0
1912.13337,8de9f14c7c4f37ab103bc8a639d6d80ade1bc27b,semantic-threshold,hybrid,knapsack,40%,0.4,9635,3854,3656,0.3794499221587961,0.6205500778412039,0.9486248053969901,4.188015893655216,1.0,1.0,1.0,1.0,1.0,1.0,1.0,1.0,1.0
1912.13337,8de9f14c7c4f37ab103bc8a639d6d80ade1bc27b,semantic-threshold,hybrid,knapsack,60%,0.6,9635,5781,5766,0.598443175921121,0.40155682407887905,0.9974052932018682,5.199051385206518,1.0,1.0,1.0,1.0,1.0,1.0,1.0,1.0,1.0
1912.13337,8de9f14c7c4f37ab103bc8a639d6d80ade1bc27b,semantic-threshold,hybrid,knapsack,80%,0.8,9635,7708,7315,0.7592112091333679,0.24078879086663207,0.9490140114167099,5.997028979001519,1.0,1.0,1.0,1.0,1.0,1.0,1.0,1.0,1.0
1912.13337,8de9f14c7c4f37ab103bc8a639d6d80ade1bc27b,semantic-threshold,hybrid,knapsack,100%,1.0,9635,9635,8934,0.927244421380384,0.07275557861961601,0.927244421380384,6.406075378873795,1.0,1.0,1.0,1.0,1.0,1.0,1.0,1.0,1.0
1912.13337,85590bb26fed01a802241bc537d85ba5ef1c6dc2,semantic-threshold,hybrid,knapsack,20%,0.2,9635,1927,1623,0.1684483653347172,0.8315516346652828,0.8422418266735859,2.0877258725849566,1.0,1.0,0.5,0.5,0.3678571428571429,0.3678571428571429,0.0,0.0,0.0
1912.13337,85590bb26fed01a802241bc537d85ba5ef1c6dc2,semantic-threshold,hybrid,knapsack,40%,0.4,9635,3854,3749,0.3891022314478464,0.6108977685521536,0.972755578619616,3.887583015181812,1.0,1.0,1.0,1.0,0.8464285714285714,0.8464285714285714,1.0,1.0,1.0
1912.13337,85590bb26fed01a802241bc537d85ba5ef1c6dc2,semantic-threshold,hybrid,knapsack,60%,0.6,9635,5781,5488,0.5695900363258952,0.4304099636741048,0.9493167272098253,5.10888056762846,1.0,1.0,1.0,1.0,0.9714285714285714,0.9714285714285714,1.0,1.0,1.0
1912.13337,85590bb26fed01a802241bc537d85ba5ef1c6dc2,semantic-threshold,hybrid,knapsack,80%,0.8,9635,7708,7683,0.7974052932018681,0.20259470679813185,0.9967566165023353,6.321517245007834,1.0,1.0,1.0,1.0,1.0,1.0,1.0,1.0,1.0
1912.13337,85590bb26fed01a802241bc537d85ba5ef1c6dc2,semantic-threshold,hybrid,knapsack,100%,1.0,9635,9635,8874,0.9210171250648677,0.07898287493513234,0.9210171250648677,6.84865711643201,1.0,1.0,1.0,1.0,1.0,1.0,1.0,1.0,1.0
1912.13337,75ff6e425ce304a35f18c0230c0d13d3913a31a9,semantic-threshold,hybrid,knapsack,20%,0.2,9635,1927,1912,0.1984431759211209,0.8015568240788791,0.9922158796056045,1.8720488910291282,0.0,1.0,0.0,0.0,1.0,1.0,0.0,1.0,0.0
1912.13337,75ff6e425ce304a35f18c0230c0d13d3913a31a9,semantic-threshold,hybrid,knapsack,40%,0.4,9635,3854,3850,0.3995848469122989,0.6004151530877011,0.9989621172807472,3.317420984440929,0.0,1.0,0.0,0.0,1.0,1.0,0.0,1.0,0.0
1912.13337,75ff6e425ce304a35f18c0230c0d13d3913a31a9,semantic-threshold,hybrid,knapsack,60%,0.6,9635,5781,5497,0.5705241307732226,0.4294758692267774,0.9508735512887043,4.649600951632429,0.0,1.0,0.0,0.0,1.0,1.0,0.0,1.0,0.0
1912.13337,75ff6e425ce304a35f18c0230c0d13d3913a31a9,semantic-threshold,hybrid,knapsack,80%,0.8,9635,7708,7592,0.7879605604566684,0.2120394395433316,0.9849507005708354,5.719696609599717,0.0,1.0,0.0,0.0,1.0,1.0,0.0,1.0,0.0
1912.13337,75ff6e425ce304a35f18c0230c0d13d3913a31a9,semantic-threshold,hybrid,knapsack,100%,1.0,9635,9635,9162,0.9509081473793461,0.04909185262065385,0.9509081473793461,6.217225662397678,0.0,1.0,0.0,0.0,1.0,1.0,0.0,1.0,0.0
1809.01541,5cb610d3d5d7d447b4cd5736d6a7d8262140af58,semantic-threshold,hybrid,knapsack,20%,0.2,3064,612,605,0.19745430809399478,0.8025456919060052,0.988562091503268,2.5317167641297726,1.0,1.0,0.6,0.6,0.4752906976744186,0.4752906976744186,0.0,0.0,0.0
1809.01541,5cb610d3d5d7d447b4cd5736d6a7d8262140af58,semantic-threshold,hybrid,knapsack,40%,0.4,3064,1225,1090,0.35574412532637073,0.6442558746736293,0.889795918367347,3.069971521496039,1.0,1.0,0.6,0.6,0.498546511627907,0.498546511627907,0.0,0.0,0.0
1809.01541,5cb610d3d5d7d447b4cd5736d6a7d8262140af58,semantic-threshold,hybrid,knapsack,60%,0.6,3064,1838,1761,0.5747389033942559,0.42526109660574407,0.9581066376496191,3.8335666626665397,1.0,1.0,1.0,1.0,1.0,1.0,1.0,1.0,1.0
1809.01541,5cb610d3d5d7d447b4cd5736d6a7d8262140af58,semantic-threshold,hybrid,knapsack,80%,0.8,3064,2451,2265,0.7392297650130548,0.2607702349869452,0.9241126070991432,4.1925944083705,1.0,1.0,1.0,1.0,1.0,1.0,1.0,1.0,1.0
1809.01541,5cb610d3d5d7d447b4cd5736d6a7d8262140af58,semantic-threshold,hybrid,knapsack,100%,1.0,3064,3064,3064,1.0,0.0,1.0,4.853082276240329,1.0,1.0,1.0,1.0,1.0,1.0,1.0,1.0,1.0
1809.01541,b9d168da5321a7d7b812c52bb102a05210fe45bd,semantic-threshold,hybrid,knapsack,20%,0.2,3064,612,605,0.19745430809399478,0.8025456919060052,0.988562091503268,1.99568153075203,0.0,1.0,0.0,0.0,0.2608695652173913,0.2608695652173913,0.0,0.0,0.0
1809.01541,b9d168da5321a7d7b812c52bb102a05210fe45bd,semantic-threshold,hybrid,knapsack,40%,0.4,3064,1225,1154,0.3766318537859008,0.6233681462140992,0.9420408163265306,3.2167159386111686,0.0,1.0,0.0,0.0,1.0,1.0,0.0,1.0,0.0
1809.01541,b9d168da5321a7d7b812c52bb102a05210fe45bd,semantic-threshold,hybrid,knapsack,60%,0.6,3064,1838,1825,0.595626631853786,0.40437336814621405,0.9929270946681176,3.9187886406393004,0.0,1.0,0.0,0.0,1.0,1.0,0.0,1.0,0.0
1809.01541,b9d168da5321a7d7b812c52bb102a05210fe45bd,semantic-threshold,hybrid,knapsack,80%,0.8,3064,2451,2393,0.7810052219321149,0.21899477806788514,0.9763361893104855,4.690025007394063,0.0,1.0,0.0,0.0,1.0,1.0,0.0,1.0,0.0
1809.01541,b9d168da5321a7d7b812c52bb102a05210fe45bd,semantic-threshold,hybrid,knapsack,100%,1.0,3064,3064,3064,1.0,0.0,1.0,5.3920977094221945,0.0,1.0,0.0,0.0,1.0,1.0,0.0,1.0,0.0
1809.01541,0c234db3b380c27c4c70579a5d6948e1e3b24ff1,semantic-threshold,hybrid,knapsack,20%,0.2,3064,612,587,0.19157963446475196,0.808420365535248,0.9591503267973857,2.0349716055498037,1.0,1.0,1.0,1.0,1.0,1.0,1.0,1.0,1.0
1809.01541,0c234db3b380c27c4c70579a5d6948e1e3b24ff1,semantic-threshold,hybrid,knapsack,40%,0.4,3064,1225,1154,0.3766318537859008,0.6233681462140992,0.9420408163265306,3.0554037972082786,1.0,1.0,1.0,1.0,1.0,1.0,1.0,1.0,1.0
1809.01541,0c234db3b380c27c4c70579a5d6948e1e3b24ff1,semantic-threshold,hybrid,knapsack,60%,0.6,3064,1838,1825,0.595626631853786,0.40437336814621405,0.9929270946681176,3.787050740322805,1.0,1.0,1.0,1.0,1.0,1.0,1.0,1.0,1.0
1809.01541,0c234db3b380c27c4c70579a5d6948e1e3b24ff1,semantic-threshold,hybrid,knapsack,80%,0.8,3064,2451,2393,0.7810052219321149,0.21899477806788514,0.9763361893104855,4.375678565566483,1.0,1.0,1.0,1.0,1.0,1.0,1.0,1.0,1.0
1809.01541,0c234db3b380c27c4c70579a5d6948e1e3b24ff1,semantic-threshold,hybrid,knapsack,100%,1.0,3064,3064,3064,1.0,0.0,1.0,5.10732550868101,1.0,1.0,1.0,1.0,1.0,1.0,1.0,1.0,1.0
1809.01541,fa527becb8e2551f4fd2ae840dbd4a68971349e0,semantic-threshold,hybrid,knapsack,20%,0.2,3064,612,587,0.19157963446475196,0.808420365535248,0.9591503267973857,2.1090154117511366,1.0,1.0,1.0,1.0,1.0,1.0,1.0,1.0,1.0
1809.01541,fa527becb8e2551f4fd2ae840dbd4a68971349e0,semantic-threshold,hybrid,knapsack,40%,0.4,3064,1225,1154,0.3766318537859008,0.6233681462140992,0.9420408163265306,3.242703495287753,1.0,1.0,1.0,1.0,1.0,1.0,1.0,1.0,1.0
1809.01541,fa527becb8e2551f4fd2ae840dbd4a68971349e0,semantic-threshold,hybrid,knapsack,60%,0.6,3064,1838,1825,0.595626631853786,0.40437336814621405,0.9929270946681176,3.932437158806314,1.0,1.0,1.0,1.0,1.0,1.0,1.0,1.0,1.0
1809.01541,fa527becb8e2551f4fd2ae840dbd4a68971349e0,semantic-threshold,hybrid,knapsack,80%,0.8,3064,2451,2393,0.7810052219321149,0.21899477806788514,0.9763361893104855,4.493600751660712,1.0,1.0,1.0,1.0,1.0,1.0,1.0,1.0,1.0
1809.01541,fa527becb8e2551f4fd2ae840dbd4a68971349e0,semantic-threshold,hybrid,knapsack,100%,1.0,3064,3064,3064,1.0,0.0,1.0,5.183334415179273,1.0,1.0,1.0,1.0,1.0,1.0,1.0,1.0,1.0
1809.09194,45e9533586199bde19313cd43b3d0ecadcaf7a33,semantic-threshold,hybrid,knapsack,20%,0.2,2402,480,354,0.14737718567860117,0.8526228143213989,0.7375,0.6377680186564982,0.0,1.0,0.0,0.0,0.29411764705882354,0.29411764705882354,0.0,0.0,0.0
1809.09194,45e9533586199bde19313cd43b3d0ecadcaf7a33,semantic-threshold,hybrid,knapsack,40%,0.4,2402,960,858,0.3572023313905079,0.6427976686094921,0.89375,1.4549190926437698,0.0,1.0,0.0,0.0,1.0,1.0,0.0,1.0,0.0
1809.09194,45e9533586199bde19313cd43b3d0ecadcaf7a33,semantic-threshold,hybrid,knapsack,60%,0.6,2402,1441,1367,0.5691090757701915,0.43089092422980846,0.9486467730742539,1.7832465527902879,0.0,1.0,0.0,0.0,1.0,1.0,0.0,1.0,0.0
1809.09194,45e9533586199bde19313cd43b3d0ecadcaf7a33,semantic-threshold,hybrid,knapsack,80%,0.8,2402,1921,1681,0.6998334721065779,0.30016652789342213,0.875065070275898,2.1137465506990063,0.0,1.0,0.0,0.0,1.0,1.0,0.0,1.0,0.0
1809.09194,45e9533586199bde19313cd43b3d0ecadcaf7a33,semantic-threshold,hybrid,knapsack,100%,1.0,2402,2402,2244,0.9342214820982515,0.06577851790174849,0.9342214820982515,2.357526752384121,0.0,1.0,0.0,0.0,1.0,1.0,0.0,1.0,0.0
1809.09194,d3dbb5c22ef204d85707d2d24284cc77fa816b6c,semantic-threshold,hybrid,knapsack,20%,0.2,2402,480,354,0.14737718567860117,0.8526228143213989,0.7375,0.9543675275140617,0.7142857142857143,1.0,0.2857142857142857,0.39999999999999997,0.271978021978022,0.271978021978022,0.0,0.0,0.0
1809.09194,d3dbb5c22ef204d85707d2d24284cc77fa816b6c,semantic-threshold,hybrid,knapsack,40%,0.4,2402,960,933,0.3884263114071607,0.6115736885928393,0.971875,1.6453464321297064,0.7142857142857143,1.0,0.2857142857142857,0.39999999999999997,0.4926739926739927,0.4926739926739927,0.0,0.0,0.0
1809.09194,d3dbb5c22ef204d85707d2d24284cc77fa816b6c,semantic-threshold,hybrid,knapsack,60%,0.6,2402,1441,1082,0.4504579517069109,0.5495420482930891,0.7508674531575295,1.7050905902279798,0.7142857142857143,1.0,0.2857142857142857,0.39999999999999997,0.5054945054945055,0.5054945054945055,0.0,0.0,0.0
1809.09194,d3dbb5c22ef204d85707d2d24284cc77fa816b6c,semantic-threshold,hybrid,knapsack,80%,0.8,2402,1921,1740,0.7243963363863447,0.2756036636136553,0.9057782404997398,2.4216206307962125,0.7142857142857143,1.0,0.7142857142857143,1.0,1.0,1.0,1.0,1.0,1.0
1809.09194,d3dbb5c22ef204d85707d2d24284cc77fa816b6c,semantic-threshold,hybrid,knapsack,100%,1.0,2402,2402,2260,0.9408825978351374,0.05911740216486261,0.9408825978351374,2.867069953079324,0.7142857142857143,1.0,0.7142857142857143,1.0,1.0,1.0,1.0,1.0,1.0
1809.09194,a5e49cdb91d9fd0ca625cc1ede236d3d4672403c,semantic-threshold,hybrid,knapsack,20%,0.2,2402,480,354,0.14737718567860117,0.8526228143213989,0.7375,1.7005099606599174,1.0,1.0,0.625,0.625,0.26666666666666666,0.26666666666666666,0.0,0.0,0.0
1809.09194,a5e49cdb91d9fd0ca625cc1ede236d3d4672403c,semantic-threshold,hybrid,knapsack,40%,0.4,2402,960,933,0.3884263114071607,0.6115736885928393,0.971875,1.8941082807881047,1.0,1.0,0.75,0.75,0.3151515151515152,0.3151515151515152,0.0,0.0,0.0
1809.09194,a5e49cdb91d9fd0ca625cc1ede236d3d4672403c,semantic-threshold,hybrid,knapsack,60%,0.6,2402,1441,1082,0.4504579517069109,0.5495420482930891,0.7508674531575295,2.66667349846497,1.0,1.0,0.875,0.875,0.3909090909090909,0.3909090909090909,0.0,0.0,0.0
1809.09194,a5e49cdb91d9fd0ca625cc1ede236d3d4672403c,semantic-threshold,hybrid,knapsack,80%,0.8,2402,1921,1751,0.7289758534554538,0.2710241465445462,0.911504424778761,3.4811219546525245,1.0,1.0,1.0,1.0,1.0,1.0,1.0,1.0,1.0
1809.09194,a5e49cdb91d9fd0ca625cc1ede236d3d4672403c,semantic-threshold,hybrid,knapsack,100%,1.0,2402,2402,2369,0.9862614487926727,0.013738551207327254,0.9862614487926727,4.0477900198232115,1.0,1.0,1.0,1.0,1.0,1.0,1.0,1.0,1.0
1604.05372,aefa333b2cf0a4000cd40566149816f5b36135e7,semantic-threshold,hybrid,knapsack,20%,0.2,3539,707,691,0.19525289629838938,0.8047471037016106,0.9773691654879774,1.4912515925374132,1.0,1.0,1.0,1.0,1.0,1.0,1.0,1.0,1.0
1604.05372,aefa333b2cf0a4000cd40566149816f5b36135e7,semantic-threshold,hybrid,knapsack,40%,0.4,3539,1415,1283,0.362531788640859,0.637468211359141,0.9067137809187279,2.289552463999935,1.0,1.0,1.0,1.0,1.0,1.0,1.0,1.0,1.0
1604.05372,aefa333b2cf0a4000cd40566149816f5b36135e7,semantic-threshold,hybrid,knapsack,60%,0.6,3539,2123,1964,0.554959027974004,0.445040972025996,0.9251059821008007,2.9823140961043815,1.0,1.0,1.0,1.0,1.0,1.0,1.0,1.0,1.0
1604.05372,aefa333b2cf0a4000cd40566149816f5b36135e7,semantic-threshold,hybrid,knapsack,80%,0.8,3539,2831,2663,0.7524724498445888,0.24752755015541117,0.9406570116566584,3.3692902106504334,1.0,1.0,1.0,1.0,1.0,1.0,1.0,1.0,1.0
1604.05372,aefa333b2cf0a4000cd40566149816f5b36135e7,semantic-threshold,hybrid,knapsack,100%,1.0,3539,3539,3539,1.0,0.0,1.0,3.8207878037167444,1.0,1.0,1.0,1.0,1.0,1.0,1.0,1.0,1.0
2002.08795,eb2d5edcdfe18bd708348283f92a32294bb193a5,semantic-threshold,hybrid,knapsack,20%,0.2,3193,638,322,0.10084559974945193,0.899154400250548,0.5047021943573667,0.9134568010397977,1.0,1.0,1.0,1.0,0.24242424242424243,0.24242424242424243,1.0,0.0,0.0
2002.08795,eb2d5edcdfe18bd708348283f92a32294bb193a5,semantic-threshold,hybrid,knapsack,40%,0.4,3193,1277,1110,0.3476354525524585,0.6523645474475415,0.8692247454972593,1.5463931445229104,1.0,1.0,1.0,1.0,0.45454545454545453,0.45454545454545453,1.0,0.0,0.0
2002.08795,eb2d5edcdfe18bd708348283f92a32294bb193a5,semantic-threshold,hybrid,knapsack,60%,0.6,3193,1915,1832,0.5737550892577513,0.4262449107422487,0.9566579634464752,1.9255203007996293,1.0,1.0,1.0,1.0,0.5353535353535354,0.5353535353535354,1.0,0.0,0.0
2002.08795,eb2d5edcdfe18bd708348283f92a32294bb193a5,semantic-threshold,hybrid,knapsack,80%,0.8,3193,2554,2327,0.7287817099906044,0.27121829000939557,0.9111198120595145,2.0619999556944206,1.0,1.0,1.0,1.0,1.0,1.0,1.0,1.0,1.0
2002.08795,eb2d5edcdfe18bd708348283f92a32294bb193a5,semantic-threshold,hybrid,knapsack,100%,1.0,3193,3193,2327,0.7287817099906044,0.27121829000939557,0.7287817099906044,2.0619999556944206,1.0,1.0,1.0,1.0,1.0,1.0,1.0,1.0,1.0
2002.08795,88ab7811662157680144ed3fdd00939e36552672,semantic-threshold,hybrid,knapsack,20%,0.2,3193,638,322,0.10084559974945193,0.899154400250548,0.5047021943573667,1.065449438065818,1.0,1.0,0.25,0.25,0.21311475409836064,0.21311475409836064,0.0,0.0,0.0
2002.08795,88ab7811662157680144ed3fdd00939e36552672,semantic-threshold,hybrid,knapsack,40%,0.4,3193,1277,1110,0.3476354525524585,0.6523645474475415,0.8692247454972593,1.752576135090047,1.0,1.0,0.6,0.6,0.4098360655737705,0.4098360655737705,0.0,0.0,0.0
2002.08795,88ab7811662157680144ed3fdd00939e36552672,semantic-threshold,hybrid,knapsack,60%,0.6,3193,1915,1605,0.5026620732853117,0.49733792671468835,0.8381201044386423,2.159659231575264,1.0,1.0,1.0,1.0,1.0,1.0,1.0,1.0,1.0
2002.08795,88ab7811662157680144ed3fdd00939e36552672,semantic-threshold,hybrid,knapsack,80%,0.8,3193,2554,2472,0.7741935483870968,0.22580645161290325,0.9678935003915426,2.5675956144728644,1.0,1.0,1.0,1.0,1.0,1.0,1.0,1.0,1.0
2002.08795,88ab7811662157680144ed3fdd00939e36552672,semantic-threshold,hybrid,knapsack,100%,1.0,3193,3193,2472,0.7741935483870968,0.22580645161290325,0.7741935483870968,2.5675956144728644,1.0,1.0,1.0,1.0,1.0,1.0,1.0,1.0,1.0
1802.06024,286078813136943dfafb5155ee15d2429e7601d9,semantic-threshold,hybrid,knapsack,20%,0.2,8423,1684,1475,0.17511575448177608,0.8248842455182239,0.8758907363420427,2.586372066204698,0.75,1.0,0.7,0.9333333333333332,1.0,1.0,1.0,1.0,1.0
1802.06024,286078813136943dfafb5155ee15d2429e7601d9,semantic-threshold,hybrid,knapsack,40%,0.4,8423,3369,3256,0.3865606078594325,0.6134393921405674,0.9664588898783022,4.488360074625198,0.75,1.0,0.75,1.0,1.0,1.0,1.0,1.0,1.0
1802.06024,286078813136943dfafb5155ee15d2429e7601d9,semantic-threshold,hybrid,knapsack,60%,0.6,8423,5053,4620,0.5484981598005462,0.45150184019945383,0.914308331684148,5.717923464769054,0.75,1.0,0.75,1.0,1.0,1.0,1.0,1.0,1.0
1802.06024,286078813136943dfafb5155ee15d2429e7601d9,semantic-threshold,hybrid,knapsack,80%,0.8,8423,6738,6725,0.7984091178914876,0.2015908821085124,0.9980706441080439,7.251931313780654,0.75,1.0,0.75,1.0,1.0,1.0,1.0,1.0,1.0
1802.06024,286078813136943dfafb5155ee15d2429e7601d9,semantic-threshold,hybrid,knapsack,100%,1.0,8423,8423,8380,0.9948949305473109,0.0051050694526890705,0.9948949305473109,8.102179930012282,0.75,1.0,0.75,1.0,1.0,1.0,1.0,1.0,1.0
1802.06024,8f16dc7d7be0d284069841e456ebb2c69575b32b,semantic-threshold,hybrid,knapsack,20%,0.2,8423,1684,1420,0.16858601448415053,0.8314139855158494,0.8432304038004751,2.989210206667777,1.0,1.0,1.0,1.0,1.0,1.0,1.0,1.0,1.0
1802.06024,8f16dc7d7be0d284069841e456ebb2c69575b32b,semantic-threshold,hybrid,knapsack,40%,0.4,8423,3369,3348,0.3974830820372789,0.6025169179627211,0.993766696349065,4.962094236952063,1.0,1.0,1.0,1.0,1.0,1.0,1.0,1.0,1.0
1802.06024,8f16dc7d7be0d284069841e456ebb2c69575b32b,semantic-threshold,hybrid,knapsack,60%,0.6,8423,5053,5004,0.5940876172385136,0.40591238276148645,0.9903027904215318,6.474460719954259,1.0,1.0,1.0,1.0,1.0,1.0,1.0,1.0,1.0
1802.06024,8f16dc7d7be0d284069841e456ebb2c69575b32b,semantic-threshold,hybrid,knapsack,80%,0.8,8423,6738,6725,0.7984091178914876,0.2015908821085124,0.9980706441080439,8.083314417428502,1.0,1.0,1.0,1.0,1.0,1.0,1.0,1.0,1.0
1802.06024,8f16dc7d7be0d284069841e456ebb2c69575b32b,semantic-threshold,hybrid,knapsack,100%,1.0,8423,8423,8380,0.9948949305473109,0.0051050694526890705,0.9948949305473109,9.282483446136514,1.0,1.0,1.0,1.0,1.0,1.0,1.0,1.0,1.0
1802.06024,a7d020120a45c39bee624f65443e09b895c10533,semantic-threshold,hybrid,knapsack,20%,0.2,8423,1684,1592,0.1890062922949068,0.8109937077050932,0.9453681710213777,2.445873311860812,1.0,1.0,1.0,1.0,1.0,1.0,1.0,1.0,1.0
1802.06024,a7d020120a45c39bee624f65443e09b895c10533,semantic-threshold,hybrid,knapsack,40%,0.4,8423,3369,3290,0.39059717440341923,0.6094028255965808,0.9765509053131493,4.180510136479278,1.0,1.0,1.0,1.0,1.0,1.0,1.0,1.0,1.0
1802.06024,a7d020120a45c39bee624f65443e09b895c10533,semantic-threshold,hybrid,knapsack,60%,0.6,8423,5053,4794,0.5691558827021251,0.43084411729787486,0.9487433207995251,5.300647485135206,1.0,1.0,1.0,1.0,1.0,1.0,1.0,1.0,1.0
1802.06024,a7d020120a45c39bee624f65443e09b895c10533,semantic-threshold,hybrid,knapsack,80%,0.8,8423,6738,6725,0.7984091178914876,0.2015908821085124,0.9980706441080439,6.648587609053404,1.0,1.0,1.0,1.0,1.0,1.0,1.0,1.0,1.0
1802.06024,a7d020120a45c39bee624f65443e09b895c10533,semantic-threshold,hybrid,knapsack,100%,1.0,8423,8423,8380,0.9948949305473109,0.0051050694526890705,0.9948949305473109,7.353864453201152,1.0,1.0,1.0,1.0,1.0,1.0,1.0,1.0,1.0
1802.06024,585626d18a20d304ae7df228c2128da542d248ff,semantic-threshold,hybrid,knapsack,20%,0.2,8423,1684,1676,0.19897898610946219,0.8010210138905378,0.995249406175772,2.3219876396573067,1.0,1.0,0.25,0.25,0.4722222222222222,0.4722222222222222,0.0,0.0,0.0
1802.06024,585626d18a20d304ae7df228c2128da542d248ff,semantic-threshold,hybrid,knapsack,40%,0.4,8423,3369,3326,0.3948711860382287,0.6051288139617713,0.9872365687147522,4.074372714578,1.0,1.0,0.25,0.25,0.6111111111111112,0.6111111111111112,0.0,0.0,0.0
1802.06024,585626d18a20d304ae7df228c2128da542d248ff,semantic-threshold,hybrid,knapsack,60%,0.6,8423,5053,4942,0.5867268194230084,0.4132731805769916,0.978032851771225,5.224344340854139,1.0,1.0,1.0,1.0,1.0,1.0,1.0,1.0,1.0
1802.06024,585626d18a20d304ae7df228c2128da542d248ff,semantic-threshold,hybrid,knapsack,80%,0.8,8423,6738,6662,0.790929597530571,0.20907040246942898,0.9887206886316414,6.273450732779198,1.0,1.0,1.0,1.0,1.0,1.0,1.0,1.0,1.0
1802.06024,585626d18a20d304ae7df228c2128da542d248ff,semantic-threshold,hybrid,knapsack,100%,1.0,8423,8423,8259,0.9805295025525347,0.019470497447465318,0.9805295025525347,6.960195223051031,1.0,1.0,1.0,1.0,1.0,1.0,1.0,1.0,1.0
1802.06024,bfc2dc913e7b78f3bd45e5449d71383d0aa4a890,semantic-threshold,hybrid,knapsack,20%,0.2,8423,1684,1420,0.16858601448415053,0.8314139855158494,0.8432304038004751,2.9206894066253555,0.9142857142857143,1.0,0.7714285714285715,0.8437500000000001,1.0,1.0,0.0,1.0,0.0
1802.06024,bfc2dc913e7b78f3bd45e5449d71383d0aa4a890,semantic-threshold,hybrid,knapsack,40%,0.4,8423,3369,3290,0.39059717440341923,0.6094028255965808,0.9765509053131493,5.186984716259208,0.9142857142857143,1.0,0.8571428571428571,0.9375,1.0,1.0,1.0,1.0,1.0
1802.06024,bfc2dc913e7b78f3bd45e5449d71383d0aa4a890,semantic-threshold,hybrid,knapsack,60%,0.6,8423,5053,4784,0.5679686572480114,0.4320313427519886,0.9467642984365723,6.590101956508653,0.9142857142857143,1.0,0.9142857142857143,1.0,1.0,1.0,1.0,1.0,1.0
1802.06024,bfc2dc913e7b78f3bd45e5449d71383d0aa4a890,semantic-threshold,hybrid,knapsack,80%,0.8,8423,6738,6725,0.7984091178914876,0.2015908821085124,0.9980706441080439,8.2093508791971,0.9142857142857143,1.0,0.9142857142857143,1.0,1.0,1.0,1.0,1.0,1.0
1802.06024,bfc2dc913e7b78f3bd45e5449d71383d0aa4a890,semantic-threshold,hybrid,knapsack,100%,1.0,8423,8423,8380,0.9948949305473109,0.0051050694526890705,0.9948949305473109,8.938503901307351,0.9142857142857143,1.0,0.9142857142857143,1.0,1.0,1.0,1.0,1.0,1.0
1809.00530,b46c0015a122ee5fb95c2a45691cb97f80de1bb6,semantic-threshold,hybrid,knapsack,20%,0.2,6869,1373,1326,0.19304119959237154,0.8069588004076285,0.965768390386016,2.8317436842171824,1.0,1.0,0.6666666666666666,0.6666666666666666,0.6904761904761905,0.6904761904761905,0.0,0.0,0.0
1809.00530,b46c0015a122ee5fb95c2a45691cb97f80de1bb6,semantic-threshold,hybrid,knapsack,40%,0.4,6869,2747,2735,0.39816567185907703,0.601834328140923,0.9956315981070258,4.3943192930383335,1.0,1.0,0.6666666666666666,0.6666666666666666,0.7777777777777778,0.7777777777777778,0.0,0.0,0.0
1809.00530,b46c0015a122ee5fb95c2a45691cb97f80de1bb6,semantic-threshold,hybrid,knapsack,60%,0.6,6869,4121,4081,0.5941185034211676,0.40588149657883243,0.9902936180538704,5.690790149581848,1.0,1.0,1.0,1.0,1.0,1.0,1.0,1.0,1.0
1809.00530,b46c0015a122ee5fb95c2a45691cb97f80de1bb6,semantic-threshold,hybrid,knapsack,80%,0.8,6869,5495,5483,0.7982239044984714,0.20177609550152864,0.9978161965423112,7.018302771056217,1.0,1.0,1.0,1.0,1.0,1.0,1.0,1.0,1.0
1809.00530,b46c0015a122ee5fb95c2a45691cb97f80de1bb6,semantic-threshold,hybrid,knapsack,100%,1.0,6869,6869,6737,0.9807832289998544,0.019216771000145627,0.9807832289998544,8.21581867937193,1.0,1.0,1.0,1.0,1.0,1.0,1.0,1.0,1.0
1809.00530,5b7a4994bfdbf8882f391adf1cd2218dbc2255a0,semantic-threshold,hybrid,knapsack,20%,0.2,6869,1373,1326,0.19304119959237154,0.8069588004076285,0.965768390386016,3.434002293812378,1.0,1.0,0.5714285714285714,0.5714285714285714,0.7576851218956484,0.7576851218956484,0.0,0.0,0.0
1809.00530,5b7a4994bfdbf8882f391adf1cd2218dbc2255a0,semantic-threshold,hybrid,knapsack,40%,0.4,6869,2747,2660,0.38724705197263065,0.6127529480273693,0.9683290862759374,4.940208494741605,1.0,1.0,1.0,1.0,1.0,1.0,1.0,1.0,1.0
1809.00530,5b7a4994bfdbf8882f391adf1cd2218dbc2255a0,semantic-threshold,hybrid,knapsack,60%,0.6,6869,4121,4053,0.5900422186635609,0.4099577813364391,0.9834991506915797,6.228483414579037,1.0,1.0,1.0,1.0,1.0,1.0,1.0,1.0,1.0
1809.00530,5b7a4994bfdbf8882f391adf1cd2218dbc2255a0,semantic-threshold,hybrid,knapsack,80%,0.8,6869,5495,5455,0.7941476197408648,0.20585238025913521,0.9927206551410374,7.393676443058528,1.0,1.0,1.0,1.0,1.0,1.0,1.0,1.0,1.0
1809.00530,5b7a4994bfdbf8882f391adf1cd2218dbc2255a0,semantic-threshold,hybrid,knapsack,100%,1.0,6869,6869,6737,0.9807832289998544,0.019216771000145627,0.9807832289998544,8.431268609623048,1.0,1.0,1.0,1.0,1.0,1.0,1.0,1.0,1.0
1809.00530,9176d2ba1c638cdec334971c4c7f1bb959495a8e,semantic-threshold,hybrid,knapsack,20%,0.2,6869,1373,1326,0.19304119959237154,0.8069588004076285,0.965768390386016,3.671871534509568,1.0,1.0,0.9090909090909091,0.9090909090909091,1.0,1.0,1.0,1.0,1.0
1809.00530,9176d2ba1c638cdec334971c4c7f1bb959495a8e,semantic-threshold,hybrid,knapsack,40%,0.4,6869,2747,2719,0.39583636628330177,0.6041636337166982,0.9898070622497269,5.375867118459062,1.0,1.0,0.9090909090909091,0.9090909090909091,1.0,1.0,1.0,1.0,1.0
1809.00530,9176d2ba1c638cdec334971c4c7f1bb959495a8e,semantic-threshold,hybrid,knapsack,60%,0.6,6869,4121,4120,0.5997961857621197,0.4002038142378803,0.9997573404513468,6.9206676081062435,1.0,1.0,0.9090909090909091,0.9090909090909091,1.0,1.0,1.0,1.0,1.0
1809.00530,9176d2ba1c638cdec334971c4c7f1bb959495a8e,semantic-threshold,hybrid,knapsack,80%,0.8,6869,5495,5391,0.7848303974377638,0.21516960256223616,0.981073703366697,8.400699862430457,1.0,1.0,1.0,1.0,1.0,1.0,1.0,1.0,1.0
1809.00530,9176d2ba1c638cdec334971c4c7f1bb959495a8e,semantic-threshold,hybrid,knapsack,100%,1.0,6869,6869,6737,0.9807832289998544,0.019216771000145627,0.9807832289998544,9.591060471391044,1.0,1.0,1.0,1.0,1.0,1.0,1.0,1.0,1.0
1710.07960,0ba3ea93eef5660a79ea3c26c6a270eac32dfa4c,semantic-threshold,hybrid,knapsack,20%,0.2,4988,997,965,0.1934643143544507,0.8065356856455493,0.9679037111334002,2.403783482922177,0.0,1.0,0.0,0.0,0.44680851063829785,0.44680851063829785,0.0,0.0,0.0
1710.07960,0ba3ea93eef5660a79ea3c26c6a270eac32dfa4c,semantic-threshold,hybrid,knapsack,40%,0.4,4988,1995,1865,0.37389735364875704,0.6261026463512429,0.9348370927318296,3.7217228815571857,0.0,1.0,0.0,0.0,0.5319148936170213,0.5319148936170213,0.0,0.0,0.0
1710.07960,0ba3ea93eef5660a79ea3c26c6a270eac32dfa4c,semantic-threshold,hybrid,knapsack,60%,0.6,4988,2992,2864,0.5741780272654371,0.4258219727345629,0.9572192513368984,4.576013413977027,0.0,1.0,0.0,0.0,0.6170212765957447,0.6170212765957447,0.0,0.0,0.0
1710.07960,0ba3ea93eef5660a79ea3c26c6a270eac32dfa4c,semantic-threshold,hybrid,knapsack,80%,0.8,4988,3990,3957,0.7933039294306335,0.20669607056936645,0.9917293233082707,5.523368060066871,0.0,1.0,0.0,0.0,0.6170212765957447,0.6170212765957447,0.0,0.0,0.0
1710.07960,0ba3ea93eef5660a79ea3c26c6a270eac32dfa4c,semantic-threshold,hybrid,knapsack,100%,1.0,4988,4988,4856,0.9735364875701684,0.02646351242983158,0.9735364875701684,6.209956706571474,0.0,1.0,0.0,0.0,1.0,1.0,0.0,1.0,0.0
1710.07960,5e324846a99a5573cd2e843d1657e87f4eb22fa6,semantic-threshold,hybrid,knapsack,20%,0.2,4988,997,912,0.18283881315156375,0.8171611868484363,0.9147442326980942,2.4724722221964046,0.7142857142857143,1.0,0.2857142857142857,0.39999999999999997,0.6054541198501873,0.6054541198501873,0.0,0.0,0.0
1710.07960,5e324846a99a5573cd2e843d1657e87f4eb22fa6,semantic-threshold,hybrid,knapsack,40%,0.4,4988,1995,1815,0.36387329591018447,0.6361267040898155,0.9097744360902256,3.7114067106412807,0.7142857142857143,1.0,0.5714285714285714,0.7999999999999999,0.7056413857677903,0.7056413857677903,0.0,0.0,0.0
1710.07960,5e324846a99a5573cd2e843d1657e87f4eb22fa6,semantic-threshold,hybrid,knapsack,60%,0.6,4988,2992,2917,0.584803528468324,0.41519647153167605,0.9749331550802139,4.797164544446589,0.7142857142857143,1.0,0.5714285714285714,0.7999999999999999,0.9166666666666667,0.9166666666666667,0.0,1.0,0.0
1710.07960,5e324846a99a5573cd2e843d1657e87f4eb22fa6,semantic-threshold,hybrid,knapsack,80%,0.8,4988,3990,3942,0.7902967121090617,0.20970328789093828,0.98796992481203,5.971800760412145,0.7142857142857143,1.0,0.7142857142857143,1.0,1.0,1.0,1.0,1.0,1.0
1710.07960,5e324846a99a5573cd2e843d1657e87f4eb22fa6,semantic-threshold,hybrid,knapsack,100%,1.0,4988,4988,4806,0.9635124298315958,0.036487570168404204,0.9635124298315958,6.807637021310273,0.7142857142857143,1.0,0.7142857142857143,1.0,1.0,1.0,1.0,1.0,1.0
1912.03804,2ccc26e11df4eb26fcccdd1f446dc749aff5d572,semantic-threshold,hybrid,knapsack,20%,0.2,4765,953,935,0.19622245540398742,0.8037775445960126,0.9811122770199371,2.036769855221276,0.0,1.0,0.0,0.0,0.3091931216931217,0.3091931216931217,0.0,0.0,0.0
1912.03804,2ccc26e11df4eb26fcccdd1f446dc749aff5d572,semantic-threshold,hybrid,knapsack,40%,0.4,4765,1906,1847,0.3876180482686254,0.6123819517313747,0.9690451206715635,3.164876061483952,0.0,1.0,0.0,0.0,1.0,1.0,0.0,1.0,0.0
1912.03804,2ccc26e11df4eb26fcccdd1f446dc749aff5d572,semantic-threshold,hybrid,knapsack,60%,0.6,4765,2859,2803,0.5882476390346275,0.4117523609653725,0.9804127317243791,4.061376139446181,0.0,1.0,0.0,0.0,1.0,1.0,0.0,1.0,0.0
1912.03804,2ccc26e11df4eb26fcccdd1f446dc749aff5d572,semantic-threshold,hybrid,knapsack,80%,0.8,4765,3812,3740,0.7848898216159497,0.21511017838405033,0.9811122770199371,5.085237178451466,0.0,1.0,0.0,0.0,1.0,1.0,0.0,1.0,0.0
1912.03804,2ccc26e11df4eb26fcccdd1f446dc749aff5d572,semantic-threshold,hybrid,knapsack,100%,1.0,4765,4765,4765,1.0,0.0,1.0,5.728777751443089,0.0,1.0,0.0,0.0,1.0,1.0,0.0,1.0,0.0
1912.03804,f318a2851d7061f05a5b32b94251f943480fbd15,semantic-threshold,hybrid,knapsack,20%,0.2,4765,953,935,0.19622245540398742,0.8037775445960126,0.9811122770199371,1.7436212457193931,1.0,1.0,1.0,1.0,1.0,1.0,1.0,1.0,1.0
1912.03804,f318a2851d7061f05a5b32b94251f943480fbd15,semantic-threshold,hybrid,knapsack,40%,0.4,4765,1906,1872,0.3928646379853096,0.6071353620146904,0.9821615949632738,3.1385052052568616,1.0,1.0,1.0,1.0,1.0,1.0,1.0,1.0,1.0
1912.03804,f318a2851d7061f05a5b32b94251f943480fbd15,semantic-threshold,hybrid,knapsack,60%,0.6,4765,2859,2706,0.567890870933893,0.432109129066107,0.9464847848898216,4.129976682758874,1.0,1.0,1.0,1.0,1.0,1.0,1.0,1.0,1.0
1912.03804,f318a2851d7061f05a5b32b94251f943480fbd15,semantic-threshold,hybrid,knapsack,80%,0.8,4765,3812,3780,0.7932843651626443,0.20671563483735567,0.9916054564533053,5.281889401760849,1.0,1.0,1.0,1.0,1.0,1.0,1.0,1.0,1.0
1912.03804,f318a2851d7061f05a5b32b94251f943480fbd15,semantic-threshold,hybrid,knapsack,100%,1.0,4765,4765,4765,1.0,0.0,1.0,6.143041161608084,1.0,1.0,1.0,1.0,1.0,1.0,1.0,1.0,1.0
1912.03804,6bbbb9933aab97ce2342200447c6322527427061,semantic-threshold,hybrid,knapsack,20%,0.2,4765,953,919,0.19286463798530956,0.8071353620146904,0.9643231899265478,1.251747843842905,0.8,1.0,0.0,0.0,0.3698630136986301,0.3698630136986301,0.0,0.0,0.0
1912.03804,6bbbb9933aab97ce2342200447c6322527427061,semantic-threshold,hybrid,knapsack,40%,0.4,4765,1906,1813,0.38048268625393494,0.619517313746065,0.9512067156348374,2.4813150506766792,0.8,1.0,0.0,0.0,0.410958904109589,0.410958904109589,0.0,0.0,0.0
1912.03804,6bbbb9933aab97ce2342200447c6322527427061,semantic-threshold,hybrid,knapsack,60%,0.6,4765,2859,2798,0.5871983210912907,0.41280167890870934,0.9786638684854845,3.1469332679534383,0.8,1.0,0.8,1.0,1.0,1.0,1.0,1.0,1.0
1912.03804,6bbbb9933aab97ce2342200447c6322527427061,semantic-threshold,hybrid,knapsack,80%,0.8,4765,3812,3549,0.7448058761804827,0.25519412381951734,0.9310073452256034,3.663188121964405,0.8,1.0,0.8,1.0,1.0,1.0,1.0,1.0,1.0
1912.03804,6bbbb9933aab97ce2342200447c6322527427061,semantic-threshold,hybrid,knapsack,100%,1.0,4765,4765,4765,1.0,0.0,1.0,3.9099126459562172,0.8,1.0,0.8,1.0,1.0,1.0,1.0,1.0,1.0
1912.03804,2007bfb8f66e88a235c3a8d8c0a3b3dd88734706,semantic-threshold,hybrid,knapsack,20%,0.2,4765,953,894,0.18761804826862538,0.8123819517313746,0.938090241343127,1.4411895525941103,1.0,1.0,1.0,1.0,1.0,1.0,1.0,1.0,1.0
1912.03804,2007bfb8f66e88a235c3a8d8c0a3b3dd88734706,semantic-threshold,hybrid,knapsack,40%,0.4,4765,1906,1890,0.39664218258132217,0.6033578174186778,0.9916054564533053,2.5144367973480093,1.0,1.0,1.0,1.0,1.0,1.0,1.0,1.0,1.0
1912.03804,2007bfb8f66e88a235c3a8d8c0a3b3dd88734706,semantic-threshold,hybrid,knapsack,60%,0.6,4765,2859,2838,0.5955928646379853,0.40440713536201467,0.9926547743966422,3.4275371175024096,1.0,1.0,1.0,1.0,1.0,1.0,1.0,1.0,1.0
1912.03804,2007bfb8f66e88a235c3a8d8c0a3b3dd88734706,semantic-threshold,hybrid,knapsack,80%,0.8,4765,3812,3589,0.7532004197271773,0.24679958027282267,0.9415005246589717,3.999843063747351,1.0,1.0,1.0,1.0,1.0,1.0,1.0,1.0,1.0
1912.03804,2007bfb8f66e88a235c3a8d8c0a3b3dd88734706,semantic-threshold,hybrid,knapsack,100%,1.0,4765,4765,4765,1.0,0.0,1.0,4.419022455339538,1.0,1.0,1.0,1.0,1.0,1.0,1.0,1.0,1.0
1912.03804,d859cc37799a508bbbe4270ed291ca6394afce2c,semantic-threshold,hybrid,knapsack,20%,0.2,4765,953,935,0.19622245540398742,0.8037775445960126,0.9811122770199371,1.59213996630085,1.0,1.0,1.0,1.0,1.0,1.0,1.0,1.0,1.0
1912.03804,d859cc37799a508bbbe4270ed291ca6394afce2c,semantic-threshold,hybrid,knapsack,40%,0.4,4765,1906,1818,0.3815320041972718,0.6184679958027282,0.9538300104931794,2.5992680554807794,1.0,1.0,1.0,1.0,0.4508158508158508,0.4508158508158508,1.0,0.0,0.0
1912.03804,d859cc37799a508bbbe4270ed291ca6394afce2c,semantic-threshold,hybrid,knapsack,60%,0.6,4765,2859,2744,0.5758656873032529,0.42413431269674706,0.9597761455054215,3.4859258497411205,1.0,1.0,1.0,1.0,0.7692307692307692,0.7692307692307692,1.0,0.0,0.0
1912.03804,d859cc37799a508bbbe4270ed291ca6394afce2c,semantic-threshold,hybrid,knapsack,80%,0.8,4765,3812,3711,0.7788037775445961,0.22119622245540393,0.973504721930745,4.109547953960084,1.0,1.0,1.0,1.0,0.7575757575757576,0.7575757575757576,1.0,0.0,0.0
1912.03804,d859cc37799a508bbbe4270ed291ca6394afce2c,semantic-threshold,hybrid,knapsack,100%,1.0,4765,4765,4765,1.0,0.0,1.0,4.570925082697215,1.0,1.0,1.0,1.0,1.0,1.0,1.0,1.0,1.0
1912.08960,50e80cfa84200717921840fddcf3b051a9216ad8,semantic-threshold,hybrid,knapsack,20%,0.2,4593,918,885,0.19268451992161986,0.8073154800783802,0.9640522875816994,1.5299007433763918,0.0,1.0,0.0,0.0,0.4222222222222222,0.4222222222222222,0.0,0.0,0.0
1912.08960,50e80cfa84200717921840fddcf3b051a9216ad8,semantic-threshold,hybrid,knapsack,40%,0.4,4593,1837,1803,0.3925538863487916,0.6074461136512084,0.9814915623298857,2.411184961364843,0.0,1.0,0.0,0.0,0.5333333333333333,0.5333333333333333,0.0,0.0,0.0
1912.08960,50e80cfa84200717921840fddcf3b051a9216ad8,semantic-threshold,hybrid,knapsack,60%,0.6,4593,2755,2595,0.5649902024820379,0.4350097975179621,0.941923774954628,3.3107823415680118,0.0,1.0,0.0,0.0,1.0,1.0,0.0,1.0,0.0
1912.08960,50e80cfa84200717921840fddcf3b051a9216ad8,semantic-threshold,hybrid,knapsack,80%,0.8,4593,3674,3670,0.7990420204659264,0.20095797953407357,0.9989112683723462,4.168959207652015,0.0,1.0,0.0,0.0,1.0,1.0,0.0,1.0,0.0
1912.08960,50e80cfa84200717921840fddcf3b051a9216ad8,semantic-threshold,hybrid,knapsack,100%,1.0,4593,4593,4277,0.9311996516438058,0.0688003483561942,0.9311996516438058,4.598453473043344,0.0,1.0,0.0,0.0,1.0,1.0,0.0,1.0,0.0
1912.08960,b1bc9ae9d40e7065343c12f860a461c7c730a612,semantic-threshold,hybrid,knapsack,20%,0.2,4593,918,796,0.1733072066187677,0.8266927933812322,0.8671023965141612,1.511023628554228,0.5454545454545454,1.0,0.18181818181818182,0.33333333333333337,0.43661971830985913,0.43661971830985913,0.0,0.0,0.0
1912.08960,b1bc9ae9d40e7065343c12f860a461c7c730a612,semantic-threshold,hybrid,knapsack,40%,0.4,4593,1837,1805,0.39298933159155236,0.6070106684084476,0.9825802939575394,2.7744437638660098,0.5454545454545454,1.0,0.45454545454545453,0.8333333333333334,1.0,1.0,0.0,1.0,0.0
1912.08960,b1bc9ae9d40e7065343c12f860a461c7c730a612,semantic-threshold,hybrid,knapsack,60%,0.6,4593,2755,2531,0.5510559547136947,0.44894404528630527,0.9186932849364792,3.5775849324376714,0.5454545454545454,1.0,0.5454545454545454,1.0,1.0,1.0,1.0,1.0,1.0
1912.08960,b1bc9ae9d40e7065343c12f860a461c7c730a612,semantic-threshold,hybrid,knapsack,80%,0.8,4593,3674,3588,0.7811887655127367,0.21881123448726325,0.9765922700054437,4.382018729492288,0.5454545454545454,1.0,0.5454545454545454,1.0,1.0,1.0,1.0,1.0,1.0
1912.08960,b1bc9ae9d40e7065343c12f860a461c7c730a612,semantic-threshold,hybrid,knapsack,100%,1.0,4593,4593,4277,0.9311996516438058,0.0688003483561942,0.9311996516438058,4.8716150421680995,0.5454545454545454,1.0,0.5454545454545454,1.0,1.0,1.0,1.0,1.0,1.0
1912.08960,63a1cbe66fd58ff0ead895a8bac1198c38c008aa,semantic-threshold,hybrid,knapsack,20%,0.2,4593,918,885,0.19268451992161986,0.8073154800783802,0.9640522875816994,1.5065773173017682,1.0,1.0,0.0,0.0,0.24489795918367346,0.24489795918367346,0.0,0.0,0.0
1912.08960,63a1cbe66fd58ff0ead895a8bac1198c38c008aa,semantic-threshold,hybrid,knapsack,40%,0.4,4593,1837,1784,0.38841715654256476,0.6115828434574353,0.9711486118671747,2.7832185522660007,1.0,1.0,1.0,1.0,1.0,1.0,1.0,1.0,1.0
1912.08960,63a1cbe66fd58ff0ead895a8bac1198c38c008aa,semantic-threshold,hybrid,knapsack,60%,0.6,4593,2755,2510,0.5464837796647072,0.4535162203352928,0.911070780399274,3.5355680750265464,1.0,1.0,1.0,1.0,1.0,1.0,1.0,1.0,1.0
1912.08960,63a1cbe66fd58ff0ead895a8bac1198c38c008aa,semantic-threshold,hybrid,knapsack,80%,0.8,4593,3674,3670,0.7990420204659264,0.20095797953407357,0.9989112683723462,4.423768442462158,1.0,1.0,1.0,1.0,1.0,1.0,1.0,1.0,1.0
1912.08960,63a1cbe66fd58ff0ead895a8bac1198c38c008aa,semantic-threshold,hybrid,knapsack,100%,1.0,4593,4593,3987,0.8680600914435009,0.13193990855649906,0.8680600914435009,4.585842681340544,1.0,1.0,1.0,1.0,1.0,1.0,1.0,1.0,1.0
1912.08960,509af1f11bd6f3db59284258e18fdfebe86cae47,semantic-threshold,hybrid,knapsack,20%,0.2,4593,918,853,0.1857173960374483,0.8142826039625517,0.9291938997821351,1.4958854069011485,1.0,1.0,1.0,1.0,1.0,1.0,1.0,1.0,1.0
1912.08960,509af1f11bd6f3db59284258e18fdfebe86cae47,semantic-threshold,hybrid,knapsack,40%,0.4,4593,1837,1802,0.39233616372741126,0.6076638362725888,0.9809471965160588,2.4010899628282396,1.0,1.0,0.2857142857142857,0.2857142857142857,0.6222222222222222,0.6222222222222222,0.0,0.0,0.0
1912.08960,509af1f11bd6f3db59284258e18fdfebe86cae47,semantic-threshold,hybrid,knapsack,60%,0.6,4593,2755,2661,0.5793598954931417,0.4206401045068583,0.9658802177858439,3.4023890881002776,1.0,1.0,1.0,1.0,1.0,1.0,1.0,1.0,1.0
1912.08960,509af1f11bd6f3db59284258e18fdfebe86cae47,semantic-threshold,hybrid,knapsack,80%,0.8,4593,3674,3638,0.7920748965817549,0.2079251034182451,0.9902014153511159,4.222296560228499,1.0,1.0,1.0,1.0,1.0,1.0,1.0,1.0,1.0
1912.08960,509af1f11bd6f3db59284258e18fdfebe86cae47,semantic-threshold,hybrid,knapsack,100%,1.0,4593,4593,3987,0.8680600914435009,0.13193990855649906,0.8680600914435009,4.426996867570682,1.0,1.0,1.0,1.0,1.0,1.0,1.0,1.0,1.0
2002.11910,23e16c1173b7def2c5cb56053b57047c9971e3bb,semantic-threshold,hybrid,knapsack,20%,0.2,2337,467,442,0.1891313649978605,0.8108686350021395,0.9464668094218416,0.7728951991848447,1.0,1.0,1.0,1.0,0.8076923076923077,0.8076923076923077,1.0,1.0,1.0
2002.11910,23e16c1173b7def2c5cb56053b57047c9971e3bb,semantic-threshold,hybrid,knapsack,40%,0.4,2337,934,872,0.37312794180573383,0.6268720581942662,0.9336188436830836,1.1374697611032079,1.0,1.0,1.0,1.0,0.7307692307692307,0.7307692307692307,1.0,0.0,0.0
2002.11910,23e16c1173b7def2c5cb56053b57047c9971e3bb,semantic-threshold,hybrid,knapsack,60%,0.6,2337,1402,1121,0.4796747967479675,0.5203252032520325,0.7995720399429387,1.4024235889830412,1.0,1.0,1.0,1.0,0.8076923076923077,0.8076923076923077,1.0,1.0,1.0
2002.11910,23e16c1173b7def2c5cb56053b57047c9971e3bb,semantic-threshold,hybrid,knapsack,80%,0.8,2337,1869,1824,0.7804878048780488,0.2195121951219512,0.9759229534510433,1.9843014434531367,1.0,1.0,1.0,1.0,1.0,1.0,1.0,1.0,1.0
2002.11910,23e16c1173b7def2c5cb56053b57047c9971e3bb,semantic-threshold,hybrid,knapsack,100%,1.0,2337,2337,2337,1.0,0.0,1.0,2.508542696848161,1.0,1.0,1.0,1.0,1.0,1.0,1.0,1.0,1.0
2002.11910,d78f7f84a76a07b777d4092cb58161528ca3803c,semantic-threshold,hybrid,knapsack,20%,0.2,2337,467,442,0.1891313649978605,0.8108686350021395,0.9464668094218416,1.0879831148982866,1.0,1.0,0.36666666666666664,0.36666666666666664,0.3142857142857143,0.3142857142857143,0.0,0.0,0.0
2002.11910,d78f7f84a76a07b777d4092cb58161528ca3803c,semantic-threshold,hybrid,knapsack,40%,0.4,2337,934,872,0.37312794180573383,0.6268720581942662,0.9336188436830836,1.2179479613635804,1.0,1.0,0.5333333333333333,0.5333333333333333,0.5,0.5,0.0,0.0,0.0
2002.11910,d78f7f84a76a07b777d4092cb58161528ca3803c,semantic-threshold,hybrid,knapsack,60%,0.6,2337,1402,1121,0.4796747967479675,0.5203252032520325,0.7995720399429387,1.7898108302073588,1.0,1.0,1.0,1.0,1.0,1.0,1.0,1.0,1.0
2002.11910,d78f7f84a76a07b777d4092cb58161528ca3803c,semantic-threshold,hybrid,knapsack,80%,0.8,2337,1869,1824,0.7804878048780488,0.2195121951219512,0.9759229534510433,2.4552222775901207,1.0,1.0,1.0,1.0,1.0,1.0,1.0,1.0,1.0
2002.11910,d78f7f84a76a07b777d4092cb58161528ca3803c,semantic-threshold,hybrid,knapsack,100%,1.0,2337,2337,2337,1.0,0.0,1.0,2.774882713513738,1.0,1.0,1.0,1.0,1.0,1.0,1.0,1.0,1.0
1909.09587,37be0d479480211291e068d0d3823ad0c13321d3,semantic-threshold,hybrid,knapsack,20%,0.2,3450,690,622,0.18028985507246376,0.8197101449275362,0.9014492753623189,1.0468385973959313,1.0,1.0,1.0,1.0,0.3974358974358974,0.3974358974358974,1.0,0.0,0.0
1909.09587,37be0d479480211291e068d0d3823ad0c13321d3,semantic-threshold,hybrid,knapsack,40%,0.4,3450,1380,1368,0.39652173913043476,0.6034782608695652,0.991304347826087,2.2470112635192367,1.0,1.0,1.0,1.0,0.5,0.5,1.0,0.0,0.0
1909.09587,37be0d479480211291e068d0d3823ad0c13321d3,semantic-threshold,hybrid,knapsack,60%,0.6,3450,2070,1939,0.5620289855072463,0.43797101449275366,0.9367149758454106,2.7882204029286566,1.0,1.0,1.0,1.0,0.5256410256410257,0.5256410256410257,1.0,0.0,0.0
1909.09587,37be0d479480211291e068d0d3823ad0c13321d3,semantic-threshold,hybrid,knapsack,80%,0.8,3450,2760,2742,0.7947826086956522,0.2052173913043478,0.9934782608695653,3.6142494537543333,1.0,1.0,1.0,1.0,0.6410256410256411,0.6410256410256411,1.0,0.0,0.0
1909.09587,37be0d479480211291e068d0d3823ad0c13321d3,semantic-threshold,hybrid,knapsack,100%,1.0,3450,3450,3450,1.0,0.0,1.0,4.18412697223951,1.0,1.0,1.0,1.0,1.0,1.0,1.0,1.0,1.0
1909.09587,009ce6f2bea67e7df911b3f93443b23467c9f4a1,semantic-threshold,hybrid,knapsack,20%,0.2,3450,690,578,0.16753623188405797,0.832463768115942,0.8376811594202899,1.3090494338993572,1.0,1.0,0.5,0.5,0.24,0.24,0.0,0.0,0.0
1909.09587,009ce6f2bea67e7df911b3f93443b23467c9f4a1,semantic-threshold,hybrid,knapsack,40%,0.4,3450,1380,1368,0.39652173913043476,0.6034782608695652,0.991304347826087,2.4298988743322587,1.0,1.0,1.0,1.0,1.0,1.0,1.0,1.0,1.0
1909.09587,009ce6f2bea67e7df911b3f93443b23467c9f4a1,semantic-threshold,hybrid,knapsack,60%,0.6,3450,2070,1939,0.5620289855072463,0.43797101449275366,0.9367149758454106,2.6529385125437845,1.0,1.0,1.0,1.0,1.0,1.0,1.0,1.0,1.0
1909.09587,009ce6f2bea67e7df911b3f93443b23467c9f4a1,semantic-threshold,hybrid,knapsack,80%,0.8,3450,2760,2647,0.7672463768115942,0.23275362318840576,0.9590579710144927,3.234082631000347,1.0,1.0,1.0,1.0,1.0,1.0,1.0,1.0,1.0
1909.09587,009ce6f2bea67e7df911b3f93443b23467c9f4a1,semantic-threshold,hybrid,knapsack,100%,1.0,3450,3450,3450,1.0,0.0,1.0,3.62891310141537,1.0,1.0,1.0,1.0,1.0,1.0,1.0,1.0,1.0
1909.09587,55569d0a4586d20c01268a80a7e31a17a18198e2,semantic-threshold,hybrid,knapsack,20%,0.2,3450,690,578,0.16753623188405797,0.832463768115942,0.8376811594202899,0.9974509809212572,1.0,1.0,0.14285714285714285,0.14285714285714285,0.35714285714285715,0.35714285714285715,0.0,0.0,0.0
1909.09587,55569d0a4586d20c01268a80a7e31a17a18198e2,semantic-threshold,hybrid,knapsack,40%,0.4,3450,1380,1368,0.39652173913043476,0.6034782608695652,0.991304347826087,2.0257851380132625,1.0,1.0,0.35714285714285715,0.35714285714285715,0.5558035714285714,0.5558035714285714,0.0,0.0,0.0
1909.09587,55569d0a4586d20c01268a80a7e31a17a18198e2,semantic-threshold,hybrid,knapsack,60%,0.6,3450,2070,1939,0.5620289855072463,0.43797101449275366,0.9367149758454106,2.531475209410925,1.0,1.0,0.42857142857142855,0.42857142857142855,0.6428571428571428,0.6428571428571428,0.0,0.0,0.0
1909.09587,55569d0a4586d20c01268a80a7e31a17a18198e2,semantic-threshold,hybrid,knapsack,80%,0.8,3450,2760,2647,0.7672463768115942,0.23275362318840576,0.9590579710144927,3.1792439476170182,1.0,1.0,1.0,1.0,1.0,1.0,1.0,1.0,1.0
1909.09587,55569d0a4586d20c01268a80a7e31a17a18198e2,semantic-threshold,hybrid,knapsack,100%,1.0,3450,3450,3450,1.0,0.0,1.0,3.8180414507058997,1.0,1.0,1.0,1.0,1.0,1.0,1.0,1.0,1.0
