paper_id,question_id,chunker,scoring,strategy,budget,budget_sort,source_tokens,budget_tokens,used_tokens,token_ratio_vs_full,cost_saving_vs_full,budget_utilization,avg_total_value,full_doc_answer_recall,full_doc_evidence_recall,answer_token_recall,answer_recall_retained,evidence_recall,evidence_recall_retained,answer_90_retained,evidence_complete,answer_and_evidence_preserved
1912.01214,b6f15fb6279b82e34a5bf4828b7b5ddabfdf1d54,structure-aware,evidence-hybrid,knapsack,20%,0.2,5479,1095,1081,0.1972987771491148,0.8027012228508852,0.9872146118721461,2.3648415096624,1.0,1.0,1.0,1.0,1.0,1.0,1.0,1.0,1.0
1912.01214,b6f15fb6279b82e34a5bf4828b7b5ddabfdf1d54,structure-aware,evidence-hybrid,knapsack,40%,0.4,5479,2191,2191,0.39989049096550466,0.6001095090344953,1.0,4.31486321453261,1.0,1.0,1.0,1.0,1.0,1.0,1.0,1.0,1.0
1912.01214,b6f15fb6279b82e34a5bf4828b7b5ddabfdf1d54,structure-aware,evidence-hybrid,knapsack,60%,0.6,5479,3287,3233,0.5900711808724219,0.40992881912757806,0.9835716458777001,5.550895593222896,1.0,1.0,1.0,1.0,1.0,1.0,1.0,1.0,1.0
1912.01214,b6f15fb6279b82e34a5bf4828b7b5ddabfdf1d54,structure-aware,evidence-hybrid,knapsack,80%,0.8,5479,4383,4382,0.7997809819310093,0.20021901806899067,0.999771845767739,6.610723006507765,1.0,1.0,1.0,1.0,1.0,1.0,1.0,1.0,1.0
1912.01214,b6f15fb6279b82e34a5bf4828b7b5ddabfdf1d54,structure-aware,evidence-hybrid,knapsack,100%,1.0,5479,5479,5479,1.0,0.0,1.0,7.1827836693550315,1.0,1.0,1.0,1.0,1.0,1.0,1.0,1.0,1.0
1912.01214,f5e6f43454332e0521a778db0b769481e23e7682,structure-aware,evidence-hybrid,knapsack,20%,0.2,5479,1095,1072,0.19565614163168463,0.8043438583683153,0.9789954337899544,2.672971491669222,1.0,1.0,1.0,1.0,0.8055555555555556,0.8055555555555556,1.0,1.0,1.0
1912.01214,f5e6f43454332e0521a778db0b769481e23e7682,structure-aware,evidence-hybrid,knapsack,40%,0.4,5479,2191,2178,0.3975177952181055,0.6024822047818945,0.9940666362391603,4.675881645137272,1.0,1.0,1.0,1.0,0.9027777777777778,0.9027777777777778,1.0,1.0,1.0
1912.01214,f5e6f43454332e0521a778db0b769481e23e7682,structure-aware,evidence-hybrid,knapsack,60%,0.6,5479,3287,3227,0.5889760905274685,0.41102390947253153,0.9817462731974445,6.326356537887983,1.0,1.0,1.0,1.0,0.9236111111111112,0.9236111111111112,1.0,1.0,1.0
1912.01214,f5e6f43454332e0521a778db0b769481e23e7682,structure-aware,evidence-hybrid,knapsack,80%,0.8,5479,4383,4379,0.7992334367585325,0.20076656324146747,0.999087383070956,7.803620174414786,1.0,1.0,1.0,1.0,0.9444444444444444,0.9444444444444444,1.0,1.0,1.0
1912.01214,f5e6f43454332e0521a778db0b769481e23e7682,structure-aware,evidence-hybrid,knapsack,100%,1.0,5479,5479,5479,1.0,0.0,1.0,8.857740621396546,1.0,1.0,1.0,1.0,1.0,1.0,1.0,1.0,1.0
1912.01214,9a05a5f4351db75da371f7ac12eb0b03607c4b87,structure-aware,evidence-hybrid,knapsack,20%,0.2,5479,1095,1062,0.1938309910567622,0.8061690089432378,0.9698630136986301,2.538018377964331,1.0,1.0,0.5,0.5,0.6774193548387096,0.6774193548387096,0.0,0.0,0.0
1912.01214,9a05a5f4351db75da371f7ac12eb0b03607c4b87,structure-aware,evidence-hybrid,knapsack,40%,0.4,5479,2191,2155,0.3933199488957839,0.6066800511042161,0.9835691465084436,3.6880437275657685,1.0,1.0,1.0,1.0,1.0,1.0,1.0,1.0,1.0
1912.01214,9a05a5f4351db75da371f7ac12eb0b03607c4b87,structure-aware,evidence-hybrid,knapsack,60%,0.6,5479,3287,3240,0.5913487862748676,0.40865121372513236,0.9857012473379981,4.7366679544998425,1.0,1.0,1.0,1.0,1.0,1.0,1.0,1.0,1.0
1912.01214,9a05a5f4351db75da371f7ac12eb0b03607c4b87,structure-aware,evidence-hybrid,knapsack,80%,0.8,5479,4383,4383,0.7999634969885016,0.20003650301149845,1.0,5.575172294368298,1.0,1.0,1.0,1.0,1.0,1.0,1.0,1.0,1.0
1912.01214,9a05a5f4351db75da371f7ac12eb0b03607c4b87,structure-aware,evidence-hybrid,knapsack,100%,1.0,5479,5479,5479,1.0,0.0,1.0,6.1649024773237215,1.0,1.0,1.0,1.0,1.0,1.0,1.0,1.0,1.0
1912.01214,5eda469a8a77f028d0c5f1acd296111085614537,structure-aware,evidence-hybrid,knapsack,20%,0.2,5479,1095,1086,0.198211352436576,0.8017886475634239,0.9917808219178083,2.5046082475522358,0.125,1.0,0.125,1.0,0.7280701754385965,0.7280701754385965,1.0,0.0,0.0
1912.01214,5eda469a8a77f028d0c5f1acd296111085614537,structure-aware,evidence-hybrid,knapsack,40%,0.4,5479,2191,2114,0.38583683153860193,0.6141631684613981,0.9648562300319489,4.1091716282226995,0.125,1.0,0.125,1.0,0.763157894736842,0.763157894736842,1.0,0.0,0.0
1912.01214,5eda469a8a77f028d0c5f1acd296111085614537,structure-aware,evidence-hybrid,knapsack,60%,0.6,5479,3287,3269,0.5966417229421427,0.4033582770578573,0.9945238819592334,5.320804807041699,0.125,1.0,0.125,1.0,0.8157894736842105,0.8157894736842105,1.0,1.0,1.0
1912.01214,5eda469a8a77f028d0c5f1acd296111085614537,structure-aware,evidence-hybrid,knapsack,80%,0.8,5479,4383,4373,0.7981383464135792,0.20186165358642083,0.9977184576773899,6.279097865953589,0.125,1.0,0.125,1.0,1.0,1.0,1.0,1.0,1.0
1912.01214,5eda469a8a77f028d0c5f1acd296111085614537,structure-aware,evidence-hybrid,knapsack,100%,1.0,5479,5479,5479,1.0,0.0,1.0,6.7379032533468814,0.125,1.0,0.125,1.0,1.0,1.0,1.0,1.0,1.0
1810.08699,18c5d366b1da8447b5404eab71f4cc658ba12e6f,structure-aware,evidence-hybrid,knapsack,20%,0.2,4436,887,885,0.19950405770964832,0.8004959422903517,0.9977452085682075,2.0732922283963364,1.0,1.0,1.0,1.0,0.9230769230769231,0.9230769230769231,1.0,1.0,1.0
1810.08699,18c5d366b1da8447b5404eab71f4cc658ba12e6f,structure-aware,evidence-hybrid,knapsack,40%,0.4,4436,1774,1735,0.39111812443642924,0.6088818755635708,0.9780157835400225,3.512434627368394,1.0,1.0,1.0,1.0,1.0,1.0,1.0,1.0,1.0
1810.08699,18c5d366b1da8447b5404eab71f4cc658ba12e6f,structure-aware,evidence-hybrid,knapsack,60%,0.6,4436,2661,2599,0.5858881875563571,0.4141118124436429,0.9767004885381435,4.53037928129063,1.0,1.0,1.0,1.0,1.0,1.0,1.0,1.0,1.0
1810.08699,18c5d366b1da8447b5404eab71f4cc658ba12e6f,structure-aware,evidence-hybrid,knapsack,80%,0.8,4436,3548,3529,0.795536519386835,0.204463480613165,0.9946448703494927,5.2473797972312415,1.0,1.0,1.0,1.0,1.0,1.0,1.0,1.0,1.0
1810.08699,18c5d366b1da8447b5404eab71f4cc658ba12e6f,structure-aware,evidence-hybrid,knapsack,100%,1.0,4436,4436,4245,0.9569431920649234,0.0430568079350766,0.9569431920649234,5.596660962585863,1.0,1.0,1.0,1.0,1.0,1.0,1.0,1.0,1.0
1810.08699,b5e4866f0685299f1d7af267bbcc4afe2aab806f,structure-aware,evidence-hybrid,knapsack,20%,0.2,4436,887,840,0.18935978358881875,0.8106402164111812,0.9470124013528749,2.2390632916887574,1.0,1.0,0.0,0.0,0.46774193548387094,0.46774193548387094,0.0,0.0,0.0
1810.08699,b5e4866f0685299f1d7af267bbcc4afe2aab806f,structure-aware,evidence-hybrid,knapsack,40%,0.4,4436,1774,1762,0.39720468890892696,0.6027953110910731,0.9932356257046223,3.9257218101609923,1.0,1.0,1.0,1.0,1.0,1.0,1.0,1.0,1.0
1810.08699,b5e4866f0685299f1d7af267bbcc4afe2aab806f,structure-aware,evidence-hybrid,knapsack,60%,0.6,4436,2661,2655,0.598512173128945,0.401487826871055,0.9977452085682075,5.494315607312237,1.0,1.0,1.0,1.0,1.0,1.0,1.0,1.0,1.0
1810.08699,b5e4866f0685299f1d7af267bbcc4afe2aab806f,structure-aware,evidence-hybrid,knapsack,80%,0.8,4436,3548,3542,0.7984670874661858,0.20153291253381422,0.9983089064261556,6.780325224892625,1.0,1.0,1.0,1.0,1.0,1.0,1.0,1.0,1.0
1810.08699,b5e4866f0685299f1d7af267bbcc4afe2aab806f,structure-aware,evidence-hybrid,knapsack,100%,1.0,4436,4436,4166,0.9391343552750225,0.060865644724977463,0.9391343552750225,7.553948360901472,1.0,1.0,1.0,1.0,1.0,1.0,1.0,1.0,1.0
1810.08699,1f085b9bb7bfd0d6c8cba1a9d73f08fcf2da7590,structure-aware,evidence-hybrid,knapsack,20%,0.2,4436,887,883,0.1990532010820559,0.8009467989179441,0.9954904171364148,1.8065511200312367,0.0,1.0,0.0,0.0,0.3404466501240695,0.3404466501240695,0.0,0.0,0.0
1810.08699,1f085b9bb7bfd0d6c8cba1a9d73f08fcf2da7590,structure-aware,evidence-hybrid,knapsack,40%,0.4,4436,1774,1773,0.3996844003606853,0.6003155996393147,0.9994363021420518,3.280745794358662,0.0,1.0,0.0,0.0,0.4115384615384615,0.4115384615384615,0.0,0.0,0.0
1810.08699,1f085b9bb7bfd0d6c8cba1a9d73f08fcf2da7590,structure-aware,evidence-hybrid,knapsack,60%,0.6,4436,2661,2651,0.5976104598737602,0.40238954012623984,0.9962420142803458,4.31354875731235,0.0,1.0,0.0,0.0,1.0,1.0,0.0,1.0,0.0
1810.08699,1f085b9bb7bfd0d6c8cba1a9d73f08fcf2da7590,structure-aware,evidence-hybrid,knapsack,80%,0.8,4436,3548,3532,0.7962128043282236,0.2037871956717764,0.9954904171364148,5.208597586586293,0.0,1.0,0.0,0.0,1.0,1.0,0.0,1.0,0.0
1810.08699,1f085b9bb7bfd0d6c8cba1a9d73f08fcf2da7590,structure-aware,evidence-hybrid,knapsack,100%,1.0,4436,4436,4166,0.9391343552750225,0.060865644724977463,0.9391343552750225,5.695386929128121,0.0,1.0,0.0,0.0,1.0,1.0,0.0,1.0,0.0
1609.00425,b6ae8e10c6a0d34c834f18f66ab730b670fb528c,structure-aware,evidence-hybrid,knapsack,20%,0.2,5976,1195,1160,0.19410977242302543,0.8058902275769746,0.9707112970711297,3.206227735899054,1.0,1.0,1.0,1.0,1.0,1.0,1.0,1.0,1.0
1609.00425,b6ae8e10c6a0d34c834f18f66ab730b670fb528c,structure-aware,evidence-hybrid,knapsack,40%,0.4,5976,2390,2350,0.393239625167336,0.606760374832664,0.9832635983263598,5.4762951295669,1.0,1.0,1.0,1.0,1.0,1.0,1.0,1.0,1.0
1609.00425,b6ae8e10c6a0d34c834f18f66ab730b670fb528c,structure-aware,evidence-hybrid,knapsack,60%,0.6,5976,3585,3583,0.5995649263721553,0.4004350736278447,0.999442119944212,7.3636901356679925,1.0,1.0,1.0,1.0,1.0,1.0,1.0,1.0,1.0
1609.00425,b6ae8e10c6a0d34c834f18f66ab730b670fb528c,structure-aware,evidence-hybrid,knapsack,80%,0.8,5976,4780,4731,0.7916666666666666,0.20833333333333337,0.9897489539748954,8.760136609479295,1.0,1.0,1.0,1.0,1.0,1.0,1.0,1.0,1.0
1609.00425,b6ae8e10c6a0d34c834f18f66ab730b670fb528c,structure-aware,evidence-hybrid,knapsack,100%,1.0,5976,5976,5877,0.983433734939759,0.016566265060240948,0.983433734939759,9.576157119505131,1.0,1.0,1.0,1.0,1.0,1.0,1.0,1.0,1.0
1609.00425,a87a009c242d57c51fc94fe312af5e02070f898b,structure-aware,evidence-hybrid,knapsack,20%,0.2,5976,1195,1141,0.19093038821954483,0.8090696117804552,0.9548117154811715,3.0328326376137937,1.0,1.0,0.3333333333333333,0.3333333333333333,0.2564102564102564,0.2564102564102564,0.0,0.0,0.0
1609.00425,a87a009c242d57c51fc94fe312af5e02070f898b,structure-aware,evidence-hybrid,knapsack,40%,0.4,5976,2390,2350,0.393239625167336,0.606760374832664,0.9832635983263598,5.000165671088984,1.0,1.0,0.6666666666666666,0.6666666666666666,0.41025641025641024,0.41025641025641024,0.0,0.0,0.0
1609.00425,a87a009c242d57c51fc94fe312af5e02070f898b,structure-aware,evidence-hybrid,knapsack,60%,0.6,5976,3585,3551,0.5942101740294511,0.4057898259705489,0.9905160390516039,6.46375407168162,1.0,1.0,0.6666666666666666,0.6666666666666666,0.48717948717948717,0.48717948717948717,0.0,0.0,0.0
1609.00425,a87a009c242d57c51fc94fe312af5e02070f898b,structure-aware,evidence-hybrid,knapsack,80%,0.8,5976,4780,4707,0.7876506024096386,0.21234939759036142,0.9847280334728034,7.5591101972363495,1.0,1.0,1.0,1.0,1.0,1.0,1.0,1.0,1.0
1609.00425,a87a009c242d57c51fc94fe312af5e02070f898b,structure-aware,evidence-hybrid,knapsack,100%,1.0,5976,5976,5712,0.9558232931726908,0.04417670682730923,0.9558232931726908,8.105087074114985,1.0,1.0,1.0,1.0,1.0,1.0,1.0,1.0,1.0
1801.05147,2df4a045a9cd7b44874340b6fdf9308d3c55327a,structure-aware,evidence-hybrid,knapsack,20%,0.2,8779,1755,1733,0.19740289326802596,0.802597106731974,0.9874643874643875,3.9583223601596322,0.8,1.0,0.6,0.7499999999999999,0.5151515151515151,0.5151515151515151,0.0,0.0,0.0
1801.05147,2df4a045a9cd7b44874340b6fdf9308d3c55327a,structure-aware,evidence-hybrid,knapsack,40%,0.4,8779,3511,3502,0.3989064813760109,0.6010935186239891,0.9974366277413842,6.414679178585824,0.8,1.0,0.6,0.7499999999999999,0.5757575757575758,0.5757575757575758,0.0,0.0,0.0
1801.05147,2df4a045a9cd7b44874340b6fdf9308d3c55327a,structure-aware,evidence-hybrid,knapsack,60%,0.6,8779,5267,5260,0.5991570793940084,0.4008429206059916,0.99867097019176,8.062028030834913,0.8,1.0,0.7,0.8749999999999999,0.6666666666666666,0.6666666666666666,0.0,0.0,0.0
1801.05147,2df4a045a9cd7b44874340b6fdf9308d3c55327a,structure-aware,evidence-hybrid,knapsack,80%,0.8,8779,7023,6995,0.7967877890420321,0.20321221095796793,0.9960130998148939,9.363189063734158,0.8,1.0,0.7,0.8749999999999999,0.6666666666666666,0.6666666666666666,0.0,0.0,0.0
1801.05147,2df4a045a9cd7b44874340b6fdf9308d3c55327a,structure-aware,evidence-hybrid,knapsack,100%,1.0,8779,8779,8779,1.0,0.0,1.0,10.102539512114951,0.8,1.0,0.8,1.0,1.0,1.0,1.0,1.0,1.0
1811.00383,a313e98994fc039a82aa2447c411dda92c65a470,structure-aware,evidence-hybrid,knapsack,20%,0.2,2935,587,539,0.1836456558773424,0.8163543441226576,0.9182282793867121,1.7040812829360998,1.0,1.0,0.5,0.5,0.40625,0.40625,0.0,0.0,0.0
1811.00383,a313e98994fc039a82aa2447c411dda92c65a470,structure-aware,evidence-hybrid,knapsack,40%,0.4,2935,1174,1152,0.39250425894378194,0.6074957410562181,0.9812606473594548,2.916117797696832,1.0,1.0,0.5,0.5,0.65625,0.65625,0.0,0.0,0.0
1811.00383,a313e98994fc039a82aa2447c411dda92c65a470,structure-aware,evidence-hybrid,knapsack,60%,0.6,2935,1761,1672,0.5696763202725724,0.4303236797274276,0.9494605337876206,3.722220782951906,1.0,1.0,1.0,1.0,1.0,1.0,1.0,1.0,1.0
1811.00383,a313e98994fc039a82aa2447c411dda92c65a470,structure-aware,evidence-hybrid,knapsack,80%,0.8,2935,2348,2153,0.7335604770017036,0.26643952299829643,0.9169505962521295,4.326641323508701,1.0,1.0,1.0,1.0,1.0,1.0,1.0,1.0,1.0
1811.00383,a313e98994fc039a82aa2447c411dda92c65a470,structure-aware,evidence-hybrid,knapsack,100%,1.0,2935,2935,2935,1.0,0.0,1.0,4.630293799971316,1.0,1.0,1.0,1.0,1.0,1.0,1.0,1.0,1.0
1811.00383,37861be6aecd9242c4fdccdfcd06e48f3f1f8f81,structure-aware,evidence-hybrid,knapsack,20%,0.2,2935,587,449,0.15298126064735945,0.8470187393526405,0.7649063032367973,2.0146409490041806,0.0,1.0,0.0,0.0,0.48148148148148145,0.48148148148148145,0.0,0.0,0.0
1811.00383,37861be6aecd9242c4fdccdfcd06e48f3f1f8f81,structure-aware,evidence-hybrid,knapsack,40%,0.4,2935,1174,1158,0.39454855195911415,0.6054514480408859,0.9863713798977853,3.2898796152269827,0.0,1.0,0.0,0.0,0.5185185185185185,0.5185185185185185,0.0,0.0,0.0
1811.00383,37861be6aecd9242c4fdccdfcd06e48f3f1f8f81,structure-aware,evidence-hybrid,knapsack,60%,0.6,2935,1761,1723,0.5870528109028961,0.41294718909710393,0.9784213515048268,4.406431730866651,0.0,1.0,0.0,0.0,0.5925925925925926,0.5925925925925926,0.0,0.0,0.0
1811.00383,37861be6aecd9242c4fdccdfcd06e48f3f1f8f81,structure-aware,evidence-hybrid,knapsack,80%,0.8,2935,2348,2181,0.7431005110732538,0.2568994889267462,0.9288756388415673,4.789116700062067,0.0,1.0,0.0,0.0,1.0,1.0,0.0,1.0,0.0
1811.00383,37861be6aecd9242c4fdccdfcd06e48f3f1f8f81,structure-aware,evidence-hybrid,knapsack,100%,1.0,2935,2935,2935,1.0,0.0,1.0,5.136415556492748,0.0,1.0,0.0,0.0,1.0,1.0,0.0,1.0,0.0
1811.00383,7e62a53823aba08bc26b2812db016f5ce6159565,structure-aware,evidence-hybrid,knapsack,20%,0.2,2935,587,569,0.1938671209540034,0.8061328790459966,0.969335604770017,1.4204056177070368,1.0,1.0,0.5,0.5,0.21875,0.21875,0.0,0.0,0.0
1811.00383,7e62a53823aba08bc26b2812db016f5ce6159565,structure-aware,evidence-hybrid,knapsack,40%,0.4,2935,1174,1159,0.3948892674616695,0.6051107325383305,0.9872231686541738,2.5241973728868956,1.0,1.0,1.0,1.0,1.0,1.0,1.0,1.0,1.0
1811.00383,7e62a53823aba08bc26b2812db016f5ce6159565,structure-aware,evidence-hybrid,knapsack,60%,0.6,2935,1761,1735,0.5911413969335605,0.4088586030664395,0.9852356615559341,3.364493197412852,1.0,1.0,1.0,1.0,1.0,1.0,1.0,1.0,1.0
1811.00383,7e62a53823aba08bc26b2812db016f5ce6159565,structure-aware,evidence-hybrid,knapsack,80%,0.8,2935,2348,2192,0.7468483816013629,0.2531516183986371,0.9335604770017035,3.8330824326469775,1.0,1.0,1.0,1.0,1.0,1.0,1.0,1.0,1.0
1811.00383,7e62a53823aba08bc26b2812db016f5ce6159565,structure-aware,evidence-hybrid,knapsack,100%,1.0,2935,2935,2935,1.0,0.0,1.0,4.134112748445845,1.0,1.0,1.0,1.0,1.0,1.0,1.0,1.0,1.0
1909.09067,9eabb54c2408dac24f00f92cf1061258c7ea2e1a,structure-aware,evidence-hybrid,knapsack,20%,0.2,4058,811,810,0.1996057171020207,0.8003942828979793,0.998766954377312,2.728824978124033,1.0,1.0,0.5,0.5,0.75,0.75,0.0,0.0,0.0
1909.09067,9eabb54c2408dac24f00f92cf1061258c7ea2e1a,structure-aware,evidence-hybrid,knapsack,40%,0.4,4058,1623,1623,0.3999507146377526,0.6000492853622474,1.0,4.620659218471641,1.0,1.0,1.0,1.0,1.0,1.0,1.0,1.0,1.0
1909.09067,9eabb54c2408dac24f00f92cf1061258c7ea2e1a,structure-aware,evidence-hybrid,knapsack,60%,0.6,4058,2434,2424,0.5973385904386397,0.4026614095613603,0.9958915365653246,6.117796851241646,1.0,1.0,1.0,1.0,1.0,1.0,1.0,1.0,1.0
1909.09067,9eabb54c2408dac24f00f92cf1061258c7ea2e1a,structure-aware,evidence-hybrid,knapsack,80%,0.8,4058,3246,3205,0.7897979300147856,0.2102020699852144,0.9873690696241528,7.428033937239248,1.0,1.0,1.0,1.0,1.0,1.0,1.0,1.0,1.0
1909.09067,9eabb54c2408dac24f00f92cf1061258c7ea2e1a,structure-aware,evidence-hybrid,knapsack,100%,1.0,4058,4058,3996,0.9847215377033022,0.015278462296697826,0.9847215377033022,8.393664615061494,1.0,1.0,1.0,1.0,1.0,1.0,1.0,1.0,1.0
1909.09067,3d013f15796ae7fed5272183a166c45f16e24e39,structure-aware,evidence-hybrid,knapsack,20%,0.2,4058,811,802,0.1976343026121242,0.8023656973878758,0.9889025893958077,2.496823990754712,1.0,1.0,0.45454545454545453,0.45454545454545453,0.6666666666666666,0.6666666666666666,0.0,0.0,0.0
1909.09067,3d013f15796ae7fed5272183a166c45f16e24e39,structure-aware,evidence-hybrid,knapsack,40%,0.4,4058,1623,1618,0.3987185805815673,0.6012814194184327,0.9969192852741836,4.019986293540283,1.0,1.0,1.0,1.0,1.0,1.0,1.0,1.0,1.0
1909.09067,3d013f15796ae7fed5272183a166c45f16e24e39,structure-aware,evidence-hybrid,knapsack,60%,0.6,4058,2434,2432,0.5993100049285363,0.40068999507146374,0.9991783073130649,5.349195589771041,1.0,1.0,1.0,1.0,1.0,1.0,1.0,1.0,1.0
1909.09067,3d013f15796ae7fed5272183a166c45f16e24e39,structure-aware,evidence-hybrid,knapsack,80%,0.8,4058,3246,3205,0.7897979300147856,0.2102020699852144,0.9873690696241528,6.457740722767762,1.0,1.0,1.0,1.0,1.0,1.0,1.0,1.0,1.0
1909.09067,3d013f15796ae7fed5272183a166c45f16e24e39,structure-aware,evidence-hybrid,knapsack,100%,1.0,4058,4058,3996,0.9847215377033022,0.015278462296697826,0.9847215377033022,7.196280325666843,1.0,1.0,1.0,1.0,1.0,1.0,1.0,1.0,1.0
1704.06194,9ee07edc371e014df686ced4fb0c3a7b9ce3d5dc,structure-aware,evidence-hybrid,knapsack,20%,0.2,6863,1372,1365,0.1988926125601049,0.8011073874398951,0.9948979591836735,3.5425806290634965,1.0,1.0,1.0,1.0,1.0,1.0,1.0,1.0,1.0
1704.06194,9ee07edc371e014df686ced4fb0c3a7b9ce3d5dc,structure-aware,evidence-hybrid,knapsack,40%,0.4,6863,2745,2744,0.3998251493515955,0.6001748506484045,0.9996357012750455,5.785485817965274,1.0,1.0,1.0,1.0,1.0,1.0,1.0,1.0,1.0
1704.06194,9ee07edc371e014df686ced4fb0c3a7b9ce3d5dc,structure-aware,evidence-hybrid,knapsack,60%,0.6,6863,4117,4103,0.597843508669678,0.40215649133032205,0.9965994656303133,7.558208120328607,1.0,1.0,1.0,1.0,1.0,1.0,1.0,1.0,1.0
1704.06194,9ee07edc371e014df686ced4fb0c3a7b9ce3d5dc,structure-aware,evidence-hybrid,knapsack,80%,0.8,6863,5490,5465,0.7962989946087716,0.20370100539122837,0.9954462659380692,9.041789876453205,1.0,1.0,1.0,1.0,1.0,1.0,1.0,1.0,1.0
1704.06194,9ee07edc371e014df686ced4fb0c3a7b9ce3d5dc,structure-aware,evidence-hybrid,knapsack,100%,1.0,6863,6863,6863,1.0,0.0,1.0,9.96242095987076,1.0,1.0,1.0,1.0,1.0,1.0,1.0,1.0,1.0
1704.06194,d3aa0449708cc861a51551b128d73e11d62207d2,structure-aware,evidence-hybrid,knapsack,20%,0.2,6863,1372,1332,0.1940842197289815,0.8059157802710185,0.9708454810495627,2.8671164343030253,1.0,1.0,1.0,1.0,1.0,1.0,1.0,1.0,1.0
1704.06194,d3aa0449708cc861a51551b128d73e11d62207d2,structure-aware,evidence-hybrid,knapsack,40%,0.4,6863,2745,2743,0.3996794404779251,0.6003205595220749,0.9992714025500911,4.738296630582415,1.0,1.0,1.0,1.0,1.0,1.0,1.0,1.0,1.0
1704.06194,d3aa0449708cc861a51551b128d73e11d62207d2,structure-aware,evidence-hybrid,knapsack,60%,0.6,6863,4117,4091,0.5960950021856332,0.40390499781436684,0.9936847218848677,6.1899851816907345,1.0,1.0,1.0,1.0,1.0,1.0,1.0,1.0,1.0
1704.06194,d3aa0449708cc861a51551b128d73e11d62207d2,structure-aware,evidence-hybrid,knapsack,80%,0.8,6863,5490,5478,0.7981932099664869,0.2018067900335131,0.9978142076502732,7.250210548372542,1.0,1.0,1.0,1.0,1.0,1.0,1.0,1.0,1.0
1704.06194,d3aa0449708cc861a51551b128d73e11d62207d2,structure-aware,evidence-hybrid,knapsack,100%,1.0,6863,6863,6863,1.0,0.0,1.0,7.772454563685232,1.0,1.0,1.0,1.0,1.0,1.0,1.0,1.0,1.0
1704.06194,cfbec1ef032ac968560a7c76dec70faf1269b27c,structure-aware,evidence-hybrid,knapsack,20%,0.2,6863,1372,1361,0.19830977706542327,0.8016902229345767,0.9919825072886297,3.536617139257519,1.0,1.0,1.0,1.0,1.0,1.0,1.0,1.0,1.0
1704.06194,cfbec1ef032ac968560a7c76dec70faf1269b27c,structure-aware,evidence-hybrid,knapsack,40%,0.4,6863,2745,2742,0.3995337316042547,0.6004662683957454,0.9989071038251366,5.894437811947718,1.0,1.0,1.0,1.0,1.0,1.0,1.0,1.0,1.0
1704.06194,cfbec1ef032ac968560a7c76dec70faf1269b27c,structure-aware,evidence-hybrid,knapsack,60%,0.6,6863,4117,4107,0.5984263441643596,0.4015736558356404,0.9975710468787953,7.669830595897423,1.0,1.0,1.0,1.0,1.0,1.0,1.0,1.0,1.0
1704.06194,cfbec1ef032ac968560a7c76dec70faf1269b27c,structure-aware,evidence-hybrid,knapsack,80%,0.8,6863,5490,5481,0.7986303365874982,0.20136966341250184,0.9983606557377049,8.77074754873772,1.0,1.0,1.0,1.0,1.0,1.0,1.0,1.0,1.0
1704.06194,cfbec1ef032ac968560a7c76dec70faf1269b27c,structure-aware,evidence-hybrid,knapsack,100%,1.0,6863,6863,6863,1.0,0.0,1.0,9.41369368161692,1.0,1.0,1.0,1.0,1.0,1.0,1.0,1.0,1.0
1704.06194,c0e341c4d2253eb42c8840381b082aae274eddad,structure-aware,evidence-hybrid,knapsack,20%,0.2,6863,1372,1368,0.19932973918111613,0.8006702608188838,0.9970845481049563,3.707774572218222,1.0,1.0,0.4,0.4,0.5283018867924528,0.5283018867924528,0.0,0.0,0.0
1704.06194,c0e341c4d2253eb42c8840381b082aae274eddad,structure-aware,evidence-hybrid,knapsack,40%,0.4,6863,2745,2745,0.3999708582252659,0.6000291417747341,1.0,6.149575527159083,1.0,1.0,1.0,1.0,1.0,1.0,1.0,1.0,1.0
1704.06194,c0e341c4d2253eb42c8840381b082aae274eddad,structure-aware,evidence-hybrid,knapsack,60%,0.6,6863,4117,4117,0.5998834329010637,0.4001165670989363,1.0,8.124887903024609,1.0,1.0,1.0,1.0,1.0,1.0,1.0,1.0,1.0
1704.06194,c0e341c4d2253eb42c8840381b082aae274eddad,structure-aware,evidence-hybrid,knapsack,80%,0.8,6863,5490,5469,0.7968818301034533,0.20311816989654674,0.9961748633879781,9.823932870860272,1.0,1.0,1.0,1.0,1.0,1.0,1.0,1.0,1.0
1704.06194,c0e341c4d2253eb42c8840381b082aae274eddad,structure-aware,evidence-hybrid,knapsack,100%,1.0,6863,6863,6863,1.0,0.0,1.0,11.200470632390367,1.0,1.0,1.0,1.0,1.0,1.0,1.0,1.0,1.0
1909.00512,1ec152119cf756b16191b236c85522afeed11f59,structure-aware,evidence-hybrid,knapsack,20%,0.2,6284,1256,1255,0.19971355824315723,0.8002864417568427,0.9992038216560509,3.619855648425732,1.0,1.0,0.6363636363636364,0.6363636363636364,0.6153846153846154,0.6153846153846154,0.0,0.0,0.0
1909.00512,1ec152119cf756b16191b236c85522afeed11f59,structure-aware,evidence-hybrid,knapsack,40%,0.4,6284,2513,2470,0.39306174411203054,0.6069382558879695,0.9828889773179467,5.789985002250687,1.0,1.0,0.8181818181818182,0.8181818181818182,0.7692307692307693,0.7692307692307693,0.0,0.0,0.0
1909.00512,1ec152119cf756b16191b236c85522afeed11f59,structure-aware,evidence-hybrid,knapsack,60%,0.6,6284,3770,3711,0.5905474220241884,0.4094525779758116,0.9843501326259947,7.499202432787121,1.0,1.0,0.8181818181818182,0.8181818181818182,0.7692307692307693,0.7692307692307693,0.0,0.0,0.0
1909.00512,1ec152119cf756b16191b236c85522afeed11f59,structure-aware,evidence-hybrid,knapsack,80%,0.8,6284,5027,5023,0.7993316359007002,0.20066836409929978,0.9992042967972946,8.671589007930837,1.0,1.0,0.8181818181818182,0.8181818181818182,0.7692307692307693,0.7692307692307693,0.0,0.0,0.0
1909.00512,1ec152119cf756b16191b236c85522afeed11f59,structure-aware,evidence-hybrid,knapsack,100%,1.0,6284,6284,6092,0.9694462126034373,0.03055378739656267,0.9694462126034373,9.36939187882305,1.0,1.0,1.0,1.0,1.0,1.0,1.0,1.0,1.0
2003.03106,66c96c297c2cffdf5013bab5e95b59101cb38655,structure-aware,evidence-hybrid,knapsack,20%,0.2,6460,1292,1283,0.19860681114551085,0.8013931888544892,0.9930340557275542,3.209652381023842,0.7142857142857143,1.0,0.42857142857142855,0.6,0.7941176470588236,0.7941176470588236,0.0,0.0,0.0
2003.03106,66c96c297c2cffdf5013bab5e95b59101cb38655,structure-aware,evidence-hybrid,knapsack,40%,0.4,6460,2584,2563,0.39674922600619195,0.603250773993808,0.9918730650154799,5.979565468496102,0.7142857142857143,1.0,0.42857142857142855,0.6,0.8823529411764706,0.8823529411764706,0.0,1.0,0.0
2003.03106,66c96c297c2cffdf5013bab5e95b59101cb38655,structure-aware,evidence-hybrid,knapsack,60%,0.6,6460,3876,3873,0.5995356037151702,0.40046439628482977,0.9992260061919505,8.285370350873658,0.7142857142857143,1.0,0.7142857142857143,1.0,1.0,1.0,1.0,1.0,1.0
2003.03106,66c96c297c2cffdf5013bab5e95b59101cb38655,structure-aware,evidence-hybrid,knapsack,80%,0.8,6460,5168,5099,0.7893188854489164,0.21068111455108363,0.9866486068111455,10.053014590818215,0.7142857142857143,1.0,0.7142857142857143,1.0,1.0,1.0,1.0,1.0,1.0
2003.03106,66c96c297c2cffdf5013bab5e95b59101cb38655,structure-aware,evidence-hybrid,knapsack,100%,1.0,6460,6460,6460,1.0,0.0,1.0,11.342329629222453,0.7142857142857143,1.0,0.7142857142857143,1.0,1.0,1.0,1.0,1.0,1.0
2003.03106,6b53e1f46ae4ba9b75117fc6e593abded89366be,structure-aware,evidence-hybrid,knapsack,20%,0.2,6460,1292,1287,0.19922600619195047,0.8007739938080496,0.9961300309597523,2.5224187539435325,0.9166666666666666,1.0,0.5,0.5454545454545455,0.40987314887550547,0.40987314887550547,0.0,0.0,0.0
2003.03106,6b53e1f46ae4ba9b75117fc6e593abded89366be,structure-aware,evidence-hybrid,knapsack,40%,0.4,6460,2584,2555,0.3955108359133127,0.6044891640866873,0.9887770897832817,4.599060644634244,0.9166666666666666,1.0,0.8333333333333334,0.9090909090909092,0.8557213930348259,0.8557213930348259,1.0,1.0,1.0
2003.03106,6b53e1f46ae4ba9b75117fc6e593abded89366be,structure-aware,evidence-hybrid,knapsack,60%,0.6,6460,3876,3872,0.5993808049535604,0.4006191950464396,0.9989680082559339,6.464686123891378,0.9166666666666666,1.0,0.9166666666666666,1.0,1.0,1.0,1.0,1.0,1.0
2003.03106,6b53e1f46ae4ba9b75117fc6e593abded89366be,structure-aware,evidence-hybrid,knapsack,80%,0.8,6460,5168,5141,0.7958204334365325,0.20417956656346747,0.9947755417956656,7.69120253295822,0.9166666666666666,1.0,0.9166666666666666,1.0,1.0,1.0,1.0,1.0,1.0
2003.03106,6b53e1f46ae4ba9b75117fc6e593abded89366be,structure-aware,evidence-hybrid,knapsack,100%,1.0,6460,6460,6460,1.0,0.0,1.0,8.565483677311747,0.9166666666666666,1.0,0.9166666666666666,1.0,1.0,1.0,1.0,1.0,1.0
2003.03106,c0bee6539eb6956a7347daa9d2419b367bd02064,structure-aware,evidence-hybrid,knapsack,20%,0.2,6460,1292,1283,0.19860681114551085,0.8013931888544892,0.9930340557275542,2.6528103182122447,0.0,1.0,0.0,0.0,0.8163265306122449,0.8163265306122449,0.0,1.0,0.0
2003.03106,c0bee6539eb6956a7347daa9d2419b367bd02064,structure-aware,evidence-hybrid,knapsack,40%,0.4,6460,2584,2560,0.39628482972136225,0.6037151702786377,0.9907120743034056,4.929880841194313,0.0,1.0,0.0,0.0,0.9285714285714286,0.9285714285714286,0.0,1.0,0.0
2003.03106,c0bee6539eb6956a7347daa9d2419b367bd02064,structure-aware,evidence-hybrid,knapsack,60%,0.6,6460,3876,3866,0.5984520123839009,0.4015479876160991,0.9974200206398349,6.697644063841921,0.0,1.0,0.0,0.0,0.9591836734693877,0.9591836734693877,0.0,1.0,0.0
2003.03106,c0bee6539eb6956a7347daa9d2419b367bd02064,structure-aware,evidence-hybrid,knapsack,80%,0.8,6460,5168,5138,0.7953560371517028,0.20464396284829722,0.9941950464396285,8.032097762114352,0.0,1.0,0.0,0.0,0.9795918367346939,0.9795918367346939,0.0,1.0,0.0
2003.03106,c0bee6539eb6956a7347daa9d2419b367bd02064,structure-aware,evidence-hybrid,knapsack,100%,1.0,6460,6460,6460,1.0,0.0,1.0,8.841220244996123,0.0,1.0,0.0,0.0,1.0,1.0,0.0,1.0,0.0
2003.03106,3de0487276bb5961586acc6e9f82934ef8cb668c,structure-aware,evidence-hybrid,knapsack,20%,0.2,6460,1292,1274,0.19721362229102168,0.8027863777089783,0.9860681114551083,3.02294641067118,1.0,1.0,1.0,1.0,0.8211382113821138,0.8211382113821138,1.0,1.0,1.0
2003.03106,3de0487276bb5961586acc6e9f82934ef8cb668c,structure-aware,evidence-hybrid,knapsack,40%,0.4,6460,2584,2554,0.3953560371517028,0.6046439628482971,0.9883900928792569,5.450936559679453,1.0,1.0,1.0,1.0,0.8617886178861789,0.8617886178861789,1.0,1.0,1.0
2003.03106,3de0487276bb5961586acc6e9f82934ef8cb668c,structure-aware,evidence-hybrid,knapsack,60%,0.6,6460,3876,3870,0.5990712074303406,0.4009287925696594,0.9984520123839009,7.430786623550755,1.0,1.0,1.0,1.0,1.0,1.0,1.0,1.0,1.0
2003.03106,3de0487276bb5961586acc6e9f82934ef8cb668c,structure-aware,evidence-hybrid,knapsack,80%,0.8,6460,5168,5117,0.7921052631578948,0.20789473684210524,0.9901315789473685,8.941649516473515,1.0,1.0,1.0,1.0,1.0,1.0,1.0,1.0,1.0
2003.03106,3de0487276bb5961586acc6e9f82934ef8cb668c,structure-aware,evidence-hybrid,knapsack,100%,1.0,6460,6460,6460,1.0,0.0,1.0,9.991191693119395,1.0,1.0,1.0,1.0,1.0,1.0,1.0,1.0,1.0
1708.01464,113d791df6fcfc9cecfb7b1bebaf32cc2e4402ab,structure-aware,evidence-hybrid,knapsack,20%,0.2,4327,865,855,0.19759648717356135,0.8024035128264386,0.9884393063583815,1.9547704580355885,0.0,1.0,0.0,0.0,0.5,0.5,0.0,0.0,0.0
1708.01464,113d791df6fcfc9cecfb7b1bebaf32cc2e4402ab,structure-aware,evidence-hybrid,knapsack,40%,0.4,4327,1730,1688,0.3901086202911948,0.6098913797088052,0.9757225433526011,3.1446807045880583,0.0,1.0,0.0,0.0,1.0,1.0,0.0,1.0,0.0
1708.01464,113d791df6fcfc9cecfb7b1bebaf32cc2e4402ab,structure-aware,evidence-hybrid,knapsack,60%,0.6,4327,2596,2525,0.583545181418997,0.416454818581003,0.9726502311248074,4.06982432675394,0.0,1.0,0.0,0.0,1.0,1.0,0.0,1.0,0.0
1708.01464,113d791df6fcfc9cecfb7b1bebaf32cc2e4402ab,structure-aware,evidence-hybrid,knapsack,80%,0.8,4327,3461,3455,0.7984746937832217,0.20152530621677833,0.9982663969950881,4.818094014855259,0.0,1.0,0.0,0.0,1.0,1.0,0.0,1.0,0.0
1708.01464,113d791df6fcfc9cecfb7b1bebaf32cc2e4402ab,structure-aware,evidence-hybrid,knapsack,100%,1.0,4327,4327,4037,0.9329789692627687,0.06702103073723131,0.9329789692627687,5.2069786080011555,0.0,1.0,0.0,0.0,1.0,1.0,0.0,1.0,0.0
1708.01464,0752d71a0a1f73b3482a888313622ce9e9870d6e,structure-aware,evidence-hybrid,knapsack,20%,0.2,4327,865,858,0.19828980818118788,0.8017101918188121,0.991907514450867,2.046561888813001,1.0,1.0,1.0,1.0,0.7692307692307693,0.7692307692307693,1.0,0.0,0.0
1708.01464,0752d71a0a1f73b3482a888313622ce9e9870d6e,structure-aware,evidence-hybrid,knapsack,40%,0.4,4327,1730,1727,0.3991217933903397,0.6008782066096603,0.9982658959537573,3.229230469232175,1.0,1.0,1.0,1.0,0.7692307692307693,0.7692307692307693,1.0,0.0,0.0
1708.01464,0752d71a0a1f73b3482a888313622ce9e9870d6e,structure-aware,evidence-hybrid,knapsack,60%,0.6,4327,2596,2594,0.5994915645944072,0.4005084354055928,0.9992295839753467,4.236213740093318,1.0,1.0,1.0,1.0,1.0,1.0,1.0,1.0,1.0
1708.01464,0752d71a0a1f73b3482a888313622ce9e9870d6e,structure-aware,evidence-hybrid,knapsack,80%,0.8,4327,3461,3449,0.7970880517679686,0.2029119482320314,0.9965327939901762,4.999917722325033,1.0,1.0,1.0,1.0,1.0,1.0,1.0,1.0,1.0
1708.01464,0752d71a0a1f73b3482a888313622ce9e9870d6e,structure-aware,evidence-hybrid,knapsack,100%,1.0,4327,4327,4212,0.9734226947076496,0.02657730529235036,0.9734226947076496,5.341169662426801,1.0,1.0,1.0,1.0,1.0,1.0,1.0,1.0,1.0
1708.01464,55c8f7acbfd4f5cde634aaecd775b3bb32e9ffa3,structure-aware,evidence-hybrid,knapsack,20%,0.2,4327,865,800,0.18488560203374163,0.8151143979662584,0.9248554913294798,1.6050377622782586,1.0,1.0,1.0,1.0,1.0,1.0,1.0,1.0,1.0
1708.01464,55c8f7acbfd4f5cde634aaecd775b3bb32e9ffa3,structure-aware,evidence-hybrid,knapsack,40%,0.4,4327,1730,1730,0.39981511439796624,0.6001848856020338,1.0,2.398268497941863,1.0,1.0,1.0,1.0,1.0,1.0,1.0,1.0,1.0
1708.01464,55c8f7acbfd4f5cde634aaecd775b3bb32e9ffa3,structure-aware,evidence-hybrid,knapsack,60%,0.6,4327,2596,2513,0.5807718973884909,0.4192281026115091,0.9680277349768875,2.9271649283715626,1.0,1.0,1.0,1.0,1.0,1.0,1.0,1.0,1.0
1708.01464,55c8f7acbfd4f5cde634aaecd775b3bb32e9ffa3,structure-aware,evidence-hybrid,knapsack,80%,0.8,4327,3461,3408,0.7876126646637394,0.21238733533626064,0.9846865067899451,3.304299574849746,1.0,1.0,1.0,1.0,1.0,1.0,1.0,1.0,1.0
1708.01464,55c8f7acbfd4f5cde634aaecd775b3bb32e9ffa3,structure-aware,evidence-hybrid,knapsack,100%,1.0,4327,4327,4212,0.9734226947076496,0.02657730529235036,0.9734226947076496,3.4106717502621664,1.0,1.0,1.0,1.0,1.0,1.0,1.0,1.0,1.0
1708.01464,4eaf9787f51cd7cdc45eb85cf223d752328c6ee4,structure-aware,evidence-hybrid,knapsack,20%,0.2,4327,865,858,0.19828980818118788,0.8017101918188121,0.991907514450867,2.2372896351339566,0.9285714285714286,1.0,0.9285714285714286,1.0,0.6614583333333334,0.6614583333333334,1.0,0.0,0.0
1708.01464,4eaf9787f51cd7cdc45eb85cf223d752328c6ee4,structure-aware,evidence-hybrid,knapsack,40%,0.4,4327,1730,1712,0.3956551883522071,0.604344811647793,0.9895953757225433,3.9113922101990033,0.9285714285714286,1.0,0.9285714285714286,1.0,0.7083333333333334,0.7083333333333334,1.0,0.0,0.0
1708.01464,4eaf9787f51cd7cdc45eb85cf223d752328c6ee4,structure-aware,evidence-hybrid,knapsack,60%,0.6,4327,2596,2578,0.5957938525537324,0.4042061474462676,0.9930662557781201,5.4211967328261785,0.9285714285714286,1.0,0.9285714285714286,1.0,0.7604166666666667,0.7604166666666667,1.0,0.0,0.0
1708.01464,4eaf9787f51cd7cdc45eb85cf223d752328c6ee4,structure-aware,evidence-hybrid,knapsack,80%,0.8,4327,3461,3455,0.7984746937832217,0.20152530621677833,0.9982663969950881,6.660112197382696,0.9285714285714286,1.0,0.9285714285714286,1.0,0.796875,0.796875,1.0,0.0,0.0
1708.01464,4eaf9787f51cd7cdc45eb85cf223d752328c6ee4,structure-aware,evidence-hybrid,knapsack,100%,1.0,4327,4327,4195,0.9694938756644327,0.03050612433556732,0.9694938756644327,7.316504055184255,0.9285714285714286,1.0,0.9285714285714286,1.0,1.0,1.0,1.0,1.0,1.0
2002.03407,31735ec3d83c40b79d11df5c34154849aeb3fb47,structure-aware,evidence-hybrid,knapsack,20%,0.2,5042,1008,971,0.19258230860769535,0.8074176913923047,0.9632936507936508,2.3912592248497857,1.0,1.0,1.0,1.0,1.0,1.0,1.0,1.0,1.0
2002.03407,31735ec3d83c40b79d11df5c34154849aeb3fb47,structure-aware,evidence-hybrid,knapsack,40%,0.4,5042,2016,1975,0.39170963903213013,0.6082903609678698,0.9796626984126984,3.855323686769363,1.0,1.0,1.0,1.0,1.0,1.0,1.0,1.0,1.0
2002.03407,31735ec3d83c40b79d11df5c34154849aeb3fb47,structure-aware,evidence-hybrid,knapsack,60%,0.6,5042,3025,2987,0.592423641412138,0.407576358587862,0.9874380165289256,4.994926296945078,1.0,1.0,1.0,1.0,1.0,1.0,1.0,1.0,1.0
2002.03407,31735ec3d83c40b79d11df5c34154849aeb3fb47,structure-aware,evidence-hybrid,knapsack,80%,0.8,5042,4033,4001,0.7935343117810393,0.20646568821896072,0.9920654599553682,5.909650724817535,1.0,1.0,1.0,1.0,1.0,1.0,1.0,1.0,1.0
2002.03407,31735ec3d83c40b79d11df5c34154849aeb3fb47,structure-aware,evidence-hybrid,knapsack,100%,1.0,5042,5042,4823,0.9565648552161841,0.04343514478381594,0.9565648552161841,6.54452287181316,1.0,1.0,1.0,1.0,1.0,1.0,1.0,1.0,1.0
2002.03407,10d450960907091f13e0be55f40bcb96f44dd074,structure-aware,evidence-hybrid,knapsack,20%,0.2,5042,1008,976,0.1935739785799286,0.8064260214200714,0.9682539682539683,3.1281799278576674,0.0,1.0,0.0,0.0,0.47619047619047616,0.47619047619047616,0.0,0.0,0.0
2002.03407,10d450960907091f13e0be55f40bcb96f44dd074,structure-aware,evidence-hybrid,knapsack,40%,0.4,5042,2016,1980,0.39270130900436334,0.6072986909956366,0.9821428571428571,5.31873166497741,0.0,1.0,0.0,0.0,0.8174603174603174,0.8174603174603174,0.0,1.0,0.0
2002.03407,10d450960907091f13e0be55f40bcb96f44dd074,structure-aware,evidence-hybrid,knapsack,60%,0.6,5042,3025,3017,0.5983736612455375,0.4016263387544625,0.9973553719008265,6.658922813740822,0.0,1.0,0.0,0.0,0.873015873015873,0.873015873015873,0.0,1.0,0.0
2002.03407,10d450960907091f13e0be55f40bcb96f44dd074,structure-aware,evidence-hybrid,knapsack,80%,0.8,5042,4033,3998,0.7929393097976993,0.20706069020230067,0.991321596826184,7.701947057977269,0.0,1.0,0.0,0.0,0.9761904761904762,0.9761904761904762,0.0,1.0,0.0
2002.03407,10d450960907091f13e0be55f40bcb96f44dd074,structure-aware,evidence-hybrid,knapsack,100%,1.0,5042,5042,4982,0.9880999603332011,0.011900039666798867,0.9880999603332011,8.275604649983986,0.0,1.0,0.0,0.0,0.9761904761904762,0.9761904761904762,0.0,1.0,0.0
2002.03407,b5608076d91450b0d295ad14c3e3a90d7e168d0e,structure-aware,evidence-hybrid,knapsack,20%,0.2,5042,1008,935,0.18544228480761601,0.814557715192384,0.9275793650793651,3.28597232779378,0.0,1.0,0.0,0.0,0.4444444444444444,0.4444444444444444,0.0,0.0,0.0
2002.03407,b5608076d91450b0d295ad14c3e3a90d7e168d0e,structure-aware,evidence-hybrid,knapsack,40%,0.4,5042,2016,2002,0.3970646568821896,0.6029353431178104,0.9930555555555556,5.571887841506825,0.0,1.0,0.0,0.0,0.7407407407407407,0.7407407407407407,0.0,0.0,0.0
2002.03407,b5608076d91450b0d295ad14c3e3a90d7e168d0e,structure-aware,evidence-hybrid,knapsack,60%,0.6,5042,3025,3025,0.5999603332011106,0.40003966679888936,1.0,7.335102459402232,0.0,1.0,0.0,0.0,1.0,1.0,0.0,1.0,0.0
2002.03407,b5608076d91450b0d295ad14c3e3a90d7e168d0e,structure-aware,evidence-hybrid,knapsack,80%,0.8,5042,4033,4031,0.7994843316144388,0.20051566838556123,0.9995040912472105,8.67778397617013,0.0,1.0,0.0,0.0,1.0,1.0,0.0,1.0,0.0
2002.03407,b5608076d91450b0d295ad14c3e3a90d7e168d0e,structure-aware,evidence-hybrid,knapsack,100%,1.0,5042,5042,4815,0.9549781832606109,0.0450218167393891,0.9549781832606109,9.56298205498314,0.0,1.0,0.0,0.0,1.0,1.0,0.0,1.0,0.0
2002.03407,c21b87c97d1afac85ece2450ee76d01c946de668,structure-aware,evidence-hybrid,knapsack,20%,0.2,5042,1008,1008,0.19992066640222134,0.8000793335977787,1.0,2.7347275307294563,1.0,1.0,0.2,0.2,0.4473684210526316,0.4473684210526316,0.0,0.0,0.0
2002.03407,c21b87c97d1afac85ece2450ee76d01c946de668,structure-aware,evidence-hybrid,knapsack,40%,0.4,5042,2016,2016,0.3998413328044427,0.6001586671955573,1.0,4.661568566803804,1.0,1.0,1.0,1.0,1.0,1.0,1.0,1.0,1.0
2002.03407,c21b87c97d1afac85ece2450ee76d01c946de668,structure-aware,evidence-hybrid,knapsack,60%,0.6,5042,3025,3022,0.5993653312177707,0.4006346687822293,0.9990082644628099,6.266945975848133,1.0,1.0,1.0,1.0,1.0,1.0,1.0,1.0,1.0
2002.03407,c21b87c97d1afac85ece2450ee76d01c946de668,structure-aware,evidence-hybrid,knapsack,80%,0.8,5042,4033,4033,0.799880999603332,0.20011900039666797,1.0,7.279513628974376,1.0,1.0,1.0,1.0,1.0,1.0,1.0,1.0,1.0
2002.03407,c21b87c97d1afac85ece2450ee76d01c946de668,structure-aware,evidence-hybrid,knapsack,100%,1.0,5042,5042,4832,0.9583498611662039,0.04165013883379609,0.9583498611662039,7.915642908109676,1.0,1.0,1.0,1.0,1.0,1.0,1.0,1.0,1.0
1909.11687,d087539e6a38c42f0a521ff2173ef42c0733878e,structure-aware,evidence-hybrid,knapsack,20%,0.2,4922,984,975,0.1980902072328322,0.8019097927671678,0.9908536585365854,2.4928706975101744,1.0,1.0,0.6206896551724138,0.6206896551724138,0.509090909090909,0.509090909090909,0.0,0.0,0.0
1909.11687,d087539e6a38c42f0a521ff2173ef42c0733878e,structure-aware,evidence-hybrid,knapsack,40%,0.4,4922,1968,1953,0.39678992279561154,0.6032100772043885,0.9923780487804879,4.602379446390695,1.0,1.0,0.8275862068965517,0.8275862068965517,0.7090909090909091,0.7090909090909091,0.0,0.0,0.0
1909.11687,d087539e6a38c42f0a521ff2173ef42c0733878e,structure-aware,evidence-hybrid,knapsack,60%,0.6,4922,2953,2947,0.5987403494514425,0.4012596505485575,0.9979681679647816,6.348065127061971,1.0,1.0,1.0,1.0,1.0,1.0,1.0,1.0,1.0
1909.11687,d087539e6a38c42f0a521ff2173ef42c0733878e,structure-aware,evidence-hybrid,knapsack,80%,0.8,4922,3937,3906,0.7935798455912231,0.20642015440877692,0.9921259842519685,7.8818137779893185,1.0,1.0,1.0,1.0,1.0,1.0,1.0,1.0,1.0
1909.11687,d087539e6a38c42f0a521ff2173ef42c0733878e,structure-aware,evidence-hybrid,knapsack,100%,1.0,4922,4922,4664,0.9475822836245429,0.05241771637545711,0.9475822836245429,8.705492689090445,1.0,1.0,1.0,1.0,1.0,1.0,1.0,1.0,1.0
1909.11687,efe9bad55107a6be7704ed97ecce948a8ca7b1d2,structure-aware,evidence-hybrid,knapsack,20%,0.2,4922,984,975,0.1980902072328322,0.8019097927671678,0.9908536585365854,2.58667356298768,1.0,1.0,0.25,0.25,0.43243243243243246,0.43243243243243246,0.0,0.0,0.0
1909.11687,efe9bad55107a6be7704ed97ecce948a8ca7b1d2,structure-aware,evidence-hybrid,knapsack,40%,0.4,4922,1968,1956,0.3973994311255587,0.6026005688744414,0.9939024390243902,4.496219284343238,1.0,1.0,0.75,0.75,0.7297297297297297,0.7297297297297297,0.0,0.0,0.0
1909.11687,efe9bad55107a6be7704ed97ecce948a8ca7b1d2,structure-aware,evidence-hybrid,knapsack,60%,0.6,4922,2953,2948,0.5989435188947583,0.4010564811052417,0.998306806637318,6.0970408174549355,1.0,1.0,0.75,0.75,0.8108108108108109,0.8108108108108109,0.0,1.0,0.0
1909.11687,efe9bad55107a6be7704ed97ecce948a8ca7b1d2,structure-aware,evidence-hybrid,knapsack,80%,0.8,4922,3937,3871,0.7864689150751727,0.2135310849248273,0.9832359664719329,7.487429058871541,1.0,1.0,1.0,1.0,1.0,1.0,1.0,1.0,1.0
1909.11687,efe9bad55107a6be7704ed97ecce948a8ca7b1d2,structure-aware,evidence-hybrid,knapsack,100%,1.0,4922,4922,4664,0.9475822836245429,0.05241771637545711,0.9475822836245429,8.461816043960956,1.0,1.0,1.0,1.0,1.0,1.0,1.0,1.0,1.0
1605.06083,7561a968470a8936d10e1ba722d2f38b5a9a4d38,structure-aware,evidence-hybrid,knapsack,20%,0.2,2887,577,545,0.1887772774506408,0.8112227225493592,0.9445407279029463,1.6200962509675274,0.0,1.0,0.0,0.0,0.5967741935483871,0.5967741935483871,0.0,0.0,0.0
1605.06083,7561a968470a8936d10e1ba722d2f38b5a9a4d38,structure-aware,evidence-hybrid,knapsack,40%,0.4,2887,1154,1125,0.3896778662971943,0.6103221337028057,0.9748700173310225,2.9270025394915002,0.0,1.0,0.0,0.0,1.0,1.0,0.0,1.0,0.0
1605.06083,7561a968470a8936d10e1ba722d2f38b5a9a4d38,structure-aware,evidence-hybrid,knapsack,60%,0.6,2887,1732,1655,0.5732594388638725,0.42674056113612746,0.9555427251732102,4.064752806635872,0.0,1.0,0.0,0.0,1.0,1.0,0.0,1.0,0.0
1605.06083,7561a968470a8936d10e1ba722d2f38b5a9a4d38,structure-aware,evidence-hybrid,knapsack,80%,0.8,2887,2309,2278,0.7890543817111189,0.21094561828888114,0.9865742745777393,4.9930740752737535,0.0,1.0,0.0,0.0,1.0,1.0,0.0,1.0,0.0
1605.06083,7561a968470a8936d10e1ba722d2f38b5a9a4d38,structure-aware,evidence-hybrid,knapsack,100%,1.0,2887,2887,2806,0.971943193626602,0.028056806373398024,0.971943193626602,5.524901215626644,0.0,1.0,0.0,0.0,1.0,1.0,0.0,1.0,0.0
1605.06083,6d4400f45bd97b812e946b8a682b018826e841f1,structure-aware,evidence-hybrid,knapsack,20%,0.2,2887,577,568,0.19674402493938345,0.8032559750606165,0.9844020797227037,1.3982431772753332,1.0,1.0,0.07142857142857142,0.07142857142857142,0.15789473684210525,0.15789473684210525,0.0,0.0,0.0
1605.06083,6d4400f45bd97b812e946b8a682b018826e841f1,structure-aware,evidence-hybrid,knapsack,40%,0.4,2887,1154,1112,0.3851749220644267,0.6148250779355733,0.9636048526863085,2.7097427736393342,1.0,1.0,0.07142857142857142,0.07142857142857142,0.28421052631578947,0.28421052631578947,0.0,0.0,0.0
1605.06083,6d4400f45bd97b812e946b8a682b018826e841f1,structure-aware,evidence-hybrid,knapsack,60%,0.6,2887,1732,1721,0.596120540353308,0.40387945964669203,0.99364896073903,3.7000698492467734,1.0,1.0,0.14285714285714285,0.14285714285714285,0.4105263157894737,0.4105263157894737,0.0,0.0,0.0
1605.06083,6d4400f45bd97b812e946b8a682b018826e841f1,structure-aware,evidence-hybrid,knapsack,80%,0.8,2887,2309,2292,0.7939037062694839,0.20609629373051608,0.992637505413599,4.524178298900412,1.0,1.0,1.0,1.0,1.0,1.0,1.0,1.0,1.0
1605.06083,6d4400f45bd97b812e946b8a682b018826e841f1,structure-aware,evidence-hybrid,knapsack,100%,1.0,2887,2887,2610,0.9040526498094908,0.09594735019050915,0.9040526498094908,4.953137380000794,1.0,1.0,1.0,1.0,1.0,1.0,1.0,1.0,1.0
1605.06083,26c2e1eb12143d985e4fb50543cf0d1eb4395e67,structure-aware,evidence-hybrid,knapsack,20%,0.2,2887,577,545,0.1887772774506408,0.8112227225493592,0.9445407279029463,1.4621936277788607,1.0,1.0,0.0,0.0,0.8279569892473119,0.8279569892473119,0.0,1.0,0.0
1605.06083,26c2e1eb12143d985e4fb50543cf0d1eb4395e67,structure-aware,evidence-hybrid,knapsack,40%,0.4,2887,1154,1125,0.3896778662971943,0.6103221337028057,0.9748700173310225,2.927026491474645,1.0,1.0,0.5,0.5,0.8387096774193549,0.8387096774193549,0.0,1.0,0.0
1605.06083,26c2e1eb12143d985e4fb50543cf0d1eb4395e67,structure-aware,evidence-hybrid,knapsack,60%,0.6,2887,1732,1655,0.5732594388638725,0.42674056113612746,0.9555427251732102,4.062883515871744,1.0,1.0,0.5,0.5,0.8709677419354839,0.8709677419354839,0.0,1.0,0.0
1605.06083,26c2e1eb12143d985e4fb50543cf0d1eb4395e67,structure-aware,evidence-hybrid,knapsack,80%,0.8,2887,2309,2244,0.7772774506408036,0.22272254935919644,0.9718492854049372,4.917584651712127,1.0,1.0,1.0,1.0,1.0,1.0,1.0,1.0,1.0
1605.06083,26c2e1eb12143d985e4fb50543cf0d1eb4395e67,structure-aware,evidence-hybrid,knapsack,100%,1.0,2887,2887,2806,0.971943193626602,0.028056806373398024,0.971943193626602,5.638546674012848,1.0,1.0,1.0,1.0,1.0,1.0,1.0,1.0,1.0
1804.05918,f17ca24b135f9fe6bb25dc5084b13e1637ec7744,structure-aware,evidence-hybrid,knapsack,20%,0.2,5690,1138,1065,0.18717047451669597,0.812829525483304,0.9358523725834798,2.8193131697683933,1.0,1.0,1.0,1.0,1.0,1.0,1.0,1.0,1.0
1804.05918,f17ca24b135f9fe6bb25dc5084b13e1637ec7744,structure-aware,evidence-hybrid,knapsack,40%,0.4,5690,2276,2169,0.381195079086116,0.618804920913884,0.95298769771529,4.824452065202612,1.0,1.0,1.0,1.0,1.0,1.0,1.0,1.0,1.0
1804.05918,f17ca24b135f9fe6bb25dc5084b13e1637ec7744,structure-aware,evidence-hybrid,knapsack,60%,0.6,5690,3414,3398,0.5971880492091388,0.4028119507908612,0.9953134153485648,6.507649087353976,1.0,1.0,1.0,1.0,1.0,1.0,1.0,1.0,1.0
1804.05918,f17ca24b135f9fe6bb25dc5084b13e1637ec7744,structure-aware,evidence-hybrid,knapsack,80%,0.8,5690,4552,4542,0.7982425307557117,0.20175746924428828,0.9978031634446397,7.988070244756017,1.0,1.0,1.0,1.0,1.0,1.0,1.0,1.0,1.0
1804.05918,f17ca24b135f9fe6bb25dc5084b13e1637ec7744,structure-aware,evidence-hybrid,knapsack,100%,1.0,5690,5690,5466,0.9606326889279437,0.039367311072056266,0.9606326889279437,8.71479861938881,1.0,1.0,1.0,1.0,1.0,1.0,1.0,1.0,1.0
1804.05918,bd5bd1765362c2d972a762ca12675108754aa437,structure-aware,evidence-hybrid,knapsack,20%,0.2,5690,1138,1121,0.19701230228471,0.80298769771529,0.9850615114235501,2.5749916913538136,1.0,1.0,0.5925925925925926,0.5925925925925926,0.7347324636037058,0.7347324636037058,0.0,0.0,0.0
1804.05918,bd5bd1765362c2d972a762ca12675108754aa437,structure-aware,evidence-hybrid,knapsack,40%,0.4,5690,2276,2204,0.3873462214411248,0.6126537785588753,0.968365553602812,4.41904937603032,1.0,1.0,1.0,1.0,1.0,1.0,1.0,1.0,1.0
1804.05918,bd5bd1765362c2d972a762ca12675108754aa437,structure-aware,evidence-hybrid,knapsack,60%,0.6,5690,3414,3410,0.5992970123022847,0.4007029876977153,0.9988283538371412,5.862464940519789,1.0,1.0,1.0,1.0,1.0,1.0,1.0,1.0,1.0
1804.05918,bd5bd1765362c2d972a762ca12675108754aa437,structure-aware,evidence-hybrid,knapsack,80%,0.8,5690,4552,4516,0.7936731107205623,0.20632688927943765,0.992091388400703,6.891183140080868,1.0,1.0,1.0,1.0,1.0,1.0,1.0,1.0,1.0
1804.05918,bd5bd1765362c2d972a762ca12675108754aa437,structure-aware,evidence-hybrid,knapsack,100%,1.0,5690,5690,5427,0.9537785588752197,0.04622144112478033,0.9537785588752197,7.434815903076424,1.0,1.0,1.0,1.0,1.0,1.0,1.0,1.0,1.0
1809.04267,d9b6c61fc6d29ad399d27b931b6cb7b1117b314a,structure-aware,evidence-hybrid,knapsack,20%,0.2,5695,1139,1128,0.1980684811237928,0.8019315188762072,0.990342405618964,3.678425188749271,1.0,1.0,0.8571428571428571,0.8571428571428571,0.6323529411764706,0.6323529411764706,0.0,0.0,0.0
1809.04267,d9b6c61fc6d29ad399d27b931b6cb7b1117b314a,structure-aware,evidence-hybrid,knapsack,40%,0.4,5695,2278,2271,0.39877085162423176,0.6012291483757682,0.9969271290605795,6.134557630535351,1.0,1.0,0.8571428571428571,0.8571428571428571,0.6764705882352942,0.6764705882352942,0.0,0.0,0.0
1809.04267,d9b6c61fc6d29ad399d27b931b6cb7b1117b314a,structure-aware,evidence-hybrid,knapsack,60%,0.6,5695,3417,3377,0.5929762949956102,0.4070237050043898,0.9882938249926836,8.288317212188632,1.0,1.0,1.0,1.0,1.0,1.0,1.0,1.0,1.0
1809.04267,d9b6c61fc6d29ad399d27b931b6cb7b1117b314a,structure-aware,evidence-hybrid,knapsack,80%,0.8,5695,4556,4501,0.790342405618964,0.20965759438103604,0.987928007023705,10.004468368422174,1.0,1.0,1.0,1.0,1.0,1.0,1.0,1.0,1.0
1809.04267,d9b6c61fc6d29ad399d27b931b6cb7b1117b314a,structure-aware,evidence-hybrid,knapsack,100%,1.0,5695,5695,5695,1.0,0.0,1.0,11.223293836405048,1.0,1.0,1.0,1.0,1.0,1.0,1.0,1.0,1.0
1901.05287,d27438b11bc70e706431dda0af2b1c0b0d209f96,structure-aware,evidence-hybrid,knapsack,20%,0.2,2108,421,380,0.18026565464895636,0.8197343453510436,0.9026128266033254,1.00601480866444,0.0,1.0,0.0,0.0,0.27131106679960115,0.27131106679960115,0.0,0.0,0.0
1901.05287,d27438b11bc70e706431dda0af2b1c0b0d209f96,structure-aware,evidence-hybrid,knapsack,40%,0.4,2108,843,806,0.38235294117647056,0.6176470588235294,0.9561091340450771,2.2092735504365986,0.0,1.0,0.0,0.0,0.6691176470588236,0.6691176470588236,0.0,0.0,0.0
1901.05287,d27438b11bc70e706431dda0af2b1c0b0d209f96,structure-aware,evidence-hybrid,knapsack,60%,0.6,2108,1264,1247,0.5915559772296015,0.4084440227703985,0.9865506329113924,2.8425369706768127,0.0,1.0,0.0,0.0,0.6911764705882353,0.6911764705882353,0.0,0.0,0.0
1901.05287,d27438b11bc70e706431dda0af2b1c0b0d209f96,structure-aware,evidence-hybrid,knapsack,80%,0.8,2108,1686,1624,0.7703984819734345,0.22960151802656548,0.963226571767497,3.517841130450352,0.0,1.0,0.0,0.0,1.0,1.0,0.0,1.0,0.0
1901.05287,d27438b11bc70e706431dda0af2b1c0b0d209f96,structure-aware,evidence-hybrid,knapsack,100%,1.0,2108,2108,1890,0.896584440227704,0.103415559772296,0.896584440227704,3.857602515934241,0.0,1.0,0.0,0.0,1.0,1.0,0.0,1.0,0.0
1612.06685,8d4ac4afbf5b14f412171729ceb5e822afcfa3f4,structure-aware,evidence-hybrid,knapsack,20%,0.2,1871,374,331,0.17691074291822556,0.8230892570817745,0.8850267379679144,0.7148039783372466,0.0,1.0,0.0,0.0,1.0,1.0,0.0,1.0,0.0
1612.06685,8d4ac4afbf5b14f412171729ceb5e822afcfa3f4,structure-aware,evidence-hybrid,knapsack,40%,0.4,1871,748,704,0.37626937466595406,0.623730625334046,0.9411764705882353,1.256593738836588,0.0,1.0,0.0,0.0,0.39622641509433965,0.39622641509433965,0.0,0.0,0.0
1612.06685,8d4ac4afbf5b14f412171729ceb5e822afcfa3f4,structure-aware,evidence-hybrid,knapsack,60%,0.6,1871,1122,1095,0.5852485301977552,0.41475146980224475,0.9759358288770054,1.8957353769463017,0.0,1.0,0.0,0.0,1.0,1.0,0.0,1.0,0.0
1612.06685,8d4ac4afbf5b14f412171729ceb5e822afcfa3f4,structure-aware,evidence-hybrid,knapsack,80%,0.8,1871,1496,1380,0.7375734901122395,0.2624265098877605,0.9224598930481284,2.1865627764012423,0.0,1.0,0.0,0.0,1.0,1.0,0.0,1.0,0.0
1612.06685,8d4ac4afbf5b14f412171729ceb5e822afcfa3f4,structure-aware,evidence-hybrid,knapsack,100%,1.0,1871,1871,1871,1.0,0.0,1.0,2.638420170798366,0.0,1.0,0.0,0.0,1.0,1.0,0.0,1.0,0.0
1612.06685,3c93894c4baf49deacc6ed2a14ef5e0f13b7d96f,structure-aware,evidence-hybrid,knapsack,20%,0.2,1871,374,347,0.18546231961517906,0.814537680384821,0.9278074866310161,0.9545003939707506,1.0,1.0,0.7142857142857143,0.7142857142857143,0.5654761904761905,0.5654761904761905,0.0,0.0,0.0
1612.06685,3c93894c4baf49deacc6ed2a14ef5e0f13b7d96f,structure-aware,evidence-hybrid,knapsack,40%,0.4,1871,748,713,0.3810796365579904,0.6189203634420096,0.9532085561497327,1.6882756509084227,1.0,1.0,0.5714285714285714,0.5714285714285714,0.5753968253968255,0.5753968253968255,0.0,0.0,0.0
1612.06685,3c93894c4baf49deacc6ed2a14ef5e0f13b7d96f,structure-aware,evidence-hybrid,knapsack,60%,0.6,1871,1122,1107,0.5916622127204704,0.40833778727952963,0.9866310160427807,2.4667795167925415,1.0,1.0,1.0,1.0,1.0,1.0,1.0,1.0,1.0
1612.06685,3c93894c4baf49deacc6ed2a14ef5e0f13b7d96f,structure-aware,evidence-hybrid,knapsack,80%,0.8,1871,1496,1373,0.7338321753073223,0.26616782469267775,0.9177807486631016,2.88371115645782,1.0,1.0,1.0,1.0,1.0,1.0,1.0,1.0,1.0
1612.06685,3c93894c4baf49deacc6ed2a14ef5e0f13b7d96f,structure-aware,evidence-hybrid,knapsack,100%,1.0,1871,1871,1871,1.0,0.0,1.0,3.2378081315667813,1.0,1.0,1.0,1.0,1.0,1.0,1.0,1.0,1.0
1612.06685,07d15501a599bae7eb4a9ead63e9df3d55b3dc35,structure-aware,evidence-hybrid,knapsack,20%,0.2,1871,374,347,0.18546231961517906,0.814537680384821,0.9278074866310161,0.7747556433628321,1.0,1.0,0.0,0.0,0.24285714285714285,0.24285714285714285,0.0,0.0,0.0
1612.06685,07d15501a599bae7eb4a9ead63e9df3d55b3dc35,structure-aware,evidence-hybrid,knapsack,40%,0.4,1871,748,738,0.39444147514698025,0.6055585248530198,0.9866310160427807,1.5555142193024805,1.0,1.0,0.0,0.0,0.2714285714285714,0.2714285714285714,0.0,0.0,0.0
1612.06685,07d15501a599bae7eb4a9ead63e9df3d55b3dc35,structure-aware,evidence-hybrid,knapsack,60%,0.6,1871,1122,1120,0.598610368786745,0.401389631213255,0.9982174688057041,2.1099249067529002,1.0,1.0,1.0,1.0,1.0,1.0,1.0,1.0,1.0
1612.06685,07d15501a599bae7eb4a9ead63e9df3d55b3dc35,structure-aware,evidence-hybrid,knapsack,80%,0.8,1871,1496,1436,0.7675040085515767,0.23249599144842326,0.9598930481283422,2.58474269441226,1.0,1.0,0.0,0.0,0.3142857142857143,0.3142857142857143,0.0,0.0,0.0
1612.06685,07d15501a599bae7eb4a9ead63e9df3d55b3dc35,structure-aware,evidence-hybrid,knapsack,100%,1.0,1871,1871,1871,1.0,0.0,1.0,3.0993872319601774,1.0,1.0,1.0,1.0,1.0,1.0,1.0,1.0,1.0
1912.04961,99e78c390932594bd833be0f5c890af5c605d808,structure-aware,evidence-hybrid,knapsack,20%,0.2,6543,1308,1305,0.19944979367262725,0.8005502063273727,0.9977064220183486,3.3401365069240185,1.0,1.0,1.0,1.0,1.0,1.0,1.0,1.0,1.0
1912.04961,99e78c390932594bd833be0f5c890af5c605d808,structure-aware,evidence-hybrid,knapsack,40%,0.4,6543,2617,2599,0.3972184013449488,0.6027815986550512,0.9931218952999618,5.543880988468785,1.0,1.0,1.0,1.0,1.0,1.0,1.0,1.0,1.0
1912.04961,99e78c390932594bd833be0f5c890af5c605d808,structure-aware,evidence-hybrid,knapsack,60%,0.6,6543,3925,3922,0.5994192266544398,0.4005807733455602,0.999235668789809,7.222071159917131,1.0,1.0,1.0,1.0,1.0,1.0,1.0,1.0,1.0
1912.04961,99e78c390932594bd833be0f5c890af5c605d808,structure-aware,evidence-hybrid,knapsack,80%,0.8,6543,5234,5219,0.7976463395995721,0.2023536604004279,0.9971341230416507,8.728573688366563,1.0,1.0,1.0,1.0,1.0,1.0,1.0,1.0,1.0
1912.04961,99e78c390932594bd833be0f5c890af5c605d808,structure-aware,evidence-hybrid,knapsack,100%,1.0,6543,6543,6413,0.9801314381782057,0.019868561821794306,0.9801314381782057,9.875036630743267,1.0,1.0,1.0,1.0,1.0,1.0,1.0,1.0,1.0
1912.04961,861187338c5ad445b9acddba8f2c7688785667b1,structure-aware,evidence-hybrid,knapsack,20%,0.2,6543,1308,1286,0.19654592694482653,0.8034540730551735,0.9831804281345565,3.2443990797166204,0.0,1.0,0.0,0.0,1.0,1.0,0.0,1.0,0.0
1912.04961,861187338c5ad445b9acddba8f2c7688785667b1,structure-aware,evidence-hybrid,knapsack,40%,0.4,6543,2617,2610,0.3988995873452545,0.6011004126547455,0.9973251815055407,5.469411374366563,0.0,1.0,0.0,0.0,1.0,1.0,0.0,1.0,0.0
1912.04961,861187338c5ad445b9acddba8f2c7688785667b1,structure-aware,evidence-hybrid,knapsack,60%,0.6,6543,3925,3916,0.5985022161088186,0.4014977838911814,0.9977070063694268,7.205042382160926,0.0,1.0,0.0,0.0,1.0,1.0,0.0,1.0,0.0
1912.04961,861187338c5ad445b9acddba8f2c7688785667b1,structure-aware,evidence-hybrid,knapsack,80%,0.8,6543,5234,5149,0.7869478832339906,0.21305211676600944,0.9837600305693542,8.575849951570303,0.0,1.0,0.0,0.0,1.0,1.0,0.0,1.0,0.0
1912.04961,861187338c5ad445b9acddba8f2c7688785667b1,structure-aware,evidence-hybrid,knapsack,100%,1.0,6543,6543,6318,0.9656121045392022,0.03438789546079779,0.9656121045392022,9.410899475221084,0.0,1.0,0.0,0.0,1.0,1.0,0.0,1.0,0.0
1912.04961,f161e6d5aecf8fae3a26374dcb3e4e1b40530c95,structure-aware,evidence-hybrid,knapsack,20%,0.2,6543,1308,1296,0.19807427785419532,0.8019257221458047,0.9908256880733946,2.5811967742299795,1.0,1.0,1.0,1.0,1.0,1.0,1.0,1.0,1.0
1912.04961,f161e6d5aecf8fae3a26374dcb3e4e1b40530c95,structure-aware,evidence-hybrid,knapsack,40%,0.4,6543,2617,2605,0.39813541189057006,0.60186458810943,0.9954145968666412,4.398623923690035,1.0,1.0,1.0,1.0,1.0,1.0,1.0,1.0,1.0
1912.04961,f161e6d5aecf8fae3a26374dcb3e4e1b40530c95,structure-aware,evidence-hybrid,knapsack,60%,0.6,6543,3925,3836,0.5862754088338683,0.4137245911661317,0.9773248407643312,5.739255247089309,1.0,1.0,1.0,1.0,1.0,1.0,1.0,1.0,1.0
1912.04961,f161e6d5aecf8fae3a26374dcb3e4e1b40530c95,structure-aware,evidence-hybrid,knapsack,80%,0.8,6543,5234,5146,0.7864893779611799,0.2135106220388201,0.9831868551776843,6.690401965604916,1.0,1.0,1.0,1.0,1.0,1.0,1.0,1.0,1.0
1912.04961,f161e6d5aecf8fae3a26374dcb3e4e1b40530c95,structure-aware,evidence-hybrid,knapsack,100%,1.0,6543,6543,6289,0.9611798869020327,0.03882011309796729,0.9611798869020327,6.999025897996506,1.0,1.0,1.0,1.0,1.0,1.0,1.0,1.0,1.0
1910.10781,12c50dea84f9a8845795fa8b8c1679328bd66246,structure-aware,evidence-hybrid,knapsack,20%,0.2,3670,734,728,0.1983651226158038,0.8016348773841961,0.9918256130790191,1.6956100358645039,1.0,1.0,1.0,1.0,0.7318181818181819,0.7318181818181819,1.0,0.0,0.0
1910.10781,12c50dea84f9a8845795fa8b8c1679328bd66246,structure-aware,evidence-hybrid,knapsack,40%,0.4,3670,1468,1374,0.3743869209809264,0.6256130790190736,0.9359673024523161,2.857336604990485,1.0,1.0,1.0,1.0,0.975,0.975,1.0,1.0,1.0
1910.10781,12c50dea84f9a8845795fa8b8c1679328bd66246,structure-aware,evidence-hybrid,knapsack,60%,0.6,3670,2202,2128,0.5798365122615804,0.4201634877384196,0.9663941871026339,3.7019475645896445,1.0,1.0,1.0,1.0,0.975,0.975,1.0,1.0,1.0
1910.10781,12c50dea84f9a8845795fa8b8c1679328bd66246,structure-aware,evidence-hybrid,knapsack,80%,0.8,3670,2936,2920,0.7956403269754768,0.20435967302452318,0.9945504087193461,4.2995825111849015,1.0,1.0,1.0,1.0,1.0,1.0,1.0,1.0,1.0
1910.10781,12c50dea84f9a8845795fa8b8c1679328bd66246,structure-aware,evidence-hybrid,knapsack,100%,1.0,3670,3670,3670,1.0,0.0,1.0,4.670249311352815,1.0,1.0,1.0,1.0,1.0,1.0,1.0,1.0,1.0
1910.10781,0810b43404686ddfe4ca84783477ae300fdd2ea4,structure-aware,evidence-hybrid,knapsack,20%,0.2,3670,734,682,0.18583106267029972,0.8141689373297003,0.9291553133514986,2.0494348957698723,1.0,1.0,1.0,1.0,0.7303370786516854,0.7303370786516854,1.0,0.0,0.0
1910.10781,0810b43404686ddfe4ca84783477ae300fdd2ea4,structure-aware,evidence-hybrid,knapsack,40%,0.4,3670,1468,1468,0.4,0.6,1.0,3.44661273031418,1.0,1.0,1.0,1.0,1.0,1.0,1.0,1.0,1.0
1910.10781,0810b43404686ddfe4ca84783477ae300fdd2ea4,structure-aware,evidence-hybrid,knapsack,60%,0.6,3670,2202,2192,0.5972752043596731,0.4027247956403269,0.9954586739327884,4.577670681835989,1.0,1.0,1.0,1.0,1.0,1.0,1.0,1.0,1.0
1910.10781,0810b43404686ddfe4ca84783477ae300fdd2ea4,structure-aware,evidence-hybrid,knapsack,80%,0.8,3670,2936,2904,0.7912806539509537,0.2087193460490463,0.989100817438692,5.621930392027794,1.0,1.0,1.0,1.0,1.0,1.0,1.0,1.0,1.0
1910.10781,0810b43404686ddfe4ca84783477ae300fdd2ea4,structure-aware,evidence-hybrid,knapsack,100%,1.0,3670,3670,3670,1.0,0.0,1.0,6.234233703955743,1.0,1.0,1.0,1.0,1.0,1.0,1.0,1.0,1.0
1603.09631,455d4ef8611f62b1361be4f6387b222858bb5e56,structure-aware,evidence-hybrid,knapsack,20%,0.2,3308,661,566,0.17110036275695284,0.8288996372430472,0.8562783661119516,1.4643448914591692,1.0,1.0,1.0,1.0,0.6875,0.6875,1.0,0.0,0.0
1603.09631,455d4ef8611f62b1361be4f6387b222858bb5e56,structure-aware,evidence-hybrid,knapsack,40%,0.4,3308,1323,1164,0.3518742442563482,0.6481257557436517,0.8798185941043084,2.5513953633351365,1.0,1.0,1.0,1.0,0.8125,0.8125,1.0,1.0,1.0
1603.09631,455d4ef8611f62b1361be4f6387b222858bb5e56,structure-aware,evidence-hybrid,knapsack,60%,0.6,3308,1984,1983,0.5994558645707376,0.40054413542926237,0.9994959677419355,3.7428187113694547,1.0,1.0,1.0,1.0,1.0,1.0,1.0,1.0,1.0
1603.09631,455d4ef8611f62b1361be4f6387b222858bb5e56,structure-aware,evidence-hybrid,knapsack,80%,0.8,3308,2646,2477,0.7487908101571947,0.25120918984280527,0.936130007558579,4.29368940538917,1.0,1.0,1.0,1.0,1.0,1.0,1.0,1.0,1.0
1603.09631,455d4ef8611f62b1361be4f6387b222858bb5e56,structure-aware,evidence-hybrid,knapsack,100%,1.0,3308,3308,3308,1.0,0.0,1.0,4.846198101179897,1.0,1.0,1.0,1.0,1.0,1.0,1.0,1.0,1.0
1603.09631,bc16ce6e9c61ae13d46970ebe6c4728a47f8f425,structure-aware,evidence-hybrid,knapsack,20%,0.2,3308,661,567,0.17140266021765418,0.8285973397823458,0.8577912254160364,1.4294030246239458,1.0,1.0,0.0,0.0,0.42105263157894735,0.42105263157894735,0.0,0.0,0.0
1603.09631,bc16ce6e9c61ae13d46970ebe6c4728a47f8f425,structure-aware,evidence-hybrid,knapsack,40%,0.4,3308,1323,1309,0.3957073760580411,0.6042926239419588,0.9894179894179894,2.8629931852492696,1.0,1.0,0.0,0.0,0.5789473684210527,0.5789473684210527,0.0,0.0,0.0
1603.09631,bc16ce6e9c61ae13d46970ebe6c4728a47f8f425,structure-aware,evidence-hybrid,knapsack,60%,0.6,3308,1984,1949,0.5891777509068924,0.4108222490931076,0.9823588709677419,4.5389670427699,1.0,1.0,1.0,1.0,0.7894736842105263,0.7894736842105263,1.0,0.0,0.0
1603.09631,bc16ce6e9c61ae13d46970ebe6c4728a47f8f425,structure-aware,evidence-hybrid,knapsack,80%,0.8,3308,2646,2575,0.778415961305925,0.22158403869407495,0.973167044595616,5.5420535369574475,1.0,1.0,1.0,1.0,1.0,1.0,1.0,1.0,1.0
1603.09631,bc16ce6e9c61ae13d46970ebe6c4728a47f8f425,structure-aware,evidence-hybrid,knapsack,100%,1.0,3308,3308,3308,1.0,0.0,1.0,6.421235541780451,1.0,1.0,1.0,1.0,1.0,1.0,1.0,1.0,1.0
1911.06964,1ff0fccf0dca95a6630380c84b0422bed854269a,structure-aware,evidence-hybrid,knapsack,20%,0.2,2612,522,479,0.1833843797856049,0.816615620214395,0.9176245210727969,1.1899358443938954,1.0,1.0,0.375,0.375,0.5405405405405406,0.5405405405405406,0.0,0.0,0.0
1911.06964,1ff0fccf0dca95a6630380c84b0422bed854269a,structure-aware,evidence-hybrid,knapsack,40%,0.4,2612,1044,1011,0.38705972434915775,0.6129402756508422,0.9683908045977011,2.083397372525747,1.0,1.0,0.625,0.625,0.6756756756756757,0.6756756756756757,0.0,0.0,0.0
1911.06964,1ff0fccf0dca95a6630380c84b0422bed854269a,structure-aware,evidence-hybrid,knapsack,60%,0.6,2612,1567,1559,0.5968606431852986,0.40313935681470137,0.9948947032546267,2.929711332128508,1.0,1.0,1.0,1.0,1.0,1.0,1.0,1.0,1.0
1911.06964,1ff0fccf0dca95a6630380c84b0422bed854269a,structure-aware,evidence-hybrid,knapsack,80%,0.8,2612,2089,2053,0.7859877488514548,0.21401225114854516,0.9827668741024413,3.6126581537722307,1.0,1.0,1.0,1.0,1.0,1.0,1.0,1.0,1.0
1911.06964,1ff0fccf0dca95a6630380c84b0422bed854269a,structure-aware,evidence-hybrid,knapsack,100%,1.0,2612,2612,2354,0.9012251148545176,0.09877488514548238,0.9012251148545176,4.01007727311345,1.0,1.0,1.0,1.0,1.0,1.0,1.0,1.0,1.0
1911.06964,3d7d865e905295d11f1e85af5fa89b210e3e9fdf,structure-aware,evidence-hybrid,knapsack,20%,0.2,2612,522,479,0.1833843797856049,0.816615620214395,0.9176245210727969,0.9930028444589032,0.0,1.0,0.0,0.0,0.18,0.18,0.0,0.0,0.0
1911.06964,3d7d865e905295d11f1e85af5fa89b210e3e9fdf,structure-aware,evidence-hybrid,knapsack,40%,0.4,2612,1044,1044,0.3996937212863706,0.6003062787136294,1.0,1.8402545808295292,0.0,1.0,0.0,0.0,0.28,0.28,0.0,0.0,0.0
1911.06964,3d7d865e905295d11f1e85af5fa89b210e3e9fdf,structure-aware,evidence-hybrid,knapsack,60%,0.6,2612,1567,1548,0.5926493108728943,0.4073506891271057,0.9878749202297383,2.544388432166003,0.0,1.0,0.0,0.0,0.36,0.36,0.0,0.0,0.0
1911.06964,3d7d865e905295d11f1e85af5fa89b210e3e9fdf,structure-aware,evidence-hybrid,knapsack,80%,0.8,2612,2089,2071,0.7928790199081164,0.20712098009188362,0.9913834370512207,3.191442514816665,0.0,1.0,0.0,0.0,1.0,1.0,0.0,1.0,0.0
1911.06964,3d7d865e905295d11f1e85af5fa89b210e3e9fdf,structure-aware,evidence-hybrid,knapsack,100%,1.0,2612,2612,2301,0.8809341500765697,0.11906584992343028,0.8809341500765697,3.274556829966453,0.0,1.0,0.0,0.0,1.0,1.0,0.0,1.0,0.0
1911.06964,2ad4d3d222f5237ed97923640bc8e199409cbe52,structure-aware,evidence-hybrid,knapsack,20%,0.2,2612,522,497,0.19027565084226647,0.8097243491577335,0.9521072796934866,1.118222209018016,1.0,1.0,0.0,0.0,0.28,0.28,0.0,0.0,0.0
1911.06964,2ad4d3d222f5237ed97923640bc8e199409cbe52,structure-aware,evidence-hybrid,knapsack,40%,0.4,2612,1044,1028,0.39356814701378257,0.6064318529862174,0.9846743295019157,1.9064723847572904,1.0,1.0,0.0,0.0,0.4,0.4,0.0,0.0,0.0
1911.06964,2ad4d3d222f5237ed97923640bc8e199409cbe52,structure-aware,evidence-hybrid,knapsack,60%,0.6,2612,1567,1534,0.5872894333843798,0.4127105666156202,0.978940650925335,2.41833754349603,1.0,1.0,1.0,1.0,1.0,1.0,1.0,1.0,1.0
1911.06964,2ad4d3d222f5237ed97923640bc8e199409cbe52,structure-aware,evidence-hybrid,knapsack,80%,0.8,2612,2089,2082,0.7970903522205207,0.20290964777947929,0.996649114408808,2.834611854427677,1.0,1.0,1.0,1.0,1.0,1.0,1.0,1.0,1.0
1911.06964,2ad4d3d222f5237ed97923640bc8e199409cbe52,structure-aware,evidence-hybrid,knapsack,100%,1.0,2612,2612,2346,0.8981623277182236,0.10183767228177643,0.8981623277182236,3.0202818485539984,1.0,1.0,1.0,1.0,1.0,1.0,1.0,1.0,1.0
1911.06964,3fad42be0fb2052bb404b989cc7d58b440cd23a0,structure-aware,evidence-hybrid,knapsack,20%,0.2,2612,522,477,0.1826186830015314,0.8173813169984686,0.9137931034482759,1.226309084607271,1.0,1.0,1.0,1.0,1.0,1.0,1.0,1.0,1.0
1911.06964,3fad42be0fb2052bb404b989cc7d58b440cd23a0,structure-aware,evidence-hybrid,knapsack,40%,0.4,2612,1044,1014,0.388208269525268,0.611791730474732,0.9712643678160919,2.008824368129286,1.0,1.0,1.0,1.0,1.0,1.0,1.0,1.0,1.0
1911.06964,3fad42be0fb2052bb404b989cc7d58b440cd23a0,structure-aware,evidence-hybrid,knapsack,60%,0.6,2612,1567,1558,0.5964777947932619,0.4035222052067381,0.994256541161455,2.640405472909354,1.0,1.0,1.0,1.0,1.0,1.0,1.0,1.0,1.0
1911.06964,3fad42be0fb2052bb404b989cc7d58b440cd23a0,structure-aware,evidence-hybrid,knapsack,80%,0.8,2612,2089,2084,0.7978560490045942,0.20214395099540583,0.9976065102920058,3.195385299925365,1.0,1.0,1.0,1.0,1.0,1.0,1.0,1.0,1.0
1911.06964,3fad42be0fb2052bb404b989cc7d58b440cd23a0,structure-aware,evidence-hybrid,knapsack,100%,1.0,2612,2612,2381,0.9115620214395099,0.08843797856049007,0.9115620214395099,3.460328672290362,1.0,1.0,1.0,1.0,1.0,1.0,1.0,1.0,1.0
2001.02284,ee417fea65f9b1029455797671da0840c8c1abbe,structure-aware,evidence-hybrid,knapsack,20%,0.2,8776,1755,1755,0.19997721057429352,0.8000227894257065,1.0,4.130696836102497,0.0,1.0,0.0,0.0,0.5774002157497303,0.5774002157497303,0.0,0.0,0.0
2001.02284,ee417fea65f9b1029455797671da0840c8c1abbe,structure-aware,evidence-hybrid,knapsack,40%,0.4,8776,3510,3507,0.39961257976299,0.6003874202370101,0.9991452991452991,6.774693708882516,0.0,1.0,0.0,0.0,0.8611111111111112,0.8611111111111112,0.0,1.0,0.0
2001.02284,ee417fea65f9b1029455797671da0840c8c1abbe,structure-aware,evidence-hybrid,knapsack,60%,0.6,8776,5265,5220,0.5948040109389243,0.4051959890610757,0.9914529914529915,8.993578704659908,0.0,1.0,0.0,0.0,0.8611111111111112,0.8611111111111112,0.0,1.0,0.0
2001.02284,ee417fea65f9b1029455797671da0840c8c1abbe,structure-aware,evidence-hybrid,knapsack,80%,0.8,8776,7020,6911,0.7874886052871468,0.21251139471285319,0.9844729344729345,10.837983355591671,0.0,1.0,0.0,0.0,0.8611111111111112,0.8611111111111112,0.0,1.0,0.0
2001.02284,ee417fea65f9b1029455797671da0840c8c1abbe,structure-aware,evidence-hybrid,knapsack,100%,1.0,8776,8776,8502,0.9687784867821331,0.031221513217866925,0.9687784867821331,12.025324334323043,0.0,1.0,0.0,0.0,1.0,1.0,0.0,1.0,0.0
2001.02284,ca5a82b54cb707c9b947aa8445aac51ea218b23a,structure-aware,evidence-hybrid,knapsack,20%,0.2,8776,1755,1747,0.19906563354603465,0.8009343664539653,0.9954415954415955,4.919406235649183,1.0,1.0,0.5,0.5,0.5734126984126984,0.5734126984126984,0.0,0.0,0.0
2001.02284,ca5a82b54cb707c9b947aa8445aac51ea218b23a,structure-aware,evidence-hybrid,knapsack,40%,0.4,8776,3510,3504,0.3992707383773929,0.6007292616226071,0.9982905982905983,8.147135461166144,1.0,1.0,0.9285714285714286,0.9285714285714286,0.8392857142857143,0.8392857142857143,1.0,1.0,1.0
2001.02284,ca5a82b54cb707c9b947aa8445aac51ea218b23a,structure-aware,evidence-hybrid,knapsack,60%,0.6,8776,5265,5265,0.5999316317228806,0.40006836827711945,1.0,10.446419688430439,1.0,1.0,1.0,1.0,1.0,1.0,1.0,1.0,1.0
2001.02284,ca5a82b54cb707c9b947aa8445aac51ea218b23a,structure-aware,evidence-hybrid,knapsack,80%,0.8,8776,7020,7012,0.7989972652689152,0.20100273473108476,0.9988603988603989,12.45152876149088,1.0,1.0,1.0,1.0,1.0,1.0,1.0,1.0,1.0
2001.02284,ca5a82b54cb707c9b947aa8445aac51ea218b23a,structure-aware,evidence-hybrid,knapsack,100%,1.0,8776,8776,8685,0.9896308113035551,0.010369188696444875,0.9896308113035551,13.715893168458962,1.0,1.0,1.0,1.0,1.0,1.0,1.0,1.0,1.0
2001.02284,da55bd769721b878dd17f07f124a37a0a165db02,structure-aware,evidence-hybrid,knapsack,20%,0.2,8776,1755,1755,0.19997721057429352,0.8000227894257065,1.0,4.322641052660811,1.0,1.0,1.0,1.0,1.0,1.0,1.0,1.0,1.0
2001.02284,da55bd769721b878dd17f07f124a37a0a165db02,structure-aware,evidence-hybrid,knapsack,40%,0.4,8776,3510,3487,0.39733363719234277,0.6026663628076572,0.9934472934472934,6.959650877388399,1.0,1.0,1.0,1.0,1.0,1.0,1.0,1.0,1.0
2001.02284,da55bd769721b878dd17f07f124a37a0a165db02,structure-aware,evidence-hybrid,knapsack,60%,0.6,8776,5265,5244,0.597538742023701,0.40246125797629895,0.996011396011396,8.80185338920042,1.0,1.0,1.0,1.0,1.0,1.0,1.0,1.0,1.0
2001.02284,da55bd769721b878dd17f07f124a37a0a165db02,structure-aware,evidence-hybrid,knapsack,80%,0.8,8776,7020,7017,0.7995670009115771,0.20043299908842294,0.9995726495726496,10.19736316266157,1.0,1.0,1.0,1.0,1.0,1.0,1.0,1.0,1.0
2001.02284,da55bd769721b878dd17f07f124a37a0a165db02,structure-aware,evidence-hybrid,knapsack,100%,1.0,8776,8776,8506,0.9692342752962625,0.030765724703737507,0.9692342752962625,11.147045481560154,1.0,1.0,1.0,1.0,1.0,1.0,1.0,1.0,1.0
2002.01664,feb448860918ef5b905bb25d7b855ba389117c1f,structure-aware,evidence-hybrid,knapsack,20%,0.2,3210,642,507,0.15794392523364487,0.8420560747663551,0.7897196261682243,1.7377197449692332,0.625,1.0,0.625,1.0,0.7758620689655172,0.7758620689655172,1.0,0.0,0.0
2002.01664,feb448860918ef5b905bb25d7b855ba389117c1f,structure-aware,evidence-hybrid,knapsack,40%,0.4,3210,1284,1241,0.3866043613707165,0.6133956386292835,0.9665109034267912,2.8917190352928075,0.625,1.0,0.625,1.0,0.8103448275862069,0.8103448275862069,1.0,1.0,1.0
2002.01664,feb448860918ef5b905bb25d7b855ba389117c1f,structure-aware,evidence-hybrid,knapsack,60%,0.6,3210,1926,1886,0.5875389408099688,0.4124610591900312,0.9792315680166147,3.7168838952625425,0.625,1.0,0.625,1.0,0.8620689655172413,0.8620689655172413,1.0,1.0,1.0
2002.01664,feb448860918ef5b905bb25d7b855ba389117c1f,structure-aware,evidence-hybrid,knapsack,80%,0.8,3210,2568,2549,0.7940809968847352,0.2059190031152648,0.992601246105919,4.550751658454578,0.625,1.0,0.625,1.0,1.0,1.0,1.0,1.0,1.0
2002.01664,feb448860918ef5b905bb25d7b855ba389117c1f,structure-aware,evidence-hybrid,knapsack,100%,1.0,3210,3210,3210,1.0,0.0,1.0,5.083990484562796,0.625,1.0,0.625,1.0,1.0,1.0,1.0,1.0,1.0
2002.01664,4bc2784be43d599000cb71d31928908250d4cef3,structure-aware,evidence-hybrid,knapsack,20%,0.2,3210,642,604,0.1881619937694704,0.8118380062305296,0.940809968847352,1.9006936622163932,1.0,1.0,0.16666666666666666,0.16666666666666666,0.2375,0.2375,0.0,0.0,0.0
2002.01664,4bc2784be43d599000cb71d31928908250d4cef3,structure-aware,evidence-hybrid,knapsack,40%,0.4,3210,1284,1275,0.397196261682243,0.602803738317757,0.9929906542056075,3.4047300275494963,1.0,1.0,1.0,1.0,1.0,1.0,1.0,1.0,1.0
2002.01664,4bc2784be43d599000cb71d31928908250d4cef3,structure-aware,evidence-hybrid,knapsack,60%,0.6,3210,1926,1852,0.5769470404984424,0.42305295950155763,0.9615784008307373,4.53943474933424,1.0,1.0,1.0,1.0,1.0,1.0,1.0,1.0,1.0
2002.01664,4bc2784be43d599000cb71d31928908250d4cef3,structure-aware,evidence-hybrid,knapsack,80%,0.8,3210,2568,2437,0.7591900311526479,0.24080996884735206,0.94898753894081,5.45996537532855,1.0,1.0,1.0,1.0,1.0,1.0,1.0,1.0,1.0
2002.01664,4bc2784be43d599000cb71d31928908250d4cef3,structure-aware,evidence-hybrid,knapsack,100%,1.0,3210,3210,3210,1.0,0.0,1.0,5.974711910729791,1.0,1.0,1.0,1.0,1.0,1.0,1.0,1.0,1.0
1808.09111,6424e442b34a576f904d9649d63acf1e4fdefdfc,structure-aware,evidence-hybrid,knapsack,20%,0.2,5980,1196,1189,0.1988294314381271,0.8011705685618729,0.9941471571906354,2.0233122127058927,1.0,1.0,0.42857142857142855,0.42857142857142855,0.5106382978723404,0.5106382978723404,0.0,0.0,0.0
1808.09111,6424e442b34a576f904d9649d63acf1e4fdefdfc,structure-aware,evidence-hybrid,knapsack,40%,0.4,5980,2392,2384,0.3986622073578595,0.6013377926421405,0.9966555183946488,3.1564613773894887,1.0,1.0,0.42857142857142855,0.42857142857142855,0.7021276595744681,0.7021276595744681,0.0,0.0,0.0
1808.09111,6424e442b34a576f904d9649d63acf1e4fdefdfc,structure-aware,evidence-hybrid,knapsack,60%,0.6,5980,3588,3547,0.59314381270903,0.40685618729096995,0.9885730211817169,4.019027069973923,1.0,1.0,1.0,1.0,1.0,1.0,1.0,1.0,1.0
1808.09111,6424e442b34a576f904d9649d63acf1e4fdefdfc,structure-aware,evidence-hybrid,knapsack,80%,0.8,5980,4784,4765,0.7968227424749164,0.20317725752508364,0.9960284280936454,4.655517375098509,1.0,1.0,1.0,1.0,1.0,1.0,1.0,1.0,1.0
1808.09111,6424e442b34a576f904d9649d63acf1e4fdefdfc,structure-aware,evidence-hybrid,knapsack,100%,1.0,5980,5980,5943,0.9938127090301003,0.0061872909698996725,0.9938127090301003,5.052461246844222,1.0,1.0,1.0,1.0,1.0,1.0,1.0,1.0,1.0
1808.09111,5eabfc6cc8aa8a99e6e42514ef9584569cb75dec,structure-aware,evidence-hybrid,knapsack,20%,0.2,5980,1196,1132,0.18929765886287625,0.8107023411371237,0.9464882943143813,2.055312652047205,0.0,1.0,0.0,0.0,0.5531914893617021,0.5531914893617021,0.0,0.0,0.0
1808.09111,5eabfc6cc8aa8a99e6e42514ef9584569cb75dec,structure-aware,evidence-hybrid,knapsack,40%,0.4,5980,2392,2386,0.39899665551839464,0.6010033444816054,0.9974916387959866,3.207394654196569,0.0,1.0,0.0,0.0,0.6382978723404256,0.6382978723404256,0.0,0.0,0.0
1808.09111,5eabfc6cc8aa8a99e6e42514ef9584569cb75dec,structure-aware,evidence-hybrid,knapsack,60%,0.6,5980,3588,3544,0.5926421404682274,0.4073578595317726,0.987736900780379,3.9866086188674243,0.0,1.0,0.0,0.0,1.0,1.0,0.0,1.0,0.0
1808.09111,5eabfc6cc8aa8a99e6e42514ef9584569cb75dec,structure-aware,evidence-hybrid,knapsack,80%,0.8,5980,4784,4783,0.7998327759197325,0.20016722408026755,0.9997909698996655,4.599475529951569,0.0,1.0,0.0,0.0,1.0,1.0,0.0,1.0,0.0
1808.09111,5eabfc6cc8aa8a99e6e42514ef9584569cb75dec,structure-aware,evidence-hybrid,knapsack,100%,1.0,5980,5980,5943,0.9938127090301003,0.0061872909698996725,0.9938127090301003,4.964525294086814,0.0,1.0,0.0,0.0,1.0,1.0,0.0,1.0,0.0
1808.09111,887c6727e9f25ade61b4853a869fe712fe0b703d,structure-aware,evidence-hybrid,knapsack,20%,0.2,5980,1196,1193,0.19949832775919732,0.8005016722408027,0.9974916387959866,2.8283783894551124,0.75,1.0,0.75,1.0,1.0,1.0,1.0,1.0,1.0
1808.09111,887c6727e9f25ade61b4853a869fe712fe0b703d,structure-aware,evidence-hybrid,knapsack,40%,0.4,5980,2392,2376,0.39732441471571905,0.6026755852842809,0.9933110367892977,4.7549875228411205,0.75,1.0,0.75,1.0,1.0,1.0,1.0,1.0,1.0
1808.09111,887c6727e9f25ade61b4853a869fe712fe0b703d,structure-aware,evidence-hybrid,knapsack,60%,0.6,5980,3588,3587,0.5998327759197324,0.4001672240802676,0.999721293199554,6.296768595513194,0.75,1.0,0.75,1.0,1.0,1.0,1.0,1.0,1.0
1808.09111,887c6727e9f25ade61b4853a869fe712fe0b703d,structure-aware,evidence-hybrid,knapsack,80%,0.8,5980,4784,4721,0.7894648829431438,0.21053511705685624,0.9868311036789298,7.536492575737178,0.75,1.0,0.75,1.0,1.0,1.0,1.0,1.0,1.0
1808.09111,887c6727e9f25ade61b4853a869fe712fe0b703d,structure-aware,evidence-hybrid,knapsack,100%,1.0,5980,5980,5838,0.9762541806020066,0.023745819397993362,0.9762541806020066,8.335110076948617,0.75,1.0,0.75,1.0,1.0,1.0,1.0,1.0,1.0
1906.08593,6236762b5631d9e395f81e1ebccc4bf3ab9b24ac,structure-aware,evidence-hybrid,knapsack,20%,0.2,3267,653,633,0.19375573921028466,0.8062442607897153,0.9693721286370597,1.8182792705090358,0.0,1.0,0.0,0.0,0.9246031746031745,0.9246031746031745,0.0,1.0,0.0
1906.08593,6236762b5631d9e395f81e1ebccc4bf3ab9b24ac,structure-aware,evidence-hybrid,knapsack,40%,0.4,3267,1306,1282,0.3924089378634833,0.6075910621365167,0.9816232771822359,3.4291361797055995,0.0,1.0,0.0,0.0,1.0,1.0,0.0,1.0,0.0
1906.08593,6236762b5631d9e395f81e1ebccc4bf3ab9b24ac,structure-aware,evidence-hybrid,knapsack,60%,0.6,3267,1960,1960,0.5999387817569636,0.4000612182430364,1.0,4.4203154512649565,0.0,1.0,0.0,0.0,1.0,1.0,0.0,1.0,0.0
1906.08593,6236762b5631d9e395f81e1ebccc4bf3ab9b24ac,structure-aware,evidence-hybrid,knapsack,80%,0.8,3267,2613,2538,0.7768595041322314,0.22314049586776863,0.9712973593570609,4.99135205817787,0.0,1.0,0.0,0.0,1.0,1.0,0.0,1.0,0.0
1906.08593,6236762b5631d9e395f81e1ebccc4bf3ab9b24ac,structure-aware,evidence-hybrid,knapsack,100%,1.0,3267,3267,2995,0.9167431894704622,0.08325681052953782,0.9167431894704622,5.325086477110777,0.0,1.0,0.0,0.0,1.0,1.0,0.0,1.0,0.0
1906.08593,31d695ba855d821d3e5cdb7bea638c7dbb7c87c7,structure-aware,evidence-hybrid,knapsack,20%,0.2,3267,653,568,0.1738598102234466,0.8261401897765535,0.8698315467075038,1.6057179788429745,0.7777777777777778,1.0,0.1111111111111111,0.14285714285714285,0.3953488372093023,0.3953488372093023,0.0,0.0,0.0
1906.08593,31d695ba855d821d3e5cdb7bea638c7dbb7c87c7,structure-aware,evidence-hybrid,knapsack,40%,0.4,3267,1306,1301,0.3982246709519437,0.6017753290480563,0.9961715160796325,2.7405583537805502,0.7777777777777778,1.0,0.1111111111111111,0.14285714285714285,0.4883720930232558,0.4883720930232558,0.0,0.0,0.0
1906.08593,31d695ba855d821d3e5cdb7bea638c7dbb7c87c7,structure-aware,evidence-hybrid,knapsack,60%,0.6,3267,1960,1960,0.5999387817569636,0.4000612182430364,1.0,3.5517285381773522,0.7777777777777778,1.0,0.1111111111111111,0.14285714285714285,0.5813953488372093,0.5813953488372093,0.0,0.0,0.0
1906.08593,31d695ba855d821d3e5cdb7bea638c7dbb7c87c7,structure-aware,evidence-hybrid,knapsack,80%,0.8,3267,2613,2613,0.7998163452708907,0.20018365472910926,1.0,4.3172668304047175,0.7777777777777778,1.0,0.7777777777777778,1.0,1.0,1.0,1.0,1.0,1.0
1906.08593,31d695ba855d821d3e5cdb7bea638c7dbb7c87c7,structure-aware,evidence-hybrid,knapsack,100%,1.0,3267,3267,2962,0.9066421793694521,0.09335782063054787,0.9066421793694521,4.74992240605067,0.7777777777777778,1.0,0.7777777777777778,1.0,1.0,1.0,1.0,1.0,1.0
1906.08593,b14217978ad9c3c9b6b1ce393b1b5c6e7f49ecab,structure-aware,evidence-hybrid,knapsack,20%,0.2,3267,653,571,0.17477808386899296,0.825221916131007,0.8744257274119449,1.767846453837505,1.0,1.0,0.25,0.25,0.25,0.25,0.0,0.0,0.0
1906.08593,b14217978ad9c3c9b6b1ce393b1b5c6e7f49ecab,structure-aware,evidence-hybrid,knapsack,40%,0.4,3267,1306,1288,0.3942454851545761,0.605754514845424,0.9862174578866769,3.07136027637948,1.0,1.0,1.0,1.0,0.75,0.75,1.0,0.0,0.0
1906.08593,b14217978ad9c3c9b6b1ce393b1b5c6e7f49ecab,structure-aware,evidence-hybrid,knapsack,60%,0.6,3267,1960,1947,0.5959595959595959,0.4040404040404041,0.9933673469387755,3.829198851990067,1.0,1.0,1.0,1.0,0.75,0.75,1.0,0.0,0.0
1906.08593,b14217978ad9c3c9b6b1ce393b1b5c6e7f49ecab,structure-aware,evidence-hybrid,knapsack,80%,0.8,3267,2613,2613,0.7998163452708907,0.20018365472910926,1.0,4.428170272683677,1.0,1.0,1.0,1.0,1.0,1.0,1.0,1.0,1.0
1906.08593,b14217978ad9c3c9b6b1ce393b1b5c6e7f49ecab,structure-aware,evidence-hybrid,knapsack,100%,1.0,3267,3267,2962,0.9066421793694521,0.09335782063054787,0.9066421793694521,4.757464125486811,1.0,1.0,1.0,1.0,1.0,1.0,1.0,1.0,1.0
1809.00540,2c78993524ca62bf1f525b60f2220a374d0e3535,structure-aware,evidence-hybrid,knapsack,20%,0.2,4250,850,823,0.19364705882352942,0.8063529411764706,0.9682352941176471,1.87521623178969,1.0,1.0,0.5,0.5,0.38235294117647056,0.38235294117647056,0.0,0.0,0.0
1809.00540,2c78993524ca62bf1f525b60f2220a374d0e3535,structure-aware,evidence-hybrid,knapsack,40%,0.4,4250,1700,1699,0.39976470588235297,0.600235294117647,0.9994117647058823,3.5089169745642814,1.0,1.0,0.5,0.5,0.5294117647058824,0.5294117647058824,0.0,0.0,0.0
1809.00540,2c78993524ca62bf1f525b60f2220a374d0e3535,structure-aware,evidence-hybrid,knapsack,60%,0.6,4250,2550,2529,0.5950588235294118,0.40494117647058825,0.991764705882353,4.9870538396489845,1.0,1.0,0.5,0.5,0.6176470588235294,0.6176470588235294,0.0,0.0,0.0
1809.00540,2c78993524ca62bf1f525b60f2220a374d0e3535,structure-aware,evidence-hybrid,knapsack,80%,0.8,4250,3400,3361,0.7908235294117647,0.2091764705882353,0.9885294117647059,6.0986454799117675,1.0,1.0,1.0,1.0,1.0,1.0,1.0,1.0,1.0
1809.00540,2c78993524ca62bf1f525b60f2220a374d0e3535,structure-aware,evidence-hybrid,knapsack,100%,1.0,4250,4250,4003,0.9418823529411765,0.058117647058823496,0.9418823529411765,6.725229827134308,1.0,1.0,1.0,1.0,1.0,1.0,1.0,1.0,1.0
2004.03354,16535db1d73a9373ffe9d6eedaa2369cefd91ac4,structure-aware,evidence-hybrid,knapsack,20%,0.2,5654,1130,1098,0.19419879731163778,0.8058012026883622,0.9716814159292035,2.8718591518475516,1.0,1.0,1.0,1.0,0.68,0.68,1.0,0.0,0.0
2004.03354,16535db1d73a9373ffe9d6eedaa2369cefd91ac4,structure-aware,evidence-hybrid,knapsack,40%,0.4,5654,2261,2249,0.39777148921117794,0.6022285107888221,0.9946926138876603,4.828854442297578,1.0,1.0,1.0,1.0,1.0,1.0,1.0,1.0,1.0
2004.03354,16535db1d73a9373ffe9d6eedaa2369cefd91ac4,structure-aware,evidence-hybrid,knapsack,60%,0.6,5654,3392,3362,0.5946232755571277,0.4053767244428723,0.9911556603773585,6.4312862102351165,1.0,1.0,1.0,1.0,1.0,1.0,1.0,1.0,1.0
2004.03354,16535db1d73a9373ffe9d6eedaa2369cefd91ac4,structure-aware,evidence-hybrid,knapsack,80%,0.8,5654,4523,4523,0.7999646268128758,0.20003537318712417,1.0,7.5522250334024905,1.0,1.0,1.0,1.0,1.0,1.0,1.0,1.0,1.0
2004.03354,16535db1d73a9373ffe9d6eedaa2369cefd91ac4,structure-aware,evidence-hybrid,knapsack,100%,1.0,5654,5654,5600,0.9904492394764768,0.009550760523523216,0.9904492394764768,8.124161358298085,1.0,1.0,1.0,1.0,1.0,1.0,1.0,1.0,1.0
1611.04798,41ac23e32bf208b69414f4b687c4f324c6132464,structure-aware,evidence-hybrid,knapsack,20%,0.2,5819,1163,1162,0.19969066849974224,0.8003093315002577,0.999140154772141,2.8292511277177432,1.0,1.0,1.0,1.0,1.0,1.0,1.0,1.0,1.0
1611.04798,41ac23e32bf208b69414f4b687c4f324c6132464,structure-aware,evidence-hybrid,knapsack,40%,0.4,5819,2327,2307,0.39645987283038325,0.6035401271696168,0.9914052428018908,5.107076389866587,1.0,1.0,1.0,1.0,1.0,1.0,1.0,1.0,1.0
1611.04798,41ac23e32bf208b69414f4b687c4f324c6132464,structure-aware,evidence-hybrid,knapsack,60%,0.6,5819,3491,3487,0.5992438563327032,0.40075614366729684,0.9988541965052994,7.011273964735508,1.0,1.0,1.0,1.0,1.0,1.0,1.0,1.0,1.0
1611.04798,41ac23e32bf208b69414f4b687c4f324c6132464,structure-aware,evidence-hybrid,knapsack,80%,0.8,5819,4655,4549,0.7817494414847912,0.2182505585152088,0.9772287862513427,8.473503798587997,1.0,1.0,1.0,1.0,1.0,1.0,1.0,1.0,1.0
1611.04798,41ac23e32bf208b69414f4b687c4f324c6132464,structure-aware,evidence-hybrid,knapsack,100%,1.0,5819,5819,5606,0.9633957724694965,0.03660422753050352,0.9633957724694965,9.2437822384833,1.0,1.0,1.0,1.0,1.0,1.0,1.0,1.0,1.0
1912.13337,e97186c51d4af490dba6faaf833d269c8256426c,structure-aware,evidence-hybrid,knapsack,20%,0.2,9635,1927,1904,0.19761286974571873,0.8023871302542813,0.9880643487285937,4.83098614288139,0.0,1.0,0.0,0.0,0.6767082094178135,0.6767082094178135,0.0,0.0,0.0
1912.13337,e97186c51d4af490dba6faaf833d269c8256426c,structure-aware,evidence-hybrid,knapsack,40%,0.4,9635,3854,3837,0.3982355993772704,0.6017644006227296,0.9955889984431759,7.964962675679343,0.0,1.0,0.0,0.0,0.8045366322263593,0.8045366322263593,0.0,1.0,0.0
1912.13337,e97186c51d4af490dba6faaf833d269c8256426c,structure-aware,evidence-hybrid,knapsack,60%,0.6,9635,5781,5765,0.5983393876491956,0.4016606123508044,0.9972323127486594,10.342084017113681,0.0,1.0,0.0,0.0,0.8904424016481649,0.8904424016481649,0.0,1.0,0.0
1912.13337,e97186c51d4af490dba6faaf833d269c8256426c,structure-aware,evidence-hybrid,knapsack,80%,0.8,9635,7708,7668,0.7958484691229891,0.20415153087701088,0.9948105864037364,12.176735030232342,0.0,1.0,0.0,0.0,0.9137680544910071,0.9137680544910071,0.0,1.0,0.0
1912.13337,e97186c51d4af490dba6faaf833d269c8256426c,structure-aware,evidence-hybrid,knapsack,100%,1.0,9635,9635,9431,0.9788271925272444,0.021172807472755628,0.9788271925272444,13.345582061127889,0.0,1.0,0.0,0.0,0.9919110212335692,0.9919110212335692,0.0,1.0,0.0
1912.13337,5bb3c27606c59d73fd6944ba7382096de4fa58d8,structure-aware,evidence-hybrid,knapsack,20%,0.2,9635,1927,1909,0.19813181110534508,0.8018681888946549,0.9906590555267255,4.30058873411639,1.0,1.0,0.5,0.5,1.0,1.0,0.0,1.0,0.0
1912.13337,5bb3c27606c59d73fd6944ba7382096de4fa58d8,structure-aware,evidence-hybrid,knapsack,40%,0.4,9635,3854,3815,0.39595225739491435,0.6040477426050856,0.9898806434872859,7.294846196212769,1.0,1.0,0.75,0.75,1.0,1.0,0.0,1.0,0.0
1912.13337,5bb3c27606c59d73fd6944ba7382096de4fa58d8,structure-aware,evidence-hybrid,knapsack,60%,0.6,9635,5781,5730,0.5947067981318112,0.40529320186818885,0.9911779968863519,9.626962813361054,1.0,1.0,1.0,1.0,1.0,1.0,1.0,1.0,1.0
1912.13337,5bb3c27606c59d73fd6944ba7382096de4fa58d8,structure-aware,evidence-hybrid,knapsack,80%,0.8,9635,7708,7702,0.7993772703684484,0.2006227296315516,0.9992215879605605,11.153338982303966,1.0,1.0,1.0,1.0,1.0,1.0,1.0,1.0,1.0
1912.13337,5bb3c27606c59d73fd6944ba7382096de4fa58d8,structure-aware,evidence-hybrid,knapsack,100%,1.0,9635,9635,9368,0.9722885313959523,0.027711468604047718,0.9722885313959523,11.780833948630269,1.0,1.0,1.0,1.0,1.0,1.0,1.0,1.0,1.0
1912.13337,8de9f14c7c4f37ab103bc8a639d6d80ade1bc27b,structure-aware,evidence-hybrid,knapsack,20%,0.2,9635,1927,1923,0.1995848469122989,0.8004151530877011,0.9979242345614946,4.814426545949509,1.0,1.0,0.3333333333333333,0.3333333333333333,0.5873015873015873,0.5873015873015873,0.0,0.0,0.0
1912.13337,8de9f14c7c4f37ab103bc8a639d6d80ade1bc27b,structure-aware,evidence-hybrid,knapsack,40%,0.4,9635,3854,3850,0.3995848469122989,0.6004151530877011,0.9989621172807472,8.51756334419459,1.0,1.0,1.0,1.0,1.0,1.0,1.0,1.0,1.0
1912.13337,8de9f14c7c4f37ab103bc8a639d6d80ade1bc27b,structure-aware,evidence-hybrid,knapsack,60%,0.6,9635,5781,5701,0.5916969382459782,0.40830306175402176,0.986161563743297,11.332502383153216,1.0,1.0,1.0,1.0,1.0,1.0,1.0,1.0,1.0
1912.13337,8de9f14c7c4f37ab103bc8a639d6d80ade1bc27b,structure-aware,evidence-hybrid,knapsack,80%,0.8,9635,7708,7706,0.7997924234561494,0.20020757654385057,0.9997405293201869,12.948859722305428,1.0,1.0,1.0,1.0,1.0,1.0,1.0,1.0,1.0
1912.13337,8de9f14c7c4f37ab103bc8a639d6d80ade1bc27b,structure-aware,evidence-hybrid,knapsack,100%,1.0,9635,9635,9485,0.9844317592112092,0.015568240788790821,0.9844317592112092,13.788924570918596,1.0,1.0,1.0,1.0,1.0,1.0,1.0,1.0,1.0
1912.13337,85590bb26fed01a802241bc537d85ba5ef1c6dc2,structure-aware,evidence-hybrid,knapsack,20%,0.2,9635,1927,1919,0.19916969382459782,0.8008303061754022,0.9958484691229891,4.247422696269765,1.0,1.0,0.75,0.75,0.5642857142857143,0.5642857142857143,0.0,0.0,0.0
1912.13337,85590bb26fed01a802241bc537d85ba5ef1c6dc2,structure-aware,evidence-hybrid,knapsack,40%,0.4,9635,3854,3826,0.39709392838609237,0.6029060716139076,0.9927348209652309,6.901663807327183,1.0,1.0,1.0,1.0,1.0,1.0,1.0,1.0,1.0
1912.13337,85590bb26fed01a802241bc537d85ba5ef1c6dc2,structure-aware,evidence-hybrid,knapsack,60%,0.6,9635,5781,5751,0.5968863518422418,0.4031136481577582,0.9948105864037364,8.724455014456977,1.0,1.0,1.0,1.0,1.0,1.0,1.0,1.0,1.0
1912.13337,85590bb26fed01a802241bc537d85ba5ef1c6dc2,structure-aware,evidence-hybrid,knapsack,80%,0.8,9635,7708,7707,0.7998962117280747,0.20010378827192532,0.9998702646600934,10.007083367884135,1.0,1.0,1.0,1.0,1.0,1.0,1.0,1.0,1.0
1912.13337,85590bb26fed01a802241bc537d85ba5ef1c6dc2,structure-aware,evidence-hybrid,knapsack,100%,1.0,9635,9635,9485,0.9844317592112092,0.015568240788790821,0.9844317592112092,10.829644841649692,1.0,1.0,1.0,1.0,1.0,1.0,1.0,1.0,1.0
1912.13337,75ff6e425ce304a35f18c0230c0d13d3913a31a9,structure-aware,evidence-hybrid,knapsack,20%,0.2,9635,1927,1921,0.19937727036844838,0.8006227296315516,0.9968863518422418,4.524987321821393,0.0,1.0,0.0,0.0,1.0,1.0,0.0,1.0,0.0
1912.13337,75ff6e425ce304a35f18c0230c0d13d3913a31a9,structure-aware,evidence-hybrid,knapsack,40%,0.4,9635,3854,3832,0.397716658017644,0.602283341982356,0.99429164504411,7.885835131837725,0.0,1.0,0.0,0.0,1.0,1.0,0.0,1.0,0.0
1912.13337,75ff6e425ce304a35f18c0230c0d13d3913a31a9,structure-aware,evidence-hybrid,knapsack,60%,0.6,9635,5781,5780,0.5998962117280747,0.4001037882719253,0.9998270195467912,10.688438524625697,0.0,1.0,0.0,0.0,1.0,1.0,0.0,1.0,0.0
1912.13337,75ff6e425ce304a35f18c0230c0d13d3913a31a9,structure-aware,evidence-hybrid,knapsack,80%,0.8,9635,7708,7701,0.799273482096523,0.20072651790347695,0.9990918526206539,12.903632738241997,0.0,1.0,0.0,0.0,1.0,1.0,0.0,1.0,0.0
1912.13337,75ff6e425ce304a35f18c0230c0d13d3913a31a9,structure-aware,evidence-hybrid,knapsack,100%,1.0,9635,9635,9461,0.9819408406850026,0.018059159314997353,0.9819408406850026,14.392879416539298,0.0,1.0,0.0,0.0,1.0,1.0,0.0,1.0,0.0
1809.01541,5cb610d3d5d7d447b4cd5736d6a7d8262140af58,structure-aware,evidence-hybrid,knapsack,20%,0.2,3064,612,521,0.17003916449086162,0.8299608355091384,0.8513071895424836,1.2887349286613006,1.0,1.0,0.4,0.4,0.32703488372093026,0.32703488372093026,0.0,0.0,0.0
1809.01541,5cb610d3d5d7d447b4cd5736d6a7d8262140af58,structure-aware,evidence-hybrid,knapsack,40%,0.4,3064,1225,1068,0.34856396866840733,0.6514360313315927,0.8718367346938776,2.274457108477874,1.0,1.0,0.4,0.4,0.561046511627907,0.561046511627907,0.0,0.0,0.0
1809.01541,5cb610d3d5d7d447b4cd5736d6a7d8262140af58,structure-aware,evidence-hybrid,knapsack,60%,0.6,3064,1838,1834,0.5985639686684073,0.40143603133159267,0.9978237214363439,3.2941417306199785,1.0,1.0,1.0,1.0,1.0,1.0,1.0,1.0,1.0
1809.01541,5cb610d3d5d7d447b4cd5736d6a7d8262140af58,structure-aware,evidence-hybrid,knapsack,80%,0.8,3064,2451,2334,0.7617493472584856,0.23825065274151436,0.9522643818849449,3.8374563026222273,1.0,1.0,1.0,1.0,1.0,1.0,1.0,1.0,1.0
1809.01541,5cb610d3d5d7d447b4cd5736d6a7d8262140af58,structure-aware,evidence-hybrid,knapsack,100%,1.0,3064,3064,2833,0.9246083550913838,0.07539164490861616,0.9246083550913838,4.239209059999638,1.0,1.0,1.0,1.0,1.0,1.0,1.0,1.0,1.0
1809.01541,b9d168da5321a7d7b812c52bb102a05210fe45bd,structure-aware,evidence-hybrid,knapsack,20%,0.2,3064,612,543,0.17721932114882508,0.8227806788511749,0.8872549019607843,1.4051193385233551,0.0,1.0,0.0,0.0,1.0,1.0,0.0,1.0,0.0
1809.01541,b9d168da5321a7d7b812c52bb102a05210fe45bd,structure-aware,evidence-hybrid,knapsack,40%,0.4,3064,1225,1218,0.3975195822454308,0.6024804177545692,0.9942857142857143,2.4529363079104716,0.0,1.0,0.0,0.0,1.0,1.0,0.0,1.0,0.0
1809.01541,b9d168da5321a7d7b812c52bb102a05210fe45bd,structure-aware,evidence-hybrid,knapsack,60%,0.6,3064,1838,1820,0.5939947780678851,0.40600522193211486,0.9902067464635473,3.578514458551112,0.0,1.0,0.0,0.0,1.0,1.0,0.0,1.0,0.0
1809.01541,b9d168da5321a7d7b812c52bb102a05210fe45bd,structure-aware,evidence-hybrid,knapsack,80%,0.8,3064,2451,2380,0.7767624020887729,0.2232375979112271,0.971032231742146,4.328729421783342,0.0,1.0,0.0,0.0,1.0,1.0,0.0,1.0,0.0
1809.01541,b9d168da5321a7d7b812c52bb102a05210fe45bd,structure-aware,evidence-hybrid,knapsack,100%,1.0,3064,3064,2819,0.9200391644908616,0.07996083550913835,0.9200391644908616,4.768080644484134,0.0,1.0,0.0,0.0,1.0,1.0,0.0,1.0,0.0
1809.01541,0c234db3b380c27c4c70579a5d6948e1e3b24ff1,structure-aware,evidence-hybrid,knapsack,20%,0.2,3064,612,569,0.18570496083550914,0.8142950391644909,0.9297385620915033,1.3015060373007112,1.0,1.0,1.0,1.0,0.30434782608695654,0.30434782608695654,1.0,0.0,0.0
1809.01541,0c234db3b380c27c4c70579a5d6948e1e3b24ff1,structure-aware,evidence-hybrid,knapsack,40%,0.4,3064,1225,1099,0.35868146214099217,0.6413185378590078,0.8971428571428571,2.2669817185438013,1.0,1.0,1.0,1.0,1.0,1.0,1.0,1.0,1.0
1809.01541,0c234db3b380c27c4c70579a5d6948e1e3b24ff1,structure-aware,evidence-hybrid,knapsack,60%,0.6,3064,1838,1804,0.5887728459530026,0.4112271540469974,0.9815016322089227,3.329309518123384,1.0,1.0,1.0,1.0,1.0,1.0,1.0,1.0,1.0
1809.01541,0c234db3b380c27c4c70579a5d6948e1e3b24ff1,structure-aware,evidence-hybrid,knapsack,80%,0.8,3064,2451,2380,0.7767624020887729,0.2232375979112271,0.971032231742146,3.930089330729225,1.0,1.0,1.0,1.0,1.0,1.0,1.0,1.0,1.0
1809.01541,0c234db3b380c27c4c70579a5d6948e1e3b24ff1,structure-aware,evidence-hybrid,knapsack,100%,1.0,3064,3064,2819,0.9200391644908616,0.07996083550913835,0.9200391644908616,4.31148053900133,1.0,1.0,1.0,1.0,1.0,1.0,1.0,1.0,1.0
1809.01541,fa527becb8e2551f4fd2ae840dbd4a68971349e0,structure-aware,evidence-hybrid,knapsack,20%,0.2,3064,612,569,0.18570496083550914,0.8142950391644909,0.9297385620915033,1.2942414369756587,1.0,1.0,1.0,1.0,0.30434782608695654,0.30434782608695654,1.0,0.0,0.0
1809.01541,fa527becb8e2551f4fd2ae840dbd4a68971349e0,structure-aware,evidence-hybrid,knapsack,40%,0.4,3064,1225,1209,0.3945822454308094,0.6054177545691906,0.986938775510204,2.268803812283423,1.0,1.0,1.0,1.0,1.0,1.0,1.0,1.0,1.0
1809.01541,fa527becb8e2551f4fd2ae840dbd4a68971349e0,structure-aware,evidence-hybrid,knapsack,60%,0.6,3064,1838,1815,0.5923629242819843,0.40763707571801566,0.9874863982589771,3.404779746016034,1.0,1.0,1.0,1.0,1.0,1.0,1.0,1.0,1.0
1809.01541,fa527becb8e2551f4fd2ae840dbd4a68971349e0,structure-aware,evidence-hybrid,knapsack,80%,0.8,3064,2451,2328,0.7597911227154047,0.24020887728459528,0.9498164014687882,4.109097880792145,1.0,1.0,1.0,1.0,1.0,1.0,1.0,1.0,1.0
1809.01541,fa527becb8e2551f4fd2ae840dbd4a68971349e0,structure-aware,evidence-hybrid,knapsack,100%,1.0,3064,3064,2819,0.9200391644908616,0.07996083550913835,0.9200391644908616,4.5073532569452075,1.0,1.0,1.0,1.0,1.0,1.0,1.0,1.0,1.0
1809.09194,45e9533586199bde19313cd43b3d0ecadcaf7a33,structure-aware,evidence-hybrid,knapsack,20%,0.2,2402,480,446,0.18567860116569526,0.8143213988343048,0.9291666666666667,1.1323869712935872,0.0,1.0,0.0,0.0,1.0,1.0,0.0,1.0,0.0
1809.09194,45e9533586199bde19313cd43b3d0ecadcaf7a33,structure-aware,evidence-hybrid,knapsack,40%,0.4,2402,960,865,0.3601165695253955,0.6398834304746045,0.9010416666666666,1.942164645583937,0.0,1.0,0.0,0.0,1.0,1.0,0.0,1.0,0.0
1809.09194,45e9533586199bde19313cd43b3d0ecadcaf7a33,structure-aware,evidence-hybrid,knapsack,60%,0.6,2402,1441,1437,0.5982514571190675,0.40174854288093254,0.9972241498959056,2.5834981417948355,0.0,1.0,0.0,0.0,1.0,1.0,0.0,1.0,0.0
1809.09194,45e9533586199bde19313cd43b3d0ecadcaf7a33,structure-aware,evidence-hybrid,knapsack,80%,0.8,2402,1921,1919,0.798917568692756,0.20108243130724401,0.9989588755856325,2.8188923137996653,0.0,1.0,0.0,0.0,1.0,1.0,0.0,1.0,0.0
1809.09194,45e9533586199bde19313cd43b3d0ecadcaf7a33,structure-aware,evidence-hybrid,knapsack,100%,1.0,2402,2402,2124,0.884263114071607,0.11573688592839304,0.884263114071607,2.852107797202027,0.0,1.0,0.0,0.0,1.0,1.0,0.0,1.0,0.0
1809.09194,d3dbb5c22ef204d85707d2d24284cc77fa816b6c,structure-aware,evidence-hybrid,knapsack,20%,0.2,2402,480,442,0.18401332223147376,0.8159866777685263,0.9208333333333333,1.1056973627404616,0.7142857142857143,1.0,0.2857142857142857,0.39999999999999997,0.2838827838827839,0.2838827838827839,0.0,0.0,0.0
1809.09194,d3dbb5c22ef204d85707d2d24284cc77fa816b6c,structure-aware,evidence-hybrid,knapsack,40%,0.4,2402,960,924,0.38467943380516234,0.6153205661948377,0.9625,2.16945880992475,0.7142857142857143,1.0,0.2857142857142857,0.39999999999999997,0.39652014652014655,0.39652014652014655,0.0,0.0,0.0
1809.09194,d3dbb5c22ef204d85707d2d24284cc77fa816b6c,structure-aware,evidence-hybrid,knapsack,60%,0.6,2402,1441,1438,0.5986677768526228,0.40133222314737715,0.9979181124219292,2.953204701800875,0.7142857142857143,1.0,0.2857142857142857,0.39999999999999997,0.5064102564102564,0.5064102564102564,0.0,0.0,0.0
1809.09194,d3dbb5c22ef204d85707d2d24284cc77fa816b6c,structure-aware,evidence-hybrid,knapsack,80%,0.8,2402,1921,1910,0.7951706910907577,0.20482930890924234,0.9942738157209786,3.4738437315444166,0.7142857142857143,1.0,0.7142857142857143,1.0,1.0,1.0,1.0,1.0,1.0
1809.09194,d3dbb5c22ef204d85707d2d24284cc77fa816b6c,structure-aware,evidence-hybrid,knapsack,100%,1.0,2402,2402,2219,0.9238134887593672,0.0761865112406328,0.9238134887593672,3.816358903832836,0.7142857142857143,1.0,0.7142857142857143,1.0,1.0,1.0,1.0,1.0,1.0
1809.09194,a5e49cdb91d9fd0ca625cc1ede236d3d4672403c,structure-aware,evidence-hybrid,knapsack,20%,0.2,2402,480,471,0.19608659450457952,0.8039134054954205,0.98125,1.3032549164908005,1.0,1.0,0.75,0.75,0.1393939393939394,0.1393939393939394,0.0,0.0,0.0
1809.09194,a5e49cdb91d9fd0ca625cc1ede236d3d4672403c,structure-aware,evidence-hybrid,knapsack,40%,0.4,2402,960,929,0.3867610324729392,0.6132389675270609,0.9677083333333333,2.550644119983342,1.0,1.0,1.0,1.0,0.8666666666666667,0.8666666666666667,1.0,1.0,1.0
1809.09194,a5e49cdb91d9fd0ca625cc1ede236d3d4672403c,structure-aware,evidence-hybrid,knapsack,60%,0.6,2402,1441,1411,0.5874271440466278,0.41257285595337223,0.9791811242192922,3.7946652215744257,1.0,1.0,1.0,1.0,1.0,1.0,1.0,1.0,1.0
1809.09194,a5e49cdb91d9fd0ca625cc1ede236d3d4672403c,structure-aware,evidence-hybrid,knapsack,80%,0.8,2402,1921,1805,0.7514571190674438,0.24854288093255616,0.939614783966684,4.407240453288185,1.0,1.0,1.0,1.0,1.0,1.0,1.0,1.0,1.0
1809.09194,a5e49cdb91d9fd0ca625cc1ede236d3d4672403c,structure-aware,evidence-hybrid,knapsack,100%,1.0,2402,2402,2271,0.9454621149042465,0.054537885095753524,0.9454621149042465,4.869811735305559,1.0,1.0,1.0,1.0,1.0,1.0,1.0,1.0,1.0
1604.05372,aefa333b2cf0a4000cd40566149816f5b36135e7,structure-aware,evidence-hybrid,knapsack,20%,0.2,3539,707,702,0.19836111896015823,0.8016388810398418,0.9929278642149929,1.4375754994747862,1.0,1.0,1.0,1.0,0.5217391304347826,0.5217391304347826,1.0,0.0,0.0
1604.05372,aefa333b2cf0a4000cd40566149816f5b36135e7,structure-aware,evidence-hybrid,knapsack,40%,0.4,3539,1415,1412,0.398982763492512,0.601017236507488,0.9978798586572438,2.733885399142845,1.0,1.0,1.0,1.0,1.0,1.0,1.0,1.0,1.0
1604.05372,aefa333b2cf0a4000cd40566149816f5b36135e7,structure-aware,evidence-hybrid,knapsack,60%,0.6,3539,2123,2021,0.5710652726758971,0.42893472732410287,0.951954780970325,3.5055434507931578,1.0,1.0,1.0,1.0,1.0,1.0,1.0,1.0,1.0
1604.05372,aefa333b2cf0a4000cd40566149816f5b36135e7,structure-aware,evidence-hybrid,knapsack,80%,0.8,3539,2831,2818,0.7962701328058773,0.20372986719412267,0.9954079830448604,3.835818698995126,1.0,1.0,1.0,1.0,1.0,1.0,1.0,1.0,1.0
1604.05372,aefa333b2cf0a4000cd40566149816f5b36135e7,structure-aware,evidence-hybrid,knapsack,100%,1.0,3539,3539,3539,1.0,0.0,1.0,4.0241175817770465,1.0,1.0,1.0,1.0,1.0,1.0,1.0,1.0,1.0
2002.08795,eb2d5edcdfe18bd708348283f92a32294bb193a5,structure-aware,evidence-hybrid,knapsack,20%,0.2,3193,638,521,0.16316943313498278,0.8368305668650172,0.8166144200626959,1.5822862002409352,1.0,1.0,0.0,0.0,0.25252525252525254,0.25252525252525254,0.0,0.0,0.0
2002.08795,eb2d5edcdfe18bd708348283f92a32294bb193a5,structure-aware,evidence-hybrid,knapsack,40%,0.4,3193,1277,1207,0.37801440651424995,0.6219855934857501,0.9451840250587314,3.1740131074271796,1.0,1.0,1.0,1.0,0.46464646464646464,0.46464646464646464,1.0,0.0,0.0
2002.08795,eb2d5edcdfe18bd708348283f92a32294bb193a5,structure-aware,evidence-hybrid,knapsack,60%,0.6,3193,1915,1909,0.5978703413717507,0.40212965862824934,0.9968668407310705,4.0929724813400865,1.0,1.0,1.0,1.0,0.47474747474747475,0.47474747474747475,1.0,0.0,0.0
2002.08795,eb2d5edcdfe18bd708348283f92a32294bb193a5,structure-aware,evidence-hybrid,knapsack,80%,0.8,3193,2554,2446,0.7660507359849671,0.2339492640150329,0.9577133907595928,4.6264844501565685,1.0,1.0,1.0,1.0,1.0,1.0,1.0,1.0,1.0
2002.08795,eb2d5edcdfe18bd708348283f92a32294bb193a5,structure-aware,evidence-hybrid,knapsack,100%,1.0,3193,3193,3193,1.0,0.0,1.0,5.209448204678784,1.0,1.0,1.0,1.0,1.0,1.0,1.0,1.0,1.0
2002.08795,88ab7811662157680144ed3fdd00939e36552672,structure-aware,evidence-hybrid,knapsack,20%,0.2,3193,638,521,0.16316943313498278,0.8368305668650172,0.8166144200626959,1.326588322822555,1.0,1.0,0.45,0.45,0.3114754098360656,0.3114754098360656,0.0,0.0,0.0
2002.08795,88ab7811662157680144ed3fdd00939e36552672,structure-aware,evidence-hybrid,knapsack,40%,0.4,3193,1277,1201,0.3761352959599123,0.6238647040400878,0.9404855129209084,2.658514356039228,1.0,1.0,0.95,0.95,1.0,1.0,1.0,1.0,1.0
2002.08795,88ab7811662157680144ed3fdd00939e36552672,structure-aware,evidence-hybrid,knapsack,60%,0.6,3193,1915,1891,0.5922330097087378,0.4077669902912622,0.9874673629242819,3.642297495203842,1.0,1.0,1.0,1.0,1.0,1.0,1.0,1.0,1.0
2002.08795,88ab7811662157680144ed3fdd00939e36552672,structure-aware,evidence-hybrid,knapsack,80%,0.8,3193,2554,2501,0.7832759160663952,0.21672408393360476,0.9792482380579484,4.242051043029865,1.0,1.0,1.0,1.0,1.0,1.0,1.0,1.0,1.0
2002.08795,88ab7811662157680144ed3fdd00939e36552672,structure-aware,evidence-hybrid,knapsack,100%,1.0,3193,3193,3193,1.0,0.0,1.0,4.926931261069549,1.0,1.0,1.0,1.0,1.0,1.0,1.0,1.0,1.0
1802.06024,286078813136943dfafb5155ee15d2429e7601d9,structure-aware,evidence-hybrid,knapsack,20%,0.2,8423,1684,1682,0.19969132138193044,0.8003086786180695,0.998812351543943,4.075242435114621,0.75,1.0,0.75,1.0,0.7505050505050505,0.7505050505050505,1.0,0.0,0.0
1802.06024,286078813136943dfafb5155ee15d2429e7601d9,structure-aware,evidence-hybrid,knapsack,40%,0.4,8423,3369,3366,0.3996200878546836,0.6003799121453164,0.9991095280498664,6.8726711197338135,0.75,1.0,0.75,1.0,0.816017316017316,0.816017316017316,1.0,1.0,1.0
1802.06024,286078813136943dfafb5155ee15d2429e7601d9,structure-aware,evidence-hybrid,knapsack,60%,0.6,8423,5053,5029,0.5970556808737979,0.4029443191262021,0.9952503463289135,9.32116939641684,0.75,1.0,0.75,1.0,0.8857142857142858,0.8857142857142858,1.0,1.0,1.0
1802.06024,286078813136943dfafb5155ee15d2429e7601d9,structure-aware,evidence-hybrid,knapsack,80%,0.8,8423,6738,6735,0.7995963433456014,0.20040365665439863,0.9995547640249333,11.272278459792384,0.75,1.0,0.75,1.0,0.8857142857142858,0.8857142857142858,1.0,1.0,1.0
1802.06024,286078813136943dfafb5155ee15d2429e7601d9,structure-aware,evidence-hybrid,knapsack,100%,1.0,8423,8423,8423,1.0,0.0,1.0,12.564637607686086,0.75,1.0,0.75,1.0,1.0,1.0,1.0,1.0,1.0
1802.06024,8f16dc7d7be0d284069841e456ebb2c69575b32b,structure-aware,evidence-hybrid,knapsack,20%,0.2,8423,1684,1658,0.19684198029205746,0.8031580197079425,0.9845605700712589,4.205559467512433,1.0,1.0,1.0,1.0,1.0,1.0,1.0,1.0,1.0
1802.06024,8f16dc7d7be0d284069841e456ebb2c69575b32b,structure-aware,evidence-hybrid,knapsack,40%,0.4,8423,3369,3368,0.39985753294550636,0.6001424670544937,0.9997031760166222,7.072133405137358,1.0,1.0,1.0,1.0,1.0,1.0,1.0,1.0,1.0
1802.06024,8f16dc7d7be0d284069841e456ebb2c69575b32b,structure-aware,evidence-hybrid,knapsack,60%,0.6,8423,5053,5053,0.5999050219636709,0.4000949780363291,1.0,9.321437000183465,1.0,1.0,1.0,1.0,1.0,1.0,1.0,1.0,1.0
1802.06024,8f16dc7d7be0d284069841e456ebb2c69575b32b,structure-aware,evidence-hybrid,knapsack,80%,0.8,8423,6738,6720,0.7978155051644307,0.20218449483556933,0.9973285841495992,11.257878339568498,1.0,1.0,1.0,1.0,1.0,1.0,1.0,1.0,1.0
1802.06024,8f16dc7d7be0d284069841e456ebb2c69575b32b,structure-aware,evidence-hybrid,knapsack,100%,1.0,8423,8423,8423,1.0,0.0,1.0,12.75369218037184,1.0,1.0,1.0,1.0,1.0,1.0,1.0,1.0,1.0
1802.06024,a7d020120a45c39bee624f65443e09b895c10533,structure-aware,evidence-hybrid,knapsack,20%,0.2,8423,1684,1668,0.1980292057461712,0.8019707942538288,0.9904988123515439,3.3479685607772907,1.0,1.0,1.0,1.0,1.0,1.0,1.0,1.0,1.0
1802.06024,a7d020120a45c39bee624f65443e09b895c10533,structure-aware,evidence-hybrid,knapsack,40%,0.4,8423,3369,3358,0.3986703074913926,0.6013296925086073,0.9967349361828436,5.864206880322832,1.0,1.0,1.0,1.0,1.0,1.0,1.0,1.0,1.0
1802.06024,a7d020120a45c39bee624f65443e09b895c10533,structure-aware,evidence-hybrid,knapsack,60%,0.6,8423,5053,5047,0.5991926866912026,0.4008073133087974,0.9988125865822284,7.7847240905597,1.0,1.0,1.0,1.0,1.0,1.0,1.0,1.0,1.0
1802.06024,a7d020120a45c39bee624f65443e09b895c10533,structure-aware,evidence-hybrid,knapsack,80%,0.8,8423,6738,6737,0.799833788436424,0.20016621156357595,0.9998515880083111,9.37793917683737,1.0,1.0,1.0,1.0,1.0,1.0,1.0,1.0,1.0
1802.06024,a7d020120a45c39bee624f65443e09b895c10533,structure-aware,evidence-hybrid,knapsack,100%,1.0,8423,8423,8423,1.0,0.0,1.0,10.539608852361184,1.0,1.0,1.0,1.0,1.0,1.0,1.0,1.0,1.0
1802.06024,585626d18a20d304ae7df228c2128da542d248ff,structure-aware,evidence-hybrid,knapsack,20%,0.2,8423,1684,1677,0.19909770865487356,0.8009022913451265,0.9958432304038005,4.213510304061214,1.0,1.0,1.0,1.0,1.0,1.0,1.0,1.0,1.0
1802.06024,585626d18a20d304ae7df228c2128da542d248ff,structure-aware,evidence-hybrid,knapsack,40%,0.4,8423,3369,3369,0.3999762554909177,0.6000237445090824,1.0,7.004108382845397,1.0,1.0,1.0,1.0,1.0,1.0,1.0,1.0,1.0
1802.06024,585626d18a20d304ae7df228c2128da542d248ff,structure-aware,evidence-hybrid,knapsack,60%,0.6,8423,5053,5041,0.5984803514187345,0.40151964858126554,0.9976251731644568,9.290268645987332,1.0,1.0,1.0,1.0,1.0,1.0,1.0,1.0,1.0
1802.06024,585626d18a20d304ae7df228c2128da542d248ff,structure-aware,evidence-hybrid,knapsack,80%,0.8,8423,6738,6723,0.7981716728006648,0.2018283271993352,0.9977738201246661,11.0984856750613,1.0,1.0,1.0,1.0,1.0,1.0,1.0,1.0,1.0
1802.06024,585626d18a20d304ae7df228c2128da542d248ff,structure-aware,evidence-hybrid,knapsack,100%,1.0,8423,8423,8423,1.0,0.0,1.0,12.290673931686516,1.0,1.0,1.0,1.0,1.0,1.0,1.0,1.0,1.0
1802.06024,bfc2dc913e7b78f3bd45e5449d71383d0aa4a890,structure-aware,evidence-hybrid,knapsack,20%,0.2,8423,1684,1663,0.19743559301911434,0.8025644069808857,0.9875296912114014,4.392116221128552,0.9142857142857143,1.0,0.8285714285714286,0.9062500000000001,1.0,1.0,1.0,1.0,1.0
1802.06024,bfc2dc913e7b78f3bd45e5449d71383d0aa4a890,structure-aware,evidence-hybrid,knapsack,40%,0.4,8423,3369,3369,0.3999762554909177,0.6000237445090824,1.0,7.749033120089087,0.9142857142857143,1.0,0.8857142857142857,0.96875,1.0,1.0,1.0,1.0,1.0
1802.06024,bfc2dc913e7b78f3bd45e5449d71383d0aa4a890,structure-aware,evidence-hybrid,knapsack,60%,0.6,8423,5053,5050,0.5995488543274368,0.40045114567256324,0.9994062932911142,10.508436878205773,0.9142857142857143,1.0,0.8857142857142857,0.96875,1.0,1.0,1.0,1.0,1.0
1802.06024,bfc2dc913e7b78f3bd45e5449d71383d0aa4a890,structure-aware,evidence-hybrid,knapsack,80%,0.8,8423,6738,6711,0.7967470022557284,0.20325299774427164,0.9959928762243989,12.864817831268773,0.9142857142857143,1.0,0.9142857142857143,1.0,1.0,1.0,1.0,1.0,1.0
1802.06024,bfc2dc913e7b78f3bd45e5449d71383d0aa4a890,structure-aware,evidence-hybrid,knapsack,100%,1.0,8423,8423,8423,1.0,0.0,1.0,14.48409741999648,0.9142857142857143,1.0,0.9142857142857143,1.0,1.0,1.0,1.0,1.0,1.0
1809.00530,b46c0015a122ee5fb95c2a45691cb97f80de1bb6,structure-aware,evidence-hybrid,knapsack,20%,0.2,6869,1373,1361,0.1981365555393798,0.8018634444606202,0.9912600145666424,3.1754117839266724,1.0,1.0,0.6666666666666666,0.6666666666666666,0.44217687074829926,0.44217687074829926,0.0,0.0,0.0
1809.00530,b46c0015a122ee5fb95c2a45691cb97f80de1bb6,structure-aware,evidence-hybrid,knapsack,40%,0.4,6869,2747,2724,0.39656427427573154,0.6034357257242684,0.9916272297051328,5.450739293520986,1.0,1.0,0.6666666666666666,0.6666666666666666,0.6678004535147393,0.6678004535147393,0.0,0.0,0.0
1809.00530,b46c0015a122ee5fb95c2a45691cb97f80de1bb6,structure-aware,evidence-hybrid,knapsack,60%,0.6,6869,4121,4098,0.5965933905954287,0.4034066094045713,0.9944188303809754,7.375358380351893,1.0,1.0,1.0,1.0,1.0,1.0,1.0,1.0,1.0
1809.00530,b46c0015a122ee5fb95c2a45691cb97f80de1bb6,structure-aware,evidence-hybrid,knapsack,80%,0.8,6869,5495,5492,0.7995341388848449,0.20046586111515508,0.9994540491355778,9.182464594301255,1.0,1.0,1.0,1.0,1.0,1.0,1.0,1.0,1.0
1809.00530,b46c0015a122ee5fb95c2a45691cb97f80de1bb6,structure-aware,evidence-hybrid,knapsack,100%,1.0,6869,6869,6754,0.9832581161741156,0.016741883825884374,0.9832581161741156,10.505577702295021,1.0,1.0,1.0,1.0,1.0,1.0,1.0,1.0,1.0
1809.00530,5b7a4994bfdbf8882f391adf1cd2218dbc2255a0,structure-aware,evidence-hybrid,knapsack,20%,0.2,6869,1373,1371,0.19959237152423934,0.8004076284757606,0.9985433357611071,3.348230162286446,1.0,1.0,1.0,1.0,0.8809523809523808,0.8809523809523808,1.0,1.0,1.0
1809.00530,5b7a4994bfdbf8882f391adf1cd2218dbc2255a0,structure-aware,evidence-hybrid,knapsack,40%,0.4,6869,2747,2744,0.3994759062454506,0.6005240937545494,0.9989078995267565,5.863017196516132,1.0,1.0,1.0,1.0,0.9066666666666666,0.9066666666666666,1.0,1.0,1.0
1809.00530,5b7a4994bfdbf8882f391adf1cd2218dbc2255a0,structure-aware,evidence-hybrid,knapsack,60%,0.6,6869,4121,4119,0.5996506041636337,0.4003493958363663,0.9995146809026936,7.754632988356716,1.0,1.0,1.0,1.0,1.0,1.0,1.0,1.0,1.0
1809.00530,5b7a4994bfdbf8882f391adf1cd2218dbc2255a0,structure-aware,evidence-hybrid,knapsack,80%,0.8,6869,5495,5466,0.7957490173242102,0.20425098267578978,0.9947224749772521,9.309723582985455,1.0,1.0,1.0,1.0,1.0,1.0,1.0,1.0,1.0
1809.00530,5b7a4994bfdbf8882f391adf1cd2218dbc2255a0,structure-aware,evidence-hybrid,knapsack,100%,1.0,6869,6869,6754,0.9832581161741156,0.016741883825884374,0.9832581161741156,10.581374498261907,1.0,1.0,1.0,1.0,1.0,1.0,1.0,1.0,1.0
1809.00530,9176d2ba1c638cdec334971c4c7f1bb959495a8e,structure-aware,evidence-hybrid,knapsack,20%,0.2,6869,1373,1369,0.19930120832726744,0.8006987916727326,0.9970866715222141,3.7433237851208365,1.0,1.0,0.18181818181818182,0.18181818181818182,0.5967741935483871,0.5967741935483871,0.0,0.0,0.0
1809.00530,9176d2ba1c638cdec334971c4c7f1bb959495a8e,structure-aware,evidence-hybrid,knapsack,40%,0.4,6869,2747,2744,0.3994759062454506,0.6005240937545494,0.9989078995267565,7.010473668936015,1.0,1.0,0.9090909090909091,0.9090909090909091,1.0,1.0,1.0,1.0,1.0
1809.00530,9176d2ba1c638cdec334971c4c7f1bb959495a8e,structure-aware,evidence-hybrid,knapsack,60%,0.6,6869,4121,4112,0.5986315329742321,0.4013684670257679,0.9978160640621209,9.635784059224301,1.0,1.0,1.0,1.0,1.0,1.0,1.0,1.0,1.0
1809.00530,9176d2ba1c638cdec334971c4c7f1bb959495a8e,structure-aware,evidence-hybrid,knapsack,80%,0.8,6869,5495,5471,0.7964769253166399,0.20352307468336006,0.9956323930846224,11.839108578232667,1.0,1.0,1.0,1.0,1.0,1.0,1.0,1.0,1.0
1809.00530,9176d2ba1c638cdec334971c4c7f1bb959495a8e,structure-aware,evidence-hybrid,knapsack,100%,1.0,6869,6869,6754,0.9832581161741156,0.016741883825884374,0.9832581161741156,13.14184764422911,1.0,1.0,1.0,1.0,1.0,1.0,1.0,1.0,1.0
1710.07960,0ba3ea93eef5660a79ea3c26c6a270eac32dfa4c,structure-aware,evidence-hybrid,knapsack,20%,0.2,4988,997,988,0.19807538091419408,0.8019246190858059,0.9909729187562688,2.7369177341906616,0.0,1.0,0.0,0.0,1.0,1.0,0.0,1.0,0.0
1710.07960,0ba3ea93eef5660a79ea3c26c6a270eac32dfa4c,structure-aware,evidence-hybrid,knapsack,40%,0.4,4988,1995,1925,0.3859262229350441,0.6140737770649559,0.9649122807017544,4.794929139547319,0.0,1.0,0.0,0.0,1.0,1.0,0.0,1.0,0.0
1710.07960,0ba3ea93eef5660a79ea3c26c6a270eac32dfa4c,structure-aware,evidence-hybrid,knapsack,60%,0.6,4988,2992,2984,0.5982357658380112,0.4017642341619888,0.9973262032085561,6.3037262706607295,0.0,1.0,0.0,0.0,1.0,1.0,0.0,1.0,0.0
1710.07960,0ba3ea93eef5660a79ea3c26c6a270eac32dfa4c,structure-aware,evidence-hybrid,knapsack,80%,0.8,4988,3990,3969,0.7957097032878909,0.20429029671210908,0.9947368421052631,7.484399489557205,0.0,1.0,0.0,0.0,1.0,1.0,0.0,1.0,0.0
1710.07960,0ba3ea93eef5660a79ea3c26c6a270eac32dfa4c,structure-aware,evidence-hybrid,knapsack,100%,1.0,4988,4988,4753,0.9528869286287089,0.04711307137129106,0.9528869286287089,8.188444702224787,0.0,1.0,0.0,0.0,1.0,1.0,0.0,1.0,0.0
1710.07960,5e324846a99a5573cd2e843d1657e87f4eb22fa6,structure-aware,evidence-hybrid,knapsack,20%,0.2,4988,997,997,0.19987971130713714,0.8001202886928629,1.0,2.4159545319450375,0.7142857142857143,1.0,0.42857142857142855,0.6,0.8202247191011236,0.8202247191011236,0.0,1.0,0.0
1710.07960,5e324846a99a5573cd2e843d1657e87f4eb22fa6,structure-aware,evidence-hybrid,knapsack,40%,0.4,4988,1995,1945,0.38993584603047315,0.6100641539695268,0.974937343358396,4.081613520770137,0.7142857142857143,1.0,0.7142857142857143,1.0,1.0,1.0,1.0,1.0,1.0
1710.07960,5e324846a99a5573cd2e843d1657e87f4eb22fa6,structure-aware,evidence-hybrid,knapsack,60%,0.6,4988,2992,2992,0.5998396150761829,0.4001603849238171,1.0,5.512632001765725,0.7142857142857143,1.0,0.7142857142857143,1.0,1.0,1.0,1.0,1.0,1.0
1710.07960,5e324846a99a5573cd2e843d1657e87f4eb22fa6,structure-aware,evidence-hybrid,knapsack,80%,0.8,4988,3990,3945,0.7908981555733761,0.20910184442662394,0.9887218045112782,6.561358356524475,0.7142857142857143,1.0,0.7142857142857143,1.0,1.0,1.0,1.0,1.0,1.0
1710.07960,5e324846a99a5573cd2e843d1657e87f4eb22fa6,structure-aware,evidence-hybrid,knapsack,100%,1.0,4988,4988,4740,0.95028067361668,0.049719326383319995,0.95028067361668,7.074853568476004,0.7142857142857143,1.0,0.7142857142857143,1.0,1.0,1.0,1.0,1.0,1.0
1912.03804,2ccc26e11df4eb26fcccdd1f446dc749aff5d572,structure-aware,evidence-hybrid,knapsack,20%,0.2,4765,953,942,0.19769150052465898,0.802308499475341,0.9884575026232949,2.198422080814387,0.0,1.0,0.0,0.0,1.0,1.0,0.0,1.0,0.0
1912.03804,2ccc26e11df4eb26fcccdd1f446dc749aff5d572,structure-aware,evidence-hybrid,knapsack,40%,0.4,4765,1906,1873,0.39307450157397694,0.6069254984260231,0.9826862539349422,3.780294777878212,0.0,1.0,0.0,0.0,1.0,1.0,0.0,1.0,0.0
1912.03804,2ccc26e11df4eb26fcccdd1f446dc749aff5d572,structure-aware,evidence-hybrid,knapsack,60%,0.6,4765,2859,2843,0.5966421825813222,0.4033578174186778,0.9944036376355369,4.903155239963944,0.0,1.0,0.0,0.0,1.0,1.0,0.0,1.0,0.0
1912.03804,2ccc26e11df4eb26fcccdd1f446dc749aff5d572,structure-aware,evidence-hybrid,knapsack,80%,0.8,4765,3812,3748,0.7865687303252885,0.2134312696747115,0.9832109129066107,5.81337584231215,0.0,1.0,0.0,0.0,1.0,1.0,0.0,1.0,0.0
1912.03804,2ccc26e11df4eb26fcccdd1f446dc749aff5d572,structure-aware,evidence-hybrid,knapsack,100%,1.0,4765,4765,4627,0.9710388247639035,0.028961175236096537,0.9710388247639035,6.193605740299734,0.0,1.0,0.0,0.0,1.0,1.0,0.0,1.0,0.0
1912.03804,f318a2851d7061f05a5b32b94251f943480fbd15,structure-aware,evidence-hybrid,knapsack,20%,0.2,4765,953,938,0.1968520461699895,0.8031479538300105,0.9842602308499475,2.3293024980836856,1.0,1.0,0.5,0.5,0.5625,0.5625,0.0,0.0,0.0
1912.03804,f318a2851d7061f05a5b32b94251f943480fbd15,structure-aware,evidence-hybrid,knapsack,40%,0.4,4765,1906,1896,0.39790136411332633,0.6020986358866737,0.9947534102833159,4.256870854384401,1.0,1.0,1.0,1.0,1.0,1.0,1.0,1.0,1.0
1912.03804,f318a2851d7061f05a5b32b94251f943480fbd15,structure-aware,evidence-hybrid,knapsack,60%,0.6,4765,2859,2808,0.5892969569779644,0.41070304302203564,0.9821615949632738,5.674478854661045,1.0,1.0,1.0,1.0,1.0,1.0,1.0,1.0,1.0
1912.03804,f318a2851d7061f05a5b32b94251f943480fbd15,structure-aware,evidence-hybrid,knapsack,80%,0.8,4765,3812,3733,0.7834207764952781,0.21657922350472192,0.9792759706190975,6.663989209068391,1.0,1.0,1.0,1.0,1.0,1.0,1.0,1.0,1.0
1912.03804,f318a2851d7061f05a5b32b94251f943480fbd15,structure-aware,evidence-hybrid,knapsack,100%,1.0,4765,4765,4522,0.94900314795383,0.050996852046169994,0.94900314795383,7.42310393740645,1.0,1.0,1.0,1.0,1.0,1.0,1.0,1.0,1.0
1912.03804,6bbbb9933aab97ce2342200447c6322527427061,structure-aware,evidence-hybrid,knapsack,20%,0.2,4765,953,882,0.185099685204617,0.814900314795383,0.925498426023085,1.7508758544606224,0.8,1.0,0.2,0.25,0.2602739726027397,0.2602739726027397,0.0,0.0,0.0
1912.03804,6bbbb9933aab97ce2342200447c6322527427061,structure-aware,evidence-hybrid,knapsack,40%,0.4,4765,1906,1889,0.3964323189926548,0.6035676810073451,0.9910807974816369,3.2770902595966778,0.8,1.0,0.8,1.0,1.0,1.0,1.0,1.0,1.0
1912.03804,6bbbb9933aab97ce2342200447c6322527427061,structure-aware,evidence-hybrid,knapsack,60%,0.6,4765,2859,2857,0.5995802728226652,0.40041972717733476,0.9993004547044421,3.9842554382282658,0.8,1.0,0.8,1.0,1.0,1.0,1.0,1.0,1.0
1912.03804,6bbbb9933aab97ce2342200447c6322527427061,structure-aware,evidence-hybrid,knapsack,80%,0.8,4765,3812,3671,0.7704092339979014,0.2295907660020986,0.9630115424973767,4.376268236138498,0.8,1.0,0.8,1.0,1.0,1.0,1.0,1.0,1.0
1912.03804,6bbbb9933aab97ce2342200447c6322527427061,structure-aware,evidence-hybrid,knapsack,100%,1.0,4765,4765,4522,0.94900314795383,0.050996852046169994,0.94900314795383,4.631408298594758,0.8,1.0,0.8,1.0,1.0,1.0,1.0,1.0,1.0
1912.03804,2007bfb8f66e88a235c3a8d8c0a3b3dd88734706,structure-aware,evidence-hybrid,knapsack,20%,0.2,4765,953,905,0.18992654774396642,0.8100734522560336,0.9496327387198321,2.0735220078378704,1.0,1.0,1.0,1.0,1.0,1.0,1.0,1.0,1.0
1912.03804,2007bfb8f66e88a235c3a8d8c0a3b3dd88734706,structure-aware,evidence-hybrid,knapsack,40%,0.4,4765,1906,1897,0.3981112277019937,0.6018887722980063,0.9952780692549843,3.4591387610422353,1.0,1.0,1.0,1.0,1.0,1.0,1.0,1.0,1.0
1912.03804,2007bfb8f66e88a235c3a8d8c0a3b3dd88734706,structure-aware,evidence-hybrid,knapsack,60%,0.6,4765,2859,2818,0.5913955928646379,0.40860440713536206,0.9856593214410633,4.457853142238246,1.0,1.0,1.0,1.0,1.0,1.0,1.0,1.0,1.0
1912.03804,2007bfb8f66e88a235c3a8d8c0a3b3dd88734706,structure-aware,evidence-hybrid,knapsack,80%,0.8,4765,3812,3792,0.7958027282266527,0.20419727177334734,0.9947534102833159,5.277239587676481,1.0,1.0,1.0,1.0,1.0,1.0,1.0,1.0,1.0
1912.03804,2007bfb8f66e88a235c3a8d8c0a3b3dd88734706,structure-aware,evidence-hybrid,knapsack,100%,1.0,4765,4765,4627,0.9710388247639035,0.028961175236096537,0.9710388247639035,5.695972873577363,1.0,1.0,1.0,1.0,1.0,1.0,1.0,1.0,1.0
1912.03804,d859cc37799a508bbbe4270ed291ca6394afce2c,structure-aware,evidence-hybrid,knapsack,20%,0.2,4765,953,933,0.19580272822665268,0.8041972717733473,0.9790136411332634,2.2461705470608813,1.0,1.0,0.0,0.0,0.22937062937062938,0.22937062937062938,0.0,0.0,0.0
1912.03804,d859cc37799a508bbbe4270ed291ca6394afce2c,structure-aware,evidence-hybrid,knapsack,40%,0.4,4765,1906,1881,0.39475341028331584,0.6052465897166841,0.9868835257082896,3.8344813663178243,1.0,1.0,0.6,0.6,0.40489510489510494,0.40489510489510494,0.0,0.0,0.0
1912.03804,d859cc37799a508bbbe4270ed291ca6394afce2c,structure-aware,evidence-hybrid,knapsack,60%,0.6,4765,2859,2852,0.5985309548793284,0.4014690451206716,0.9975515914655474,5.280081216580378,1.0,1.0,1.0,1.0,1.0,1.0,1.0,1.0,1.0
1912.03804,d859cc37799a508bbbe4270ed291ca6394afce2c,structure-aware,evidence-hybrid,knapsack,80%,0.8,4765,3812,3729,0.7825813221406086,0.2174186778593914,0.9782266526757608,6.3251358816758465,1.0,1.0,1.0,1.0,1.0,1.0,1.0,1.0,1.0
1912.03804,d859cc37799a508bbbe4270ed291ca6394afce2c,structure-aware,evidence-hybrid,knapsack,100%,1.0,4765,4765,4466,0.9372507869884575,0.06274921301154246,0.9372507869884575,6.751726616566855,1.0,1.0,1.0,1.0,1.0,1.0,1.0,1.0,1.0
1912.08960,50e80cfa84200717921840fddcf3b051a9216ad8,structure-aware,evidence-hybrid,knapsack,20%,0.2,4593,918,891,0.19399085564990204,0.806009144350098,0.9705882352941176,1.957545613483994,0.0,1.0,0.0,0.0,0.4444444444444444,0.4444444444444444,0.0,0.0,0.0
1912.08960,50e80cfa84200717921840fddcf3b051a9216ad8,structure-aware,evidence-hybrid,knapsack,40%,0.4,4593,1837,1810,0.3940779446984542,0.6059220553015459,0.985302123026674,3.6566797299752456,0.0,1.0,0.0,0.0,1.0,1.0,0.0,1.0,0.0
1912.08960,50e80cfa84200717921840fddcf3b051a9216ad8,structure-aware,evidence-hybrid,knapsack,60%,0.6,4593,2755,2739,0.5963422599608099,0.4036577400391901,0.9941923774954627,5.007649742596672,0.0,1.0,0.0,0.0,1.0,1.0,0.0,1.0,0.0
1912.08960,50e80cfa84200717921840fddcf3b051a9216ad8,structure-aware,evidence-hybrid,knapsack,80%,0.8,4593,3674,3674,0.7999129109514479,0.2000870890485521,1.0,6.33806914878339,0.0,1.0,0.0,0.0,1.0,1.0,0.0,1.0,0.0
1912.08960,50e80cfa84200717921840fddcf3b051a9216ad8,structure-aware,evidence-hybrid,knapsack,100%,1.0,4593,4593,4593,1.0,0.0,1.0,7.041948375589528,0.0,1.0,0.0,0.0,1.0,1.0,0.0,1.0,0.0
1912.08960,b1bc9ae9d40e7065343c12f860a461c7c730a612,structure-aware,evidence-hybrid,knapsack,20%,0.2,4593,918,905,0.1970389723492271,0.8029610276507729,0.985838779956427,2.2419918708541666,0.5454545454545454,1.0,0.45454545454545453,0.8333333333333334,1.0,1.0,0.0,1.0,0.0
1912.08960,b1bc9ae9d40e7065343c12f860a461c7c730a612,structure-aware,evidence-hybrid,knapsack,40%,0.4,4593,1837,1801,0.3921184411060309,0.6078815588939691,0.9804028307022319,4.021451650245646,0.5454545454545454,1.0,0.5454545454545454,1.0,1.0,1.0,1.0,1.0,1.0
1912.08960,b1bc9ae9d40e7065343c12f860a461c7c730a612,structure-aware,evidence-hybrid,knapsack,60%,0.6,4593,2755,2625,0.5715218811234487,0.4284781188765513,0.9528130671506352,5.071444435913907,0.5454545454545454,1.0,0.5454545454545454,1.0,1.0,1.0,1.0,1.0,1.0
1912.08960,b1bc9ae9d40e7065343c12f860a461c7c730a612,structure-aware,evidence-hybrid,knapsack,80%,0.8,4593,3674,3674,0.7999129109514479,0.2000870890485521,1.0,5.90431260482043,0.5454545454545454,1.0,0.5454545454545454,1.0,1.0,1.0,1.0,1.0,1.0
1912.08960,b1bc9ae9d40e7065343c12f860a461c7c730a612,structure-aware,evidence-hybrid,knapsack,100%,1.0,4593,4593,4593,1.0,0.0,1.0,6.555945379221813,0.5454545454545454,1.0,0.5454545454545454,1.0,1.0,1.0,1.0,1.0,1.0
1912.08960,63a1cbe66fd58ff0ead895a8bac1198c38c008aa,structure-aware,evidence-hybrid,knapsack,20%,0.2,4593,918,914,0.19899847594165035,0.8010015240583497,0.9956427015250545,2.2032575132926833,1.0,1.0,1.0,1.0,1.0,1.0,1.0,1.0,1.0
1912.08960,63a1cbe66fd58ff0ead895a8bac1198c38c008aa,structure-aware,evidence-hybrid,knapsack,40%,0.4,4593,1837,1819,0.39603744829087745,0.6039625517091225,0.9902014153511159,3.9479164666177637,1.0,1.0,0.3333333333333333,0.3333333333333333,0.40816326530612246,0.40816326530612246,0.0,0.0,0.0
1912.08960,63a1cbe66fd58ff0ead895a8bac1198c38c008aa,structure-aware,evidence-hybrid,knapsack,60%,0.6,4593,2755,2684,0.5843675157848901,0.4156324842151099,0.9742286751361161,5.311043330359547,1.0,1.0,1.0,1.0,1.0,1.0,1.0,1.0,1.0
1912.08960,63a1cbe66fd58ff0ead895a8bac1198c38c008aa,structure-aware,evidence-hybrid,knapsack,80%,0.8,4593,3674,3531,0.7687785760940562,0.2312214239059438,0.9610778443113772,6.092133197695761,1.0,1.0,1.0,1.0,1.0,1.0,1.0,1.0,1.0
1912.08960,63a1cbe66fd58ff0ead895a8bac1198c38c008aa,structure-aware,evidence-hybrid,knapsack,100%,1.0,4593,4593,4593,1.0,0.0,1.0,6.604792119463227,1.0,1.0,1.0,1.0,1.0,1.0,1.0,1.0,1.0
1912.08960,509af1f11bd6f3db59284258e18fdfebe86cae47,structure-aware,evidence-hybrid,knapsack,20%,0.2,4593,918,913,0.19878075332026998,0.80121924667973,0.9945533769063181,2.055189071244942,1.0,1.0,0.14285714285714285,0.14285714285714285,0.35555555555555557,0.35555555555555557,0.0,0.0,0.0
1912.08960,509af1f11bd6f3db59284258e18fdfebe86cae47,structure-aware,evidence-hybrid,knapsack,40%,0.4,4593,1837,1831,0.39865011974744174,0.6013498802525583,0.9967338051170387,3.705118205987817,1.0,1.0,1.0,1.0,1.0,1.0,1.0,1.0,1.0
1912.08960,509af1f11bd6f3db59284258e18fdfebe86cae47,structure-aware,evidence-hybrid,knapsack,60%,0.6,4593,2755,2692,0.5861092967559329,0.41389070324406707,0.9771324863883848,4.660998240962513,1.0,1.0,1.0,1.0,1.0,1.0,1.0,1.0,1.0
1912.08960,509af1f11bd6f3db59284258e18fdfebe86cae47,structure-aware,evidence-hybrid,knapsack,80%,0.8,4593,3674,3470,0.7554974961898542,0.24450250381014582,0.9444746869896571,5.245894391003297,1.0,1.0,1.0,1.0,1.0,1.0,1.0,1.0,1.0
1912.08960,509af1f11bd6f3db59284258e18fdfebe86cae47,structure-aware,evidence-hybrid,knapsack,100%,1.0,4593,4593,4593,1.0,0.0,1.0,5.811539528095595,1.0,1.0,1.0,1.0,1.0,1.0,1.0,1.0,1.0
2002.11910,23e16c1173b7def2c5cb56053b57047c9971e3bb,structure-aware,evidence-hybrid,knapsack,20%,0.2,2337,467,428,0.18314077877620882,0.8168592212237912,0.9164882226980728,1.2725822350393303,1.0,1.0,1.0,1.0,0.4230769230769231,0.4230769230769231,1.0,0.0,0.0
2002.11910,23e16c1173b7def2c5cb56053b57047c9971e3bb,structure-aware,evidence-hybrid,knapsack,40%,0.4,2337,934,882,0.3774069319640565,0.6225930680359435,0.9443254817987152,1.9903531778180659,1.0,1.0,1.0,1.0,1.0,1.0,1.0,1.0,1.0
2002.11910,23e16c1173b7def2c5cb56053b57047c9971e3bb,structure-aware,evidence-hybrid,knapsack,60%,0.6,2337,1402,1293,0.5532734274711169,0.44672657252888315,0.9222539229671898,2.58573630574287,1.0,1.0,1.0,1.0,1.0,1.0,1.0,1.0,1.0
2002.11910,23e16c1173b7def2c5cb56053b57047c9971e3bb,structure-aware,evidence-hybrid,knapsack,80%,0.8,2337,1869,1805,0.7723577235772358,0.22764227642276424,0.965757089352595,3.2218236313120627,1.0,1.0,1.0,1.0,1.0,1.0,1.0,1.0,1.0
2002.11910,23e16c1173b7def2c5cb56053b57047c9971e3bb,structure-aware,evidence-hybrid,knapsack,100%,1.0,2337,2337,2337,1.0,0.0,1.0,3.578232688937906,1.0,1.0,1.0,1.0,1.0,1.0,1.0,1.0,1.0
2002.11910,d78f7f84a76a07b777d4092cb58161528ca3803c,structure-aware,evidence-hybrid,knapsack,20%,0.2,2337,467,422,0.18057338468121523,0.8194266153187848,0.9036402569593148,1.2366424593633636,1.0,1.0,0.36666666666666664,0.36666666666666664,0.34285714285714286,0.34285714285714286,0.0,0.0,0.0
2002.11910,d78f7f84a76a07b777d4092cb58161528ca3803c,structure-aware,evidence-hybrid,knapsack,40%,0.4,2337,934,933,0.3992297817715019,0.6007702182284981,0.9989293361884368,2.4243861942267415,1.0,1.0,0.4,0.4,0.42857142857142855,0.42857142857142855,0.0,0.0,0.0
2002.11910,d78f7f84a76a07b777d4092cb58161528ca3803c,structure-aware,evidence-hybrid,knapsack,60%,0.6,2337,1402,1242,0.5314505776636713,0.4685494223363287,0.8858773181169758,2.9825649704148716,1.0,1.0,1.0,1.0,1.0,1.0,1.0,1.0,1.0
2002.11910,d78f7f84a76a07b777d4092cb58161528ca3803c,structure-aware,evidence-hybrid,knapsack,80%,0.8,2337,1869,1780,0.7616602481814292,0.2383397518185708,0.9523809523809523,3.6151100781851953,1.0,1.0,1.0,1.0,1.0,1.0,1.0,1.0,1.0
2002.11910,d78f7f84a76a07b777d4092cb58161528ca3803c,structure-aware,evidence-hybrid,knapsack,100%,1.0,2337,2337,2315,0.9905862216516902,0.00941377834830981,0.9905862216516902,4.13767438316977,1.0,1.0,1.0,1.0,1.0,1.0,1.0,1.0,1.0
1909.09587,37be0d479480211291e068d0d3823ad0c13321d3,structure-aware,evidence-hybrid,knapsack,20%,0.2,3450,690,690,0.2,0.8,1.0,1.652816064980078,1.0,1.0,1.0,1.0,0.4358974358974359,0.4358974358974359,1.0,0.0,0.0
1909.09587,37be0d479480211291e068d0d3823ad0c13321d3,structure-aware,evidence-hybrid,knapsack,40%,0.4,3450,1380,1380,0.4,0.6,1.0,3.067288169179857,1.0,1.0,1.0,1.0,0.5128205128205128,0.5128205128205128,1.0,0.0,0.0
1909.09587,37be0d479480211291e068d0d3823ad0c13321d3,structure-aware,evidence-hybrid,knapsack,60%,0.6,3450,2070,2004,0.5808695652173913,0.4191304347826087,0.9681159420289855,4.280101998636119,1.0,1.0,1.0,1.0,0.5897435897435898,0.5897435897435898,1.0,0.0,0.0
1909.09587,37be0d479480211291e068d0d3823ad0c13321d3,structure-aware,evidence-hybrid,knapsack,80%,0.8,3450,2760,2741,0.7944927536231884,0.20550724637681161,0.9931159420289855,5.400362258203494,1.0,1.0,1.0,1.0,1.0,1.0,1.0,1.0,1.0
1909.09587,37be0d479480211291e068d0d3823ad0c13321d3,structure-aware,evidence-hybrid,knapsack,100%,1.0,3450,3450,3450,1.0,0.0,1.0,6.160041522291222,1.0,1.0,1.0,1.0,1.0,1.0,1.0,1.0,1.0
1909.09587,009ce6f2bea67e7df911b3f93443b23467c9f4a1,structure-aware,evidence-hybrid,knapsack,20%,0.2,3450,690,659,0.1910144927536232,0.8089855072463767,0.9550724637681159,1.7308561595128529,1.0,1.0,1.0,1.0,0.36,0.36,1.0,0.0,0.0
1909.09587,009ce6f2bea67e7df911b3f93443b23467c9f4a1,structure-aware,evidence-hybrid,knapsack,40%,0.4,3450,1380,1342,0.3889855072463768,0.6110144927536232,0.972463768115942,2.9648414199112407,1.0,1.0,0.5,0.5,0.4,0.4,0.0,0.0,0.0
1909.09587,009ce6f2bea67e7df911b3f93443b23467c9f4a1,structure-aware,evidence-hybrid,knapsack,60%,0.6,3450,2070,2046,0.5930434782608696,0.40695652173913044,0.9884057971014493,3.8718550336177557,1.0,1.0,1.0,1.0,0.52,0.52,1.0,0.0,0.0
1909.09587,009ce6f2bea67e7df911b3f93443b23467c9f4a1,structure-aware,evidence-hybrid,knapsack,80%,0.8,3450,2760,2760,0.8,0.19999999999999996,1.0,4.490495744713554,1.0,1.0,1.0,1.0,1.0,1.0,1.0,1.0,1.0
1909.09587,009ce6f2bea67e7df911b3f93443b23467c9f4a1,structure-aware,evidence-hybrid,knapsack,100%,1.0,3450,3450,3450,1.0,0.0,1.0,5.101287725144178,1.0,1.0,1.0,1.0,1.0,1.0,1.0,1.0,1.0
1909.09587,55569d0a4586d20c01268a80a7e31a17a18198e2,structure-aware,evidence-hybrid,knapsack,20%,0.2,3450,690,635,0.18405797101449275,0.8159420289855073,0.9202898550724637,1.9186887218004096,1.0,1.0,1.0,1.0,0.7321428571428572,0.7321428571428572,1.0,0.0,0.0
1909.09587,55569d0a4586d20c01268a80a7e31a17a18198e2,structure-aware,evidence-hybrid,knapsack,40%,0.4,3450,1380,1351,0.39159420289855074,0.6084057971014493,0.9789855072463768,3.7759372979731802,1.0,1.0,1.0,1.0,0.8214285714285714,0.8214285714285714,1.0,1.0,1.0
1909.09587,55569d0a4586d20c01268a80a7e31a17a18198e2,structure-aware,evidence-hybrid,knapsack,60%,0.6,3450,2070,1962,0.568695652173913,0.43130434782608695,0.9478260869565217,4.6405328509941395,1.0,1.0,1.0,1.0,1.0,1.0,1.0,1.0,1.0
1909.09587,55569d0a4586d20c01268a80a7e31a17a18198e2,structure-aware,evidence-hybrid,knapsack,80%,0.8,3450,2760,2506,0.7263768115942029,0.27362318840579714,0.9079710144927536,5.345219694329523,1.0,1.0,1.0,1.0,1.0,1.0,1.0,1.0,1.0
1909.09587,55569d0a4586d20c01268a80a7e31a17a18198e2,structure-aware,evidence-hybrid,knapsack,100%,1.0,3450,3450,3410,0.9884057971014493,0.011594202898550732,0.9884057971014493,6.110352114218545,1.0,1.0,1.0,1.0,1.0,1.0,1.0,1.0,1.0
